product_id,purchase_count,log_popularity,popularity_norm
0,15,2.772588722239781,0.8412396714286099
1,16,2.833213344056216,0.859633974387522
2,11,2.4849066497880004,0.7539531690476383
3,12,2.5649493574615367,0.7782391731575976
4,14,2.70805020110221,0.821657840239309
5,9,2.302585092994046,0.6986344247631282
6,18,2.9444389791664403,0.8933812864154583
7,7,2.0794415416798357,0.6309297535714574
8,12,2.5649493574615367,0.7782391731575976
9,11,2.4849066497880004,0.7539531690476383
10,12,2.5649493574615367,0.7782391731575976
11,17,2.8903717578961645,0.8769765845238191
12,9,2.302585092994046,0.6986344247631282
13,10,2.3978952727983707,0.7275527795480461
14,12,2.5649493574615367,0.7782391731575976
15,12,2.5649493574615367,0.7782391731575976
16,18,2.9444389791664403,0.8933812864154583
17,18,2.9444389791664403,0.8933812864154583
18,15,2.772588722239781,0.8412396714286099
19,14,2.70805020110221,0.821657840239309
20,13,2.6390573296152584,0.8007245009109598
21,11,2.4849066497880004,0.7539531690476383
22,8,2.1972245773362196,0.6666666666666667
23,11,2.4849066497880004,0.7539531690476383
24,7,2.0794415416798357,0.6309297535714574
25,15,2.772588722239781,0.8412396714286099
26,13,2.6390573296152584,0.8007245009109598
27,10,2.3978952727983707,0.7275527795480461
28,16,2.833213344056216,0.859633974387522
29,20,3.044522437723423,0.9237479163871407
30,22,3.1354942159291497,0.9513499434000904
31,11,2.4849066497880004,0.7539531690476383
32,17,2.8903717578961645,0.8769765845238191
33,14,2.70805020110221,0.821657840239309
34,15,2.772588722239781,0.8412396714286099
35,15,2.772588722239781,0.8412396714286099
36,9,2.302585092994046,0.6986344247631282
37,15,2.772588722239781,0.8412396714286099
38,15,2.772588722239781,0.8412396714286099
39,19,2.995732273553991,0.9089443426202807
40,12,2.5649493574615367,0.7782391731575976
41,9,2.302585092994046,0.6986344247631282
42,18,2.9444389791664403,0.8933812864154583
43,15,2.772588722239781,0.8412396714286099
44,7,2.0794415416798357,0.6309297535714574
45,13,2.6390573296152584,0.8007245009109598
46,12,2.5649493574615367,0.7782391731575976
47,16,2.833213344056216,0.859633974387522
48,16,2.833213344056216,0.859633974387522
49,15,2.772588722239781,0.8412396714286099
50,17,2.8903717578961645,0.8769765845238191
51,15,2.772588722239781,0.8412396714286099
52,17,2.8903717578961645,0.8769765845238191
53,6,1.9459101490553132,0.5904145830538073
54,11,2.4849066497880004,0.7539531690476383
55,9,2.302585092994046,0.6986344247631282
56,18,2.9444389791664403,0.8933812864154583
57,17,2.8903717578961645,0.8769765845238191
58,11,2.4849066497880004,0.7539531690476383
59,16,2.833213344056216,0.859633974387522
60,8,2.1972245773362196,0.6666666666666667
61,7,2.0794415416798357,0.6309297535714574
62,8,2.1972245773362196,0.6666666666666667
63,10,2.3978952727983707,0.7275527795480461
64,8,2.1972245773362196,0.6666666666666667
65,14,2.70805020110221,0.821657840239309
66,15,2.772588722239781,0.8412396714286099
67,13,2.6390573296152584,0.8007245009109598
68,17,2.8903717578961645,0.8769765845238191
69,6,1.9459101490553132,0.5904145830538073
70,14,2.70805020110221,0.821657840239309
71,9,2.302585092994046,0.6986344247631282
72,9,2.302585092994046,0.6986344247631282
73,14,2.70805020110221,0.821657840239309
74,10,2.3978952727983707,0.7275527795480461
75,11,2.4849066497880004,0.7539531690476383
76,18,2.9444389791664403,0.8933812864154583
77,11,2.4849066497880004,0.7539531690476383
78,8,2.1972245773362196,0.6666666666666667
79,22,3.1354942159291497,0.9513499434000904
80,11,2.4849066497880004,0.7539531690476383
81,15,2.772588722239781,0.8412396714286099
82,8,2.1972245773362196,0.6666666666666667
83,17,2.8903717578961645,0.8769765845238191
84,19,2.995732273553991,0.9089443426202807
85,14,2.70805020110221,0.821657840239309
86,4,1.6094379124341003,0.4883245069059757
87,12,2.5649493574615367,0.7782391731575976
88,17,2.8903717578961645,0.8769765845238191
89,17,2.8903717578961645,0.8769765845238191
90,15,2.772588722239781,0.8412396714286099
91,10,2.3978952727983707,0.7275527795480461
92,8,2.1972245773362196,0.6666666666666667
93,12,2.5649493574615367,0.7782391731575976
94,15,2.772588722239781,0.8412396714286099
95,7,2.0794415416798357,0.6309297535714574
96,9,2.302585092994046,0.6986344247631282
97,14,2.70805020110221,0.821657840239309
98,18,2.9444389791664403,0.8933812864154583
99,12,2.5649493574615367,0.7782391731575976
100,10,2.3978952727983707,0.7275527795480461
101,9,2.302585092994046,0.6986344247631282
102,12,2.5649493574615367,0.7782391731575976
103,16,2.833213344056216,0.859633974387522
104,10,2.3978952727983707,0.7275527795480461
105,9,2.302585092994046,0.6986344247631282
106,14,2.70805020110221,0.821657840239309
107,14,2.70805020110221,0.821657840239309
108,10,2.3978952727983707,0.7275527795480461
109,21,3.091042453358316,0.9378626974051986
110,13,2.6390573296152584,0.8007245009109598
111,17,2.8903717578961645,0.8769765845238191
112,11,2.4849066497880004,0.7539531690476383
113,20,3.044522437723423,0.9237479163871407
114,17,2.8903717578961645,0.8769765845238191
115,11,2.4849066497880004,0.7539531690476383
116,15,2.772588722239781,0.8412396714286099
117,17,2.8903717578961645,0.8769765845238191
118,8,2.1972245773362196,0.6666666666666667
119,13,2.6390573296152584,0.8007245009109598
120,19,2.995732273553991,0.9089443426202807
121,18,2.9444389791664403,0.8933812864154583
122,11,2.4849066497880004,0.7539531690476383
123,13,2.6390573296152584,0.8007245009109598
124,7,2.0794415416798357,0.6309297535714574
125,11,2.4849066497880004,0.7539531690476383
126,15,2.772588722239781,0.8412396714286099
127,15,2.772588722239781,0.8412396714286099
128,12,2.5649493574615367,0.7782391731575976
129,11,2.4849066497880004,0.7539531690476383
130,17,2.8903717578961645,0.8769765845238191
131,14,2.70805020110221,0.821657840239309
132,10,2.3978952727983707,0.7275527795480461
133,12,2.5649493574615367,0.7782391731575976
134,10,2.3978952727983707,0.7275527795480461
135,9,2.302585092994046,0.6986344247631282
136,19,2.995732273553991,0.9089443426202807
137,11,2.4849066497880004,0.7539531690476383
138,13,2.6390573296152584,0.8007245009109598
139,12,2.5649493574615367,0.7782391731575976
140,14,2.70805020110221,0.821657840239309
141,14,2.70805020110221,0.821657840239309
142,12,2.5649493574615367,0.7782391731575976
143,9,2.302585092994046,0.6986344247631282
144,12,2.5649493574615367,0.7782391731575976
145,16,2.833213344056216,0.859633974387522
146,20,3.044522437723423,0.9237479163871407
147,11,2.4849066497880004,0.7539531690476383
148,18,2.9444389791664403,0.8933812864154583
149,12,2.5649493574615367,0.7782391731575976
150,9,2.302585092994046,0.6986344247631282
151,8,2.1972245773362196,0.6666666666666667
152,19,2.995732273553991,0.9089443426202807
153,20,3.044522437723423,0.9237479163871407
154,17,2.8903717578961645,0.8769765845238191
155,15,2.772588722239781,0.8412396714286099
156,7,2.0794415416798357,0.6309297535714574
157,12,2.5649493574615367,0.7782391731575976
158,13,2.6390573296152584,0.8007245009109598
159,18,2.9444389791664403,0.8933812864154583
160,17,2.8903717578961645,0.8769765845238191
161,7,2.0794415416798357,0.6309297535714574
162,9,2.302585092994046,0.6986344247631282
163,11,2.4849066497880004,0.7539531690476383
164,16,2.833213344056216,0.859633974387522
165,12,2.5649493574615367,0.7782391731575976
166,19,2.995732273553991,0.9089443426202807
167,10,2.3978952727983707,0.7275527795480461
168,16,2.833213344056216,0.859633974387522
169,11,2.4849066497880004,0.7539531690476383
170,14,2.70805020110221,0.821657840239309
171,9,2.302585092994046,0.6986344247631282
172,18,2.9444389791664403,0.8933812864154583
173,14,2.70805020110221,0.821657840239309
174,6,1.9459101490553132,0.5904145830538073
175,20,3.044522437723423,0.9237479163871407
176,12,2.5649493574615367,0.7782391731575976
177,16,2.833213344056216,0.859633974387522
178,9,2.302585092994046,0.6986344247631282
179,15,2.772588722239781,0.8412396714286099
180,17,2.8903717578961645,0.8769765845238191
181,21,3.091042453358316,0.9378626974051986
182,16,2.833213344056216,0.859633974387522
183,16,2.833213344056216,0.859633974387522
184,15,2.772588722239781,0.8412396714286099
185,16,2.833213344056216,0.859633974387522
186,11,2.4849066497880004,0.7539531690476383
187,12,2.5649493574615367,0.7782391731575976
188,12,2.5649493574615367,0.7782391731575976
189,15,2.772588722239781,0.8412396714286099
190,20,3.044522437723423,0.9237479163871407
191,14,2.70805020110221,0.821657840239309
192,14,2.70805020110221,0.821657840239309
193,5,1.791759469228055,0.5436432511904858
194,12,2.5649493574615367,0.7782391731575976
195,12,2.5649493574615367,0.7782391731575976
196,11,2.4849066497880004,0.7539531690476383
197,14,2.70805020110221,0.821657840239309
198,15,2.772588722239781,0.8412396714286099
199,18,2.9444389791664403,0.8933812864154583
200,14,2.70805020110221,0.821657840239309
201,8,2.1972245773362196,0.6666666666666667
202,12,2.5649493574615367,0.7782391731575976
203,19,2.995732273553991,0.9089443426202807
204,18,2.9444389791664403,0.8933812864154583
205,13,2.6390573296152584,0.8007245009109598
206,17,2.8903717578961645,0.8769765845238191
207,14,2.70805020110221,0.821657840239309
208,9,2.302585092994046,0.6986344247631282
209,10,2.3978952727983707,0.7275527795480461
210,14,2.70805020110221,0.821657840239309
211,13,2.6390573296152584,0.8007245009109598
212,14,2.70805020110221,0.821657840239309
213,11,2.4849066497880004,0.7539531690476383
214,14,2.70805020110221,0.821657840239309
215,10,2.3978952727983707,0.7275527795480461
216,11,2.4849066497880004,0.7539531690476383
217,9,2.302585092994046,0.6986344247631282
218,7,2.0794415416798357,0.6309297535714574
219,8,2.1972245773362196,0.6666666666666667
220,9,2.302585092994046,0.6986344247631282
221,17,2.8903717578961645,0.8769765845238191
222,11,2.4849066497880004,0.7539531690476383
223,13,2.6390573296152584,0.8007245009109598
224,10,2.3978952727983707,0.7275527795480461
225,13,2.6390573296152584,0.8007245009109598
226,13,2.6390573296152584,0.8007245009109598
227,14,2.70805020110221,0.821657840239309
228,8,2.1972245773362196,0.6666666666666667
229,12,2.5649493574615367,0.7782391731575976
230,18,2.9444389791664403,0.8933812864154583
231,14,2.70805020110221,0.821657840239309
232,9,2.302585092994046,0.6986344247631282
233,8,2.1972245773362196,0.6666666666666667
234,12,2.5649493574615367,0.7782391731575976
235,16,2.833213344056216,0.859633974387522
236,14,2.70805020110221,0.821657840239309
237,16,2.833213344056216,0.859633974387522
238,9,2.302585092994046,0.6986344247631282
239,16,2.833213344056216,0.859633974387522
240,13,2.6390573296152584,0.8007245009109598
241,13,2.6390573296152584,0.8007245009109598
242,16,2.833213344056216,0.859633974387522
243,18,2.9444389791664403,0.8933812864154583
244,11,2.4849066497880004,0.7539531690476383
245,13,2.6390573296152584,0.8007245009109598
246,20,3.044522437723423,0.9237479163871407
247,16,2.833213344056216,0.859633974387522
248,9,2.302585092994046,0.6986344247631282
249,11,2.4849066497880004,0.7539531690476383
250,15,2.772588722239781,0.8412396714286099
251,14,2.70805020110221,0.821657840239309
252,11,2.4849066497880004,0.7539531690476383
253,17,2.8903717578961645,0.8769765845238191
254,15,2.772588722239781,0.8412396714286099
255,11,2.4849066497880004,0.7539531690476383
256,11,2.4849066497880004,0.7539531690476383
257,8,2.1972245773362196,0.6666666666666667
258,12,2.5649493574615367,0.7782391731575976
259,11,2.4849066497880004,0.7539531690476383
260,11,2.4849066497880004,0.7539531690476383
261,9,2.302585092994046,0.6986344247631282
262,19,2.995732273553991,0.9089443426202807
263,17,2.8903717578961645,0.8769765845238191
264,12,2.5649493574615367,0.7782391731575976
265,15,2.772588722239781,0.8412396714286099
266,13,2.6390573296152584,0.8007245009109598
267,14,2.70805020110221,0.821657840239309
268,14,2.70805020110221,0.821657840239309
269,15,2.772588722239781,0.8412396714286099
270,8,2.1972245773362196,0.6666666666666667
271,15,2.772588722239781,0.8412396714286099
272,18,2.9444389791664403,0.8933812864154583
273,15,2.772588722239781,0.8412396714286099
274,9,2.302585092994046,0.6986344247631282
275,15,2.772588722239781,0.8412396714286099
276,15,2.772588722239781,0.8412396714286099
277,14,2.70805020110221,0.821657840239309
278,13,2.6390573296152584,0.8007245009109598
279,17,2.8903717578961645,0.8769765845238191
280,14,2.70805020110221,0.821657840239309
281,17,2.8903717578961645,0.8769765845238191
282,10,2.3978952727983707,0.7275527795480461
283,12,2.5649493574615367,0.7782391731575976
284,16,2.833213344056216,0.859633974387522
285,10,2.3978952727983707,0.7275527795480461
286,12,2.5649493574615367,0.7782391731575976
287,12,2.5649493574615367,0.7782391731575976
288,7,2.0794415416798357,0.6309297535714574
289,16,2.833213344056216,0.859633974387522
290,13,2.6390573296152584,0.8007245009109598
291,8,2.1972245773362196,0.6666666666666667
292,10,2.3978952727983707,0.7275527795480461
293,6,1.9459101490553132,0.5904145830538073
294,14,2.70805020110221,0.821657840239309
295,11,2.4849066497880004,0.7539531690476383
296,16,2.833213344056216,0.859633974387522
297,14,2.70805020110221,0.821657840239309
298,11,2.4849066497880004,0.7539531690476383
299,15,2.772588722239781,0.8412396714286099
300,11,2.4849066497880004,0.7539531690476383
301,13,2.6390573296152584,0.8007245009109598
302,13,2.6390573296152584,0.8007245009109598
303,12,2.5649493574615367,0.7782391731575976
304,13,2.6390573296152584,0.8007245009109598
305,12,2.5649493574615367,0.7782391731575976
306,14,2.70805020110221,0.821657840239309
307,16,2.833213344056216,0.859633974387522
308,15,2.772588722239781,0.8412396714286099
309,11,2.4849066497880004,0.7539531690476383
310,16,2.833213344056216,0.859633974387522
311,10,2.3978952727983707,0.7275527795480461
312,19,2.995732273553991,0.9089443426202807
313,11,2.4849066497880004,0.7539531690476383
314,4,1.6094379124341003,0.4883245069059757
315,9,2.302585092994046,0.6986344247631282
316,10,2.3978952727983707,0.7275527795480461
317,9,2.302585092994046,0.6986344247631282
318,9,2.302585092994046,0.6986344247631282
319,11,2.4849066497880004,0.7539531690476383
320,17,2.8903717578961645,0.8769765845238191
321,16,2.833213344056216,0.859633974387522
322,14,2.70805020110221,0.821657840239309
323,10,2.3978952727983707,0.7275527795480461
324,18,2.9444389791664403,0.8933812864154583
325,15,2.772588722239781,0.8412396714286099
326,7,2.0794415416798357,0.6309297535714574
327,12,2.5649493574615367,0.7782391731575976
328,14,2.70805020110221,0.821657840239309
329,18,2.9444389791664403,0.8933812864154583
330,18,2.9444389791664403,0.8933812864154583
331,15,2.772588722239781,0.8412396714286099
332,21,3.091042453358316,0.9378626974051986
333,8,2.1972245773362196,0.6666666666666667
334,13,2.6390573296152584,0.8007245009109598
335,15,2.772588722239781,0.8412396714286099
336,17,2.8903717578961645,0.8769765845238191
337,14,2.70805020110221,0.821657840239309
338,14,2.70805020110221,0.821657840239309
339,14,2.70805020110221,0.821657840239309
340,15,2.772588722239781,0.8412396714286099
341,14,2.70805020110221,0.821657840239309
342,10,2.3978952727983707,0.7275527795480461
343,16,2.833213344056216,0.859633974387522
344,14,2.70805020110221,0.821657840239309
345,13,2.6390573296152584,0.8007245009109598
346,9,2.302585092994046,0.6986344247631282
347,13,2.6390573296152584,0.8007245009109598
348,16,2.833213344056216,0.859633974387522
349,15,2.772588722239781,0.8412396714286099
350,7,2.0794415416798357,0.6309297535714574
351,9,2.302585092994046,0.6986344247631282
352,6,1.9459101490553132,0.5904145830538073
353,15,2.772588722239781,0.8412396714286099
354,10,2.3978952727983707,0.7275527795480461
355,9,2.302585092994046,0.6986344247631282
356,13,2.6390573296152584,0.8007245009109598
357,11,2.4849066497880004,0.7539531690476383
358,16,2.833213344056216,0.859633974387522
359,9,2.302585092994046,0.6986344247631282
360,13,2.6390573296152584,0.8007245009109598
361,14,2.70805020110221,0.821657840239309
362,8,2.1972245773362196,0.6666666666666667
363,11,2.4849066497880004,0.7539531690476383
364,14,2.70805020110221,0.821657840239309
365,15,2.772588722239781,0.8412396714286099
366,22,3.1354942159291497,0.9513499434000904
367,12,2.5649493574615367,0.7782391731575976
368,9,2.302585092994046,0.6986344247631282
369,9,2.302585092994046,0.6986344247631282
370,6,1.9459101490553132,0.5904145830538073
371,18,2.9444389791664403,0.8933812864154583
372,17,2.8903717578961645,0.8769765845238191
373,11,2.4849066497880004,0.7539531690476383
374,12,2.5649493574615367,0.7782391731575976
375,17,2.8903717578961645,0.8769765845238191
376,17,2.8903717578961645,0.8769765845238191
377,11,2.4849066497880004,0.7539531690476383
378,13,2.6390573296152584,0.8007245009109598
379,7,2.0794415416798357,0.6309297535714574
380,15,2.772588722239781,0.8412396714286099
381,14,2.70805020110221,0.821657840239309
382,15,2.772588722239781,0.8412396714286099
383,17,2.8903717578961645,0.8769765845238191
384,18,2.9444389791664403,0.8933812864154583
385,16,2.833213344056216,0.859633974387522
386,14,2.70805020110221,0.821657840239309
387,17,2.8903717578961645,0.8769765845238191
388,7,2.0794415416798357,0.6309297535714574
389,12,2.5649493574615367,0.7782391731575976
390,18,2.9444389791664403,0.8933812864154583
391,16,2.833213344056216,0.859633974387522
392,12,2.5649493574615367,0.7782391731575976
393,12,2.5649493574615367,0.7782391731575976
394,18,2.9444389791664403,0.8933812864154583
395,17,2.8903717578961645,0.8769765845238191
396,14,2.70805020110221,0.821657840239309
397,13,2.6390573296152584,0.8007245009109598
398,8,2.1972245773362196,0.6666666666666667
399,12,2.5649493574615367,0.7782391731575976
400,15,2.772588722239781,0.8412396714286099
401,11,2.4849066497880004,0.7539531690476383
402,15,2.772588722239781,0.8412396714286099
403,16,2.833213344056216,0.859633974387522
404,9,2.302585092994046,0.6986344247631282
405,6,1.9459101490553132,0.5904145830538073
406,17,2.8903717578961645,0.8769765845238191
407,14,2.70805020110221,0.821657840239309
408,18,2.9444389791664403,0.8933812864154583
409,13,2.6390573296152584,0.8007245009109598
410,5,1.791759469228055,0.5436432511904858
411,10,2.3978952727983707,0.7275527795480461
412,15,2.772588722239781,0.8412396714286099
413,9,2.302585092994046,0.6986344247631282
414,17,2.8903717578961645,0.8769765845238191
415,13,2.6390573296152584,0.8007245009109598
416,17,2.8903717578961645,0.8769765845238191
417,9,2.302585092994046,0.6986344247631282
418,15,2.772588722239781,0.8412396714286099
419,9,2.302585092994046,0.6986344247631282
420,10,2.3978952727983707,0.7275527795480461
421,10,2.3978952727983707,0.7275527795480461
422,14,2.70805020110221,0.821657840239309
423,15,2.772588722239781,0.8412396714286099
424,11,2.4849066497880004,0.7539531690476383
425,11,2.4849066497880004,0.7539531690476383
426,11,2.4849066497880004,0.7539531690476383
427,11,2.4849066497880004,0.7539531690476383
428,10,2.3978952727983707,0.7275527795480461
429,15,2.772588722239781,0.8412396714286099
430,11,2.4849066497880004,0.7539531690476383
431,9,2.302585092994046,0.6986344247631282
432,13,2.6390573296152584,0.8007245009109598
433,13,2.6390573296152584,0.8007245009109598
434,14,2.70805020110221,0.821657840239309
435,11,2.4849066497880004,0.7539531690476383
436,15,2.772588722239781,0.8412396714286099
437,9,2.302585092994046,0.6986344247631282
438,13,2.6390573296152584,0.8007245009109598
439,14,2.70805020110221,0.821657840239309
440,9,2.302585092994046,0.6986344247631282
441,14,2.70805020110221,0.821657840239309
442,13,2.6390573296152584,0.8007245009109598
443,18,2.9444389791664403,0.8933812864154583
444,16,2.833213344056216,0.859633974387522
445,13,2.6390573296152584,0.8007245009109598
446,9,2.302585092994046,0.6986344247631282
447,7,2.0794415416798357,0.6309297535714574
448,15,2.772588722239781,0.8412396714286099
449,11,2.4849066497880004,0.7539531690476383
450,18,2.9444389791664403,0.8933812864154583
451,12,2.5649493574615367,0.7782391731575976
452,16,2.833213344056216,0.859633974387522
453,14,2.70805020110221,0.821657840239309
454,15,2.772588722239781,0.8412396714286099
455,12,2.5649493574615367,0.7782391731575976
456,15,2.772588722239781,0.8412396714286099
457,17,2.8903717578961645,0.8769765845238191
458,15,2.772588722239781,0.8412396714286099
459,5,1.791759469228055,0.5436432511904858
460,12,2.5649493574615367,0.7782391731575976
461,14,2.70805020110221,0.821657840239309
462,12,2.5649493574615367,0.7782391731575976
463,15,2.772588722239781,0.8412396714286099
464,9,2.302585092994046,0.6986344247631282
465,14,2.70805020110221,0.821657840239309
466,16,2.833213344056216,0.859633974387522
467,10,2.3978952727983707,0.7275527795480461
468,17,2.8903717578961645,0.8769765845238191
469,13,2.6390573296152584,0.8007245009109598
470,13,2.6390573296152584,0.8007245009109598
471,12,2.5649493574615367,0.7782391731575976
472,9,2.302585092994046,0.6986344247631282
473,11,2.4849066497880004,0.7539531690476383
474,12,2.5649493574615367,0.7782391731575976
475,10,2.3978952727983707,0.7275527795480461
476,13,2.6390573296152584,0.8007245009109598
477,11,2.4849066497880004,0.7539531690476383
478,11,2.4849066497880004,0.7539531690476383
479,7,2.0794415416798357,0.6309297535714574
480,16,2.833213344056216,0.859633974387522
481,14,2.70805020110221,0.821657840239309
482,11,2.4849066497880004,0.7539531690476383
483,9,2.302585092994046,0.6986344247631282
484,15,2.772588722239781,0.8412396714286099
485,8,2.1972245773362196,0.6666666666666667
486,11,2.4849066497880004,0.7539531690476383
487,12,2.5649493574615367,0.7782391731575976
488,14,2.70805020110221,0.821657840239309
489,11,2.4849066497880004,0.7539531690476383
490,9,2.302585092994046,0.6986344247631282
491,13,2.6390573296152584,0.8007245009109598
492,11,2.4849066497880004,0.7539531690476383
493,8,2.1972245773362196,0.6666666666666667
494,15,2.772588722239781,0.8412396714286099
495,15,2.772588722239781,0.8412396714286099
496,10,2.3978952727983707,0.7275527795480461
497,9,2.302585092994046,0.6986344247631282
498,8,2.1972245773362196,0.6666666666666667
499,7,2.0794415416798357,0.6309297535714574
500,16,2.833213344056216,0.859633974387522
501,16,2.833213344056216,0.859633974387522
502,14,2.70805020110221,0.821657840239309
503,14,2.70805020110221,0.821657840239309
504,12,2.5649493574615367,0.7782391731575976
505,17,2.8903717578961645,0.8769765845238191
506,12,2.5649493574615367,0.7782391731575976
507,6,1.9459101490553132,0.5904145830538073
508,15,2.772588722239781,0.8412396714286099
509,9,2.302585092994046,0.6986344247631282
510,11,2.4849066497880004,0.7539531690476383
511,9,2.302585092994046,0.6986344247631282
512,15,2.772588722239781,0.8412396714286099
513,21,3.091042453358316,0.9378626974051986
514,13,2.6390573296152584,0.8007245009109598
515,14,2.70805020110221,0.821657840239309
516,10,2.3978952727983707,0.7275527795480461
517,15,2.772588722239781,0.8412396714286099
518,5,1.791759469228055,0.5436432511904858
519,7,2.0794415416798357,0.6309297535714574
520,8,2.1972245773362196,0.6666666666666667
521,15,2.772588722239781,0.8412396714286099
522,17,2.8903717578961645,0.8769765845238191
523,12,2.5649493574615367,0.7782391731575976
524,12,2.5649493574615367,0.7782391731575976
525,14,2.70805020110221,0.821657840239309
526,17,2.8903717578961645,0.8769765845238191
527,11,2.4849066497880004,0.7539531690476383
528,11,2.4849066497880004,0.7539531690476383
529,14,2.70805020110221,0.821657840239309
530,12,2.5649493574615367,0.7782391731575976
531,15,2.772588722239781,0.8412396714286099
532,14,2.70805020110221,0.821657840239309
533,13,2.6390573296152584,0.8007245009109598
534,13,2.6390573296152584,0.8007245009109598
535,13,2.6390573296152584,0.8007245009109598
536,8,2.1972245773362196,0.6666666666666667
537,18,2.9444389791664403,0.8933812864154583
538,15,2.772588722239781,0.8412396714286099
539,13,2.6390573296152584,0.8007245009109598
540,15,2.772588722239781,0.8412396714286099
541,19,2.995732273553991,0.9089443426202807
542,14,2.70805020110221,0.821657840239309
543,11,2.4849066497880004,0.7539531690476383
544,14,2.70805020110221,0.821657840239309
545,15,2.772588722239781,0.8412396714286099
546,12,2.5649493574615367,0.7782391731575976
547,16,2.833213344056216,0.859633974387522
548,8,2.1972245773362196,0.6666666666666667
549,16,2.833213344056216,0.859633974387522
550,14,2.70805020110221,0.821657840239309
551,14,2.70805020110221,0.821657840239309
552,15,2.772588722239781,0.8412396714286099
553,14,2.70805020110221,0.821657840239309
554,12,2.5649493574615367,0.7782391731575976
555,14,2.70805020110221,0.821657840239309
556,19,2.995732273553991,0.9089443426202807
557,11,2.4849066497880004,0.7539531690476383
558,15,2.772588722239781,0.8412396714286099
559,12,2.5649493574615367,0.7782391731575976
560,14,2.70805020110221,0.821657840239309
561,15,2.772588722239781,0.8412396714286099
562,10,2.3978952727983707,0.7275527795480461
563,12,2.5649493574615367,0.7782391731575976
564,18,2.9444389791664403,0.8933812864154583
565,12,2.5649493574615367,0.7782391731575976
566,14,2.70805020110221,0.821657840239309
567,11,2.4849066497880004,0.7539531690476383
568,11,2.4849066497880004,0.7539531690476383
569,17,2.8903717578961645,0.8769765845238191
570,14,2.70805020110221,0.821657840239309
571,10,2.3978952727983707,0.7275527795480461
572,17,2.8903717578961645,0.8769765845238191
573,13,2.6390573296152584,0.8007245009109598
574,9,2.302585092994046,0.6986344247631282
575,12,2.5649493574615367,0.7782391731575976
576,12,2.5649493574615367,0.7782391731575976
577,19,2.995732273553991,0.9089443426202807
578,15,2.772588722239781,0.8412396714286099
579,11,2.4849066497880004,0.7539531690476383
580,12,2.5649493574615367,0.7782391731575976
581,14,2.70805020110221,0.821657840239309
582,10,2.3978952727983707,0.7275527795480461
583,6,1.9459101490553132,0.5904145830538073
584,5,1.791759469228055,0.5436432511904858
585,19,2.995732273553991,0.9089443426202807
586,12,2.5649493574615367,0.7782391731575976
587,13,2.6390573296152584,0.8007245009109598
588,14,2.70805020110221,0.821657840239309
589,9,2.302585092994046,0.6986344247631282
590,15,2.772588722239781,0.8412396714286099
591,10,2.3978952727983707,0.7275527795480461
592,12,2.5649493574615367,0.7782391731575976
593,11,2.4849066497880004,0.7539531690476383
594,16,2.833213344056216,0.859633974387522
595,16,2.833213344056216,0.859633974387522
596,12,2.5649493574615367,0.7782391731575976
597,11,2.4849066497880004,0.7539531690476383
598,13,2.6390573296152584,0.8007245009109598
599,11,2.4849066497880004,0.7539531690476383
600,13,2.6390573296152584,0.8007245009109598
601,14,2.70805020110221,0.821657840239309
602,20,3.044522437723423,0.9237479163871407
603,10,2.3978952727983707,0.7275527795480461
604,16,2.833213344056216,0.859633974387522
605,16,2.833213344056216,0.859633974387522
606,7,2.0794415416798357,0.6309297535714574
607,9,2.302585092994046,0.6986344247631282
608,14,2.70805020110221,0.821657840239309
609,13,2.6390573296152584,0.8007245009109598
610,11,2.4849066497880004,0.7539531690476383
611,10,2.3978952727983707,0.7275527795480461
612,10,2.3978952727983707,0.7275527795480461
613,11,2.4849066497880004,0.7539531690476383
614,10,2.3978952727983707,0.7275527795480461
615,15,2.772588722239781,0.8412396714286099
616,13,2.6390573296152584,0.8007245009109598
617,15,2.772588722239781,0.8412396714286099
618,13,2.6390573296152584,0.8007245009109598
619,13,2.6390573296152584,0.8007245009109598
620,13,2.6390573296152584,0.8007245009109598
621,7,2.0794415416798357,0.6309297535714574
622,12,2.5649493574615367,0.7782391731575976
623,10,2.3978952727983707,0.7275527795480461
624,12,2.5649493574615367,0.7782391731575976
625,10,2.3978952727983707,0.7275527795480461
626,7,2.0794415416798357,0.6309297535714574
627,10,2.3978952727983707,0.7275527795480461
628,17,2.8903717578961645,0.8769765845238191
629,8,2.1972245773362196,0.6666666666666667
630,9,2.302585092994046,0.6986344247631282
631,21,3.091042453358316,0.9378626974051986
632,9,2.302585092994046,0.6986344247631282
633,10,2.3978952727983707,0.7275527795480461
634,17,2.8903717578961645,0.8769765845238191
635,12,2.5649493574615367,0.7782391731575976
636,15,2.772588722239781,0.8412396714286099
637,11,2.4849066497880004,0.7539531690476383
638,12,2.5649493574615367,0.7782391731575976
639,13,2.6390573296152584,0.8007245009109598
640,11,2.4849066497880004,0.7539531690476383
641,12,2.5649493574615367,0.7782391731575976
642,10,2.3978952727983707,0.7275527795480461
643,8,2.1972245773362196,0.6666666666666667
644,15,2.772588722239781,0.8412396714286099
645,13,2.6390573296152584,0.8007245009109598
646,21,3.091042453358316,0.9378626974051986
647,14,2.70805020110221,0.821657840239309
648,16,2.833213344056216,0.859633974387522
649,11,2.4849066497880004,0.7539531690476383
650,9,2.302585092994046,0.6986344247631282
651,16,2.833213344056216,0.859633974387522
652,13,2.6390573296152584,0.8007245009109598
653,14,2.70805020110221,0.821657840239309
654,10,2.3978952727983707,0.7275527795480461
655,15,2.772588722239781,0.8412396714286099
656,12,2.5649493574615367,0.7782391731575976
657,12,2.5649493574615367,0.7782391731575976
658,14,2.70805020110221,0.821657840239309
659,19,2.995732273553991,0.9089443426202807
660,11,2.4849066497880004,0.7539531690476383
661,14,2.70805020110221,0.821657840239309
662,15,2.772588722239781,0.8412396714286099
663,14,2.70805020110221,0.821657840239309
664,15,2.772588722239781,0.8412396714286099
665,10,2.3978952727983707,0.7275527795480461
666,17,2.8903717578961645,0.8769765845238191
667,17,2.8903717578961645,0.8769765845238191
668,13,2.6390573296152584,0.8007245009109598
669,11,2.4849066497880004,0.7539531690476383
670,13,2.6390573296152584,0.8007245009109598
671,11,2.4849066497880004,0.7539531690476383
672,9,2.302585092994046,0.6986344247631282
673,11,2.4849066497880004,0.7539531690476383
674,19,2.995732273553991,0.9089443426202807
675,12,2.5649493574615367,0.7782391731575976
676,17,2.8903717578961645,0.8769765845238191
677,10,2.3978952727983707,0.7275527795480461
678,9,2.302585092994046,0.6986344247631282
679,12,2.5649493574615367,0.7782391731575976
680,12,2.5649493574615367,0.7782391731575976
681,15,2.772588722239781,0.8412396714286099
682,15,2.772588722239781,0.8412396714286099
683,9,2.302585092994046,0.6986344247631282
684,14,2.70805020110221,0.821657840239309
685,13,2.6390573296152584,0.8007245009109598
686,7,2.0794415416798357,0.6309297535714574
687,14,2.70805020110221,0.821657840239309
688,14,2.70805020110221,0.821657840239309
689,4,1.6094379124341003,0.4883245069059757
690,15,2.772588722239781,0.8412396714286099
691,14,2.70805020110221,0.821657840239309
692,15,2.772588722239781,0.8412396714286099
693,22,3.1354942159291497,0.9513499434000904
694,11,2.4849066497880004,0.7539531690476383
695,16,2.833213344056216,0.859633974387522
696,14,2.70805020110221,0.821657840239309
697,11,2.4849066497880004,0.7539531690476383
698,10,2.3978952727983707,0.7275527795480461
699,15,2.772588722239781,0.8412396714286099
700,6,1.9459101490553132,0.5904145830538073
701,13,2.6390573296152584,0.8007245009109598
702,11,2.4849066497880004,0.7539531690476383
703,9,2.302585092994046,0.6986344247631282
704,15,2.772588722239781,0.8412396714286099
705,18,2.9444389791664403,0.8933812864154583
706,14,2.70805020110221,0.821657840239309
707,11,2.4849066497880004,0.7539531690476383
708,16,2.833213344056216,0.859633974387522
709,13,2.6390573296152584,0.8007245009109598
710,8,2.1972245773362196,0.6666666666666667
711,14,2.70805020110221,0.821657840239309
712,9,2.302585092994046,0.6986344247631282
713,16,2.833213344056216,0.859633974387522
714,18,2.9444389791664403,0.8933812864154583
715,10,2.3978952727983707,0.7275527795480461
716,18,2.9444389791664403,0.8933812864154583
717,17,2.8903717578961645,0.8769765845238191
718,10,2.3978952727983707,0.7275527795480461
719,11,2.4849066497880004,0.7539531690476383
720,14,2.70805020110221,0.821657840239309
721,11,2.4849066497880004,0.7539531690476383
722,13,2.6390573296152584,0.8007245009109598
723,13,2.6390573296152584,0.8007245009109598
724,11,2.4849066497880004,0.7539531690476383
725,16,2.833213344056216,0.859633974387522
726,8,2.1972245773362196,0.6666666666666667
727,14,2.70805020110221,0.821657840239309
728,15,2.772588722239781,0.8412396714286099
729,12,2.5649493574615367,0.7782391731575976
730,10,2.3978952727983707,0.7275527795480461
731,11,2.4849066497880004,0.7539531690476383
732,18,2.9444389791664403,0.8933812864154583
733,24,3.2188758248682006,0.9766490138119513
734,9,2.302585092994046,0.6986344247631282
735,9,2.302585092994046,0.6986344247631282
736,7,2.0794415416798357,0.6309297535714574
737,15,2.772588722239781,0.8412396714286099
738,16,2.833213344056216,0.859633974387522
739,13,2.6390573296152584,0.8007245009109598
740,13,2.6390573296152584,0.8007245009109598
741,7,2.0794415416798357,0.6309297535714574
742,19,2.995732273553991,0.9089443426202807
743,9,2.302585092994046,0.6986344247631282
744,10,2.3978952727983707,0.7275527795480461
745,10,2.3978952727983707,0.7275527795480461
746,4,1.6094379124341003,0.4883245069059757
747,8,2.1972245773362196,0.6666666666666667
748,9,2.302585092994046,0.6986344247631282
749,13,2.6390573296152584,0.8007245009109598
750,13,2.6390573296152584,0.8007245009109598
751,16,2.833213344056216,0.859633974387522
752,14,2.70805020110221,0.821657840239309
753,17,2.8903717578961645,0.8769765845238191
754,13,2.6390573296152584,0.8007245009109598
755,12,2.5649493574615367,0.7782391731575976
756,10,2.3978952727983707,0.7275527795480461
757,22,3.1354942159291497,0.9513499434000904
758,9,2.302585092994046,0.6986344247631282
759,9,2.302585092994046,0.6986344247631282
760,15,2.772588722239781,0.8412396714286099
761,11,2.4849066497880004,0.7539531690476383
762,11,2.4849066497880004,0.7539531690476383
763,8,2.1972245773362196,0.6666666666666667
764,11,2.4849066497880004,0.7539531690476383
765,11,2.4849066497880004,0.7539531690476383
766,16,2.833213344056216,0.859633974387522
767,10,2.3978952727983707,0.7275527795480461
768,11,2.4849066497880004,0.7539531690476383
769,16,2.833213344056216,0.859633974387522
770,13,2.6390573296152584,0.8007245009109598
771,11,2.4849066497880004,0.7539531690476383
772,11,2.4849066497880004,0.7539531690476383
773,11,2.4849066497880004,0.7539531690476383
774,14,2.70805020110221,0.821657840239309
775,18,2.9444389791664403,0.8933812864154583
776,16,2.833213344056216,0.859633974387522
777,14,2.70805020110221,0.821657840239309
778,17,2.8903717578961645,0.8769765845238191
779,14,2.70805020110221,0.821657840239309
780,10,2.3978952727983707,0.7275527795480461
781,16,2.833213344056216,0.859633974387522
782,26,3.295836866004329,1.0
783,11,2.4849066497880004,0.7539531690476383
784,12,2.5649493574615367,0.7782391731575976
785,17,2.8903717578961645,0.8769765845238191
786,13,2.6390573296152584,0.8007245009109598
787,11,2.4849066497880004,0.7539531690476383
788,13,2.6390573296152584,0.8007245009109598
789,14,2.70805020110221,0.821657840239309
790,8,2.1972245773362196,0.6666666666666667
791,13,2.6390573296152584,0.8007245009109598
792,12,2.5649493574615367,0.7782391731575976
793,19,2.995732273553991,0.9089443426202807
794,19,2.995732273553991,0.9089443426202807
795,13,2.6390573296152584,0.8007245009109598
796,18,2.9444389791664403,0.8933812864154583
797,22,3.1354942159291497,0.9513499434000904
798,14,2.70805020110221,0.821657840239309
799,13,2.6390573296152584,0.8007245009109598
800,12,2.5649493574615367,0.7782391731575976
801,16,2.833213344056216,0.859633974387522
802,11,2.4849066497880004,0.7539531690476383
803,12,2.5649493574615367,0.7782391731575976
804,19,2.995732273553991,0.9089443426202807
805,8,2.1972245773362196,0.6666666666666667
806,10,2.3978952727983707,0.7275527795480461
807,7,2.0794415416798357,0.6309297535714574
808,8,2.1972245773362196,0.6666666666666667
809,11,2.4849066497880004,0.7539531690476383
810,14,2.70805020110221,0.821657840239309
811,16,2.833213344056216,0.859633974387522
812,12,2.5649493574615367,0.7782391731575976
813,12,2.5649493574615367,0.7782391731575976
814,13,2.6390573296152584,0.8007245009109598
815,10,2.3978952727983707,0.7275527795480461
816,12,2.5649493574615367,0.7782391731575976
817,10,2.3978952727983707,0.7275527795480461
818,12,2.5649493574615367,0.7782391731575976
819,16,2.833213344056216,0.859633974387522
820,13,2.6390573296152584,0.8007245009109598
821,13,2.6390573296152584,0.8007245009109598
822,16,2.833213344056216,0.859633974387522
823,15,2.772588722239781,0.8412396714286099
824,14,2.70805020110221,0.821657840239309
825,11,2.4849066497880004,0.7539531690476383
826,17,2.8903717578961645,0.8769765845238191
827,10,2.3978952727983707,0.7275527795480461
828,15,2.772588722239781,0.8412396714286099
829,18,2.9444389791664403,0.8933812864154583
830,12,2.5649493574615367,0.7782391731575976
831,15,2.772588722239781,0.8412396714286099
832,10,2.3978952727983707,0.7275527795480461
833,8,2.1972245773362196,0.6666666666666667
834,15,2.772588722239781,0.8412396714286099
835,13,2.6390573296152584,0.8007245009109598
836,12,2.5649493574615367,0.7782391731575976
837,11,2.4849066497880004,0.7539531690476383
838,17,2.8903717578961645,0.8769765845238191
839,9,2.302585092994046,0.6986344247631282
840,8,2.1972245773362196,0.6666666666666667
841,11,2.4849066497880004,0.7539531690476383
842,10,2.3978952727983707,0.7275527795480461
843,13,2.6390573296152584,0.8007245009109598
844,11,2.4849066497880004,0.7539531690476383
845,7,2.0794415416798357,0.6309297535714574
846,12,2.5649493574615367,0.7782391731575976
847,19,2.995732273553991,0.9089443426202807
848,15,2.772588722239781,0.8412396714286099
849,7,2.0794415416798357,0.6309297535714574
850,15,2.772588722239781,0.8412396714286099
851,13,2.6390573296152584,0.8007245009109598
852,18,2.9444389791664403,0.8933812864154583
853,9,2.302585092994046,0.6986344247631282
854,8,2.1972245773362196,0.6666666666666667
855,10,2.3978952727983707,0.7275527795480461
856,17,2.8903717578961645,0.8769765845238191
857,15,2.772588722239781,0.8412396714286099
858,10,2.3978952727983707,0.7275527795480461
859,15,2.772588722239781,0.8412396714286099
860,10,2.3978952727983707,0.7275527795480461
861,14,2.70805020110221,0.821657840239309
862,14,2.70805020110221,0.821657840239309
863,14,2.70805020110221,0.821657840239309
864,16,2.833213344056216,0.859633974387522
865,10,2.3978952727983707,0.7275527795480461
866,9,2.302585092994046,0.6986344247631282
867,10,2.3978952727983707,0.7275527795480461
868,16,2.833213344056216,0.859633974387522
869,10,2.3978952727983707,0.7275527795480461
870,11,2.4849066497880004,0.7539531690476383
871,12,2.5649493574615367,0.7782391731575976
872,8,2.1972245773362196,0.6666666666666667
873,17,2.8903717578961645,0.8769765845238191
874,9,2.302585092994046,0.6986344247631282
875,15,2.772588722239781,0.8412396714286099
876,9,2.302585092994046,0.6986344247631282
877,19,2.995732273553991,0.9089443426202807
878,14,2.70805020110221,0.821657840239309
879,13,2.6390573296152584,0.8007245009109598
880,8,2.1972245773362196,0.6666666666666667
881,11,2.4849066497880004,0.7539531690476383
882,14,2.70805020110221,0.821657840239309
883,11,2.4849066497880004,0.7539531690476383
884,10,2.3978952727983707,0.7275527795480461
885,9,2.302585092994046,0.6986344247631282
886,16,2.833213344056216,0.859633974387522
887,15,2.772588722239781,0.8412396714286099
888,13,2.6390573296152584,0.8007245009109598
889,14,2.70805020110221,0.821657840239309
890,16,2.833213344056216,0.859633974387522
891,5,1.791759469228055,0.5436432511904858
892,16,2.833213344056216,0.859633974387522
893,12,2.5649493574615367,0.7782391731575976
894,9,2.302585092994046,0.6986344247631282
895,13,2.6390573296152584,0.8007245009109598
896,17,2.8903717578961645,0.8769765845238191
897,14,2.70805020110221,0.821657840239309
898,11,2.4849066497880004,0.7539531690476383
899,14,2.70805020110221,0.821657840239309
900,7,2.0794415416798357,0.6309297535714574
901,13,2.6390573296152584,0.8007245009109598
902,11,2.4849066497880004,0.7539531690476383
903,10,2.3978952727983707,0.7275527795480461
904,10,2.3978952727983707,0.7275527795480461
905,18,2.9444389791664403,0.8933812864154583
906,10,2.3978952727983707,0.7275527795480461
907,12,2.5649493574615367,0.7782391731575976
908,12,2.5649493574615367,0.7782391731575976
909,14,2.70805020110221,0.821657840239309
910,4,1.6094379124341003,0.4883245069059757
911,15,2.772588722239781,0.8412396714286099
912,18,2.9444389791664403,0.8933812864154583
913,9,2.302585092994046,0.6986344247631282
914,17,2.8903717578961645,0.8769765845238191
915,12,2.5649493574615367,0.7782391731575976
916,14,2.70805020110221,0.821657840239309
917,22,3.1354942159291497,0.9513499434000904
918,11,2.4849066497880004,0.7539531690476383
919,13,2.6390573296152584,0.8007245009109598
920,7,2.0794415416798357,0.6309297535714574
921,7,2.0794415416798357,0.6309297535714574
922,11,2.4849066497880004,0.7539531690476383
923,6,1.9459101490553132,0.5904145830538073
924,14,2.70805020110221,0.821657840239309
925,13,2.6390573296152584,0.8007245009109598
926,10,2.3978952727983707,0.7275527795480461
927,12,2.5649493574615367,0.7782391731575976
928,11,2.4849066497880004,0.7539531690476383
929,4,1.6094379124341003,0.4883245069059757
930,6,1.9459101490553132,0.5904145830538073
931,5,1.791759469228055,0.5436432511904858
932,8,2.1972245773362196,0.6666666666666667
933,8,2.1972245773362196,0.6666666666666667
934,7,2.0794415416798357,0.6309297535714574
935,9,2.302585092994046,0.6986344247631282
936,10,2.3978952727983707,0.7275527795480461
937,12,2.5649493574615367,0.7782391731575976
938,7,2.0794415416798357,0.6309297535714574
939,11,2.4849066497880004,0.7539531690476383
940,13,2.6390573296152584,0.8007245009109598
941,7,2.0794415416798357,0.6309297535714574
942,12,2.5649493574615367,0.7782391731575976
943,12,2.5649493574615367,0.7782391731575976
944,4,1.6094379124341003,0.4883245069059757
945,12,2.5649493574615367,0.7782391731575976
946,10,2.3978952727983707,0.7275527795480461
947,6,1.9459101490553132,0.5904145830538073
948,8,2.1972245773362196,0.6666666666666667
949,7,2.0794415416798357,0.6309297535714574
950,7,2.0794415416798357,0.6309297535714574
951,9,2.302585092994046,0.6986344247631282
952,6,1.9459101490553132,0.5904145830538073
953,8,2.1972245773362196,0.6666666666666667
954,8,2.1972245773362196,0.6666666666666667
955,10,2.3978952727983707,0.7275527795480461
956,10,2.3978952727983707,0.7275527795480461
957,7,2.0794415416798357,0.6309297535714574
958,6,1.9459101490553132,0.5904145830538073
959,11,2.4849066497880004,0.7539531690476383
960,9,2.302585092994046,0.6986344247631282
961,5,1.791759469228055,0.5436432511904858
962,9,2.302585092994046,0.6986344247631282
963,8,2.1972245773362196,0.6666666666666667
964,10,2.3978952727983707,0.7275527795480461
965,5,1.791759469228055,0.5436432511904858
966,10,2.3978952727983707,0.7275527795480461
967,16,2.833213344056216,0.859633974387522
968,7,2.0794415416798357,0.6309297535714574
969,13,2.6390573296152584,0.8007245009109598
970,6,1.9459101490553132,0.5904145830538073
971,10,2.3978952727983707,0.7275527795480461
972,10,2.3978952727983707,0.7275527795480461
973,5,1.791759469228055,0.5436432511904858
974,7,2.0794415416798357,0.6309297535714574
975,8,2.1972245773362196,0.6666666666666667
976,11,2.4849066497880004,0.7539531690476383
977,3,1.3862943611198906,0.42061983571430495
978,7,2.0794415416798357,0.6309297535714574
979,6,1.9459101490553132,0.5904145830538073
980,10,2.3978952727983707,0.7275527795480461
981,7,2.0794415416798357,0.6309297535714574
982,11,2.4849066497880004,0.7539531690476383
983,10,2.3978952727983707,0.7275527795480461
984,8,2.1972245773362196,0.6666666666666667
985,3,1.3862943611198906,0.42061983571430495
986,6,1.9459101490553132,0.5904145830538073
987,12,2.5649493574615367,0.7782391731575976
988,6,1.9459101490553132,0.5904145830538073
989,2,1.0986122886681098,0.33333333333333337
990,9,2.302585092994046,0.6986344247631282
991,5,1.791759469228055,0.5436432511904858
992,7,2.0794415416798357,0.6309297535714574
993,7,2.0794415416798357,0.6309297535714574
994,9,2.302585092994046,0.6986344247631282
995,5,1.791759469228055,0.5436432511904858
996,5,1.791759469228055,0.5436432511904858
997,11,2.4849066497880004,0.7539531690476383
998,6,1.9459101490553132,0.5904145830538073
999,3,1.3862943611198906,0.42061983571430495
1000,5,1.791759469228055,0.5436432511904858
1001,7,2.0794415416798357,0.6309297535714574
1002,10,2.3978952727983707,0.7275527795480461
1003,14,2.70805020110221,0.821657840239309
1004,15,2.772588722239781,0.8412396714286099
1005,5,1.791759469228055,0.5436432511904858
1006,13,2.6390573296152584,0.8007245009109598
1007,8,2.1972245773362196,0.6666666666666667
1008,6,1.9459101490553132,0.5904145830538073
1009,9,2.302585092994046,0.6986344247631282
1010,3,1.3862943611198906,0.42061983571430495
1011,7,2.0794415416798357,0.6309297535714574
1012,10,2.3978952727983707,0.7275527795480461
1013,7,2.0794415416798357,0.6309297535714574
1014,7,2.0794415416798357,0.6309297535714574
1015,5,1.791759469228055,0.5436432511904858
1016,12,2.5649493574615367,0.7782391731575976
1017,10,2.3978952727983707,0.7275527795480461
1018,14,2.70805020110221,0.821657840239309
1019,8,2.1972245773362196,0.6666666666666667
1020,7,2.0794415416798357,0.6309297535714574
1021,6,1.9459101490553132,0.5904145830538073
1022,8,2.1972245773362196,0.6666666666666667
1023,11,2.4849066497880004,0.7539531690476383
1024,4,1.6094379124341003,0.4883245069059757
1025,12,2.5649493574615367,0.7782391731575976
1026,10,2.3978952727983707,0.7275527795480461
1027,11,2.4849066497880004,0.7539531690476383
1028,9,2.302585092994046,0.6986344247631282
1029,7,2.0794415416798357,0.6309297535714574
1030,15,2.772588722239781,0.8412396714286099
1031,11,2.4849066497880004,0.7539531690476383
1032,14,2.70805020110221,0.821657840239309
1033,8,2.1972245773362196,0.6666666666666667
1034,10,2.3978952727983707,0.7275527795480461
1035,4,1.6094379124341003,0.4883245069059757
1036,10,2.3978952727983707,0.7275527795480461
1037,13,2.6390573296152584,0.8007245009109598
1038,4,1.6094379124341003,0.4883245069059757
1039,5,1.791759469228055,0.5436432511904858
1040,10,2.3978952727983707,0.7275527795480461
1041,9,2.302585092994046,0.6986344247631282
1042,12,2.5649493574615367,0.7782391731575976
1043,6,1.9459101490553132,0.5904145830538073
1044,12,2.5649493574615367,0.7782391731575976
1045,8,2.1972245773362196,0.6666666666666667
1046,4,1.6094379124341003,0.4883245069059757
1047,8,2.1972245773362196,0.6666666666666667
1048,11,2.4849066497880004,0.7539531690476383
1049,7,2.0794415416798357,0.6309297535714574
1050,9,2.302585092994046,0.6986344247631282
1051,13,2.6390573296152584,0.8007245009109598
1052,12,2.5649493574615367,0.7782391731575976
1053,9,2.302585092994046,0.6986344247631282
1054,7,2.0794415416798357,0.6309297535714574
1055,10,2.3978952727983707,0.7275527795480461
1056,9,2.302585092994046,0.6986344247631282
1057,10,2.3978952727983707,0.7275527795480461
1058,8,2.1972245773362196,0.6666666666666667
1059,12,2.5649493574615367,0.7782391731575976
1060,8,2.1972245773362196,0.6666666666666667
1061,13,2.6390573296152584,0.8007245009109598
1062,8,2.1972245773362196,0.6666666666666667
1063,7,2.0794415416798357,0.6309297535714574
1064,7,2.0794415416798357,0.6309297535714574
1065,9,2.302585092994046,0.6986344247631282
1066,7,2.0794415416798357,0.6309297535714574
1067,4,1.6094379124341003,0.4883245069059757
1068,8,2.1972245773362196,0.6666666666666667
1069,9,2.302585092994046,0.6986344247631282
1070,12,2.5649493574615367,0.7782391731575976
1071,11,2.4849066497880004,0.7539531690476383
1072,8,2.1972245773362196,0.6666666666666667
1073,9,2.302585092994046,0.6986344247631282
1074,11,2.4849066497880004,0.7539531690476383
1075,11,2.4849066497880004,0.7539531690476383
1076,8,2.1972245773362196,0.6666666666666667
1077,9,2.302585092994046,0.6986344247631282
1078,7,2.0794415416798357,0.6309297535714574
1079,5,1.791759469228055,0.5436432511904858
1080,7,2.0794415416798357,0.6309297535714574
1081,2,1.0986122886681098,0.33333333333333337
1082,5,1.791759469228055,0.5436432511904858
1083,8,2.1972245773362196,0.6666666666666667
1084,14,2.70805020110221,0.821657840239309
1085,6,1.9459101490553132,0.5904145830538073
1086,6,1.9459101490553132,0.5904145830538073
1087,16,2.833213344056216,0.859633974387522
1088,6,1.9459101490553132,0.5904145830538073
1089,10,2.3978952727983707,0.7275527795480461
1090,5,1.791759469228055,0.5436432511904858
1091,8,2.1972245773362196,0.6666666666666667
1092,8,2.1972245773362196,0.6666666666666667
1093,6,1.9459101490553132,0.5904145830538073
1094,11,2.4849066497880004,0.7539531690476383
1095,7,2.0794415416798357,0.6309297535714574
1096,7,2.0794415416798357,0.6309297535714574
1097,12,2.5649493574615367,0.7782391731575976
1098,7,2.0794415416798357,0.6309297535714574
1099,11,2.4849066497880004,0.7539531690476383
1100,4,1.6094379124341003,0.4883245069059757
1101,7,2.0794415416798357,0.6309297535714574
1102,6,1.9459101490553132,0.5904145830538073
1103,7,2.0794415416798357,0.6309297535714574
1104,6,1.9459101490553132,0.5904145830538073
1105,8,2.1972245773362196,0.6666666666666667
1106,5,1.791759469228055,0.5436432511904858
1107,7,2.0794415416798357,0.6309297535714574
1108,5,1.791759469228055,0.5436432511904858
1109,9,2.302585092994046,0.6986344247631282
1110,7,2.0794415416798357,0.6309297535714574
1111,8,2.1972245773362196,0.6666666666666667
1112,6,1.9459101490553132,0.5904145830538073
1113,5,1.791759469228055,0.5436432511904858
1114,6,1.9459101490553132,0.5904145830538073
1115,7,2.0794415416798357,0.6309297535714574
1116,6,1.9459101490553132,0.5904145830538073
1117,7,2.0794415416798357,0.6309297535714574
1118,7,2.0794415416798357,0.6309297535714574
1119,8,2.1972245773362196,0.6666666666666667
1120,6,1.9459101490553132,0.5904145830538073
1121,10,2.3978952727983707,0.7275527795480461
1122,3,1.3862943611198906,0.42061983571430495
1123,15,2.772588722239781,0.8412396714286099
1124,8,2.1972245773362196,0.6666666666666667
1125,4,1.6094379124341003,0.4883245069059757
1126,8,2.1972245773362196,0.6666666666666667
1127,8,2.1972245773362196,0.6666666666666667
1128,4,1.6094379124341003,0.4883245069059757
1129,8,2.1972245773362196,0.6666666666666667
1130,10,2.3978952727983707,0.7275527795480461
1131,3,1.3862943611198906,0.42061983571430495
1132,4,1.6094379124341003,0.4883245069059757
1133,9,2.302585092994046,0.6986344247631282
1134,8,2.1972245773362196,0.6666666666666667
1135,4,1.6094379124341003,0.4883245069059757
1136,4,1.6094379124341003,0.4883245069059757
1137,6,1.9459101490553132,0.5904145830538073
1138,7,2.0794415416798357,0.6309297535714574
1139,10,2.3978952727983707,0.7275527795480461
1140,7,2.0794415416798357,0.6309297535714574
1141,11,2.4849066497880004,0.7539531690476383
1142,7,2.0794415416798357,0.6309297535714574
1143,3,1.3862943611198906,0.42061983571430495
1144,7,2.0794415416798357,0.6309297535714574
1145,7,2.0794415416798357,0.6309297535714574
1146,6,1.9459101490553132,0.5904145830538073
1147,8,2.1972245773362196,0.6666666666666667
1148,10,2.3978952727983707,0.7275527795480461
1149,13,2.6390573296152584,0.8007245009109598
1150,5,1.791759469228055,0.5436432511904858
1151,10,2.3978952727983707,0.7275527795480461
1152,16,2.833213344056216,0.859633974387522
1153,6,1.9459101490553132,0.5904145830538073
1154,8,2.1972245773362196,0.6666666666666667
1155,12,2.5649493574615367,0.7782391731575976
1156,5,1.791759469228055,0.5436432511904858
1157,8,2.1972245773362196,0.6666666666666667
1158,8,2.1972245773362196,0.6666666666666667
1159,7,2.0794415416798357,0.6309297535714574
1160,9,2.302585092994046,0.6986344247631282
1161,4,1.6094379124341003,0.4883245069059757
1162,8,2.1972245773362196,0.6666666666666667
1163,8,2.1972245773362196,0.6666666666666667
1164,8,2.1972245773362196,0.6666666666666667
1165,8,2.1972245773362196,0.6666666666666667
1166,10,2.3978952727983707,0.7275527795480461
1167,9,2.302585092994046,0.6986344247631282
1168,12,2.5649493574615367,0.7782391731575976
1169,10,2.3978952727983707,0.7275527795480461
1170,7,2.0794415416798357,0.6309297535714574
1171,12,2.5649493574615367,0.7782391731575976
1172,4,1.6094379124341003,0.4883245069059757
1173,8,2.1972245773362196,0.6666666666666667
1174,7,2.0794415416798357,0.6309297535714574
1175,5,1.791759469228055,0.5436432511904858
1176,7,2.0794415416798357,0.6309297535714574
1177,5,1.791759469228055,0.5436432511904858
1178,11,2.4849066497880004,0.7539531690476383
1179,7,2.0794415416798357,0.6309297535714574
1180,13,2.6390573296152584,0.8007245009109598
1181,8,2.1972245773362196,0.6666666666666667
1182,9,2.302585092994046,0.6986344247631282
1183,5,1.791759469228055,0.5436432511904858
1184,7,2.0794415416798357,0.6309297535714574
1185,6,1.9459101490553132,0.5904145830538073
1186,6,1.9459101490553132,0.5904145830538073
1187,10,2.3978952727983707,0.7275527795480461
1188,8,2.1972245773362196,0.6666666666666667
1189,8,2.1972245773362196,0.6666666666666667
1190,4,1.6094379124341003,0.4883245069059757
1191,7,2.0794415416798357,0.6309297535714574
1192,6,1.9459101490553132,0.5904145830538073
1193,6,1.9459101490553132,0.5904145830538073
1194,6,1.9459101490553132,0.5904145830538073
1195,6,1.9459101490553132,0.5904145830538073
1196,8,2.1972245773362196,0.6666666666666667
1197,14,2.70805020110221,0.821657840239309
1198,8,2.1972245773362196,0.6666666666666667
1199,12,2.5649493574615367,0.7782391731575976
1200,10,2.3978952727983707,0.7275527795480461
1201,8,2.1972245773362196,0.6666666666666667
1202,7,2.0794415416798357,0.6309297535714574
1203,7,2.0794415416798357,0.6309297535714574
1204,8,2.1972245773362196,0.6666666666666667
1205,10,2.3978952727983707,0.7275527795480461
1206,9,2.302585092994046,0.6986344247631282
1207,9,2.302585092994046,0.6986344247631282
1208,9,2.302585092994046,0.6986344247631282
1209,10,2.3978952727983707,0.7275527795480461
1210,7,2.0794415416798357,0.6309297535714574
1211,8,2.1972245773362196,0.6666666666666667
1212,9,2.302585092994046,0.6986344247631282
1213,10,2.3978952727983707,0.7275527795480461
1214,7,2.0794415416798357,0.6309297535714574
1215,5,1.791759469228055,0.5436432511904858
1216,9,2.302585092994046,0.6986344247631282
1217,7,2.0794415416798357,0.6309297535714574
1218,13,2.6390573296152584,0.8007245009109598
1219,4,1.6094379124341003,0.4883245069059757
1220,3,1.3862943611198906,0.42061983571430495
1221,9,2.302585092994046,0.6986344247631282
1222,7,2.0794415416798357,0.6309297535714574
1223,8,2.1972245773362196,0.6666666666666667
1224,8,2.1972245773362196,0.6666666666666667
1225,11,2.4849066497880004,0.7539531690476383
1226,7,2.0794415416798357,0.6309297535714574
1227,14,2.70805020110221,0.821657840239309
1228,7,2.0794415416798357,0.6309297535714574
1229,4,1.6094379124341003,0.4883245069059757
1230,5,1.791759469228055,0.5436432511904858
1231,5,1.791759469228055,0.5436432511904858
1232,5,1.791759469228055,0.5436432511904858
1233,10,2.3978952727983707,0.7275527795480461
1234,6,1.9459101490553132,0.5904145830538073
1235,2,1.0986122886681098,0.33333333333333337
1236,6,1.9459101490553132,0.5904145830538073
1237,6,1.9459101490553132,0.5904145830538073
1238,6,1.9459101490553132,0.5904145830538073
1239,10,2.3978952727983707,0.7275527795480461
1240,5,1.791759469228055,0.5436432511904858
1241,7,2.0794415416798357,0.6309297535714574
1242,4,1.6094379124341003,0.4883245069059757
1243,6,1.9459101490553132,0.5904145830538073
1244,5,1.791759469228055,0.5436432511904858
1245,7,2.0794415416798357,0.6309297535714574
1246,10,2.3978952727983707,0.7275527795480461
1247,8,2.1972245773362196,0.6666666666666667
1248,11,2.4849066497880004,0.7539531690476383
1249,8,2.1972245773362196,0.6666666666666667
1250,7,2.0794415416798357,0.6309297535714574
1251,6,1.9459101490553132,0.5904145830538073
1252,6,1.9459101490553132,0.5904145830538073
1253,7,2.0794415416798357,0.6309297535714574
1254,7,2.0794415416798357,0.6309297535714574
1255,9,2.302585092994046,0.6986344247631282
1256,8,2.1972245773362196,0.6666666666666667
1257,9,2.302585092994046,0.6986344247631282
1258,8,2.1972245773362196,0.6666666666666667
1259,10,2.3978952727983707,0.7275527795480461
1260,5,1.791759469228055,0.5436432511904858
1261,2,1.0986122886681098,0.33333333333333337
1262,9,2.302585092994046,0.6986344247631282
1263,5,1.791759469228055,0.5436432511904858
1264,9,2.302585092994046,0.6986344247631282
1265,6,1.9459101490553132,0.5904145830538073
1266,8,2.1972245773362196,0.6666666666666667
1267,5,1.791759469228055,0.5436432511904858
1268,8,2.1972245773362196,0.6666666666666667
1269,8,2.1972245773362196,0.6666666666666667
1270,10,2.3978952727983707,0.7275527795480461
1271,5,1.791759469228055,0.5436432511904858
1272,4,1.6094379124341003,0.4883245069059757
1273,9,2.302585092994046,0.6986344247631282
1274,13,2.6390573296152584,0.8007245009109598
1275,9,2.302585092994046,0.6986344247631282
1276,5,1.791759469228055,0.5436432511904858
1277,8,2.1972245773362196,0.6666666666666667
1278,7,2.0794415416798357,0.6309297535714574
1279,8,2.1972245773362196,0.6666666666666667
1280,10,2.3978952727983707,0.7275527795480461
1281,6,1.9459101490553132,0.5904145830538073
1282,5,1.791759469228055,0.5436432511904858
1283,8,2.1972245773362196,0.6666666666666667
1284,12,2.5649493574615367,0.7782391731575976
1285,10,2.3978952727983707,0.7275527795480461
1286,4,1.6094379124341003,0.4883245069059757
1287,9,2.302585092994046,0.6986344247631282
1288,9,2.302585092994046,0.6986344247631282
1289,9,2.302585092994046,0.6986344247631282
1290,4,1.6094379124341003,0.4883245069059757
1291,8,2.1972245773362196,0.6666666666666667
1292,13,2.6390573296152584,0.8007245009109598
1293,6,1.9459101490553132,0.5904145830538073
1294,9,2.302585092994046,0.6986344247631282
1295,12,2.5649493574615367,0.7782391731575976
1296,11,2.4849066497880004,0.7539531690476383
1297,4,1.6094379124341003,0.4883245069059757
1298,11,2.4849066497880004,0.7539531690476383
1299,8,2.1972245773362196,0.6666666666666667
1300,6,1.9459101490553132,0.5904145830538073
1301,13,2.6390573296152584,0.8007245009109598
1302,9,2.302585092994046,0.6986344247631282
1303,6,1.9459101490553132,0.5904145830538073
1304,6,1.9459101490553132,0.5904145830538073
1305,9,2.302585092994046,0.6986344247631282
1306,9,2.302585092994046,0.6986344247631282
1307,6,1.9459101490553132,0.5904145830538073
1308,11,2.4849066497880004,0.7539531690476383
1309,8,2.1972245773362196,0.6666666666666667
1310,9,2.302585092994046,0.6986344247631282
1311,9,2.302585092994046,0.6986344247631282
1312,10,2.3978952727983707,0.7275527795480461
1313,7,2.0794415416798357,0.6309297535714574
1314,8,2.1972245773362196,0.6666666666666667
1315,5,1.791759469228055,0.5436432511904858
1316,8,2.1972245773362196,0.6666666666666667
1317,9,2.302585092994046,0.6986344247631282
1318,9,2.302585092994046,0.6986344247631282
1319,10,2.3978952727983707,0.7275527795480461
1320,7,2.0794415416798357,0.6309297535714574
1321,5,1.791759469228055,0.5436432511904858
1322,11,2.4849066497880004,0.7539531690476383
1323,9,2.302585092994046,0.6986344247631282
1324,2,1.0986122886681098,0.33333333333333337
1325,7,2.0794415416798357,0.6309297535714574
1326,7,2.0794415416798357,0.6309297535714574
1327,10,2.3978952727983707,0.7275527795480461
1328,7,2.0794415416798357,0.6309297535714574
1329,9,2.302585092994046,0.6986344247631282
1330,9,2.302585092994046,0.6986344247631282
1331,9,2.302585092994046,0.6986344247631282
1332,13,2.6390573296152584,0.8007245009109598
1333,13,2.6390573296152584,0.8007245009109598
1334,11,2.4849066497880004,0.7539531690476383
1335,4,1.6094379124341003,0.4883245069059757
1336,6,1.9459101490553132,0.5904145830538073
1337,5,1.791759469228055,0.5436432511904858
1338,12,2.5649493574615367,0.7782391731575976
1339,8,2.1972245773362196,0.6666666666666667
1340,9,2.302585092994046,0.6986344247631282
1341,7,2.0794415416798357,0.6309297535714574
1342,4,1.6094379124341003,0.4883245069059757
1343,8,2.1972245773362196,0.6666666666666667
1344,10,2.3978952727983707,0.7275527795480461
1345,6,1.9459101490553132,0.5904145830538073
1346,5,1.791759469228055,0.5436432511904858
1347,6,1.9459101490553132,0.5904145830538073
1348,8,2.1972245773362196,0.6666666666666667
1349,8,2.1972245773362196,0.6666666666666667
1350,6,1.9459101490553132,0.5904145830538073
1351,14,2.70805020110221,0.821657840239309
1352,6,1.9459101490553132,0.5904145830538073
1353,11,2.4849066497880004,0.7539531690476383
1354,15,2.772588722239781,0.8412396714286099
1355,8,2.1972245773362196,0.6666666666666667
1356,9,2.302585092994046,0.6986344247631282
1357,8,2.1972245773362196,0.6666666666666667
1358,13,2.6390573296152584,0.8007245009109598
1359,5,1.791759469228055,0.5436432511904858
1360,9,2.302585092994046,0.6986344247631282
1361,6,1.9459101490553132,0.5904145830538073
1362,8,2.1972245773362196,0.6666666666666667
1363,8,2.1972245773362196,0.6666666666666667
1364,9,2.302585092994046,0.6986344247631282
1365,3,1.3862943611198906,0.42061983571430495
1366,15,2.772588722239781,0.8412396714286099
1367,6,1.9459101490553132,0.5904145830538073
1368,4,1.6094379124341003,0.4883245069059757
1369,2,1.0986122886681098,0.33333333333333337
1370,6,1.9459101490553132,0.5904145830538073
1371,9,2.302585092994046,0.6986344247631282
1372,8,2.1972245773362196,0.6666666666666667
1373,8,2.1972245773362196,0.6666666666666667
1374,5,1.791759469228055,0.5436432511904858
1375,9,2.302585092994046,0.6986344247631282
1376,9,2.302585092994046,0.6986344247631282
1377,4,1.6094379124341003,0.4883245069059757
1378,10,2.3978952727983707,0.7275527795480461
1379,4,1.6094379124341003,0.4883245069059757
1380,10,2.3978952727983707,0.7275527795480461
1381,9,2.302585092994046,0.6986344247631282
1382,5,1.791759469228055,0.5436432511904858
1383,10,2.3978952727983707,0.7275527795480461
1384,6,1.9459101490553132,0.5904145830538073
1385,9,2.302585092994046,0.6986344247631282
1386,7,2.0794415416798357,0.6309297535714574
1387,6,1.9459101490553132,0.5904145830538073
1388,8,2.1972245773362196,0.6666666666666667
1389,2,1.0986122886681098,0.33333333333333337
1390,8,2.1972245773362196,0.6666666666666667
1391,9,2.302585092994046,0.6986344247631282
1392,5,1.791759469228055,0.5436432511904858
1393,1,0.6931471805599453,0.21030991785715247
1394,2,1.0986122886681098,0.33333333333333337
1395,6,1.9459101490553132,0.5904145830538073
1396,9,2.302585092994046,0.6986344247631282
1397,7,2.0794415416798357,0.6309297535714574
1398,10,2.3978952727983707,0.7275527795480461
1399,6,1.9459101490553132,0.5904145830538073
1400,11,2.4849066497880004,0.7539531690476383
1401,9,2.302585092994046,0.6986344247631282
1402,8,2.1972245773362196,0.6666666666666667
1403,9,2.302585092994046,0.6986344247631282
1404,5,1.791759469228055,0.5436432511904858
1405,7,2.0794415416798357,0.6309297535714574
1406,4,1.6094379124341003,0.4883245069059757
1407,3,1.3862943611198906,0.42061983571430495
1408,7,2.0794415416798357,0.6309297535714574
1409,9,2.302585092994046,0.6986344247631282
1410,10,2.3978952727983707,0.7275527795480461
1411,4,1.6094379124341003,0.4883245069059757
1412,11,2.4849066497880004,0.7539531690476383
1413,6,1.9459101490553132,0.5904145830538073
1414,8,2.1972245773362196,0.6666666666666667
1415,9,2.302585092994046,0.6986344247631282
1416,11,2.4849066497880004,0.7539531690476383
1417,11,2.4849066497880004,0.7539531690476383
1418,4,1.6094379124341003,0.4883245069059757
1419,4,1.6094379124341003,0.4883245069059757
1420,3,1.3862943611198906,0.42061983571430495
1421,9,2.302585092994046,0.6986344247631282
1422,7,2.0794415416798357,0.6309297535714574
1423,9,2.302585092994046,0.6986344247631282
1424,8,2.1972245773362196,0.6666666666666667
1425,8,2.1972245773362196,0.6666666666666667
1426,9,2.302585092994046,0.6986344247631282
1427,11,2.4849066497880004,0.7539531690476383
1428,5,1.791759469228055,0.5436432511904858
1429,5,1.791759469228055,0.5436432511904858
1430,9,2.302585092994046,0.6986344247631282
1431,4,1.6094379124341003,0.4883245069059757
1432,11,2.4849066497880004,0.7539531690476383
1433,7,2.0794415416798357,0.6309297535714574
1434,6,1.9459101490553132,0.5904145830538073
1435,11,2.4849066497880004,0.7539531690476383
1436,8,2.1972245773362196,0.6666666666666667
1437,10,2.3978952727983707,0.7275527795480461
1438,12,2.5649493574615367,0.7782391731575976
1439,8,2.1972245773362196,0.6666666666666667
1440,11,2.4849066497880004,0.7539531690476383
1441,6,1.9459101490553132,0.5904145830538073
1442,9,2.302585092994046,0.6986344247631282
1443,5,1.791759469228055,0.5436432511904858
1444,8,2.1972245773362196,0.6666666666666667
1445,6,1.9459101490553132,0.5904145830538073
1446,9,2.302585092994046,0.6986344247631282
1447,4,1.6094379124341003,0.4883245069059757
1448,9,2.302585092994046,0.6986344247631282
1449,2,1.0986122886681098,0.33333333333333337
1450,3,1.3862943611198906,0.42061983571430495
1451,6,1.9459101490553132,0.5904145830538073
1452,6,1.9459101490553132,0.5904145830538073
1453,8,2.1972245773362196,0.6666666666666667
1454,7,2.0794415416798357,0.6309297535714574
1455,6,1.9459101490553132,0.5904145830538073
1456,5,1.791759469228055,0.5436432511904858
1457,9,2.302585092994046,0.6986344247631282
1458,4,1.6094379124341003,0.4883245069059757
1459,8,2.1972245773362196,0.6666666666666667
1460,9,2.302585092994046,0.6986344247631282
1461,10,2.3978952727983707,0.7275527795480461
1462,12,2.5649493574615367,0.7782391731575976
1463,9,2.302585092994046,0.6986344247631282
1464,5,1.791759469228055,0.5436432511904858
1465,13,2.6390573296152584,0.8007245009109598
1466,9,2.302585092994046,0.6986344247631282
1467,3,1.3862943611198906,0.42061983571430495
1468,13,2.6390573296152584,0.8007245009109598
1469,13,2.6390573296152584,0.8007245009109598
1470,12,2.5649493574615367,0.7782391731575976
1471,6,1.9459101490553132,0.5904145830538073
1472,6,1.9459101490553132,0.5904145830538073
1473,9,2.302585092994046,0.6986344247631282
1474,8,2.1972245773362196,0.6666666666666667
1475,4,1.6094379124341003,0.4883245069059757
1476,6,1.9459101490553132,0.5904145830538073
1477,5,1.791759469228055,0.5436432511904858
1478,6,1.9459101490553132,0.5904145830538073
1479,2,1.0986122886681098,0.33333333333333337
1480,9,2.302585092994046,0.6986344247631282
1481,6,1.9459101490553132,0.5904145830538073
1482,12,2.5649493574615367,0.7782391731575976
1483,9,2.302585092994046,0.6986344247631282
1484,7,2.0794415416798357,0.6309297535714574
1485,6,1.9459101490553132,0.5904145830538073
1486,4,1.6094379124341003,0.4883245069059757
1487,3,1.3862943611198906,0.42061983571430495
1488,7,2.0794415416798357,0.6309297535714574
1489,8,2.1972245773362196,0.6666666666666667
1490,6,1.9459101490553132,0.5904145830538073
1491,8,2.1972245773362196,0.6666666666666667
1492,6,1.9459101490553132,0.5904145830538073
1493,7,2.0794415416798357,0.6309297535714574
1494,6,1.9459101490553132,0.5904145830538073
1495,8,2.1972245773362196,0.6666666666666667
1496,10,2.3978952727983707,0.7275527795480461
1497,8,2.1972245773362196,0.6666666666666667
1498,11,2.4849066497880004,0.7539531690476383
1499,11,2.4849066497880004,0.7539531690476383
1500,5,1.791759469228055,0.5436432511904858
1501,8,2.1972245773362196,0.6666666666666667
1502,9,2.302585092994046,0.6986344247631282
1503,9,2.302585092994046,0.6986344247631282
1504,5,1.791759469228055,0.5436432511904858
1505,7,2.0794415416798357,0.6309297535714574
1506,10,2.3978952727983707,0.7275527795480461
1507,7,2.0794415416798357,0.6309297535714574
1508,4,1.6094379124341003,0.4883245069059757
1509,5,1.791759469228055,0.5436432511904858
1510,5,1.791759469228055,0.5436432511904858
1511,12,2.5649493574615367,0.7782391731575976
1512,8,2.1972245773362196,0.6666666666666667
1513,5,1.791759469228055,0.5436432511904858
1514,8,2.1972245773362196,0.6666666666666667
1515,8,2.1972245773362196,0.6666666666666667
1516,6,1.9459101490553132,0.5904145830538073
1517,4,1.6094379124341003,0.4883245069059757
1518,5,1.791759469228055,0.5436432511904858
1519,5,1.791759469228055,0.5436432511904858
1520,9,2.302585092994046,0.6986344247631282
1521,7,2.0794415416798357,0.6309297535714574
1522,5,1.791759469228055,0.5436432511904858
1523,5,1.791759469228055,0.5436432511904858
1524,6,1.9459101490553132,0.5904145830538073
1525,4,1.6094379124341003,0.4883245069059757
1526,5,1.791759469228055,0.5436432511904858
1527,8,2.1972245773362196,0.6666666666666667
1528,7,2.0794415416798357,0.6309297535714574
1529,9,2.302585092994046,0.6986344247631282
1530,12,2.5649493574615367,0.7782391731575976
1531,8,2.1972245773362196,0.6666666666666667
1532,7,2.0794415416798357,0.6309297535714574
1533,6,1.9459101490553132,0.5904145830538073
1534,5,1.791759469228055,0.5436432511904858
1535,7,2.0794415416798357,0.6309297535714574
1536,10,2.3978952727983707,0.7275527795480461
1537,6,1.9459101490553132,0.5904145830538073
1538,7,2.0794415416798357,0.6309297535714574
1539,8,2.1972245773362196,0.6666666666666667
1540,7,2.0794415416798357,0.6309297535714574
1541,6,1.9459101490553132,0.5904145830538073
1542,11,2.4849066497880004,0.7539531690476383
1543,6,1.9459101490553132,0.5904145830538073
1544,5,1.791759469228055,0.5436432511904858
1545,8,2.1972245773362196,0.6666666666666667
1546,6,1.9459101490553132,0.5904145830538073
1547,4,1.6094379124341003,0.4883245069059757
1548,9,2.302585092994046,0.6986344247631282
1549,6,1.9459101490553132,0.5904145830538073
1550,3,1.3862943611198906,0.42061983571430495
1551,6,1.9459101490553132,0.5904145830538073
1552,7,2.0794415416798357,0.6309297535714574
1553,3,1.3862943611198906,0.42061983571430495
1554,10,2.3978952727983707,0.7275527795480461
1555,10,2.3978952727983707,0.7275527795480461
1556,4,1.6094379124341003,0.4883245069059757
1557,7,2.0794415416798357,0.6309297535714574
1558,4,1.6094379124341003,0.4883245069059757
1559,8,2.1972245773362196,0.6666666666666667
1560,9,2.302585092994046,0.6986344247631282
1561,4,1.6094379124341003,0.4883245069059757
1562,4,1.6094379124341003,0.4883245069059757
1563,10,2.3978952727983707,0.7275527795480461
1564,9,2.302585092994046,0.6986344247631282
1565,6,1.9459101490553132,0.5904145830538073
1566,5,1.791759469228055,0.5436432511904858
1567,5,1.791759469228055,0.5436432511904858
1568,4,1.6094379124341003,0.4883245069059757
1569,9,2.302585092994046,0.6986344247631282
1570,8,2.1972245773362196,0.6666666666666667
1571,7,2.0794415416798357,0.6309297535714574
1572,10,2.3978952727983707,0.7275527795480461
1573,10,2.3978952727983707,0.7275527795480461
1574,11,2.4849066497880004,0.7539531690476383
1575,8,2.1972245773362196,0.6666666666666667
1576,6,1.9459101490553132,0.5904145830538073
1577,10,2.3978952727983707,0.7275527795480461
1578,8,2.1972245773362196,0.6666666666666667
1579,6,1.9459101490553132,0.5904145830538073
1580,4,1.6094379124341003,0.4883245069059757
1581,10,2.3978952727983707,0.7275527795480461
1582,5,1.791759469228055,0.5436432511904858
1583,2,1.0986122886681098,0.33333333333333337
1584,3,1.3862943611198906,0.42061983571430495
1585,4,1.6094379124341003,0.4883245069059757
1586,10,2.3978952727983707,0.7275527795480461
1587,6,1.9459101490553132,0.5904145830538073
1588,3,1.3862943611198906,0.42061983571430495
1589,9,2.302585092994046,0.6986344247631282
1590,6,1.9459101490553132,0.5904145830538073
1591,7,2.0794415416798357,0.6309297535714574
1592,11,2.4849066497880004,0.7539531690476383
1593,5,1.791759469228055,0.5436432511904858
1594,14,2.70805020110221,0.821657840239309
1595,12,2.5649493574615367,0.7782391731575976
1596,7,2.0794415416798357,0.6309297535714574
1597,7,2.0794415416798357,0.6309297535714574
1598,8,2.1972245773362196,0.6666666666666667
1599,9,2.302585092994046,0.6986344247631282
1600,6,1.9459101490553132,0.5904145830538073
1601,6,1.9459101490553132,0.5904145830538073
1602,10,2.3978952727983707,0.7275527795480461
1603,5,1.791759469228055,0.5436432511904858
1604,9,2.302585092994046,0.6986344247631282
1605,12,2.5649493574615367,0.7782391731575976
1606,5,1.791759469228055,0.5436432511904858
1607,8,2.1972245773362196,0.6666666666666667
1608,8,2.1972245773362196,0.6666666666666667
1609,6,1.9459101490553132,0.5904145830538073
1610,7,2.0794415416798357,0.6309297535714574
1611,8,2.1972245773362196,0.6666666666666667
1612,4,1.6094379124341003,0.4883245069059757
1613,8,2.1972245773362196,0.6666666666666667
1614,5,1.791759469228055,0.5436432511904858
1615,2,1.0986122886681098,0.33333333333333337
1616,8,2.1972245773362196,0.6666666666666667
1617,5,1.791759469228055,0.5436432511904858
1618,13,2.6390573296152584,0.8007245009109598
1619,9,2.302585092994046,0.6986344247631282
1620,7,2.0794415416798357,0.6309297535714574
1621,11,2.4849066497880004,0.7539531690476383
1622,7,2.0794415416798357,0.6309297535714574
1623,4,1.6094379124341003,0.4883245069059757
1624,11,2.4849066497880004,0.7539531690476383
1625,1,0.6931471805599453,0.21030991785715247
1626,9,2.302585092994046,0.6986344247631282
1627,7,2.0794415416798357,0.6309297535714574
1628,4,1.6094379124341003,0.4883245069059757
1629,8,2.1972245773362196,0.6666666666666667
1630,10,2.3978952727983707,0.7275527795480461
1631,8,2.1972245773362196,0.6666666666666667
1632,3,1.3862943611198906,0.42061983571430495
1633,4,1.6094379124341003,0.4883245069059757
1634,2,1.0986122886681098,0.33333333333333337
1635,8,2.1972245773362196,0.6666666666666667
1636,12,2.5649493574615367,0.7782391731575976
1637,6,1.9459101490553132,0.5904145830538073
1638,8,2.1972245773362196,0.6666666666666667
1639,9,2.302585092994046,0.6986344247631282
1640,2,1.0986122886681098,0.33333333333333337
1641,6,1.9459101490553132,0.5904145830538073
1642,5,1.791759469228055,0.5436432511904858
1643,2,1.0986122886681098,0.33333333333333337
1644,5,1.791759469228055,0.5436432511904858
1645,4,1.6094379124341003,0.4883245069059757
1646,4,1.6094379124341003,0.4883245069059757
1647,7,2.0794415416798357,0.6309297535714574
1648,10,2.3978952727983707,0.7275527795480461
1649,7,2.0794415416798357,0.6309297535714574
1650,11,2.4849066497880004,0.7539531690476383
1651,9,2.302585092994046,0.6986344247631282
1652,5,1.791759469228055,0.5436432511904858
1653,6,1.9459101490553132,0.5904145830538073
1654,4,1.6094379124341003,0.4883245069059757
1655,7,2.0794415416798357,0.6309297535714574
1656,5,1.791759469228055,0.5436432511904858
1657,4,1.6094379124341003,0.4883245069059757
1658,2,1.0986122886681098,0.33333333333333337
1659,4,1.6094379124341003,0.4883245069059757
1660,3,1.3862943611198906,0.42061983571430495
1661,6,1.9459101490553132,0.5904145830538073
1662,10,2.3978952727983707,0.7275527795480461
1663,7,2.0794415416798357,0.6309297535714574
1664,6,1.9459101490553132,0.5904145830538073
1665,3,1.3862943611198906,0.42061983571430495
1666,6,1.9459101490553132,0.5904145830538073
1667,14,2.70805020110221,0.821657840239309
1668,6,1.9459101490553132,0.5904145830538073
1669,8,2.1972245773362196,0.6666666666666667
1670,7,2.0794415416798357,0.6309297535714574
1671,6,1.9459101490553132,0.5904145830538073
1672,7,2.0794415416798357,0.6309297535714574
1673,6,1.9459101490553132,0.5904145830538073
1674,7,2.0794415416798357,0.6309297535714574
1675,7,2.0794415416798357,0.6309297535714574
1676,7,2.0794415416798357,0.6309297535714574
1677,9,2.302585092994046,0.6986344247631282
1678,10,2.3978952727983707,0.7275527795480461
1679,6,1.9459101490553132,0.5904145830538073
1680,6,1.9459101490553132,0.5904145830538073
1681,9,2.302585092994046,0.6986344247631282
1682,8,2.1972245773362196,0.6666666666666667
1683,6,1.9459101490553132,0.5904145830538073
1684,6,1.9459101490553132,0.5904145830538073
1685,9,2.302585092994046,0.6986344247631282
1686,10,2.3978952727983707,0.7275527795480461
1687,9,2.302585092994046,0.6986344247631282
1688,10,2.3978952727983707,0.7275527795480461
1689,13,2.6390573296152584,0.8007245009109598
1690,5,1.791759469228055,0.5436432511904858
1691,5,1.791759469228055,0.5436432511904858
1692,6,1.9459101490553132,0.5904145830538073
1693,8,2.1972245773362196,0.6666666666666667
1694,6,1.9459101490553132,0.5904145830538073
1695,15,2.772588722239781,0.8412396714286099
1696,8,2.1972245773362196,0.6666666666666667
1697,8,2.1972245773362196,0.6666666666666667
1698,5,1.791759469228055,0.5436432511904858
1699,3,1.3862943611198906,0.42061983571430495
1700,10,2.3978952727983707,0.7275527795480461
1701,8,2.1972245773362196,0.6666666666666667
1702,5,1.791759469228055,0.5436432511904858
1703,5,1.791759469228055,0.5436432511904858
1704,8,2.1972245773362196,0.6666666666666667
1705,5,1.791759469228055,0.5436432511904858
1706,8,2.1972245773362196,0.6666666666666667
1707,7,2.0794415416798357,0.6309297535714574
1708,7,2.0794415416798357,0.6309297535714574
1709,8,2.1972245773362196,0.6666666666666667
1710,7,2.0794415416798357,0.6309297535714574
1711,5,1.791759469228055,0.5436432511904858
1712,8,2.1972245773362196,0.6666666666666667
1713,4,1.6094379124341003,0.4883245069059757
1714,3,1.3862943611198906,0.42061983571430495
1715,9,2.302585092994046,0.6986344247631282
1716,8,2.1972245773362196,0.6666666666666667
1717,9,2.302585092994046,0.6986344247631282
1718,5,1.791759469228055,0.5436432511904858
1719,10,2.3978952727983707,0.7275527795480461
1720,4,1.6094379124341003,0.4883245069059757
1721,9,2.302585092994046,0.6986344247631282
1722,5,1.791759469228055,0.5436432511904858
1723,5,1.791759469228055,0.5436432511904858
1724,8,2.1972245773362196,0.6666666666666667
1725,7,2.0794415416798357,0.6309297535714574
1726,9,2.302585092994046,0.6986344247631282
1727,3,1.3862943611198906,0.42061983571430495
1728,8,2.1972245773362196,0.6666666666666667
1729,9,2.302585092994046,0.6986344247631282
1730,5,1.791759469228055,0.5436432511904858
1731,6,1.9459101490553132,0.5904145830538073
1732,8,2.1972245773362196,0.6666666666666667
1733,8,2.1972245773362196,0.6666666666666667
1734,10,2.3978952727983707,0.7275527795480461
1735,7,2.0794415416798357,0.6309297535714574
1736,5,1.791759469228055,0.5436432511904858
1737,4,1.6094379124341003,0.4883245069059757
1738,2,1.0986122886681098,0.33333333333333337
1739,7,2.0794415416798357,0.6309297535714574
1740,5,1.791759469228055,0.5436432511904858
1741,8,2.1972245773362196,0.6666666666666667
1742,5,1.791759469228055,0.5436432511904858
1743,6,1.9459101490553132,0.5904145830538073
1744,3,1.3862943611198906,0.42061983571430495
1745,5,1.791759469228055,0.5436432511904858
1746,2,1.0986122886681098,0.33333333333333337
1747,4,1.6094379124341003,0.4883245069059757
1748,9,2.302585092994046,0.6986344247631282
1749,5,1.791759469228055,0.5436432511904858
1750,8,2.1972245773362196,0.6666666666666667
1751,9,2.302585092994046,0.6986344247631282
1752,13,2.6390573296152584,0.8007245009109598
1753,12,2.5649493574615367,0.7782391731575976
1754,5,1.791759469228055,0.5436432511904858
1755,8,2.1972245773362196,0.6666666666666667
1756,7,2.0794415416798357,0.6309297535714574
1757,7,2.0794415416798357,0.6309297535714574
1758,4,1.6094379124341003,0.4883245069059757
1759,11,2.4849066497880004,0.7539531690476383
1760,2,1.0986122886681098,0.33333333333333337
1761,3,1.3862943611198906,0.42061983571430495
1762,9,2.302585092994046,0.6986344247631282
1763,9,2.302585092994046,0.6986344247631282
1764,11,2.4849066497880004,0.7539531690476383
1765,7,2.0794415416798357,0.6309297535714574
1766,5,1.791759469228055,0.5436432511904858
1767,9,2.302585092994046,0.6986344247631282
1768,10,2.3978952727983707,0.7275527795480461
1769,8,2.1972245773362196,0.6666666666666667
1770,9,2.302585092994046,0.6986344247631282
1771,5,1.791759469228055,0.5436432511904858
1772,6,1.9459101490553132,0.5904145830538073
1773,9,2.302585092994046,0.6986344247631282
1774,2,1.0986122886681098,0.33333333333333337
1775,3,1.3862943611198906,0.42061983571430495
1776,8,2.1972245773362196,0.6666666666666667
1777,7,2.0794415416798357,0.6309297535714574
1778,5,1.791759469228055,0.5436432511904858
1779,6,1.9459101490553132,0.5904145830538073
1780,7,2.0794415416798357,0.6309297535714574
1781,9,2.302585092994046,0.6986344247631282
1782,10,2.3978952727983707,0.7275527795480461
1783,6,1.9459101490553132,0.5904145830538073
1784,2,1.0986122886681098,0.33333333333333337
1785,8,2.1972245773362196,0.6666666666666667
1786,4,1.6094379124341003,0.4883245069059757
1787,9,2.302585092994046,0.6986344247631282
1788,7,2.0794415416798357,0.6309297535714574
1789,7,2.0794415416798357,0.6309297535714574
1790,9,2.302585092994046,0.6986344247631282
1791,9,2.302585092994046,0.6986344247631282
1792,6,1.9459101490553132,0.5904145830538073
1793,3,1.3862943611198906,0.42061983571430495
1794,14,2.70805020110221,0.821657840239309
1795,6,1.9459101490553132,0.5904145830538073
1796,7,2.0794415416798357,0.6309297535714574
1797,6,1.9459101490553132,0.5904145830538073
1798,4,1.6094379124341003,0.4883245069059757
1799,13,2.6390573296152584,0.8007245009109598
1800,9,2.302585092994046,0.6986344247631282
1801,7,2.0794415416798357,0.6309297535714574
1802,7,2.0794415416798357,0.6309297535714574
1803,6,1.9459101490553132,0.5904145830538073
1804,8,2.1972245773362196,0.6666666666666667
1805,6,1.9459101490553132,0.5904145830538073
1806,9,2.302585092994046,0.6986344247631282
1807,0,0.0,0.0
1808,7,2.0794415416798357,0.6309297535714574
1809,12,2.5649493574615367,0.7782391731575976
1810,11,2.4849066497880004,0.7539531690476383
1811,1,0.6931471805599453,0.21030991785715247
1812,14,2.70805020110221,0.821657840239309
1813,5,1.791759469228055,0.5436432511904858
1814,7,2.0794415416798357,0.6309297535714574
1815,8,2.1972245773362196,0.6666666666666667
1816,6,1.9459101490553132,0.5904145830538073
1817,7,2.0794415416798357,0.6309297535714574
1818,9,2.302585092994046,0.6986344247631282
1819,5,1.791759469228055,0.5436432511904858
1820,6,1.9459101490553132,0.5904145830538073
1821,7,2.0794415416798357,0.6309297535714574
1822,10,2.3978952727983707,0.7275527795480461
1823,8,2.1972245773362196,0.6666666666666667
1824,3,1.3862943611198906,0.42061983571430495
1825,4,1.6094379124341003,0.4883245069059757
1826,8,2.1972245773362196,0.6666666666666667
1827,4,1.6094379124341003,0.4883245069059757
1828,10,2.3978952727983707,0.7275527795480461
1829,9,2.302585092994046,0.6986344247631282
1830,10,2.3978952727983707,0.7275527795480461
1831,6,1.9459101490553132,0.5904145830538073
1832,5,1.791759469228055,0.5436432511904858
1833,6,1.9459101490553132,0.5904145830538073
1834,7,2.0794415416798357,0.6309297535714574
1835,7,2.0794415416798357,0.6309297535714574
1836,7,2.0794415416798357,0.6309297535714574
1837,8,2.1972245773362196,0.6666666666666667
1838,6,1.9459101490553132,0.5904145830538073
1839,4,1.6094379124341003,0.4883245069059757
1840,11,2.4849066497880004,0.7539531690476383
1841,7,2.0794415416798357,0.6309297535714574
1842,11,2.4849066497880004,0.7539531690476383
1843,8,2.1972245773362196,0.6666666666666667
1844,8,2.1972245773362196,0.6666666666666667
1845,14,2.70805020110221,0.821657840239309
1846,13,2.6390573296152584,0.8007245009109598
1847,6,1.9459101490553132,0.5904145830538073
1848,14,2.70805020110221,0.821657840239309
1849,5,1.791759469228055,0.5436432511904858
1850,14,2.70805020110221,0.821657840239309
1851,10,2.3978952727983707,0.7275527795480461
1852,6,1.9459101490553132,0.5904145830538073
1853,10,2.3978952727983707,0.7275527795480461
1854,11,2.4849066497880004,0.7539531690476383
1855,8,2.1972245773362196,0.6666666666666667
1856,6,1.9459101490553132,0.5904145830538073
1857,13,2.6390573296152584,0.8007245009109598
1858,11,2.4849066497880004,0.7539531690476383
1859,9,2.302585092994046,0.6986344247631282
1860,7,2.0794415416798357,0.6309297535714574
1861,17,2.8903717578961645,0.8769765845238191
1862,12,2.5649493574615367,0.7782391731575976
1863,6,1.9459101490553132,0.5904145830538073
1864,13,2.6390573296152584,0.8007245009109598
1865,18,2.9444389791664403,0.8933812864154583
1866,8,2.1972245773362196,0.6666666666666667
1867,4,1.6094379124341003,0.4883245069059757
1868,7,2.0794415416798357,0.6309297535714574
1869,5,1.791759469228055,0.5436432511904858
1870,8,2.1972245773362196,0.6666666666666667
1871,14,2.70805020110221,0.821657840239309
1872,9,2.302585092994046,0.6986344247631282
1873,8,2.1972245773362196,0.6666666666666667
1874,7,2.0794415416798357,0.6309297535714574
1875,9,2.302585092994046,0.6986344247631282
1876,9,2.302585092994046,0.6986344247631282
1877,7,2.0794415416798357,0.6309297535714574
1878,19,2.995732273553991,0.9089443426202807
1879,3,1.3862943611198906,0.42061983571430495
1880,9,2.302585092994046,0.6986344247631282
1881,11,2.4849066497880004,0.7539531690476383
1882,4,1.6094379124341003,0.4883245069059757
1883,6,1.9459101490553132,0.5904145830538073
1884,6,1.9459101490553132,0.5904145830538073
1885,13,2.6390573296152584,0.8007245009109598
1886,13,2.6390573296152584,0.8007245009109598
1887,14,2.70805020110221,0.821657840239309
1888,13,2.6390573296152584,0.8007245009109598
1889,9,2.302585092994046,0.6986344247631282
1890,11,2.4849066497880004,0.7539531690476383
1891,9,2.302585092994046,0.6986344247631282
1892,7,2.0794415416798357,0.6309297535714574
1893,14,2.70805020110221,0.821657840239309
1894,11,2.4849066497880004,0.7539531690476383
1895,14,2.70805020110221,0.821657840239309
1896,12,2.5649493574615367,0.7782391731575976
1897,8,2.1972245773362196,0.6666666666666667
1898,10,2.3978952727983707,0.7275527795480461
1899,12,2.5649493574615367,0.7782391731575976
1900,1,0.6931471805599453,0.21030991785715247
1901,10,2.3978952727983707,0.7275527795480461
1902,8,2.1972245773362196,0.6666666666666667
1903,13,2.6390573296152584,0.8007245009109598
1904,4,1.6094379124341003,0.4883245069059757
1905,9,2.302585092994046,0.6986344247631282
1906,12,2.5649493574615367,0.7782391731575976
1907,10,2.3978952727983707,0.7275527795480461
1908,13,2.6390573296152584,0.8007245009109598
1909,9,2.302585092994046,0.6986344247631282
1910,7,2.0794415416798357,0.6309297535714574
1911,13,2.6390573296152584,0.8007245009109598
1912,9,2.302585092994046,0.6986344247631282
1913,7,2.0794415416798357,0.6309297535714574
1914,13,2.6390573296152584,0.8007245009109598
1915,13,2.6390573296152584,0.8007245009109598
1916,5,1.791759469228055,0.5436432511904858
1917,16,2.833213344056216,0.859633974387522
1918,14,2.70805020110221,0.821657840239309
1919,6,1.9459101490553132,0.5904145830538073
1920,12,2.5649493574615367,0.7782391731575976
1921,7,2.0794415416798357,0.6309297535714574
1922,7,2.0794415416798357,0.6309297535714574
1923,16,2.833213344056216,0.859633974387522
1924,9,2.302585092994046,0.6986344247631282
1925,11,2.4849066497880004,0.7539531690476383
1926,9,2.302585092994046,0.6986344247631282
1927,9,2.302585092994046,0.6986344247631282
1928,14,2.70805020110221,0.821657840239309
1929,13,2.6390573296152584,0.8007245009109598
1930,11,2.4849066497880004,0.7539531690476383
1931,13,2.6390573296152584,0.8007245009109598
1932,7,2.0794415416798357,0.6309297535714574
1933,9,2.302585092994046,0.6986344247631282
1934,5,1.791759469228055,0.5436432511904858
1935,9,2.302585092994046,0.6986344247631282
1936,13,2.6390573296152584,0.8007245009109598
1937,11,2.4849066497880004,0.7539531690476383
1938,7,2.0794415416798357,0.6309297535714574
1939,10,2.3978952727983707,0.7275527795480461
1940,11,2.4849066497880004,0.7539531690476383
1941,17,2.8903717578961645,0.8769765845238191
1942,14,2.70805020110221,0.821657840239309
1943,11,2.4849066497880004,0.7539531690476383
1944,12,2.5649493574615367,0.7782391731575976
1945,5,1.791759469228055,0.5436432511904858
1946,11,2.4849066497880004,0.7539531690476383
1947,8,2.1972245773362196,0.6666666666666667
1948,9,2.302585092994046,0.6986344247631282
1949,13,2.6390573296152584,0.8007245009109598
1950,6,1.9459101490553132,0.5904145830538073
1951,6,1.9459101490553132,0.5904145830538073
1952,11,2.4849066497880004,0.7539531690476383
1953,10,2.3978952727983707,0.7275527795480461
1954,16,2.833213344056216,0.859633974387522
1955,11,2.4849066497880004,0.7539531690476383
1956,12,2.5649493574615367,0.7782391731575976
1957,4,1.6094379124341003,0.4883245069059757
1958,5,1.791759469228055,0.5436432511904858
1959,13,2.6390573296152584,0.8007245009109598
1960,9,2.302585092994046,0.6986344247631282
1961,14,2.70805020110221,0.821657840239309
1962,11,2.4849066497880004,0.7539531690476383
1963,9,2.302585092994046,0.6986344247631282
1964,14,2.70805020110221,0.821657840239309
1965,10,2.3978952727983707,0.7275527795480461
1966,13,2.6390573296152584,0.8007245009109598
1967,12,2.5649493574615367,0.7782391731575976
1968,13,2.6390573296152584,0.8007245009109598
1969,13,2.6390573296152584,0.8007245009109598
1970,6,1.9459101490553132,0.5904145830538073
1971,15,2.772588722239781,0.8412396714286099
1972,13,2.6390573296152584,0.8007245009109598
1973,13,2.6390573296152584,0.8007245009109598
1974,15,2.772588722239781,0.8412396714286099
1975,13,2.6390573296152584,0.8007245009109598
1976,12,2.5649493574615367,0.7782391731575976
1977,7,2.0794415416798357,0.6309297535714574
1978,12,2.5649493574615367,0.7782391731575976
1979,10,2.3978952727983707,0.7275527795480461
1980,12,2.5649493574615367,0.7782391731575976
1981,12,2.5649493574615367,0.7782391731575976
1982,10,2.3978952727983707,0.7275527795480461
1983,13,2.6390573296152584,0.8007245009109598
1984,7,2.0794415416798357,0.6309297535714574
1985,7,2.0794415416798357,0.6309297535714574
1986,9,2.302585092994046,0.6986344247631282
1987,16,2.833213344056216,0.859633974387522
1988,9,2.302585092994046,0.6986344247631282
1989,9,2.302585092994046,0.6986344247631282
1990,15,2.772588722239781,0.8412396714286099
1991,4,1.6094379124341003,0.4883245069059757
1992,4,1.6094379124341003,0.4883245069059757
1993,12,2.5649493574615367,0.7782391731575976
1994,11,2.4849066497880004,0.7539531690476383
1995,10,2.3978952727983707,0.7275527795480461
1996,7,2.0794415416798357,0.6309297535714574
1997,10,2.3978952727983707,0.7275527795480461
1998,15,2.772588722239781,0.8412396714286099
1999,11,2.4849066497880004,0.7539531690476383
2000,13,2.6390573296152584,0.8007245009109598
2001,7,2.0794415416798357,0.6309297535714574
2002,13,2.6390573296152584,0.8007245009109598
2003,16,2.833213344056216,0.859633974387522
2004,10,2.3978952727983707,0.7275527795480461
2005,13,2.6390573296152584,0.8007245009109598
2006,12,2.5649493574615367,0.7782391731575976
2007,12,2.5649493574615367,0.7782391731575976
2008,6,1.9459101490553132,0.5904145830538073
2009,12,2.5649493574615367,0.7782391731575976
2010,10,2.3978952727983707,0.7275527795480461
2011,11,2.4849066497880004,0.7539531690476383
2012,17,2.8903717578961645,0.8769765845238191
2013,13,2.6390573296152584,0.8007245009109598
2014,12,2.5649493574615367,0.7782391731575976
2015,6,1.9459101490553132,0.5904145830538073
2016,9,2.302585092994046,0.6986344247631282
2017,13,2.6390573296152584,0.8007245009109598
2018,10,2.3978952727983707,0.7275527795480461
2019,7,2.0794415416798357,0.6309297535714574
2020,13,2.6390573296152584,0.8007245009109598
2021,8,2.1972245773362196,0.6666666666666667
2022,6,1.9459101490553132,0.5904145830538073
2023,12,2.5649493574615367,0.7782391731575976
2024,9,2.302585092994046,0.6986344247631282
2025,7,2.0794415416798357,0.6309297535714574
2026,14,2.70805020110221,0.821657840239309
2027,3,1.3862943611198906,0.42061983571430495
2028,8,2.1972245773362196,0.6666666666666667
2029,9,2.302585092994046,0.6986344247631282
2030,14,2.70805020110221,0.821657840239309
2031,5,1.791759469228055,0.5436432511904858
2032,9,2.302585092994046,0.6986344247631282
2033,6,1.9459101490553132,0.5904145830538073
2034,7,2.0794415416798357,0.6309297535714574
2035,10,2.3978952727983707,0.7275527795480461
2036,10,2.3978952727983707,0.7275527795480461
2037,9,2.302585092994046,0.6986344247631282
2038,16,2.833213344056216,0.859633974387522
2039,6,1.9459101490553132,0.5904145830538073
2040,14,2.70805020110221,0.821657840239309
2041,8,2.1972245773362196,0.6666666666666667
2042,8,2.1972245773362196,0.6666666666666667
2043,13,2.6390573296152584,0.8007245009109598
2044,15,2.772588722239781,0.8412396714286099
2045,8,2.1972245773362196,0.6666666666666667
2046,11,2.4849066497880004,0.7539531690476383
2047,6,1.9459101490553132,0.5904145830538073
2048,9,2.302585092994046,0.6986344247631282
2049,9,2.302585092994046,0.6986344247631282
2050,10,2.3978952727983707,0.7275527795480461
2051,9,2.302585092994046,0.6986344247631282
2052,14,2.70805020110221,0.821657840239309
2053,11,2.4849066497880004,0.7539531690476383
2054,8,2.1972245773362196,0.6666666666666667
2055,11,2.4849066497880004,0.7539531690476383
2056,6,1.9459101490553132,0.5904145830538073
2057,9,2.302585092994046,0.6986344247631282
2058,5,1.791759469228055,0.5436432511904858
2059,10,2.3978952727983707,0.7275527795480461
2060,10,2.3978952727983707,0.7275527795480461
2061,14,2.70805020110221,0.821657840239309
2062,10,2.3978952727983707,0.7275527795480461
2063,10,2.3978952727983707,0.7275527795480461
2064,10,2.3978952727983707,0.7275527795480461
2065,10,2.3978952727983707,0.7275527795480461
2066,6,1.9459101490553132,0.5904145830538073
2067,5,1.791759469228055,0.5436432511904858
2068,11,2.4849066497880004,0.7539531690476383
2069,12,2.5649493574615367,0.7782391731575976
2070,14,2.70805020110221,0.821657840239309
2071,10,2.3978952727983707,0.7275527795480461
2072,16,2.833213344056216,0.859633974387522
2073,10,2.3978952727983707,0.7275527795480461
2074,10,2.3978952727983707,0.7275527795480461
2075,10,2.3978952727983707,0.7275527795480461
2076,13,2.6390573296152584,0.8007245009109598
2077,8,2.1972245773362196,0.6666666666666667
2078,7,2.0794415416798357,0.6309297535714574
2079,4,1.6094379124341003,0.4883245069059757
2080,16,2.833213344056216,0.859633974387522
2081,5,1.791759469228055,0.5436432511904858
2082,5,1.791759469228055,0.5436432511904858
2083,10,2.3978952727983707,0.7275527795480461
2084,9,2.302585092994046,0.6986344247631282
2085,12,2.5649493574615367,0.7782391731575976
2086,9,2.302585092994046,0.6986344247631282
2087,12,2.5649493574615367,0.7782391731575976
2088,13,2.6390573296152584,0.8007245009109598
2089,8,2.1972245773362196,0.6666666666666667
2090,12,2.5649493574615367,0.7782391731575976
2091,19,2.995732273553991,0.9089443426202807
2092,12,2.5649493574615367,0.7782391731575976
2093,4,1.6094379124341003,0.4883245069059757
2094,14,2.70805020110221,0.821657840239309
2095,8,2.1972245773362196,0.6666666666666667
2096,13,2.6390573296152584,0.8007245009109598
2097,8,2.1972245773362196,0.6666666666666667
2098,3,1.3862943611198906,0.42061983571430495
2099,14,2.70805020110221,0.821657840239309
2100,9,2.302585092994046,0.6986344247631282
2101,13,2.6390573296152584,0.8007245009109598
2102,8,2.1972245773362196,0.6666666666666667
2103,7,2.0794415416798357,0.6309297535714574
2104,10,2.3978952727983707,0.7275527795480461
2105,7,2.0794415416798357,0.6309297535714574
2106,12,2.5649493574615367,0.7782391731575976
2107,14,2.70805020110221,0.821657840239309
2108,9,2.302585092994046,0.6986344247631282
2109,9,2.302585092994046,0.6986344247631282
2110,14,2.70805020110221,0.821657840239309
2111,5,1.791759469228055,0.5436432511904858
2112,7,2.0794415416798357,0.6309297535714574
2113,9,2.302585092994046,0.6986344247631282
2114,15,2.772588722239781,0.8412396714286099
2115,13,2.6390573296152584,0.8007245009109598
2116,8,2.1972245773362196,0.6666666666666667
2117,5,1.791759469228055,0.5436432511904858
2118,8,2.1972245773362196,0.6666666666666667
2119,13,2.6390573296152584,0.8007245009109598
2120,7,2.0794415416798357,0.6309297535714574
2121,10,2.3978952727983707,0.7275527795480461
2122,12,2.5649493574615367,0.7782391731575976
2123,7,2.0794415416798357,0.6309297535714574
2124,12,2.5649493574615367,0.7782391731575976
2125,10,2.3978952727983707,0.7275527795480461
2126,9,2.302585092994046,0.6986344247631282
2127,9,2.302585092994046,0.6986344247631282
2128,8,2.1972245773362196,0.6666666666666667
2129,6,1.9459101490553132,0.5904145830538073
2130,7,2.0794415416798357,0.6309297535714574
2131,12,2.5649493574615367,0.7782391731575976
2132,10,2.3978952727983707,0.7275527795480461
2133,12,2.5649493574615367,0.7782391731575976
2134,8,2.1972245773362196,0.6666666666666667
2135,12,2.5649493574615367,0.7782391731575976
2136,13,2.6390573296152584,0.8007245009109598
2137,13,2.6390573296152584,0.8007245009109598
2138,9,2.302585092994046,0.6986344247631282
2139,9,2.302585092994046,0.6986344247631282
2140,9,2.302585092994046,0.6986344247631282
2141,6,1.9459101490553132,0.5904145830538073
2142,12,2.5649493574615367,0.7782391731575976
2143,13,2.6390573296152584,0.8007245009109598
2144,7,2.0794415416798357,0.6309297535714574
2145,9,2.302585092994046,0.6986344247631282
2146,8,2.1972245773362196,0.6666666666666667
2147,10,2.3978952727983707,0.7275527795480461
2148,11,2.4849066497880004,0.7539531690476383
2149,8,2.1972245773362196,0.6666666666666667
2150,15,2.772588722239781,0.8412396714286099
2151,4,1.6094379124341003,0.4883245069059757
2152,11,2.4849066497880004,0.7539531690476383
2153,17,2.8903717578961645,0.8769765845238191
2154,8,2.1972245773362196,0.6666666666666667
2155,14,2.70805020110221,0.821657840239309
2156,9,2.302585092994046,0.6986344247631282
2157,9,2.302585092994046,0.6986344247631282
2158,14,2.70805020110221,0.821657840239309
2159,10,2.3978952727983707,0.7275527795480461
2160,11,2.4849066497880004,0.7539531690476383
2161,13,2.6390573296152584,0.8007245009109598
2162,10,2.3978952727983707,0.7275527795480461
2163,11,2.4849066497880004,0.7539531690476383
2164,9,2.302585092994046,0.6986344247631282
2165,8,2.1972245773362196,0.6666666666666667
2166,3,1.3862943611198906,0.42061983571430495
2167,16,2.833213344056216,0.859633974387522
2168,7,2.0794415416798357,0.6309297535714574
2169,15,2.772588722239781,0.8412396714286099
2170,10,2.3978952727983707,0.7275527795480461
2171,12,2.5649493574615367,0.7782391731575976
2172,15,2.772588722239781,0.8412396714286099
2173,5,1.791759469228055,0.5436432511904858
2174,9,2.302585092994046,0.6986344247631282
2175,9,2.302585092994046,0.6986344247631282
2176,11,2.4849066497880004,0.7539531690476383
2177,11,2.4849066497880004,0.7539531690476383
2178,9,2.302585092994046,0.6986344247631282
2179,4,1.6094379124341003,0.4883245069059757
2180,12,2.5649493574615367,0.7782391731575976
2181,8,2.1972245773362196,0.6666666666666667
2182,16,2.833213344056216,0.859633974387522
2183,16,2.833213344056216,0.859633974387522
2184,13,2.6390573296152584,0.8007245009109598
2185,11,2.4849066497880004,0.7539531690476383
2186,12,2.5649493574615367,0.7782391731575976
2187,9,2.302585092994046,0.6986344247631282
2188,12,2.5649493574615367,0.7782391731575976
2189,12,2.5649493574615367,0.7782391731575976
2190,10,2.3978952727983707,0.7275527795480461
2191,14,2.70805020110221,0.821657840239309
2192,6,1.9459101490553132,0.5904145830538073
2193,15,2.772588722239781,0.8412396714286099
2194,13,2.6390573296152584,0.8007245009109598
2195,8,2.1972245773362196,0.6666666666666667
2196,5,1.791759469228055,0.5436432511904858
2197,6,1.9459101490553132,0.5904145830538073
2198,6,1.9459101490553132,0.5904145830538073
2199,11,2.4849066497880004,0.7539531690476383
2200,9,2.302585092994046,0.6986344247631282
2201,6,1.9459101490553132,0.5904145830538073
2202,11,2.4849066497880004,0.7539531690476383
2203,15,2.772588722239781,0.8412396714286099
2204,10,2.3978952727983707,0.7275527795480461
2205,9,2.302585092994046,0.6986344247631282
2206,9,2.302585092994046,0.6986344247631282
2207,8,2.1972245773362196,0.6666666666666667
2208,13,2.6390573296152584,0.8007245009109598
2209,12,2.5649493574615367,0.7782391731575976
2210,8,2.1972245773362196,0.6666666666666667
2211,8,2.1972245773362196,0.6666666666666667
2212,6,1.9459101490553132,0.5904145830538073
2213,10,2.3978952727983707,0.7275527795480461
2214,12,2.5649493574615367,0.7782391731575976
2215,8,2.1972245773362196,0.6666666666666667
2216,11,2.4849066497880004,0.7539531690476383
2217,11,2.4849066497880004,0.7539531690476383
2218,14,2.70805020110221,0.821657840239309
2219,7,2.0794415416798357,0.6309297535714574
2220,7,2.0794415416798357,0.6309297535714574
2221,11,2.4849066497880004,0.7539531690476383
2222,9,2.302585092994046,0.6986344247631282
2223,5,1.791759469228055,0.5436432511904858
2224,11,2.4849066497880004,0.7539531690476383
2225,13,2.6390573296152584,0.8007245009109598
2226,10,2.3978952727983707,0.7275527795480461
2227,5,1.791759469228055,0.5436432511904858
2228,10,2.3978952727983707,0.7275527795480461
2229,9,2.302585092994046,0.6986344247631282
2230,10,2.3978952727983707,0.7275527795480461
2231,17,2.8903717578961645,0.8769765845238191
2232,11,2.4849066497880004,0.7539531690476383
2233,15,2.772588722239781,0.8412396714286099
2234,10,2.3978952727983707,0.7275527795480461
2235,16,2.833213344056216,0.859633974387522
2236,9,2.302585092994046,0.6986344247631282
2237,5,1.791759469228055,0.5436432511904858
2238,15,2.772588722239781,0.8412396714286099
2239,11,2.4849066497880004,0.7539531690476383
2240,8,2.1972245773362196,0.6666666666666667
2241,13,2.6390573296152584,0.8007245009109598
2242,9,2.302585092994046,0.6986344247631282
2243,10,2.3978952727983707,0.7275527795480461
2244,9,2.302585092994046,0.6986344247631282
2245,10,2.3978952727983707,0.7275527795480461
2246,17,2.8903717578961645,0.8769765845238191
2247,9,2.302585092994046,0.6986344247631282
2248,15,2.772588722239781,0.8412396714286099
2249,14,2.70805020110221,0.821657840239309
2250,6,1.9459101490553132,0.5904145830538073
2251,13,2.6390573296152584,0.8007245009109598
2252,10,2.3978952727983707,0.7275527795480461
2253,13,2.6390573296152584,0.8007245009109598
2254,15,2.772588722239781,0.8412396714286099
2255,7,2.0794415416798357,0.6309297535714574
2256,12,2.5649493574615367,0.7782391731575976
2257,11,2.4849066497880004,0.7539531690476383
2258,6,1.9459101490553132,0.5904145830538073
2259,10,2.3978952727983707,0.7275527795480461
2260,16,2.833213344056216,0.859633974387522
2261,10,2.3978952727983707,0.7275527795480461
2262,12,2.5649493574615367,0.7782391731575976
2263,14,2.70805020110221,0.821657840239309
2264,11,2.4849066497880004,0.7539531690476383
2265,10,2.3978952727983707,0.7275527795480461
2266,11,2.4849066497880004,0.7539531690476383
2267,16,2.833213344056216,0.859633974387522
2268,13,2.6390573296152584,0.8007245009109598
2269,6,1.9459101490553132,0.5904145830538073
2270,10,2.3978952727983707,0.7275527795480461
2271,9,2.302585092994046,0.6986344247631282
2272,15,2.772588722239781,0.8412396714286099
2273,8,2.1972245773362196,0.6666666666666667
2274,16,2.833213344056216,0.859633974387522
2275,5,1.791759469228055,0.5436432511904858
2276,12,2.5649493574615367,0.7782391731575976
2277,5,1.791759469228055,0.5436432511904858
2278,11,2.4849066497880004,0.7539531690476383
2279,12,2.5649493574615367,0.7782391731575976
2280,9,2.302585092994046,0.6986344247631282
2281,8,2.1972245773362196,0.6666666666666667
2282,7,2.0794415416798357,0.6309297535714574
2283,8,2.1972245773362196,0.6666666666666667
2284,9,2.302585092994046,0.6986344247631282
2285,15,2.772588722239781,0.8412396714286099
2286,8,2.1972245773362196,0.6666666666666667
2287,12,2.5649493574615367,0.7782391731575976
2288,11,2.4849066497880004,0.7539531690476383
2289,6,1.9459101490553132,0.5904145830538073
2290,6,1.9459101490553132,0.5904145830538073
2291,7,2.0794415416798357,0.6309297535714574
2292,9,2.302585092994046,0.6986344247631282
2293,12,2.5649493574615367,0.7782391731575976
2294,8,2.1972245773362196,0.6666666666666667
2295,10,2.3978952727983707,0.7275527795480461
2296,14,2.70805020110221,0.821657840239309
2297,10,2.3978952727983707,0.7275527795480461
2298,12,2.5649493574615367,0.7782391731575976
2299,5,1.791759469228055,0.5436432511904858
2300,10,2.3978952727983707,0.7275527795480461
2301,15,2.772588722239781,0.8412396714286099
2302,12,2.5649493574615367,0.7782391731575976
2303,15,2.772588722239781,0.8412396714286099
2304,10,2.3978952727983707,0.7275527795480461
2305,14,2.70805020110221,0.821657840239309
2306,10,2.3978952727983707,0.7275527795480461
2307,4,1.6094379124341003,0.4883245069059757
2308,16,2.833213344056216,0.859633974387522
2309,14,2.70805020110221,0.821657840239309
2310,9,2.302585092994046,0.6986344247631282
2311,11,2.4849066497880004,0.7539531690476383
2312,17,2.8903717578961645,0.8769765845238191
2313,15,2.772588722239781,0.8412396714286099
2314,16,2.833213344056216,0.859633974387522
2315,12,2.5649493574615367,0.7782391731575976
2316,11,2.4849066497880004,0.7539531690476383
2317,8,2.1972245773362196,0.6666666666666667
2318,12,2.5649493574615367,0.7782391731575976
2319,14,2.70805020110221,0.821657840239309
2320,17,2.8903717578961645,0.8769765845238191
2321,14,2.70805020110221,0.821657840239309
2322,14,2.70805020110221,0.821657840239309
2323,15,2.772588722239781,0.8412396714286099
2324,11,2.4849066497880004,0.7539531690476383
2325,8,2.1972245773362196,0.6666666666666667
2326,9,2.302585092994046,0.6986344247631282
2327,16,2.833213344056216,0.859633974387522
2328,11,2.4849066497880004,0.7539531690476383
2329,18,2.9444389791664403,0.8933812864154583
2330,11,2.4849066497880004,0.7539531690476383
2331,12,2.5649493574615367,0.7782391731575976
2332,12,2.5649493574615367,0.7782391731575976
2333,11,2.4849066497880004,0.7539531690476383
2334,18,2.9444389791664403,0.8933812864154583
2335,12,2.5649493574615367,0.7782391731575976
2336,16,2.833213344056216,0.859633974387522
2337,13,2.6390573296152584,0.8007245009109598
2338,16,2.833213344056216,0.859633974387522
2339,5,1.791759469228055,0.5436432511904858
2340,5,1.791759469228055,0.5436432511904858
2341,9,2.302585092994046,0.6986344247631282
2342,9,2.302585092994046,0.6986344247631282
2343,19,2.995732273553991,0.9089443426202807
2344,8,2.1972245773362196,0.6666666666666667
2345,11,2.4849066497880004,0.7539531690476383
2346,10,2.3978952727983707,0.7275527795480461
2347,13,2.6390573296152584,0.8007245009109598
2348,6,1.9459101490553132,0.5904145830538073
2349,10,2.3978952727983707,0.7275527795480461
2350,9,2.302585092994046,0.6986344247631282
2351,21,3.091042453358316,0.9378626974051986
2352,12,2.5649493574615367,0.7782391731575976
2353,16,2.833213344056216,0.859633974387522
2354,11,2.4849066497880004,0.7539531690476383
2355,19,2.995732273553991,0.9089443426202807
2356,10,2.3978952727983707,0.7275527795480461
2357,17,2.8903717578961645,0.8769765845238191
2358,12,2.5649493574615367,0.7782391731575976
2359,14,2.70805020110221,0.821657840239309
2360,11,2.4849066497880004,0.7539531690476383
2361,9,2.302585092994046,0.6986344247631282
2362,14,2.70805020110221,0.821657840239309
2363,10,2.3978952727983707,0.7275527795480461
2364,15,2.772588722239781,0.8412396714286099
2365,11,2.4849066497880004,0.7539531690476383
2366,13,2.6390573296152584,0.8007245009109598
2367,16,2.833213344056216,0.859633974387522
2368,13,2.6390573296152584,0.8007245009109598
2369,15,2.772588722239781,0.8412396714286099
2370,9,2.302585092994046,0.6986344247631282
2371,14,2.70805020110221,0.821657840239309
2372,15,2.772588722239781,0.8412396714286099
2373,16,2.833213344056216,0.859633974387522
2374,11,2.4849066497880004,0.7539531690476383
2375,13,2.6390573296152584,0.8007245009109598
2376,8,2.1972245773362196,0.6666666666666667
2377,17,2.8903717578961645,0.8769765845238191
2378,18,2.9444389791664403,0.8933812864154583
2379,15,2.772588722239781,0.8412396714286099
2380,14,2.70805020110221,0.821657840239309
2381,22,3.1354942159291497,0.9513499434000904
2382,13,2.6390573296152584,0.8007245009109598
2383,20,3.044522437723423,0.9237479163871407
2384,19,2.995732273553991,0.9089443426202807
2385,10,2.3978952727983707,0.7275527795480461
2386,9,2.302585092994046,0.6986344247631282
2387,10,2.3978952727983707,0.7275527795480461
2388,15,2.772588722239781,0.8412396714286099
2389,12,2.5649493574615367,0.7782391731575976
2390,10,2.3978952727983707,0.7275527795480461
2391,10,2.3978952727983707,0.7275527795480461
2392,20,3.044522437723423,0.9237479163871407
2393,8,2.1972245773362196,0.6666666666666667
2394,9,2.302585092994046,0.6986344247631282
2395,13,2.6390573296152584,0.8007245009109598
2396,16,2.833213344056216,0.859633974387522
2397,17,2.8903717578961645,0.8769765845238191
2398,15,2.772588722239781,0.8412396714286099
2399,18,2.9444389791664403,0.8933812864154583
2400,7,2.0794415416798357,0.6309297535714574
2401,11,2.4849066497880004,0.7539531690476383
2402,16,2.833213344056216,0.859633974387522
2403,14,2.70805020110221,0.821657840239309
2404,9,2.302585092994046,0.6986344247631282
2405,14,2.70805020110221,0.821657840239309
2406,12,2.5649493574615367,0.7782391731575976
2407,16,2.833213344056216,0.859633974387522
2408,7,2.0794415416798357,0.6309297535714574
2409,13,2.6390573296152584,0.8007245009109598
2410,21,3.091042453358316,0.9378626974051986
2411,10,2.3978952727983707,0.7275527795480461
2412,11,2.4849066497880004,0.7539531690476383
2413,12,2.5649493574615367,0.7782391731575976
2414,12,2.5649493574615367,0.7782391731575976
2415,15,2.772588722239781,0.8412396714286099
2416,16,2.833213344056216,0.859633974387522
2417,14,2.70805020110221,0.821657840239309
2418,16,2.833213344056216,0.859633974387522
2419,10,2.3978952727983707,0.7275527795480461
2420,13,2.6390573296152584,0.8007245009109598
2421,15,2.772588722239781,0.8412396714286099
2422,23,3.1780538303479458,0.9642630869047908
2423,12,2.5649493574615367,0.7782391731575976
2424,13,2.6390573296152584,0.8007245009109598
2425,20,3.044522437723423,0.9237479163871407
2426,23,3.1780538303479458,0.9642630869047908
2427,14,2.70805020110221,0.821657840239309
2428,12,2.5649493574615367,0.7782391731575976
2429,11,2.4849066497880004,0.7539531690476383
2430,7,2.0794415416798357,0.6309297535714574
2431,7,2.0794415416798357,0.6309297535714574
2432,10,2.3978952727983707,0.7275527795480461
2433,12,2.5649493574615367,0.7782391731575976
2434,20,3.044522437723423,0.9237479163871407
2435,12,2.5649493574615367,0.7782391731575976
2436,6,1.9459101490553132,0.5904145830538073
2437,12,2.5649493574615367,0.7782391731575976
2438,13,2.6390573296152584,0.8007245009109598
2439,16,2.833213344056216,0.859633974387522
2440,17,2.8903717578961645,0.8769765845238191
2441,13,2.6390573296152584,0.8007245009109598
2442,7,2.0794415416798357,0.6309297535714574
2443,13,2.6390573296152584,0.8007245009109598
2444,14,2.70805020110221,0.821657840239309
2445,8,2.1972245773362196,0.6666666666666667
2446,11,2.4849066497880004,0.7539531690476383
2447,20,3.044522437723423,0.9237479163871407
2448,25,3.258096538021482,0.9885490910147501
2449,11,2.4849066497880004,0.7539531690476383
2450,16,2.833213344056216,0.859633974387522
2451,17,2.8903717578961645,0.8769765845238191
2452,20,3.044522437723423,0.9237479163871407
2453,14,2.70805020110221,0.821657840239309
2454,17,2.8903717578961645,0.8769765845238191
2455,9,2.302585092994046,0.6986344247631282
2456,15,2.772588722239781,0.8412396714286099
2457,14,2.70805020110221,0.821657840239309
2458,19,2.995732273553991,0.9089443426202807
2459,14,2.70805020110221,0.821657840239309
2460,20,3.044522437723423,0.9237479163871407
2461,9,2.302585092994046,0.6986344247631282
2462,10,2.3978952727983707,0.7275527795480461
2463,12,2.5649493574615367,0.7782391731575976
2464,10,2.3978952727983707,0.7275527795480461
2465,15,2.772588722239781,0.8412396714286099
2466,16,2.833213344056216,0.859633974387522
2467,14,2.70805020110221,0.821657840239309
2468,4,1.6094379124341003,0.4883245069059757
2469,10,2.3978952727983707,0.7275527795480461
2470,11,2.4849066497880004,0.7539531690476383
2471,14,2.70805020110221,0.821657840239309
2472,14,2.70805020110221,0.821657840239309
2473,12,2.5649493574615367,0.7782391731575976
2474,13,2.6390573296152584,0.8007245009109598
2475,12,2.5649493574615367,0.7782391731575976
2476,21,3.091042453358316,0.9378626974051986
2477,8,2.1972245773362196,0.6666666666666667
2478,17,2.8903717578961645,0.8769765845238191
2479,11,2.4849066497880004,0.7539531690476383
2480,13,2.6390573296152584,0.8007245009109598
2481,11,2.4849066497880004,0.7539531690476383
2482,6,1.9459101490553132,0.5904145830538073
2483,16,2.833213344056216,0.859633974387522
2484,17,2.8903717578961645,0.8769765845238191
2485,9,2.302585092994046,0.6986344247631282
2486,17,2.8903717578961645,0.8769765845238191
2487,7,2.0794415416798357,0.6309297535714574
2488,13,2.6390573296152584,0.8007245009109598
2489,13,2.6390573296152584,0.8007245009109598
2490,15,2.772588722239781,0.8412396714286099
2491,19,2.995732273553991,0.9089443426202807
2492,11,2.4849066497880004,0.7539531690476383
2493,10,2.3978952727983707,0.7275527795480461
2494,11,2.4849066497880004,0.7539531690476383
2495,16,2.833213344056216,0.859633974387522
2496,14,2.70805020110221,0.821657840239309
2497,9,2.302585092994046,0.6986344247631282
2498,15,2.772588722239781,0.8412396714286099
2499,16,2.833213344056216,0.859633974387522
2500,11,2.4849066497880004,0.7539531690476383
2501,12,2.5649493574615367,0.7782391731575976
2502,12,2.5649493574615367,0.7782391731575976
2503,5,1.791759469228055,0.5436432511904858
2504,12,2.5649493574615367,0.7782391731575976
2505,16,2.833213344056216,0.859633974387522
2506,15,2.772588722239781,0.8412396714286099
2507,13,2.6390573296152584,0.8007245009109598
2508,13,2.6390573296152584,0.8007245009109598
2509,20,3.044522437723423,0.9237479163871407
2510,15,2.772588722239781,0.8412396714286099
2511,17,2.8903717578961645,0.8769765845238191
2512,11,2.4849066497880004,0.7539531690476383
2513,9,2.302585092994046,0.6986344247631282
2514,17,2.8903717578961645,0.8769765845238191
2515,17,2.8903717578961645,0.8769765845238191
2516,13,2.6390573296152584,0.8007245009109598
2517,14,2.70805020110221,0.821657840239309
2518,16,2.833213344056216,0.859633974387522
2519,12,2.5649493574615367,0.7782391731575976
2520,16,2.833213344056216,0.859633974387522
2521,14,2.70805020110221,0.821657840239309
2522,17,2.8903717578961645,0.8769765845238191
2523,10,2.3978952727983707,0.7275527795480461
2524,14,2.70805020110221,0.821657840239309
2525,16,2.833213344056216,0.859633974387522
2526,13,2.6390573296152584,0.8007245009109598
2527,7,2.0794415416798357,0.6309297535714574
2528,11,2.4849066497880004,0.7539531690476383
2529,13,2.6390573296152584,0.8007245009109598
2530,17,2.8903717578961645,0.8769765845238191
2531,22,3.1354942159291497,0.9513499434000904
2532,17,2.8903717578961645,0.8769765845238191
2533,17,2.8903717578961645,0.8769765845238191
2534,20,3.044522437723423,0.9237479163871407
2535,15,2.772588722239781,0.8412396714286099
2536,10,2.3978952727983707,0.7275527795480461
2537,13,2.6390573296152584,0.8007245009109598
2538,13,2.6390573296152584,0.8007245009109598
2539,15,2.772588722239781,0.8412396714286099
2540,11,2.4849066497880004,0.7539531690476383
2541,16,2.833213344056216,0.859633974387522
2542,12,2.5649493574615367,0.7782391731575976
2543,12,2.5649493574615367,0.7782391731575976
2544,16,2.833213344056216,0.859633974387522
2545,14,2.70805020110221,0.821657840239309
2546,5,1.791759469228055,0.5436432511904858
2547,21,3.091042453358316,0.9378626974051986
2548,17,2.8903717578961645,0.8769765845238191
2549,7,2.0794415416798357,0.6309297535714574
2550,26,3.295836866004329,1.0
2551,14,2.70805020110221,0.821657840239309
2552,12,2.5649493574615367,0.7782391731575976
2553,13,2.6390573296152584,0.8007245009109598
2554,16,2.833213344056216,0.859633974387522
2555,8,2.1972245773362196,0.6666666666666667
2556,11,2.4849066497880004,0.7539531690476383
2557,15,2.772588722239781,0.8412396714286099
2558,13,2.6390573296152584,0.8007245009109598
2559,16,2.833213344056216,0.859633974387522
2560,11,2.4849066497880004,0.7539531690476383
2561,14,2.70805020110221,0.821657840239309
2562,18,2.9444389791664403,0.8933812864154583
2563,11,2.4849066497880004,0.7539531690476383
2564,13,2.6390573296152584,0.8007245009109598
2565,10,2.3978952727983707,0.7275527795480461
2566,10,2.3978952727983707,0.7275527795480461
2567,13,2.6390573296152584,0.8007245009109598
2568,8,2.1972245773362196,0.6666666666666667
2569,16,2.833213344056216,0.859633974387522
2570,12,2.5649493574615367,0.7782391731575976
2571,14,2.70805020110221,0.821657840239309
2572,6,1.9459101490553132,0.5904145830538073
2573,20,3.044522437723423,0.9237479163871407
2574,14,2.70805020110221,0.821657840239309
2575,12,2.5649493574615367,0.7782391731575976
2576,11,2.4849066497880004,0.7539531690476383
2577,12,2.5649493574615367,0.7782391731575976
2578,15,2.772588722239781,0.8412396714286099
2579,11,2.4849066497880004,0.7539531690476383
2580,16,2.833213344056216,0.859633974387522
2581,13,2.6390573296152584,0.8007245009109598
2582,14,2.70805020110221,0.821657840239309
2583,9,2.302585092994046,0.6986344247631282
2584,11,2.4849066497880004,0.7539531690476383
2585,16,2.833213344056216,0.859633974387522
2586,12,2.5649493574615367,0.7782391731575976
2587,19,2.995732273553991,0.9089443426202807
2588,13,2.6390573296152584,0.8007245009109598
2589,16,2.833213344056216,0.859633974387522
2590,8,2.1972245773362196,0.6666666666666667
2591,15,2.772588722239781,0.8412396714286099
2592,6,1.9459101490553132,0.5904145830538073
2593,12,2.5649493574615367,0.7782391731575976
2594,17,2.8903717578961645,0.8769765845238191
2595,14,2.70805020110221,0.821657840239309
2596,21,3.091042453358316,0.9378626974051986
2597,11,2.4849066497880004,0.7539531690476383
2598,15,2.772588722239781,0.8412396714286099
2599,14,2.70805020110221,0.821657840239309
2600,9,2.302585092994046,0.6986344247631282
2601,14,2.70805020110221,0.821657840239309
2602,9,2.302585092994046,0.6986344247631282
2603,20,3.044522437723423,0.9237479163871407
2604,17,2.8903717578961645,0.8769765845238191
2605,16,2.833213344056216,0.859633974387522
2606,16,2.833213344056216,0.859633974387522
2607,10,2.3978952727983707,0.7275527795480461
2608,12,2.5649493574615367,0.7782391731575976
2609,16,2.833213344056216,0.859633974387522
2610,14,2.70805020110221,0.821657840239309
2611,9,2.302585092994046,0.6986344247631282
2612,9,2.302585092994046,0.6986344247631282
2613,19,2.995732273553991,0.9089443426202807
2614,10,2.3978952727983707,0.7275527795480461
2615,11,2.4849066497880004,0.7539531690476383
2616,12,2.5649493574615367,0.7782391731575976
2617,13,2.6390573296152584,0.8007245009109598
2618,15,2.772588722239781,0.8412396714286099
2619,20,3.044522437723423,0.9237479163871407
2620,9,2.302585092994046,0.6986344247631282
2621,11,2.4849066497880004,0.7539531690476383
2622,18,2.9444389791664403,0.8933812864154583
2623,9,2.302585092994046,0.6986344247631282
2624,18,2.9444389791664403,0.8933812864154583
2625,11,2.4849066497880004,0.7539531690476383
2626,7,2.0794415416798357,0.6309297535714574
2627,8,2.1972245773362196,0.6666666666666667
2628,14,2.70805020110221,0.821657840239309
2629,14,2.70805020110221,0.821657840239309
2630,9,2.302585092994046,0.6986344247631282
2631,9,2.302585092994046,0.6986344247631282
2632,17,2.8903717578961645,0.8769765845238191
2633,19,2.995732273553991,0.9089443426202807
2634,18,2.9444389791664403,0.8933812864154583
2635,20,3.044522437723423,0.9237479163871407
2636,13,2.6390573296152584,0.8007245009109598
2637,14,2.70805020110221,0.821657840239309
2638,15,2.772588722239781,0.8412396714286099
2639,9,2.302585092994046,0.6986344247631282
2640,15,2.772588722239781,0.8412396714286099
2641,12,2.5649493574615367,0.7782391731575976
2642,14,2.70805020110221,0.821657840239309
2643,12,2.5649493574615367,0.7782391731575976
2644,14,2.70805020110221,0.821657840239309
2645,13,2.6390573296152584,0.8007245009109598
2646,18,2.9444389791664403,0.8933812864154583
2647,17,2.8903717578961645,0.8769765845238191
2648,19,2.995732273553991,0.9089443426202807
2649,17,2.8903717578961645,0.8769765845238191
2650,9,2.302585092994046,0.6986344247631282
2651,13,2.6390573296152584,0.8007245009109598
2652,14,2.70805020110221,0.821657840239309
2653,17,2.8903717578961645,0.8769765845238191
2654,21,3.091042453358316,0.9378626974051986
2655,17,2.8903717578961645,0.8769765845238191
2656,20,3.044522437723423,0.9237479163871407
2657,8,2.1972245773362196,0.6666666666666667
2658,17,2.8903717578961645,0.8769765845238191
2659,9,2.302585092994046,0.6986344247631282
2660,15,2.772588722239781,0.8412396714286099
2661,13,2.6390573296152584,0.8007245009109598
2662,18,2.9444389791664403,0.8933812864154583
2663,12,2.5649493574615367,0.7782391731575976
2664,12,2.5649493574615367,0.7782391731575976
2665,10,2.3978952727983707,0.7275527795480461
2666,10,2.3978952727983707,0.7275527795480461
2667,8,2.1972245773362196,0.6666666666666667
2668,14,2.70805020110221,0.821657840239309
2669,16,2.833213344056216,0.859633974387522
2670,12,2.5649493574615367,0.7782391731575976
2671,12,2.5649493574615367,0.7782391731575976
2672,16,2.833213344056216,0.859633974387522
2673,10,2.3978952727983707,0.7275527795480461
2674,12,2.5649493574615367,0.7782391731575976
2675,18,2.9444389791664403,0.8933812864154583
2676,13,2.6390573296152584,0.8007245009109598
2677,14,2.70805020110221,0.821657840239309
2678,13,2.6390573296152584,0.8007245009109598
2679,10,2.3978952727983707,0.7275527795480461
2680,17,2.8903717578961645,0.8769765845238191
2681,17,2.8903717578961645,0.8769765845238191
2682,16,2.833213344056216,0.859633974387522
2683,13,2.6390573296152584,0.8007245009109598
2684,17,2.8903717578961645,0.8769765845238191
2685,7,2.0794415416798357,0.6309297535714574
2686,12,2.5649493574615367,0.7782391731575976
2687,15,2.772588722239781,0.8412396714286099
2688,11,2.4849066497880004,0.7539531690476383
2689,15,2.772588722239781,0.8412396714286099
2690,12,2.5649493574615367,0.7782391731575976
2691,9,2.302585092994046,0.6986344247631282
2692,12,2.5649493574615367,0.7782391731575976
2693,11,2.4849066497880004,0.7539531690476383
2694,15,2.772588722239781,0.8412396714286099
2695,11,2.4849066497880004,0.7539531690476383
2696,13,2.6390573296152584,0.8007245009109598
2697,12,2.5649493574615367,0.7782391731575976
2698,7,2.0794415416798357,0.6309297535714574
2699,7,2.0794415416798357,0.6309297535714574
2700,12,2.5649493574615367,0.7782391731575976
2701,10,2.3978952727983707,0.7275527795480461
2702,15,2.772588722239781,0.8412396714286099
2703,7,2.0794415416798357,0.6309297535714574
2704,14,2.70805020110221,0.821657840239309
2705,17,2.8903717578961645,0.8769765845238191
2706,11,2.4849066497880004,0.7539531690476383
2707,15,2.772588722239781,0.8412396714286099
2708,16,2.833213344056216,0.859633974387522
2709,16,2.833213344056216,0.859633974387522
2710,23,3.1780538303479458,0.9642630869047908
2711,14,2.70805020110221,0.821657840239309
2712,12,2.5649493574615367,0.7782391731575976
2713,8,2.1972245773362196,0.6666666666666667
2714,9,2.302585092994046,0.6986344247631282
2715,10,2.3978952727983707,0.7275527795480461
2716,17,2.8903717578961645,0.8769765845238191
2717,13,2.6390573296152584,0.8007245009109598
2718,15,2.772588722239781,0.8412396714286099
2719,13,2.6390573296152584,0.8007245009109598
2720,15,2.772588722239781,0.8412396714286099
2721,14,2.70805020110221,0.821657840239309
2722,9,2.302585092994046,0.6986344247631282
2723,7,2.0794415416798357,0.6309297535714574
2724,9,2.302585092994046,0.6986344247631282
2725,11,2.4849066497880004,0.7539531690476383
2726,13,2.6390573296152584,0.8007245009109598
2727,13,2.6390573296152584,0.8007245009109598
2728,12,2.5649493574615367,0.7782391731575976
2729,16,2.833213344056216,0.859633974387522
2730,12,2.5649493574615367,0.7782391731575976
2731,15,2.772588722239781,0.8412396714286099
2732,12,2.5649493574615367,0.7782391731575976
2733,10,2.3978952727983707,0.7275527795480461
2734,16,2.833213344056216,0.859633974387522
2735,14,2.70805020110221,0.821657840239309
2736,15,2.772588722239781,0.8412396714286099
2737,19,2.995732273553991,0.9089443426202807
2738,15,2.772588722239781,0.8412396714286099
2739,14,2.70805020110221,0.821657840239309
2740,6,1.9459101490553132,0.5904145830538073
2741,14,2.70805020110221,0.821657840239309
2742,14,2.70805020110221,0.821657840239309
2743,16,2.833213344056216,0.859633974387522
2744,9,2.302585092994046,0.6986344247631282
2745,18,2.9444389791664403,0.8933812864154583
2746,12,2.5649493574615367,0.7782391731575976
2747,11,2.4849066497880004,0.7539531690476383
2748,13,2.6390573296152584,0.8007245009109598
2749,13,2.6390573296152584,0.8007245009109598
2750,10,2.3978952727983707,0.7275527795480461
2751,21,3.091042453358316,0.9378626974051986
2752,13,2.6390573296152584,0.8007245009109598
2753,19,2.995732273553991,0.9089443426202807
2754,10,2.3978952727983707,0.7275527795480461
2755,10,2.3978952727983707,0.7275527795480461
2756,18,2.9444389791664403,0.8933812864154583
2757,12,2.5649493574615367,0.7782391731575976
2758,13,2.6390573296152584,0.8007245009109598
2759,12,2.5649493574615367,0.7782391731575976
2760,4,1.6094379124341003,0.4883245069059757
2761,18,2.9444389791664403,0.8933812864154583
2762,5,1.791759469228055,0.5436432511904858
2763,9,2.302585092994046,0.6986344247631282
2764,13,2.6390573296152584,0.8007245009109598
2765,8,2.1972245773362196,0.6666666666666667
2766,10,2.3978952727983707,0.7275527795480461
2767,14,2.70805020110221,0.821657840239309
2768,16,2.833213344056216,0.859633974387522
2769,10,2.3978952727983707,0.7275527795480461
2770,11,2.4849066497880004,0.7539531690476383
2771,13,2.6390573296152584,0.8007245009109598
2772,7,2.0794415416798357,0.6309297535714574
2773,5,1.791759469228055,0.5436432511904858
2774,7,2.0794415416798357,0.6309297535714574
2775,4,1.6094379124341003,0.4883245069059757
2776,8,2.1972245773362196,0.6666666666666667
2777,7,2.0794415416798357,0.6309297535714574
2778,16,2.833213344056216,0.859633974387522
2779,8,2.1972245773362196,0.6666666666666667
2780,16,2.833213344056216,0.859633974387522
2781,8,2.1972245773362196,0.6666666666666667
2782,3,1.3862943611198906,0.42061983571430495
2783,12,2.5649493574615367,0.7782391731575976
2784,10,2.3978952727983707,0.7275527795480461
2785,7,2.0794415416798357,0.6309297535714574
2786,12,2.5649493574615367,0.7782391731575976
2787,5,1.791759469228055,0.5436432511904858
2788,13,2.6390573296152584,0.8007245009109598
2789,13,2.6390573296152584,0.8007245009109598
2790,6,1.9459101490553132,0.5904145830538073
2791,11,2.4849066497880004,0.7539531690476383
2792,14,2.70805020110221,0.821657840239309
2793,17,2.8903717578961645,0.8769765845238191
2794,8,2.1972245773362196,0.6666666666666667
2795,13,2.6390573296152584,0.8007245009109598
2796,11,2.4849066497880004,0.7539531690476383
2797,11,2.4849066497880004,0.7539531690476383
2798,11,2.4849066497880004,0.7539531690476383
2799,18,2.9444389791664403,0.8933812864154583
2800,10,2.3978952727983707,0.7275527795480461
2801,12,2.5649493574615367,0.7782391731575976
2802,8,2.1972245773362196,0.6666666666666667
2803,11,2.4849066497880004,0.7539531690476383
2804,6,1.9459101490553132,0.5904145830538073
2805,6,1.9459101490553132,0.5904145830538073
2806,11,2.4849066497880004,0.7539531690476383
2807,9,2.302585092994046,0.6986344247631282
2808,12,2.5649493574615367,0.7782391731575976
2809,8,2.1972245773362196,0.6666666666666667
2810,11,2.4849066497880004,0.7539531690476383
2811,10,2.3978952727983707,0.7275527795480461
2812,14,2.70805020110221,0.821657840239309
2813,11,2.4849066497880004,0.7539531690476383
2814,4,1.6094379124341003,0.4883245069059757
2815,10,2.3978952727983707,0.7275527795480461
2816,9,2.302585092994046,0.6986344247631282
2817,14,2.70805020110221,0.821657840239309
2818,8,2.1972245773362196,0.6666666666666667
2819,13,2.6390573296152584,0.8007245009109598
2820,7,2.0794415416798357,0.6309297535714574
2821,12,2.5649493574615367,0.7782391731575976
2822,12,2.5649493574615367,0.7782391731575976
2823,11,2.4849066497880004,0.7539531690476383
2824,7,2.0794415416798357,0.6309297535714574
2825,7,2.0794415416798357,0.6309297535714574
2826,9,2.302585092994046,0.6986344247631282
2827,9,2.302585092994046,0.6986344247631282
2828,9,2.302585092994046,0.6986344247631282
2829,9,2.302585092994046,0.6986344247631282
2830,10,2.3978952727983707,0.7275527795480461
2831,17,2.8903717578961645,0.8769765845238191
2832,11,2.4849066497880004,0.7539531690476383
2833,8,2.1972245773362196,0.6666666666666667
2834,8,2.1972245773362196,0.6666666666666667
2835,5,1.791759469228055,0.5436432511904858
2836,9,2.302585092994046,0.6986344247631282
2837,10,2.3978952727983707,0.7275527795480461
2838,14,2.70805020110221,0.821657840239309
2839,13,2.6390573296152584,0.8007245009109598
2840,8,2.1972245773362196,0.6666666666666667
2841,17,2.8903717578961645,0.8769765845238191
2842,8,2.1972245773362196,0.6666666666666667
2843,6,1.9459101490553132,0.5904145830538073
2844,17,2.8903717578961645,0.8769765845238191
2845,9,2.302585092994046,0.6986344247631282
2846,11,2.4849066497880004,0.7539531690476383
2847,12,2.5649493574615367,0.7782391731575976
2848,8,2.1972245773362196,0.6666666666666667
2849,11,2.4849066497880004,0.7539531690476383
2850,13,2.6390573296152584,0.8007245009109598
2851,10,2.3978952727983707,0.7275527795480461
2852,8,2.1972245773362196,0.6666666666666667
2853,11,2.4849066497880004,0.7539531690476383
2854,14,2.70805020110221,0.821657840239309
2855,12,2.5649493574615367,0.7782391731575976
2856,9,2.302585092994046,0.6986344247631282
2857,7,2.0794415416798357,0.6309297535714574
2858,14,2.70805020110221,0.821657840239309
2859,5,1.791759469228055,0.5436432511904858
2860,10,2.3978952727983707,0.7275527795480461
2861,11,2.4849066497880004,0.7539531690476383
2862,14,2.70805020110221,0.821657840239309
2863,12,2.5649493574615367,0.7782391731575976
2864,9,2.302585092994046,0.6986344247631282
2865,12,2.5649493574615367,0.7782391731575976
2866,12,2.5649493574615367,0.7782391731575976
2867,14,2.70805020110221,0.821657840239309
2868,13,2.6390573296152584,0.8007245009109598
2869,16,2.833213344056216,0.859633974387522
2870,16,2.833213344056216,0.859633974387522
2871,6,1.9459101490553132,0.5904145830538073
2872,12,2.5649493574615367,0.7782391731575976
2873,12,2.5649493574615367,0.7782391731575976
2874,8,2.1972245773362196,0.6666666666666667
2875,10,2.3978952727983707,0.7275527795480461
2876,11,2.4849066497880004,0.7539531690476383
2877,7,2.0794415416798357,0.6309297535714574
2878,4,1.6094379124341003,0.4883245069059757
2879,10,2.3978952727983707,0.7275527795480461
2880,10,2.3978952727983707,0.7275527795480461
2881,13,2.6390573296152584,0.8007245009109598
2882,11,2.4849066497880004,0.7539531690476383
2883,11,2.4849066497880004,0.7539531690476383
2884,7,2.0794415416798357,0.6309297535714574
2885,12,2.5649493574615367,0.7782391731575976
2886,11,2.4849066497880004,0.7539531690476383
2887,5,1.791759469228055,0.5436432511904858
2888,14,2.70805020110221,0.821657840239309
2889,10,2.3978952727983707,0.7275527795480461
2890,8,2.1972245773362196,0.6666666666666667
2891,5,1.791759469228055,0.5436432511904858
2892,16,2.833213344056216,0.859633974387522
2893,12,2.5649493574615367,0.7782391731575976
2894,12,2.5649493574615367,0.7782391731575976
2895,16,2.833213344056216,0.859633974387522
2896,9,2.302585092994046,0.6986344247631282
2897,11,2.4849066497880004,0.7539531690476383
2898,8,2.1972245773362196,0.6666666666666667
2899,12,2.5649493574615367,0.7782391731575976
2900,8,2.1972245773362196,0.6666666666666667
2901,7,2.0794415416798357,0.6309297535714574
2902,9,2.302585092994046,0.6986344247631282
2903,18,2.9444389791664403,0.8933812864154583
2904,15,2.772588722239781,0.8412396714286099
2905,8,2.1972245773362196,0.6666666666666667
2906,10,2.3978952727983707,0.7275527795480461
2907,9,2.302585092994046,0.6986344247631282
2908,9,2.302585092994046,0.6986344247631282
2909,10,2.3978952727983707,0.7275527795480461
2910,14,2.70805020110221,0.821657840239309
2911,16,2.833213344056216,0.859633974387522
2912,9,2.302585092994046,0.6986344247631282
2913,12,2.5649493574615367,0.7782391731575976
2914,11,2.4849066497880004,0.7539531690476383
2915,11,2.4849066497880004,0.7539531690476383
2916,11,2.4849066497880004,0.7539531690476383
2917,5,1.791759469228055,0.5436432511904858
2918,7,2.0794415416798357,0.6309297535714574
2919,8,2.1972245773362196,0.6666666666666667
2920,11,2.4849066497880004,0.7539531690476383
2921,10,2.3978952727983707,0.7275527795480461
2922,7,2.0794415416798357,0.6309297535714574
2923,8,2.1972245773362196,0.6666666666666667
2924,12,2.5649493574615367,0.7782391731575976
2925,12,2.5649493574615367,0.7782391731575976
2926,9,2.302585092994046,0.6986344247631282
2927,12,2.5649493574615367,0.7782391731575976
2928,11,2.4849066497880004,0.7539531690476383
2929,16,2.833213344056216,0.859633974387522
2930,6,1.9459101490553132,0.5904145830538073
2931,13,2.6390573296152584,0.8007245009109598
2932,8,2.1972245773362196,0.6666666666666667
2933,8,2.1972245773362196,0.6666666666666667
2934,13,2.6390573296152584,0.8007245009109598
2935,5,1.791759469228055,0.5436432511904858
2936,13,2.6390573296152584,0.8007245009109598
2937,9,2.302585092994046,0.6986344247631282
2938,10,2.3978952727983707,0.7275527795480461
2939,9,2.302585092994046,0.6986344247631282
2940,8,2.1972245773362196,0.6666666666666667
2941,9,2.302585092994046,0.6986344247631282
2942,11,2.4849066497880004,0.7539531690476383
2943,10,2.3978952727983707,0.7275527795480461
2944,15,2.772588722239781,0.8412396714286099
2945,10,2.3978952727983707,0.7275527795480461
2946,8,2.1972245773362196,0.6666666666666667
2947,7,2.0794415416798357,0.6309297535714574
2948,10,2.3978952727983707,0.7275527795480461
2949,10,2.3978952727983707,0.7275527795480461
2950,13,2.6390573296152584,0.8007245009109598
2951,13,2.6390573296152584,0.8007245009109598
2952,7,2.0794415416798357,0.6309297535714574
2953,13,2.6390573296152584,0.8007245009109598
2954,12,2.5649493574615367,0.7782391731575976
2955,11,2.4849066497880004,0.7539531690476383
2956,7,2.0794415416798357,0.6309297535714574
2957,6,1.9459101490553132,0.5904145830538073
2958,9,2.302585092994046,0.6986344247631282
2959,16,2.833213344056216,0.859633974387522
2960,14,2.70805020110221,0.821657840239309
2961,3,1.3862943611198906,0.42061983571430495
2962,10,2.3978952727983707,0.7275527795480461
2963,11,2.4849066497880004,0.7539531690476383
2964,11,2.4849066497880004,0.7539531690476383
2965,13,2.6390573296152584,0.8007245009109598
2966,10,2.3978952727983707,0.7275527795480461
2967,9,2.302585092994046,0.6986344247631282
2968,15,2.772588722239781,0.8412396714286099
2969,13,2.6390573296152584,0.8007245009109598
2970,12,2.5649493574615367,0.7782391731575976
2971,8,2.1972245773362196,0.6666666666666667
2972,10,2.3978952727983707,0.7275527795480461
2973,10,2.3978952727983707,0.7275527795480461
2974,9,2.302585092994046,0.6986344247631282
2975,9,2.302585092994046,0.6986344247631282
2976,12,2.5649493574615367,0.7782391731575976
2977,8,2.1972245773362196,0.6666666666666667
2978,11,2.4849066497880004,0.7539531690476383
2979,13,2.6390573296152584,0.8007245009109598
2980,10,2.3978952727983707,0.7275527795480461
2981,7,2.0794415416798357,0.6309297535714574
2982,10,2.3978952727983707,0.7275527795480461
2983,11,2.4849066497880004,0.7539531690476383
2984,14,2.70805020110221,0.821657840239309
2985,6,1.9459101490553132,0.5904145830538073
2986,13,2.6390573296152584,0.8007245009109598
2987,8,2.1972245773362196,0.6666666666666667
2988,12,2.5649493574615367,0.7782391731575976
2989,11,2.4849066497880004,0.7539531690476383
2990,13,2.6390573296152584,0.8007245009109598
2991,16,2.833213344056216,0.859633974387522
2992,12,2.5649493574615367,0.7782391731575976
2993,12,2.5649493574615367,0.7782391731575976
2994,8,2.1972245773362196,0.6666666666666667
2995,8,2.1972245773362196,0.6666666666666667
2996,10,2.3978952727983707,0.7275527795480461
2997,12,2.5649493574615367,0.7782391731575976
2998,12,2.5649493574615367,0.7782391731575976
2999,12,2.5649493574615367,0.7782391731575976
3000,13,2.6390573296152584,0.8007245009109598
3001,6,1.9459101490553132,0.5904145830538073
3002,11,2.4849066497880004,0.7539531690476383
3003,11,2.4849066497880004,0.7539531690476383
3004,7,2.0794415416798357,0.6309297535714574
3005,11,2.4849066497880004,0.7539531690476383
3006,13,2.6390573296152584,0.8007245009109598
3007,7,2.0794415416798357,0.6309297535714574
3008,10,2.3978952727983707,0.7275527795480461
3009,7,2.0794415416798357,0.6309297535714574
3010,11,2.4849066497880004,0.7539531690476383
3011,17,2.8903717578961645,0.8769765845238191
3012,8,2.1972245773362196,0.6666666666666667
3013,11,2.4849066497880004,0.7539531690476383
3014,13,2.6390573296152584,0.8007245009109598
3015,8,2.1972245773362196,0.6666666666666667
3016,7,2.0794415416798357,0.6309297535714574
3017,15,2.772588722239781,0.8412396714286099
3018,11,2.4849066497880004,0.7539531690476383
3019,11,2.4849066497880004,0.7539531690476383
3020,14,2.70805020110221,0.821657840239309
3021,6,1.9459101490553132,0.5904145830538073
3022,9,2.302585092994046,0.6986344247631282
3023,9,2.302585092994046,0.6986344247631282
3024,12,2.5649493574615367,0.7782391731575976
3025,6,1.9459101490553132,0.5904145830538073
3026,7,2.0794415416798357,0.6309297535714574
3027,6,1.9459101490553132,0.5904145830538073
3028,7,2.0794415416798357,0.6309297535714574
3029,12,2.5649493574615367,0.7782391731575976
3030,12,2.5649493574615367,0.7782391731575976
3031,9,2.302585092994046,0.6986344247631282
3032,14,2.70805020110221,0.821657840239309
3033,13,2.6390573296152584,0.8007245009109598
3034,14,2.70805020110221,0.821657840239309
3035,6,1.9459101490553132,0.5904145830538073
3036,12,2.5649493574615367,0.7782391731575976
3037,12,2.5649493574615367,0.7782391731575976
3038,12,2.5649493574615367,0.7782391731575976
3039,15,2.772588722239781,0.8412396714286099
3040,10,2.3978952727983707,0.7275527795480461
3041,10,2.3978952727983707,0.7275527795480461
3042,10,2.3978952727983707,0.7275527795480461
3043,11,2.4849066497880004,0.7539531690476383
3044,12,2.5649493574615367,0.7782391731575976
3045,15,2.772588722239781,0.8412396714286099
3046,15,2.772588722239781,0.8412396714286099
3047,13,2.6390573296152584,0.8007245009109598
3048,8,2.1972245773362196,0.6666666666666667
3049,8,2.1972245773362196,0.6666666666666667
3050,13,2.6390573296152584,0.8007245009109598
3051,12,2.5649493574615367,0.7782391731575976
3052,8,2.1972245773362196,0.6666666666666667
3053,10,2.3978952727983707,0.7275527795480461
3054,11,2.4849066497880004,0.7539531690476383
3055,10,2.3978952727983707,0.7275527795480461
3056,9,2.302585092994046,0.6986344247631282
3057,14,2.70805020110221,0.821657840239309
3058,16,2.833213344056216,0.859633974387522
3059,15,2.772588722239781,0.8412396714286099
3060,13,2.6390573296152584,0.8007245009109598
3061,8,2.1972245773362196,0.6666666666666667
3062,12,2.5649493574615367,0.7782391731575976
3063,9,2.302585092994046,0.6986344247631282
3064,6,1.9459101490553132,0.5904145830538073
3065,15,2.772588722239781,0.8412396714286099
3066,20,3.044522437723423,0.9237479163871407
3067,12,2.5649493574615367,0.7782391731575976
3068,13,2.6390573296152584,0.8007245009109598
3069,10,2.3978952727983707,0.7275527795480461
3070,8,2.1972245773362196,0.6666666666666667
3071,8,2.1972245773362196,0.6666666666666667
3072,13,2.6390573296152584,0.8007245009109598
3073,7,2.0794415416798357,0.6309297535714574
3074,9,2.302585092994046,0.6986344247631282
3075,3,1.3862943611198906,0.42061983571430495
3076,8,2.1972245773362196,0.6666666666666667
3077,9,2.302585092994046,0.6986344247631282
3078,14,2.70805020110221,0.821657840239309
3079,9,2.302585092994046,0.6986344247631282
3080,9,2.302585092994046,0.6986344247631282
3081,9,2.302585092994046,0.6986344247631282
3082,7,2.0794415416798357,0.6309297535714574
3083,6,1.9459101490553132,0.5904145830538073
3084,10,2.3978952727983707,0.7275527795480461
3085,11,2.4849066497880004,0.7539531690476383
3086,14,2.70805020110221,0.821657840239309
3087,12,2.5649493574615367,0.7782391731575976
3088,6,1.9459101490553132,0.5904145830538073
3089,9,2.302585092994046,0.6986344247631282
3090,11,2.4849066497880004,0.7539531690476383
3091,6,1.9459101490553132,0.5904145830538073
3092,5,1.791759469228055,0.5436432511904858
3093,12,2.5649493574615367,0.7782391731575976
3094,9,2.302585092994046,0.6986344247631282
3095,14,2.70805020110221,0.821657840239309
3096,7,2.0794415416798357,0.6309297535714574
3097,11,2.4849066497880004,0.7539531690476383
3098,6,1.9459101490553132,0.5904145830538073
3099,8,2.1972245773362196,0.6666666666666667
3100,11,2.4849066497880004,0.7539531690476383
3101,10,2.3978952727983707,0.7275527795480461
3102,12,2.5649493574615367,0.7782391731575976
3103,6,1.9459101490553132,0.5904145830538073
3104,13,2.6390573296152584,0.8007245009109598
3105,17,2.8903717578961645,0.8769765845238191
3106,2,1.0986122886681098,0.33333333333333337
3107,14,2.70805020110221,0.821657840239309
3108,9,2.302585092994046,0.6986344247631282
3109,11,2.4849066497880004,0.7539531690476383
3110,13,2.6390573296152584,0.8007245009109598
3111,13,2.6390573296152584,0.8007245009109598
3112,12,2.5649493574615367,0.7782391731575976
3113,17,2.8903717578961645,0.8769765845238191
3114,10,2.3978952727983707,0.7275527795480461
3115,15,2.772588722239781,0.8412396714286099
3116,19,2.995732273553991,0.9089443426202807
3117,6,1.9459101490553132,0.5904145830538073
3118,15,2.772588722239781,0.8412396714286099
3119,10,2.3978952727983707,0.7275527795480461
3120,14,2.70805020110221,0.821657840239309
3121,10,2.3978952727983707,0.7275527795480461
3122,12,2.5649493574615367,0.7782391731575976
3123,12,2.5649493574615367,0.7782391731575976
3124,13,2.6390573296152584,0.8007245009109598
3125,10,2.3978952727983707,0.7275527795480461
3126,7,2.0794415416798357,0.6309297535714574
3127,6,1.9459101490553132,0.5904145830538073
3128,12,2.5649493574615367,0.7782391731575976
3129,11,2.4849066497880004,0.7539531690476383
3130,7,2.0794415416798357,0.6309297535714574
3131,7,2.0794415416798357,0.6309297535714574
3132,11,2.4849066497880004,0.7539531690476383
3133,5,1.791759469228055,0.5436432511904858
3134,18,2.9444389791664403,0.8933812864154583
3135,11,2.4849066497880004,0.7539531690476383
3136,13,2.6390573296152584,0.8007245009109598
3137,14,2.70805020110221,0.821657840239309
3138,11,2.4849066497880004,0.7539531690476383
3139,9,2.302585092994046,0.6986344247631282
3140,9,2.302585092994046,0.6986344247631282
3141,8,2.1972245773362196,0.6666666666666667
3142,11,2.4849066497880004,0.7539531690476383
3143,7,2.0794415416798357,0.6309297535714574
3144,15,2.772588722239781,0.8412396714286099
3145,13,2.6390573296152584,0.8007245009109598
3146,12,2.5649493574615367,0.7782391731575976
3147,15,2.772588722239781,0.8412396714286099
3148,6,1.9459101490553132,0.5904145830538073
3149,11,2.4849066497880004,0.7539531690476383
3150,12,2.5649493574615367,0.7782391731575976
3151,14,2.70805020110221,0.821657840239309
3152,15,2.772588722239781,0.8412396714286099
3153,12,2.5649493574615367,0.7782391731575976
3154,10,2.3978952727983707,0.7275527795480461
3155,9,2.302585092994046,0.6986344247631282
3156,10,2.3978952727983707,0.7275527795480461
3157,9,2.302585092994046,0.6986344247631282
3158,4,1.6094379124341003,0.4883245069059757
3159,12,2.5649493574615367,0.7782391731575976
3160,11,2.4849066497880004,0.7539531690476383
3161,6,1.9459101490553132,0.5904145830538073
3162,8,2.1972245773362196,0.6666666666666667
3163,8,2.1972245773362196,0.6666666666666667
3164,13,2.6390573296152584,0.8007245009109598
3165,9,2.302585092994046,0.6986344247631282
3166,7,2.0794415416798357,0.6309297535714574
3167,11,2.4849066497880004,0.7539531690476383
3168,5,1.791759469228055,0.5436432511904858
3169,15,2.772588722239781,0.8412396714286099
3170,15,2.772588722239781,0.8412396714286099
3171,4,1.6094379124341003,0.4883245069059757
3172,11,2.4849066497880004,0.7539531690476383
3173,15,2.772588722239781,0.8412396714286099
3174,11,2.4849066497880004,0.7539531690476383
3175,12,2.5649493574615367,0.7782391731575976
3176,12,2.5649493574615367,0.7782391731575976
3177,11,2.4849066497880004,0.7539531690476383
3178,6,1.9459101490553132,0.5904145830538073
3179,15,2.772588722239781,0.8412396714286099
3180,15,2.772588722239781,0.8412396714286099
3181,13,2.6390573296152584,0.8007245009109598
3182,10,2.3978952727983707,0.7275527795480461
3183,11,2.4849066497880004,0.7539531690476383
3184,9,2.302585092994046,0.6986344247631282
3185,11,2.4849066497880004,0.7539531690476383
3186,15,2.772588722239781,0.8412396714286099
3187,10,2.3978952727983707,0.7275527795480461
3188,9,2.302585092994046,0.6986344247631282
3189,6,1.9459101490553132,0.5904145830538073
3190,5,1.791759469228055,0.5436432511904858
3191,6,1.9459101490553132,0.5904145830538073
3192,5,1.791759469228055,0.5436432511904858
3193,8,2.1972245773362196,0.6666666666666667
3194,15,2.772588722239781,0.8412396714286099
3195,6,1.9459101490553132,0.5904145830538073
3196,10,2.3978952727983707,0.7275527795480461
3197,6,1.9459101490553132,0.5904145830538073
3198,14,2.70805020110221,0.821657840239309
3199,10,2.3978952727983707,0.7275527795480461
3200,13,2.6390573296152584,0.8007245009109598
3201,12,2.5649493574615367,0.7782391731575976
3202,13,2.6390573296152584,0.8007245009109598
3203,7,2.0794415416798357,0.6309297535714574
3204,10,2.3978952727983707,0.7275527795480461
3205,10,2.3978952727983707,0.7275527795480461
3206,7,2.0794415416798357,0.6309297535714574
3207,15,2.772588722239781,0.8412396714286099
3208,7,2.0794415416798357,0.6309297535714574
3209,9,2.302585092994046,0.6986344247631282
3210,8,2.1972245773362196,0.6666666666666667
3211,9,2.302585092994046,0.6986344247631282
3212,9,2.302585092994046,0.6986344247631282
3213,10,2.3978952727983707,0.7275527795480461
3214,9,2.302585092994046,0.6986344247631282
3215,13,2.6390573296152584,0.8007245009109598
3216,11,2.4849066497880004,0.7539531690476383
3217,6,1.9459101490553132,0.5904145830538073
3218,12,2.5649493574615367,0.7782391731575976
3219,14,2.70805020110221,0.821657840239309
3220,7,2.0794415416798357,0.6309297535714574
3221,7,2.0794415416798357,0.6309297535714574
3222,4,1.6094379124341003,0.4883245069059757
3223,8,2.1972245773362196,0.6666666666666667
3224,5,1.791759469228055,0.5436432511904858
3225,9,2.302585092994046,0.6986344247631282
3226,6,1.9459101490553132,0.5904145830538073
3227,15,2.772588722239781,0.8412396714286099
3228,7,2.0794415416798357,0.6309297535714574
3229,10,2.3978952727983707,0.7275527795480461
3230,9,2.302585092994046,0.6986344247631282
3231,6,1.9459101490553132,0.5904145830538073
3232,9,2.302585092994046,0.6986344247631282
3233,7,2.0794415416798357,0.6309297535714574
3234,12,2.5649493574615367,0.7782391731575976
3235,6,1.9459101490553132,0.5904145830538073
3236,2,1.0986122886681098,0.33333333333333337
3237,4,1.6094379124341003,0.4883245069059757
3238,10,2.3978952727983707,0.7275527795480461
3239,8,2.1972245773362196,0.6666666666666667
3240,6,1.9459101490553132,0.5904145830538073
3241,6,1.9459101490553132,0.5904145830538073
3242,11,2.4849066497880004,0.7539531690476383
3243,9,2.302585092994046,0.6986344247631282
3244,4,1.6094379124341003,0.4883245069059757
3245,6,1.9459101490553132,0.5904145830538073
3246,8,2.1972245773362196,0.6666666666666667
3247,5,1.791759469228055,0.5436432511904858
3248,7,2.0794415416798357,0.6309297535714574
3249,6,1.9459101490553132,0.5904145830538073
3250,15,2.772588722239781,0.8412396714286099
3251,7,2.0794415416798357,0.6309297535714574
3252,10,2.3978952727983707,0.7275527795480461
3253,3,1.3862943611198906,0.42061983571430495
3254,10,2.3978952727983707,0.7275527795480461
3255,12,2.5649493574615367,0.7782391731575976
3256,8,2.1972245773362196,0.6666666666666667
3257,10,2.3978952727983707,0.7275527795480461
3258,8,2.1972245773362196,0.6666666666666667
3259,5,1.791759469228055,0.5436432511904858
3260,10,2.3978952727983707,0.7275527795480461
3261,7,2.0794415416798357,0.6309297535714574
3262,6,1.9459101490553132,0.5904145830538073
3263,5,1.791759469228055,0.5436432511904858
3264,3,1.3862943611198906,0.42061983571430495
3265,7,2.0794415416798357,0.6309297535714574
3266,6,1.9459101490553132,0.5904145830538073
3267,8,2.1972245773362196,0.6666666666666667
3268,5,1.791759469228055,0.5436432511904858
3269,6,1.9459101490553132,0.5904145830538073
3270,8,2.1972245773362196,0.6666666666666667
3271,5,1.791759469228055,0.5436432511904858
3272,9,2.302585092994046,0.6986344247631282
3273,9,2.302585092994046,0.6986344247631282
3274,4,1.6094379124341003,0.4883245069059757
3275,7,2.0794415416798357,0.6309297535714574
3276,8,2.1972245773362196,0.6666666666666667
3277,17,2.8903717578961645,0.8769765845238191
3278,3,1.3862943611198906,0.42061983571430495
3279,15,2.772588722239781,0.8412396714286099
3280,12,2.5649493574615367,0.7782391731575976
3281,10,2.3978952727983707,0.7275527795480461
3282,7,2.0794415416798357,0.6309297535714574
3283,8,2.1972245773362196,0.6666666666666667
3284,7,2.0794415416798357,0.6309297535714574
3285,6,1.9459101490553132,0.5904145830538073
3286,7,2.0794415416798357,0.6309297535714574
3287,7,2.0794415416798357,0.6309297535714574
3288,9,2.302585092994046,0.6986344247631282
3289,7,2.0794415416798357,0.6309297535714574
3290,10,2.3978952727983707,0.7275527795480461
3291,8,2.1972245773362196,0.6666666666666667
3292,6,1.9459101490553132,0.5904145830538073
3293,9,2.302585092994046,0.6986344247631282
3294,9,2.302585092994046,0.6986344247631282
3295,7,2.0794415416798357,0.6309297535714574
3296,4,1.6094379124341003,0.4883245069059757
3297,5,1.791759469228055,0.5436432511904858
3298,6,1.9459101490553132,0.5904145830538073
3299,11,2.4849066497880004,0.7539531690476383
3300,5,1.791759469228055,0.5436432511904858
3301,13,2.6390573296152584,0.8007245009109598
3302,7,2.0794415416798357,0.6309297535714574
3303,4,1.6094379124341003,0.4883245069059757
3304,6,1.9459101490553132,0.5904145830538073
3305,5,1.791759469228055,0.5436432511904858
3306,5,1.791759469228055,0.5436432511904858
3307,5,1.791759469228055,0.5436432511904858
3308,6,1.9459101490553132,0.5904145830538073
3309,10,2.3978952727983707,0.7275527795480461
3310,12,2.5649493574615367,0.7782391731575976
3311,8,2.1972245773362196,0.6666666666666667
3312,12,2.5649493574615367,0.7782391731575976
3313,8,2.1972245773362196,0.6666666666666667
3314,11,2.4849066497880004,0.7539531690476383
3315,5,1.791759469228055,0.5436432511904858
3316,7,2.0794415416798357,0.6309297535714574
3317,12,2.5649493574615367,0.7782391731575976
3318,3,1.3862943611198906,0.42061983571430495
3319,5,1.791759469228055,0.5436432511904858
3320,11,2.4849066497880004,0.7539531690476383
3321,6,1.9459101490553132,0.5904145830538073
3322,9,2.302585092994046,0.6986344247631282
3323,4,1.6094379124341003,0.4883245069059757
3324,7,2.0794415416798357,0.6309297535714574
3325,13,2.6390573296152584,0.8007245009109598
3326,9,2.302585092994046,0.6986344247631282
3327,6,1.9459101490553132,0.5904145830538073
3328,10,2.3978952727983707,0.7275527795480461
3329,9,2.302585092994046,0.6986344247631282
3330,12,2.5649493574615367,0.7782391731575976
3331,6,1.9459101490553132,0.5904145830538073
3332,10,2.3978952727983707,0.7275527795480461
3333,4,1.6094379124341003,0.4883245069059757
3334,5,1.791759469228055,0.5436432511904858
3335,13,2.6390573296152584,0.8007245009109598
3336,9,2.302585092994046,0.6986344247631282
3337,12,2.5649493574615367,0.7782391731575976
3338,8,2.1972245773362196,0.6666666666666667
3339,4,1.6094379124341003,0.4883245069059757
3340,15,2.772588722239781,0.8412396714286099
3341,12,2.5649493574615367,0.7782391731575976
3342,2,1.0986122886681098,0.33333333333333337
3343,10,2.3978952727983707,0.7275527795480461
3344,7,2.0794415416798357,0.6309297535714574
3345,13,2.6390573296152584,0.8007245009109598
3346,6,1.9459101490553132,0.5904145830538073
3347,7,2.0794415416798357,0.6309297535714574
3348,11,2.4849066497880004,0.7539531690476383
3349,8,2.1972245773362196,0.6666666666666667
3350,11,2.4849066497880004,0.7539531690476383
3351,12,2.5649493574615367,0.7782391731575976
3352,6,1.9459101490553132,0.5904145830538073
3353,5,1.791759469228055,0.5436432511904858
3354,6,1.9459101490553132,0.5904145830538073
3355,8,2.1972245773362196,0.6666666666666667
3356,8,2.1972245773362196,0.6666666666666667
3357,11,2.4849066497880004,0.7539531690476383
3358,4,1.6094379124341003,0.4883245069059757
3359,3,1.3862943611198906,0.42061983571430495
3360,5,1.791759469228055,0.5436432511904858
3361,4,1.6094379124341003,0.4883245069059757
3362,12,2.5649493574615367,0.7782391731575976
3363,4,1.6094379124341003,0.4883245069059757
3364,3,1.3862943611198906,0.42061983571430495
3365,5,1.791759469228055,0.5436432511904858
3366,6,1.9459101490553132,0.5904145830538073
3367,6,1.9459101490553132,0.5904145830538073
3368,6,1.9459101490553132,0.5904145830538073
3369,10,2.3978952727983707,0.7275527795480461
3370,5,1.791759469228055,0.5436432511904858
3371,9,2.302585092994046,0.6986344247631282
3372,9,2.302585092994046,0.6986344247631282
3373,6,1.9459101490553132,0.5904145830538073
3374,5,1.791759469228055,0.5436432511904858
3375,7,2.0794415416798357,0.6309297535714574
3376,17,2.8903717578961645,0.8769765845238191
3377,10,2.3978952727983707,0.7275527795480461
3378,10,2.3978952727983707,0.7275527795480461
3379,6,1.9459101490553132,0.5904145830538073
3380,7,2.0794415416798357,0.6309297535714574
3381,6,1.9459101490553132,0.5904145830538073
3382,8,2.1972245773362196,0.6666666666666667
3383,8,2.1972245773362196,0.6666666666666667
3384,8,2.1972245773362196,0.6666666666666667
3385,18,2.9444389791664403,0.8933812864154583
3386,8,2.1972245773362196,0.6666666666666667
3387,12,2.5649493574615367,0.7782391731575976
3388,4,1.6094379124341003,0.4883245069059757
3389,9,2.302585092994046,0.6986344247631282
3390,6,1.9459101490553132,0.5904145830538073
3391,7,2.0794415416798357,0.6309297535714574
3392,6,1.9459101490553132,0.5904145830538073
3393,7,2.0794415416798357,0.6309297535714574
3394,9,2.302585092994046,0.6986344247631282
3395,9,2.302585092994046,0.6986344247631282
3396,5,1.791759469228055,0.5436432511904858
3397,10,2.3978952727983707,0.7275527795480461
3398,3,1.3862943611198906,0.42061983571430495
3399,4,1.6094379124341003,0.4883245069059757
3400,10,2.3978952727983707,0.7275527795480461
3401,6,1.9459101490553132,0.5904145830538073
3402,8,2.1972245773362196,0.6666666666666667
3403,8,2.1972245773362196,0.6666666666666667
3404,9,2.302585092994046,0.6986344247631282
3405,11,2.4849066497880004,0.7539531690476383
3406,8,2.1972245773362196,0.6666666666666667
3407,12,2.5649493574615367,0.7782391731575976
3408,11,2.4849066497880004,0.7539531690476383
3409,10,2.3978952727983707,0.7275527795480461
3410,8,2.1972245773362196,0.6666666666666667
3411,9,2.302585092994046,0.6986344247631282
3412,4,1.6094379124341003,0.4883245069059757
3413,4,1.6094379124341003,0.4883245069059757
3414,11,2.4849066497880004,0.7539531690476383
3415,13,2.6390573296152584,0.8007245009109598
3416,5,1.791759469228055,0.5436432511904858
3417,5,1.791759469228055,0.5436432511904858
3418,4,1.6094379124341003,0.4883245069059757
3419,8,2.1972245773362196,0.6666666666666667
3420,5,1.791759469228055,0.5436432511904858
3421,13,2.6390573296152584,0.8007245009109598
3422,7,2.0794415416798357,0.6309297535714574
3423,7,2.0794415416798357,0.6309297535714574
3424,7,2.0794415416798357,0.6309297535714574
3425,9,2.302585092994046,0.6986344247631282
3426,7,2.0794415416798357,0.6309297535714574
3427,8,2.1972245773362196,0.6666666666666667
3428,7,2.0794415416798357,0.6309297535714574
3429,10,2.3978952727983707,0.7275527795480461
3430,6,1.9459101490553132,0.5904145830538073
3431,8,2.1972245773362196,0.6666666666666667
3432,7,2.0794415416798357,0.6309297535714574
3433,9,2.302585092994046,0.6986344247631282
3434,8,2.1972245773362196,0.6666666666666667
3435,5,1.791759469228055,0.5436432511904858
3436,7,2.0794415416798357,0.6309297535714574
3437,7,2.0794415416798357,0.6309297535714574
3438,10,2.3978952727983707,0.7275527795480461
3439,10,2.3978952727983707,0.7275527795480461
3440,6,1.9459101490553132,0.5904145830538073
3441,8,2.1972245773362196,0.6666666666666667
3442,3,1.3862943611198906,0.42061983571430495
3443,15,2.772588722239781,0.8412396714286099
3444,7,2.0794415416798357,0.6309297535714574
3445,8,2.1972245773362196,0.6666666666666667
3446,6,1.9459101490553132,0.5904145830538073
3447,5,1.791759469228055,0.5436432511904858
3448,8,2.1972245773362196,0.6666666666666667
3449,7,2.0794415416798357,0.6309297535714574
3450,9,2.302585092994046,0.6986344247631282
3451,4,1.6094379124341003,0.4883245069059757
3452,3,1.3862943611198906,0.42061983571430495
3453,7,2.0794415416798357,0.6309297535714574
3454,6,1.9459101490553132,0.5904145830538073
3455,3,1.3862943611198906,0.42061983571430495
3456,6,1.9459101490553132,0.5904145830538073
3457,8,2.1972245773362196,0.6666666666666667
3458,9,2.302585092994046,0.6986344247631282
3459,9,2.302585092994046,0.6986344247631282
3460,8,2.1972245773362196,0.6666666666666667
3461,9,2.302585092994046,0.6986344247631282
3462,7,2.0794415416798357,0.6309297535714574
3463,5,1.791759469228055,0.5436432511904858
3464,10,2.3978952727983707,0.7275527795480461
3465,4,1.6094379124341003,0.4883245069059757
3466,10,2.3978952727983707,0.7275527795480461
3467,4,1.6094379124341003,0.4883245069059757
3468,10,2.3978952727983707,0.7275527795480461
3469,8,2.1972245773362196,0.6666666666666667
3470,6,1.9459101490553132,0.5904145830538073
3471,7,2.0794415416798357,0.6309297535714574
3472,9,2.302585092994046,0.6986344247631282
3473,6,1.9459101490553132,0.5904145830538073
3474,4,1.6094379124341003,0.4883245069059757
3475,9,2.302585092994046,0.6986344247631282
3476,11,2.4849066497880004,0.7539531690476383
3477,7,2.0794415416798357,0.6309297535714574
3478,7,2.0794415416798357,0.6309297535714574
3479,8,2.1972245773362196,0.6666666666666667
3480,7,2.0794415416798357,0.6309297535714574
3481,2,1.0986122886681098,0.33333333333333337
3482,8,2.1972245773362196,0.6666666666666667
3483,5,1.791759469228055,0.5436432511904858
3484,14,2.70805020110221,0.821657840239309
3485,3,1.3862943611198906,0.42061983571430495
3486,9,2.302585092994046,0.6986344247631282
3487,14,2.70805020110221,0.821657840239309
3488,5,1.791759469228055,0.5436432511904858
3489,8,2.1972245773362196,0.6666666666666667
3490,7,2.0794415416798357,0.6309297535714574
3491,5,1.791759469228055,0.5436432511904858
3492,6,1.9459101490553132,0.5904145830538073
3493,3,1.3862943611198906,0.42061983571430495
3494,9,2.302585092994046,0.6986344247631282
3495,5,1.791759469228055,0.5436432511904858
3496,5,1.791759469228055,0.5436432511904858
3497,8,2.1972245773362196,0.6666666666666667
3498,8,2.1972245773362196,0.6666666666666667
3499,6,1.9459101490553132,0.5904145830538073
3500,7,2.0794415416798357,0.6309297535714574
3501,8,2.1972245773362196,0.6666666666666667
3502,7,2.0794415416798357,0.6309297535714574
3503,7,2.0794415416798357,0.6309297535714574
3504,12,2.5649493574615367,0.7782391731575976
3505,10,2.3978952727983707,0.7275527795480461
3506,11,2.4849066497880004,0.7539531690476383
3507,5,1.791759469228055,0.5436432511904858
3508,9,2.302585092994046,0.6986344247631282
3509,4,1.6094379124341003,0.4883245069059757
3510,7,2.0794415416798357,0.6309297535714574
3511,4,1.6094379124341003,0.4883245069059757
3512,10,2.3978952727983707,0.7275527795480461
3513,4,1.6094379124341003,0.4883245069059757
3514,11,2.4849066497880004,0.7539531690476383
3515,9,2.302585092994046,0.6986344247631282
3516,9,2.302585092994046,0.6986344247631282
3517,9,2.302585092994046,0.6986344247631282
3518,12,2.5649493574615367,0.7782391731575976
3519,9,2.302585092994046,0.6986344247631282
3520,11,2.4849066497880004,0.7539531690476383
3521,12,2.5649493574615367,0.7782391731575976
3522,16,2.833213344056216,0.859633974387522
3523,10,2.3978952727983707,0.7275527795480461
3524,7,2.0794415416798357,0.6309297535714574
3525,11,2.4849066497880004,0.7539531690476383
3526,7,2.0794415416798357,0.6309297535714574
3527,8,2.1972245773362196,0.6666666666666667
3528,6,1.9459101490553132,0.5904145830538073
3529,12,2.5649493574615367,0.7782391731575976
3530,5,1.791759469228055,0.5436432511904858
3531,10,2.3978952727983707,0.7275527795480461
3532,4,1.6094379124341003,0.4883245069059757
3533,5,1.791759469228055,0.5436432511904858
3534,9,2.302585092994046,0.6986344247631282
3535,4,1.6094379124341003,0.4883245069059757
3536,10,2.3978952727983707,0.7275527795480461
3537,2,1.0986122886681098,0.33333333333333337
3538,11,2.4849066497880004,0.7539531690476383
3539,11,2.4849066497880004,0.7539531690476383
3540,12,2.5649493574615367,0.7782391731575976
3541,7,2.0794415416798357,0.6309297535714574
3542,3,1.3862943611198906,0.42061983571430495
3543,8,2.1972245773362196,0.6666666666666667
3544,6,1.9459101490553132,0.5904145830538073
3545,8,2.1972245773362196,0.6666666666666667
3546,6,1.9459101490553132,0.5904145830538073
3547,7,2.0794415416798357,0.6309297535714574
3548,7,2.0794415416798357,0.6309297535714574
3549,5,1.791759469228055,0.5436432511904858
3550,7,2.0794415416798357,0.6309297535714574
3551,7,2.0794415416798357,0.6309297535714574
3552,8,2.1972245773362196,0.6666666666666667
3553,10,2.3978952727983707,0.7275527795480461
3554,7,2.0794415416798357,0.6309297535714574
3555,8,2.1972245773362196,0.6666666666666667
3556,9,2.302585092994046,0.6986344247631282
3557,6,1.9459101490553132,0.5904145830538073
3558,12,2.5649493574615367,0.7782391731575976
3559,4,1.6094379124341003,0.4883245069059757
3560,5,1.791759469228055,0.5436432511904858
3561,4,1.6094379124341003,0.4883245069059757
3562,8,2.1972245773362196,0.6666666666666667
3563,6,1.9459101490553132,0.5904145830538073
3564,7,2.0794415416798357,0.6309297535714574
3565,9,2.302585092994046,0.6986344247631282
3566,2,1.0986122886681098,0.33333333333333337
3567,6,1.9459101490553132,0.5904145830538073
3568,7,2.0794415416798357,0.6309297535714574
3569,10,2.3978952727983707,0.7275527795480461
3570,8,2.1972245773362196,0.6666666666666667
3571,5,1.791759469228055,0.5436432511904858
3572,10,2.3978952727983707,0.7275527795480461
3573,9,2.302585092994046,0.6986344247631282
3574,6,1.9459101490553132,0.5904145830538073
3575,13,2.6390573296152584,0.8007245009109598
3576,11,2.4849066497880004,0.7539531690476383
3577,6,1.9459101490553132,0.5904145830538073
3578,5,1.791759469228055,0.5436432511904858
3579,11,2.4849066497880004,0.7539531690476383
3580,9,2.302585092994046,0.6986344247631282
3581,8,2.1972245773362196,0.6666666666666667
3582,4,1.6094379124341003,0.4883245069059757
3583,8,2.1972245773362196,0.6666666666666667
3584,9,2.302585092994046,0.6986344247631282
3585,7,2.0794415416798357,0.6309297535714574
3586,10,2.3978952727983707,0.7275527795480461
3587,8,2.1972245773362196,0.6666666666666667
3588,11,2.4849066497880004,0.7539531690476383
3589,6,1.9459101490553132,0.5904145830538073
3590,6,1.9459101490553132,0.5904145830538073
3591,4,1.6094379124341003,0.4883245069059757
3592,8,2.1972245773362196,0.6666666666666667
3593,18,2.9444389791664403,0.8933812864154583
3594,6,1.9459101490553132,0.5904145830538073
3595,10,2.3978952727983707,0.7275527795480461
3596,11,2.4849066497880004,0.7539531690476383
3597,6,1.9459101490553132,0.5904145830538073
3598,7,2.0794415416798357,0.6309297535714574
3599,8,2.1972245773362196,0.6666666666666667
3600,17,2.8903717578961645,0.8769765845238191
3601,6,1.9459101490553132,0.5904145830538073
3602,12,2.5649493574615367,0.7782391731575976
3603,7,2.0794415416798357,0.6309297535714574
3604,9,2.302585092994046,0.6986344247631282
3605,9,2.302585092994046,0.6986344247631282
3606,4,1.6094379124341003,0.4883245069059757
3607,8,2.1972245773362196,0.6666666666666667
3608,8,2.1972245773362196,0.6666666666666667
3609,11,2.4849066497880004,0.7539531690476383
3610,8,2.1972245773362196,0.6666666666666667
3611,14,2.70805020110221,0.821657840239309
3612,6,1.9459101490553132,0.5904145830538073
3613,9,2.302585092994046,0.6986344247631282
3614,8,2.1972245773362196,0.6666666666666667
3615,11,2.4849066497880004,0.7539531690476383
3616,14,2.70805020110221,0.821657840239309
3617,9,2.302585092994046,0.6986344247631282
3618,7,2.0794415416798357,0.6309297535714574
3619,8,2.1972245773362196,0.6666666666666667
3620,12,2.5649493574615367,0.7782391731575976
3621,8,2.1972245773362196,0.6666666666666667
3622,8,2.1972245773362196,0.6666666666666667
3623,7,2.0794415416798357,0.6309297535714574
3624,3,1.3862943611198906,0.42061983571430495
3625,5,1.791759469228055,0.5436432511904858
3626,7,2.0794415416798357,0.6309297535714574
3627,9,2.302585092994046,0.6986344247631282
3628,8,2.1972245773362196,0.6666666666666667
3629,9,2.302585092994046,0.6986344247631282
3630,11,2.4849066497880004,0.7539531690476383
3631,13,2.6390573296152584,0.8007245009109598
3632,7,2.0794415416798357,0.6309297535714574
3633,11,2.4849066497880004,0.7539531690476383
3634,6,1.9459101490553132,0.5904145830538073
3635,5,1.791759469228055,0.5436432511904858
3636,11,2.4849066497880004,0.7539531690476383
3637,9,2.302585092994046,0.6986344247631282
3638,9,2.302585092994046,0.6986344247631282
3639,11,2.4849066497880004,0.7539531690476383
3640,8,2.1972245773362196,0.6666666666666667
3641,10,2.3978952727983707,0.7275527795480461
3642,10,2.3978952727983707,0.7275527795480461
3643,5,1.791759469228055,0.5436432511904858
3644,8,2.1972245773362196,0.6666666666666667
3645,6,1.9459101490553132,0.5904145830538073
3646,10,2.3978952727983707,0.7275527795480461
3647,6,1.9459101490553132,0.5904145830538073
3648,7,2.0794415416798357,0.6309297535714574
3649,6,1.9459101490553132,0.5904145830538073
3650,8,2.1972245773362196,0.6666666666666667
3651,5,1.791759469228055,0.5436432511904858
3652,8,2.1972245773362196,0.6666666666666667
3653,6,1.9459101490553132,0.5904145830538073
3654,9,2.302585092994046,0.6986344247631282
3655,6,1.9459101490553132,0.5904145830538073
3656,6,1.9459101490553132,0.5904145830538073
3657,4,1.6094379124341003,0.4883245069059757
3658,8,2.1972245773362196,0.6666666666666667
3659,7,2.0794415416798357,0.6309297535714574
3660,8,2.1972245773362196,0.6666666666666667
3661,6,1.9459101490553132,0.5904145830538073
3662,9,2.302585092994046,0.6986344247631282
3663,5,1.791759469228055,0.5436432511904858
3664,11,2.4849066497880004,0.7539531690476383
3665,6,1.9459101490553132,0.5904145830538073
3666,10,2.3978952727983707,0.7275527795480461
3667,4,1.6094379124341003,0.4883245069059757
3668,10,2.3978952727983707,0.7275527795480461
3669,6,1.9459101490553132,0.5904145830538073
3670,10,2.3978952727983707,0.7275527795480461
3671,5,1.791759469228055,0.5436432511904858
3672,8,2.1972245773362196,0.6666666666666667
3673,10,2.3978952727983707,0.7275527795480461
3674,4,1.6094379124341003,0.4883245069059757
3675,6,1.9459101490553132,0.5904145830538073
3676,7,2.0794415416798357,0.6309297535714574
3677,7,2.0794415416798357,0.6309297535714574
3678,6,1.9459101490553132,0.5904145830538073
3679,12,2.5649493574615367,0.7782391731575976
3680,11,2.4849066497880004,0.7539531690476383
3681,5,1.791759469228055,0.5436432511904858
3682,4,1.6094379124341003,0.4883245069059757
3683,3,1.3862943611198906,0.42061983571430495
3684,16,2.833213344056216,0.859633974387522
3685,4,1.6094379124341003,0.4883245069059757
3686,11,2.4849066497880004,0.7539531690476383
3687,7,2.0794415416798357,0.6309297535714574
3688,6,1.9459101490553132,0.5904145830538073
3689,5,1.791759469228055,0.5436432511904858
3690,10,2.3978952727983707,0.7275527795480461
3691,3,1.3862943611198906,0.42061983571430495
3692,7,2.0794415416798357,0.6309297535714574
3693,7,2.0794415416798357,0.6309297535714574
3694,9,2.302585092994046,0.6986344247631282
3695,7,2.0794415416798357,0.6309297535714574
3696,4,1.6094379124341003,0.4883245069059757
3697,7,2.0794415416798357,0.6309297535714574
3698,1,0.6931471805599453,0.21030991785715247
3699,3,1.3862943611198906,0.42061983571430495
3700,5,1.791759469228055,0.5436432511904858
3701,7,2.0794415416798357,0.6309297535714574
3702,6,1.9459101490553132,0.5904145830538073
3703,6,1.9459101490553132,0.5904145830538073
3704,6,1.9459101490553132,0.5904145830538073
3705,7,2.0794415416798357,0.6309297535714574
3706,7,2.0794415416798357,0.6309297535714574
3707,8,2.1972245773362196,0.6666666666666667
3708,4,1.6094379124341003,0.4883245069059757
3709,4,1.6094379124341003,0.4883245069059757
3710,5,1.791759469228055,0.5436432511904858
3711,7,2.0794415416798357,0.6309297535714574
3712,4,1.6094379124341003,0.4883245069059757
3713,7,2.0794415416798357,0.6309297535714574
3714,8,2.1972245773362196,0.6666666666666667
3715,6,1.9459101490553132,0.5904145830538073
3716,5,1.791759469228055,0.5436432511904858
3717,2,1.0986122886681098,0.33333333333333337
3718,7,2.0794415416798357,0.6309297535714574
3719,7,2.0794415416798357,0.6309297535714574
3720,2,1.0986122886681098,0.33333333333333337
3721,3,1.3862943611198906,0.42061983571430495
3722,7,2.0794415416798357,0.6309297535714574
3723,5,1.791759469228055,0.5436432511904858
3724,2,1.0986122886681098,0.33333333333333337
3725,4,1.6094379124341003,0.4883245069059757
3726,6,1.9459101490553132,0.5904145830538073
3727,8,2.1972245773362196,0.6666666666666667
3728,4,1.6094379124341003,0.4883245069059757
3729,5,1.791759469228055,0.5436432511904858
3730,3,1.3862943611198906,0.42061983571430495
3731,4,1.6094379124341003,0.4883245069059757
3732,9,2.302585092994046,0.6986344247631282
3733,9,2.302585092994046,0.6986344247631282
3734,4,1.6094379124341003,0.4883245069059757
3735,8,2.1972245773362196,0.6666666666666667
3736,4,1.6094379124341003,0.4883245069059757
3737,5,1.791759469228055,0.5436432511904858
3738,5,1.791759469228055,0.5436432511904858
3739,4,1.6094379124341003,0.4883245069059757
3740,3,1.3862943611198906,0.42061983571430495
3741,5,1.791759469228055,0.5436432511904858
3742,4,1.6094379124341003,0.4883245069059757
3743,5,1.791759469228055,0.5436432511904858
3744,1,0.6931471805599453,0.21030991785715247
3745,4,1.6094379124341003,0.4883245069059757
3746,5,1.791759469228055,0.5436432511904858
3747,2,1.0986122886681098,0.33333333333333337
3748,6,1.9459101490553132,0.5904145830538073
3749,8,2.1972245773362196,0.6666666666666667
3750,5,1.791759469228055,0.5436432511904858
3751,6,1.9459101490553132,0.5904145830538073
3752,4,1.6094379124341003,0.4883245069059757
3753,7,2.0794415416798357,0.6309297535714574
3754,5,1.791759469228055,0.5436432511904858
3755,4,1.6094379124341003,0.4883245069059757
3756,4,1.6094379124341003,0.4883245069059757
3757,5,1.791759469228055,0.5436432511904858
3758,4,1.6094379124341003,0.4883245069059757
3759,3,1.3862943611198906,0.42061983571430495
3760,4,1.6094379124341003,0.4883245069059757
3761,8,2.1972245773362196,0.6666666666666667
3762,4,1.6094379124341003,0.4883245069059757
3763,3,1.3862943611198906,0.42061983571430495
3764,3,1.3862943611198906,0.42061983571430495
3765,7,2.0794415416798357,0.6309297535714574
3766,4,1.6094379124341003,0.4883245069059757
3767,5,1.791759469228055,0.5436432511904858
3768,8,2.1972245773362196,0.6666666666666667
3769,7,2.0794415416798357,0.6309297535714574
3770,5,1.791759469228055,0.5436432511904858
3771,5,1.791759469228055,0.5436432511904858
3772,2,1.0986122886681098,0.33333333333333337
3773,6,1.9459101490553132,0.5904145830538073
3774,2,1.0986122886681098,0.33333333333333337
3775,6,1.9459101490553132,0.5904145830538073
3776,5,1.791759469228055,0.5436432511904858
3777,2,1.0986122886681098,0.33333333333333337
3778,5,1.791759469228055,0.5436432511904858
3779,5,1.791759469228055,0.5436432511904858
3780,6,1.9459101490553132,0.5904145830538073
3781,5,1.791759469228055,0.5436432511904858
3782,9,2.302585092994046,0.6986344247631282
3783,9,2.302585092994046,0.6986344247631282
3784,4,1.6094379124341003,0.4883245069059757
3785,5,1.791759469228055,0.5436432511904858
3786,6,1.9459101490553132,0.5904145830538073
3787,3,1.3862943611198906,0.42061983571430495
3788,4,1.6094379124341003,0.4883245069059757
3789,7,2.0794415416798357,0.6309297535714574
3790,2,1.0986122886681098,0.33333333333333337
3791,3,1.3862943611198906,0.42061983571430495
3792,4,1.6094379124341003,0.4883245069059757
3793,4,1.6094379124341003,0.4883245069059757
3794,5,1.791759469228055,0.5436432511904858
3795,4,1.6094379124341003,0.4883245069059757
3796,5,1.791759469228055,0.5436432511904858
3797,8,2.1972245773362196,0.6666666666666667
3798,4,1.6094379124341003,0.4883245069059757
3799,4,1.6094379124341003,0.4883245069059757
3800,5,1.791759469228055,0.5436432511904858
3801,4,1.6094379124341003,0.4883245069059757
3802,5,1.791759469228055,0.5436432511904858
3803,8,2.1972245773362196,0.6666666666666667
3804,4,1.6094379124341003,0.4883245069059757
3805,6,1.9459101490553132,0.5904145830538073
3806,3,1.3862943611198906,0.42061983571430495
3807,6,1.9459101490553132,0.5904145830538073
3808,5,1.791759469228055,0.5436432511904858
3809,9,2.302585092994046,0.6986344247631282
3810,6,1.9459101490553132,0.5904145830538073
3811,4,1.6094379124341003,0.4883245069059757
3812,3,1.3862943611198906,0.42061983571430495
3813,8,2.1972245773362196,0.6666666666666667
3814,6,1.9459101490553132,0.5904145830538073
3815,5,1.791759469228055,0.5436432511904858
3816,5,1.791759469228055,0.5436432511904858
3817,5,1.791759469228055,0.5436432511904858
3818,5,1.791759469228055,0.5436432511904858
3819,7,2.0794415416798357,0.6309297535714574
3820,6,1.9459101490553132,0.5904145830538073
3821,9,2.302585092994046,0.6986344247631282
3822,8,2.1972245773362196,0.6666666666666667
3823,7,2.0794415416798357,0.6309297535714574
3824,5,1.791759469228055,0.5436432511904858
3825,5,1.791759469228055,0.5436432511904858
3826,3,1.3862943611198906,0.42061983571430495
3827,6,1.9459101490553132,0.5904145830538073
3828,6,1.9459101490553132,0.5904145830538073
3829,4,1.6094379124341003,0.4883245069059757
3830,5,1.791759469228055,0.5436432511904858
3831,8,2.1972245773362196,0.6666666666666667
3832,7,2.0794415416798357,0.6309297535714574
3833,5,1.791759469228055,0.5436432511904858
3834,5,1.791759469228055,0.5436432511904858
3835,4,1.6094379124341003,0.4883245069059757
3836,9,2.302585092994046,0.6986344247631282
3837,4,1.6094379124341003,0.4883245069059757
3838,7,2.0794415416798357,0.6309297535714574
3839,6,1.9459101490553132,0.5904145830538073
3840,10,2.3978952727983707,0.7275527795480461
3841,4,1.6094379124341003,0.4883245069059757
3842,8,2.1972245773362196,0.6666666666666667
3843,6,1.9459101490553132,0.5904145830538073
3844,8,2.1972245773362196,0.6666666666666667
3845,3,1.3862943611198906,0.42061983571430495
3846,3,1.3862943611198906,0.42061983571430495
3847,6,1.9459101490553132,0.5904145830538073
3848,2,1.0986122886681098,0.33333333333333337
3849,4,1.6094379124341003,0.4883245069059757
3850,5,1.791759469228055,0.5436432511904858
3851,4,1.6094379124341003,0.4883245069059757
3852,6,1.9459101490553132,0.5904145830538073
3853,8,2.1972245773362196,0.6666666666666667
3854,9,2.302585092994046,0.6986344247631282
3855,4,1.6094379124341003,0.4883245069059757
3856,5,1.791759469228055,0.5436432511904858
3857,6,1.9459101490553132,0.5904145830538073
3858,6,1.9459101490553132,0.5904145830538073
3859,4,1.6094379124341003,0.4883245069059757
3860,3,1.3862943611198906,0.42061983571430495
3861,4,1.6094379124341003,0.4883245069059757
3862,4,1.6094379124341003,0.4883245069059757
3863,3,1.3862943611198906,0.42061983571430495
3864,3,1.3862943611198906,0.42061983571430495
3865,5,1.791759469228055,0.5436432511904858
3866,6,1.9459101490553132,0.5904145830538073
3867,7,2.0794415416798357,0.6309297535714574
3868,6,1.9459101490553132,0.5904145830538073
3869,10,2.3978952727983707,0.7275527795480461
3870,3,1.3862943611198906,0.42061983571430495
3871,6,1.9459101490553132,0.5904145830538073
3872,2,1.0986122886681098,0.33333333333333337
3873,9,2.302585092994046,0.6986344247631282
3874,5,1.791759469228055,0.5436432511904858
3875,6,1.9459101490553132,0.5904145830538073
3876,9,2.302585092994046,0.6986344247631282
3877,4,1.6094379124341003,0.4883245069059757
3878,4,1.6094379124341003,0.4883245069059757
3879,7,2.0794415416798357,0.6309297535714574
3880,10,2.3978952727983707,0.7275527795480461
3881,6,1.9459101490553132,0.5904145830538073
3882,10,2.3978952727983707,0.7275527795480461
3883,5,1.791759469228055,0.5436432511904858
3884,7,2.0794415416798357,0.6309297535714574
3885,4,1.6094379124341003,0.4883245069059757
3886,6,1.9459101490553132,0.5904145830538073
3887,7,2.0794415416798357,0.6309297535714574
3888,3,1.3862943611198906,0.42061983571430495
3889,8,2.1972245773362196,0.6666666666666667
3890,4,1.6094379124341003,0.4883245069059757
3891,3,1.3862943611198906,0.42061983571430495
3892,5,1.791759469228055,0.5436432511904858
3893,6,1.9459101490553132,0.5904145830538073
3894,7,2.0794415416798357,0.6309297535714574
3895,9,2.302585092994046,0.6986344247631282
3896,8,2.1972245773362196,0.6666666666666667
3897,14,2.70805020110221,0.821657840239309
3898,12,2.5649493574615367,0.7782391731575976
3899,6,1.9459101490553132,0.5904145830538073
3900,2,1.0986122886681098,0.33333333333333337
3901,2,1.0986122886681098,0.33333333333333337
3902,7,2.0794415416798357,0.6309297535714574
3903,6,1.9459101490553132,0.5904145830538073
3904,4,1.6094379124341003,0.4883245069059757
3905,7,2.0794415416798357,0.6309297535714574
3906,6,1.9459101490553132,0.5904145830538073
3907,4,1.6094379124341003,0.4883245069059757
3908,9,2.302585092994046,0.6986344247631282
3909,4,1.6094379124341003,0.4883245069059757
3910,6,1.9459101490553132,0.5904145830538073
3911,6,1.9459101490553132,0.5904145830538073
3912,5,1.791759469228055,0.5436432511904858
3913,6,1.9459101490553132,0.5904145830538073
3914,7,2.0794415416798357,0.6309297535714574
3915,8,2.1972245773362196,0.6666666666666667
3916,5,1.791759469228055,0.5436432511904858
3917,3,1.3862943611198906,0.42061983571430495
3918,8,2.1972245773362196,0.6666666666666667
3919,5,1.791759469228055,0.5436432511904858
3920,1,0.6931471805599453,0.21030991785715247
3921,1,0.6931471805599453,0.21030991785715247
3922,2,1.0986122886681098,0.33333333333333337
3923,5,1.791759469228055,0.5436432511904858
3924,3,1.3862943611198906,0.42061983571430495
3925,2,1.0986122886681098,0.33333333333333337
3926,4,1.6094379124341003,0.4883245069059757
3927,5,1.791759469228055,0.5436432511904858
3928,4,1.6094379124341003,0.4883245069059757
3929,4,1.6094379124341003,0.4883245069059757
3930,4,1.6094379124341003,0.4883245069059757
3931,10,2.3978952727983707,0.7275527795480461
3932,6,1.9459101490553132,0.5904145830538073
3933,5,1.791759469228055,0.5436432511904858
3934,5,1.791759469228055,0.5436432511904858
3935,5,1.791759469228055,0.5436432511904858
3936,6,1.9459101490553132,0.5904145830538073
3937,3,1.3862943611198906,0.42061983571430495
3938,2,1.0986122886681098,0.33333333333333337
3939,8,2.1972245773362196,0.6666666666666667
3940,4,1.6094379124341003,0.4883245069059757
3941,5,1.791759469228055,0.5436432511904858
3942,2,1.0986122886681098,0.33333333333333337
3943,5,1.791759469228055,0.5436432511904858
3944,5,1.791759469228055,0.5436432511904858
3945,4,1.6094379124341003,0.4883245069059757
3946,5,1.791759469228055,0.5436432511904858
3947,13,2.6390573296152584,0.8007245009109598
3948,7,2.0794415416798357,0.6309297535714574
3949,5,1.791759469228055,0.5436432511904858
3950,3,1.3862943611198906,0.42061983571430495
3951,3,1.3862943611198906,0.42061983571430495
3952,4,1.6094379124341003,0.4883245069059757
3953,7,2.0794415416798357,0.6309297535714574
3954,5,1.791759469228055,0.5436432511904858
3955,6,1.9459101490553132,0.5904145830538073
3956,3,1.3862943611198906,0.42061983571430495
3957,9,2.302585092994046,0.6986344247631282
3958,3,1.3862943611198906,0.42061983571430495
3959,5,1.791759469228055,0.5436432511904858
3960,6,1.9459101490553132,0.5904145830538073
3961,9,2.302585092994046,0.6986344247631282
3962,8,2.1972245773362196,0.6666666666666667
3963,6,1.9459101490553132,0.5904145830538073
3964,3,1.3862943611198906,0.42061983571430495
3965,6,1.9459101490553132,0.5904145830538073
3966,4,1.6094379124341003,0.4883245069059757
3967,7,2.0794415416798357,0.6309297535714574
3968,7,2.0794415416798357,0.6309297535714574
3969,7,2.0794415416798357,0.6309297535714574
3970,12,2.5649493574615367,0.7782391731575976
3971,3,1.3862943611198906,0.42061983571430495
3972,4,1.6094379124341003,0.4883245069059757
3973,6,1.9459101490553132,0.5904145830538073
3974,3,1.3862943611198906,0.42061983571430495
3975,5,1.791759469228055,0.5436432511904858
3976,9,2.302585092994046,0.6986344247631282
3977,3,1.3862943611198906,0.42061983571430495
3978,5,1.791759469228055,0.5436432511904858
3979,4,1.6094379124341003,0.4883245069059757
3980,3,1.3862943611198906,0.42061983571430495
3981,4,1.6094379124341003,0.4883245069059757
3982,9,2.302585092994046,0.6986344247631282
3983,6,1.9459101490553132,0.5904145830538073
3984,6,1.9459101490553132,0.5904145830538073
3985,5,1.791759469228055,0.5436432511904858
3986,11,2.4849066497880004,0.7539531690476383
3987,5,1.791759469228055,0.5436432511904858
3988,3,1.3862943611198906,0.42061983571430495
3989,6,1.9459101490553132,0.5904145830538073
3990,2,1.0986122886681098,0.33333333333333337
3991,5,1.791759469228055,0.5436432511904858
3992,6,1.9459101490553132,0.5904145830538073
3993,5,1.791759469228055,0.5436432511904858
3994,5,1.791759469228055,0.5436432511904858
3995,2,1.0986122886681098,0.33333333333333337
3996,4,1.6094379124341003,0.4883245069059757
3997,5,1.791759469228055,0.5436432511904858
3998,6,1.9459101490553132,0.5904145830538073
3999,10,2.3978952727983707,0.7275527795480461
4000,4,1.6094379124341003,0.4883245069059757
4001,11,2.4849066497880004,0.7539531690476383
4002,3,1.3862943611198906,0.42061983571430495
4003,2,1.0986122886681098,0.33333333333333337
4004,6,1.9459101490553132,0.5904145830538073
4005,5,1.791759469228055,0.5436432511904858
4006,3,1.3862943611198906,0.42061983571430495
4007,5,1.791759469228055,0.5436432511904858
4008,6,1.9459101490553132,0.5904145830538073
4009,7,2.0794415416798357,0.6309297535714574
4010,5,1.791759469228055,0.5436432511904858
4011,3,1.3862943611198906,0.42061983571430495
4012,4,1.6094379124341003,0.4883245069059757
4013,4,1.6094379124341003,0.4883245069059757
4014,6,1.9459101490553132,0.5904145830538073
4015,5,1.791759469228055,0.5436432511904858
4016,6,1.9459101490553132,0.5904145830538073
4017,5,1.791759469228055,0.5436432511904858
4018,7,2.0794415416798357,0.6309297535714574
4019,5,1.791759469228055,0.5436432511904858
4020,6,1.9459101490553132,0.5904145830538073
4021,3,1.3862943611198906,0.42061983571430495
4022,8,2.1972245773362196,0.6666666666666667
4023,4,1.6094379124341003,0.4883245069059757
4024,3,1.3862943611198906,0.42061983571430495
4025,10,2.3978952727983707,0.7275527795480461
4026,6,1.9459101490553132,0.5904145830538073
4027,7,2.0794415416798357,0.6309297535714574
4028,4,1.6094379124341003,0.4883245069059757
4029,8,2.1972245773362196,0.6666666666666667
4030,4,1.6094379124341003,0.4883245069059757
4031,4,1.6094379124341003,0.4883245069059757
4032,8,2.1972245773362196,0.6666666666666667
4033,3,1.3862943611198906,0.42061983571430495
4034,11,2.4849066497880004,0.7539531690476383
4035,7,2.0794415416798357,0.6309297535714574
4036,6,1.9459101490553132,0.5904145830538073
4037,10,2.3978952727983707,0.7275527795480461
4038,4,1.6094379124341003,0.4883245069059757
4039,8,2.1972245773362196,0.6666666666666667
4040,4,1.6094379124341003,0.4883245069059757
4041,1,0.6931471805599453,0.21030991785715247
4042,7,2.0794415416798357,0.6309297535714574
4043,8,2.1972245773362196,0.6666666666666667
4044,5,1.791759469228055,0.5436432511904858
4045,6,1.9459101490553132,0.5904145830538073
4046,5,1.791759469228055,0.5436432511904858
4047,5,1.791759469228055,0.5436432511904858
4048,5,1.791759469228055,0.5436432511904858
4049,3,1.3862943611198906,0.42061983571430495
4050,4,1.6094379124341003,0.4883245069059757
4051,7,2.0794415416798357,0.6309297535714574
4052,8,2.1972245773362196,0.6666666666666667
4053,3,1.3862943611198906,0.42061983571430495
4054,3,1.3862943611198906,0.42061983571430495
4055,9,2.302585092994046,0.6986344247631282
4056,4,1.6094379124341003,0.4883245069059757
4057,8,2.1972245773362196,0.6666666666666667
4058,5,1.791759469228055,0.5436432511904858
4059,5,1.791759469228055,0.5436432511904858
4060,5,1.791759469228055,0.5436432511904858
4061,2,1.0986122886681098,0.33333333333333337
4062,3,1.3862943611198906,0.42061983571430495
4063,5,1.791759469228055,0.5436432511904858
4064,8,2.1972245773362196,0.6666666666666667
4065,5,1.791759469228055,0.5436432511904858
4066,4,1.6094379124341003,0.4883245069059757
4067,6,1.9459101490553132,0.5904145830538073
4068,8,2.1972245773362196,0.6666666666666667
4069,2,1.0986122886681098,0.33333333333333337
4070,1,0.6931471805599453,0.21030991785715247
4071,3,1.3862943611198906,0.42061983571430495
4072,2,1.0986122886681098,0.33333333333333337
4073,1,0.6931471805599453,0.21030991785715247
4074,7,2.0794415416798357,0.6309297535714574
4075,6,1.9459101490553132,0.5904145830538073
4076,5,1.791759469228055,0.5436432511904858
4077,4,1.6094379124341003,0.4883245069059757
4078,6,1.9459101490553132,0.5904145830538073
4079,8,2.1972245773362196,0.6666666666666667
4080,7,2.0794415416798357,0.6309297535714574
4081,8,2.1972245773362196,0.6666666666666667
4082,8,2.1972245773362196,0.6666666666666667
4083,5,1.791759469228055,0.5436432511904858
4084,7,2.0794415416798357,0.6309297535714574
4085,2,1.0986122886681098,0.33333333333333337
4086,7,2.0794415416798357,0.6309297535714574
4087,5,1.791759469228055,0.5436432511904858
4088,11,2.4849066497880004,0.7539531690476383
4089,6,1.9459101490553132,0.5904145830538073
4090,8,2.1972245773362196,0.6666666666666667
4091,5,1.791759469228055,0.5436432511904858
4092,6,1.9459101490553132,0.5904145830538073
4093,9,2.302585092994046,0.6986344247631282
4094,3,1.3862943611198906,0.42061983571430495
4095,6,1.9459101490553132,0.5904145830538073
4096,8,2.1972245773362196,0.6666666666666667
4097,6,1.9459101490553132,0.5904145830538073
4098,3,1.3862943611198906,0.42061983571430495
4099,6,1.9459101490553132,0.5904145830538073
4100,3,1.3862943611198906,0.42061983571430495
4101,9,2.302585092994046,0.6986344247631282
4102,6,1.9459101490553132,0.5904145830538073
4103,8,2.1972245773362196,0.6666666666666667
4104,7,2.0794415416798357,0.6309297535714574
4105,2,1.0986122886681098,0.33333333333333337
4106,3,1.3862943611198906,0.42061983571430495
4107,1,0.6931471805599453,0.21030991785715247
4108,6,1.9459101490553132,0.5904145830538073
4109,11,2.4849066497880004,0.7539531690476383
4110,10,2.3978952727983707,0.7275527795480461
4111,5,1.791759469228055,0.5436432511904858
4112,5,1.791759469228055,0.5436432511904858
4113,7,2.0794415416798357,0.6309297535714574
4114,7,2.0794415416798357,0.6309297535714574
4115,8,2.1972245773362196,0.6666666666666667
4116,10,2.3978952727983707,0.7275527795480461
4117,7,2.0794415416798357,0.6309297535714574
4118,9,2.302585092994046,0.6986344247631282
4119,9,2.302585092994046,0.6986344247631282
4120,6,1.9459101490553132,0.5904145830538073
4121,7,2.0794415416798357,0.6309297535714574
4122,4,1.6094379124341003,0.4883245069059757
4123,6,1.9459101490553132,0.5904145830538073
4124,6,1.9459101490553132,0.5904145830538073
4125,4,1.6094379124341003,0.4883245069059757
4126,4,1.6094379124341003,0.4883245069059757
4127,4,1.6094379124341003,0.4883245069059757
4128,5,1.791759469228055,0.5436432511904858
4129,8,2.1972245773362196,0.6666666666666667
4130,2,1.0986122886681098,0.33333333333333337
4131,5,1.791759469228055,0.5436432511904858
4132,5,1.791759469228055,0.5436432511904858
4133,6,1.9459101490553132,0.5904145830538073
4134,11,2.4849066497880004,0.7539531690476383
4135,7,2.0794415416798357,0.6309297535714574
4136,7,2.0794415416798357,0.6309297535714574
4137,7,2.0794415416798357,0.6309297535714574
4138,6,1.9459101490553132,0.5904145830538073
4139,4,1.6094379124341003,0.4883245069059757
4140,8,2.1972245773362196,0.6666666666666667
4141,8,2.1972245773362196,0.6666666666666667
4142,7,2.0794415416798357,0.6309297535714574
4143,7,2.0794415416798357,0.6309297535714574
4144,6,1.9459101490553132,0.5904145830538073
4145,10,2.3978952727983707,0.7275527795480461
4146,9,2.302585092994046,0.6986344247631282
4147,8,2.1972245773362196,0.6666666666666667
4148,4,1.6094379124341003,0.4883245069059757
4149,5,1.791759469228055,0.5436432511904858
4150,5,1.791759469228055,0.5436432511904858
4151,7,2.0794415416798357,0.6309297535714574
4152,10,2.3978952727983707,0.7275527795480461
4153,12,2.5649493574615367,0.7782391731575976
4154,5,1.791759469228055,0.5436432511904858
4155,5,1.791759469228055,0.5436432511904858
4156,12,2.5649493574615367,0.7782391731575976
4157,6,1.9459101490553132,0.5904145830538073
4158,5,1.791759469228055,0.5436432511904858
4159,8,2.1972245773362196,0.6666666666666667
4160,6,1.9459101490553132,0.5904145830538073
4161,11,2.4849066497880004,0.7539531690476383
4162,8,2.1972245773362196,0.6666666666666667
4163,8,2.1972245773362196,0.6666666666666667
4164,7,2.0794415416798357,0.6309297535714574
4165,9,2.302585092994046,0.6986344247631282
4166,9,2.302585092994046,0.6986344247631282
4167,3,1.3862943611198906,0.42061983571430495
4168,13,2.6390573296152584,0.8007245009109598
4169,13,2.6390573296152584,0.8007245009109598
4170,10,2.3978952727983707,0.7275527795480461
4171,12,2.5649493574615367,0.7782391731575976
4172,6,1.9459101490553132,0.5904145830538073
4173,12,2.5649493574615367,0.7782391731575976
4174,9,2.302585092994046,0.6986344247631282
4175,5,1.791759469228055,0.5436432511904858
4176,8,2.1972245773362196,0.6666666666666667
4177,7,2.0794415416798357,0.6309297535714574
4178,7,2.0794415416798357,0.6309297535714574
4179,8,2.1972245773362196,0.6666666666666667
4180,9,2.302585092994046,0.6986344247631282
4181,14,2.70805020110221,0.821657840239309
4182,7,2.0794415416798357,0.6309297535714574
4183,17,2.8903717578961645,0.8769765845238191
4184,4,1.6094379124341003,0.4883245069059757
4185,6,1.9459101490553132,0.5904145830538073
4186,7,2.0794415416798357,0.6309297535714574
4187,13,2.6390573296152584,0.8007245009109598
4188,6,1.9459101490553132,0.5904145830538073
4189,4,1.6094379124341003,0.4883245069059757
4190,8,2.1972245773362196,0.6666666666666667
4191,8,2.1972245773362196,0.6666666666666667
4192,8,2.1972245773362196,0.6666666666666667
4193,10,2.3978952727983707,0.7275527795480461
4194,9,2.302585092994046,0.6986344247631282
4195,7,2.0794415416798357,0.6309297535714574
4196,8,2.1972245773362196,0.6666666666666667
4197,10,2.3978952727983707,0.7275527795480461
4198,8,2.1972245773362196,0.6666666666666667
4199,5,1.791759469228055,0.5436432511904858
4200,8,2.1972245773362196,0.6666666666666667
4201,11,2.4849066497880004,0.7539531690476383
4202,7,2.0794415416798357,0.6309297535714574
4203,11,2.4849066497880004,0.7539531690476383
4204,4,1.6094379124341003,0.4883245069059757
4205,10,2.3978952727983707,0.7275527795480461
4206,5,1.791759469228055,0.5436432511904858
4207,6,1.9459101490553132,0.5904145830538073
4208,11,2.4849066497880004,0.7539531690476383
4209,8,2.1972245773362196,0.6666666666666667
4210,15,2.772588722239781,0.8412396714286099
4211,6,1.9459101490553132,0.5904145830538073
4212,7,2.0794415416798357,0.6309297535714574
4213,9,2.302585092994046,0.6986344247631282
4214,7,2.0794415416798357,0.6309297535714574
4215,3,1.3862943611198906,0.42061983571430495
4216,7,2.0794415416798357,0.6309297535714574
4217,5,1.791759469228055,0.5436432511904858
4218,8,2.1972245773362196,0.6666666666666667
4219,9,2.302585092994046,0.6986344247631282
4220,9,2.302585092994046,0.6986344247631282
4221,2,1.0986122886681098,0.33333333333333337
4222,15,2.772588722239781,0.8412396714286099
4223,6,1.9459101490553132,0.5904145830538073
4224,8,2.1972245773362196,0.6666666666666667
4225,7,2.0794415416798357,0.6309297535714574
4226,7,2.0794415416798357,0.6309297535714574
4227,10,2.3978952727983707,0.7275527795480461
4228,5,1.791759469228055,0.5436432511904858
4229,4,1.6094379124341003,0.4883245069059757
4230,3,1.3862943611198906,0.42061983571430495
4231,11,2.4849066497880004,0.7539531690476383
4232,11,2.4849066497880004,0.7539531690476383
4233,9,2.302585092994046,0.6986344247631282
4234,8,2.1972245773362196,0.6666666666666667
4235,11,2.4849066497880004,0.7539531690476383
4236,12,2.5649493574615367,0.7782391731575976
4237,9,2.302585092994046,0.6986344247631282
4238,6,1.9459101490553132,0.5904145830538073
4239,5,1.791759469228055,0.5436432511904858
4240,9,2.302585092994046,0.6986344247631282
4241,9,2.302585092994046,0.6986344247631282
4242,10,2.3978952727983707,0.7275527795480461
4243,9,2.302585092994046,0.6986344247631282
4244,3,1.3862943611198906,0.42061983571430495
4245,7,2.0794415416798357,0.6309297535714574
4246,5,1.791759469228055,0.5436432511904858
4247,8,2.1972245773362196,0.6666666666666667
4248,6,1.9459101490553132,0.5904145830538073
4249,6,1.9459101490553132,0.5904145830538073
4250,14,2.70805020110221,0.821657840239309
4251,7,2.0794415416798357,0.6309297535714574
4252,5,1.791759469228055,0.5436432511904858
4253,4,1.6094379124341003,0.4883245069059757
4254,10,2.3978952727983707,0.7275527795480461
4255,8,2.1972245773362196,0.6666666666666667
4256,8,2.1972245773362196,0.6666666666666667
4257,10,2.3978952727983707,0.7275527795480461
4258,5,1.791759469228055,0.5436432511904858
4259,11,2.4849066497880004,0.7539531690476383
4260,5,1.791759469228055,0.5436432511904858
4261,8,2.1972245773362196,0.6666666666666667
4262,9,2.302585092994046,0.6986344247631282
4263,7,2.0794415416798357,0.6309297535714574
4264,7,2.0794415416798357,0.6309297535714574
4265,11,2.4849066497880004,0.7539531690476383
4266,7,2.0794415416798357,0.6309297535714574
4267,9,2.302585092994046,0.6986344247631282
4268,8,2.1972245773362196,0.6666666666666667
4269,10,2.3978952727983707,0.7275527795480461
4270,13,2.6390573296152584,0.8007245009109598
4271,8,2.1972245773362196,0.6666666666666667
4272,6,1.9459101490553132,0.5904145830538073
4273,10,2.3978952727983707,0.7275527795480461
4274,1,0.6931471805599453,0.21030991785715247
4275,7,2.0794415416798357,0.6309297535714574
4276,8,2.1972245773362196,0.6666666666666667
4277,8,2.1972245773362196,0.6666666666666667
4278,4,1.6094379124341003,0.4883245069059757
4279,10,2.3978952727983707,0.7275527795480461
4280,7,2.0794415416798357,0.6309297535714574
4281,7,2.0794415416798357,0.6309297535714574
4282,10,2.3978952727983707,0.7275527795480461
4283,4,1.6094379124341003,0.4883245069059757
4284,6,1.9459101490553132,0.5904145830538073
4285,7,2.0794415416798357,0.6309297535714574
4286,7,2.0794415416798357,0.6309297535714574
4287,12,2.5649493574615367,0.7782391731575976
4288,9,2.302585092994046,0.6986344247631282
4289,7,2.0794415416798357,0.6309297535714574
4290,6,1.9459101490553132,0.5904145830538073
4291,7,2.0794415416798357,0.6309297535714574
4292,13,2.6390573296152584,0.8007245009109598
4293,11,2.4849066497880004,0.7539531690476383
4294,10,2.3978952727983707,0.7275527795480461
4295,7,2.0794415416798357,0.6309297535714574
4296,8,2.1972245773362196,0.6666666666666667
4297,6,1.9459101490553132,0.5904145830538073
4298,8,2.1972245773362196,0.6666666666666667
4299,14,2.70805020110221,0.821657840239309
4300,7,2.0794415416798357,0.6309297535714574
4301,9,2.302585092994046,0.6986344247631282
4302,6,1.9459101490553132,0.5904145830538073
4303,4,1.6094379124341003,0.4883245069059757
4304,6,1.9459101490553132,0.5904145830538073
4305,4,1.6094379124341003,0.4883245069059757
4306,7,2.0794415416798357,0.6309297535714574
4307,10,2.3978952727983707,0.7275527795480461
4308,6,1.9459101490553132,0.5904145830538073
4309,9,2.302585092994046,0.6986344247631282
4310,6,1.9459101490553132,0.5904145830538073
4311,6,1.9459101490553132,0.5904145830538073
4312,7,2.0794415416798357,0.6309297535714574
4313,9,2.302585092994046,0.6986344247631282
4314,15,2.772588722239781,0.8412396714286099
4315,3,1.3862943611198906,0.42061983571430495
4316,7,2.0794415416798357,0.6309297535714574
4317,11,2.4849066497880004,0.7539531690476383
4318,8,2.1972245773362196,0.6666666666666667
4319,7,2.0794415416798357,0.6309297535714574
4320,6,1.9459101490553132,0.5904145830538073
4321,6,1.9459101490553132,0.5904145830538073
4322,7,2.0794415416798357,0.6309297535714574
4323,7,2.0794415416798357,0.6309297535714574
4324,10,2.3978952727983707,0.7275527795480461
4325,4,1.6094379124341003,0.4883245069059757
4326,6,1.9459101490553132,0.5904145830538073
4327,9,2.302585092994046,0.6986344247631282
4328,9,2.302585092994046,0.6986344247631282
4329,7,2.0794415416798357,0.6309297535714574
4330,11,2.4849066497880004,0.7539531690476383
4331,8,2.1972245773362196,0.6666666666666667
4332,7,2.0794415416798357,0.6309297535714574
4333,9,2.302585092994046,0.6986344247631282
4334,10,2.3978952727983707,0.7275527795480461
4335,5,1.791759469228055,0.5436432511904858
4336,5,1.791759469228055,0.5436432511904858
4337,10,2.3978952727983707,0.7275527795480461
4338,6,1.9459101490553132,0.5904145830538073
4339,4,1.6094379124341003,0.4883245069059757
4340,5,1.791759469228055,0.5436432511904858
4341,6,1.9459101490553132,0.5904145830538073
4342,8,2.1972245773362196,0.6666666666666667
4343,8,2.1972245773362196,0.6666666666666667
4344,8,2.1972245773362196,0.6666666666666667
4345,11,2.4849066497880004,0.7539531690476383
4346,6,1.9459101490553132,0.5904145830538073
4347,5,1.791759469228055,0.5436432511904858
4348,7,2.0794415416798357,0.6309297535714574
4349,6,1.9459101490553132,0.5904145830538073
4350,8,2.1972245773362196,0.6666666666666667
4351,12,2.5649493574615367,0.7782391731575976
4352,14,2.70805020110221,0.821657840239309
4353,7,2.0794415416798357,0.6309297535714574
4354,9,2.302585092994046,0.6986344247631282
4355,7,2.0794415416798357,0.6309297535714574
4356,7,2.0794415416798357,0.6309297535714574
4357,10,2.3978952727983707,0.7275527795480461
4358,13,2.6390573296152584,0.8007245009109598
4359,9,2.302585092994046,0.6986344247631282
4360,7,2.0794415416798357,0.6309297535714574
4361,5,1.791759469228055,0.5436432511904858
4362,9,2.302585092994046,0.6986344247631282
4363,3,1.3862943611198906,0.42061983571430495
4364,7,2.0794415416798357,0.6309297535714574
4365,9,2.302585092994046,0.6986344247631282
4366,6,1.9459101490553132,0.5904145830538073
4367,13,2.6390573296152584,0.8007245009109598
4368,5,1.791759469228055,0.5436432511904858
4369,12,2.5649493574615367,0.7782391731575976
4370,4,1.6094379124341003,0.4883245069059757
4371,10,2.3978952727983707,0.7275527795480461
4372,6,1.9459101490553132,0.5904145830538073
4373,5,1.791759469228055,0.5436432511904858
4374,8,2.1972245773362196,0.6666666666666667
4375,6,1.9459101490553132,0.5904145830538073
4376,7,2.0794415416798357,0.6309297535714574
4377,6,1.9459101490553132,0.5904145830538073
4378,6,1.9459101490553132,0.5904145830538073
4379,6,1.9459101490553132,0.5904145830538073
4380,5,1.791759469228055,0.5436432511904858
4381,3,1.3862943611198906,0.42061983571430495
4382,5,1.791759469228055,0.5436432511904858
4383,10,2.3978952727983707,0.7275527795480461
4384,11,2.4849066497880004,0.7539531690476383
4385,10,2.3978952727983707,0.7275527795480461
4386,10,2.3978952727983707,0.7275527795480461
4387,4,1.6094379124341003,0.4883245069059757
4388,13,2.6390573296152584,0.8007245009109598
4389,7,2.0794415416798357,0.6309297535714574
4390,4,1.6094379124341003,0.4883245069059757
4391,8,2.1972245773362196,0.6666666666666667
4392,7,2.0794415416798357,0.6309297535714574
4393,15,2.772588722239781,0.8412396714286099
4394,9,2.302585092994046,0.6986344247631282
4395,7,2.0794415416798357,0.6309297535714574
4396,9,2.302585092994046,0.6986344247631282
4397,9,2.302585092994046,0.6986344247631282
4398,4,1.6094379124341003,0.4883245069059757
4399,12,2.5649493574615367,0.7782391731575976
4400,12,2.5649493574615367,0.7782391731575976
4401,5,1.791759469228055,0.5436432511904858
4402,10,2.3978952727983707,0.7275527795480461
4403,8,2.1972245773362196,0.6666666666666667
4404,11,2.4849066497880004,0.7539531690476383
4405,17,2.8903717578961645,0.8769765845238191
4406,3,1.3862943611198906,0.42061983571430495
4407,6,1.9459101490553132,0.5904145830538073
4408,7,2.0794415416798357,0.6309297535714574
4409,10,2.3978952727983707,0.7275527795480461
4410,8,2.1972245773362196,0.6666666666666667
4411,9,2.302585092994046,0.6986344247631282
4412,11,2.4849066497880004,0.7539531690476383
4413,6,1.9459101490553132,0.5904145830538073
4414,7,2.0794415416798357,0.6309297535714574
4415,6,1.9459101490553132,0.5904145830538073
4416,6,1.9459101490553132,0.5904145830538073
4417,11,2.4849066497880004,0.7539531690476383
4418,8,2.1972245773362196,0.6666666666666667
4419,9,2.302585092994046,0.6986344247631282
4420,13,2.6390573296152584,0.8007245009109598
4421,8,2.1972245773362196,0.6666666666666667
4422,7,2.0794415416798357,0.6309297535714574
4423,6,1.9459101490553132,0.5904145830538073
4424,8,2.1972245773362196,0.6666666666666667
4425,7,2.0794415416798357,0.6309297535714574
4426,7,2.0794415416798357,0.6309297535714574
4427,14,2.70805020110221,0.821657840239309
4428,6,1.9459101490553132,0.5904145830538073
4429,12,2.5649493574615367,0.7782391731575976
4430,9,2.302585092994046,0.6986344247631282
4431,9,2.302585092994046,0.6986344247631282
4432,9,2.302585092994046,0.6986344247631282
4433,8,2.1972245773362196,0.6666666666666667
4434,5,1.791759469228055,0.5436432511904858
4435,11,2.4849066497880004,0.7539531690476383
4436,4,1.6094379124341003,0.4883245069059757
4437,7,2.0794415416798357,0.6309297535714574
4438,6,1.9459101490553132,0.5904145830538073
4439,11,2.4849066497880004,0.7539531690476383
4440,7,2.0794415416798357,0.6309297535714574
4441,1,0.6931471805599453,0.21030991785715247
4442,6,1.9459101490553132,0.5904145830538073
4443,6,1.9459101490553132,0.5904145830538073
4444,10,2.3978952727983707,0.7275527795480461
4445,4,1.6094379124341003,0.4883245069059757
4446,7,2.0794415416798357,0.6309297535714574
4447,14,2.70805020110221,0.821657840239309
4448,8,2.1972245773362196,0.6666666666666667
4449,7,2.0794415416798357,0.6309297535714574
4450,7,2.0794415416798357,0.6309297535714574
4451,9,2.302585092994046,0.6986344247631282
4452,8,2.1972245773362196,0.6666666666666667
4453,11,2.4849066497880004,0.7539531690476383
4454,9,2.302585092994046,0.6986344247631282
4455,7,2.0794415416798357,0.6309297535714574
4456,11,2.4849066497880004,0.7539531690476383
4457,10,2.3978952727983707,0.7275527795480461
4458,7,2.0794415416798357,0.6309297535714574
4459,14,2.70805020110221,0.821657840239309
4460,8,2.1972245773362196,0.6666666666666667
4461,12,2.5649493574615367,0.7782391731575976
4462,5,1.791759469228055,0.5436432511904858
4463,13,2.6390573296152584,0.8007245009109598
4464,6,1.9459101490553132,0.5904145830538073
4465,7,2.0794415416798357,0.6309297535714574
4466,1,0.6931471805599453,0.21030991785715247
4467,6,1.9459101490553132,0.5904145830538073
4468,9,2.302585092994046,0.6986344247631282
4469,9,2.302585092994046,0.6986344247631282
4470,11,2.4849066497880004,0.7539531690476383
4471,6,1.9459101490553132,0.5904145830538073
4472,10,2.3978952727983707,0.7275527795480461
4473,16,2.833213344056216,0.859633974387522
4474,5,1.791759469228055,0.5436432511904858
4475,9,2.302585092994046,0.6986344247631282
4476,9,2.302585092994046,0.6986344247631282
4477,5,1.791759469228055,0.5436432511904858
4478,12,2.5649493574615367,0.7782391731575976
4479,13,2.6390573296152584,0.8007245009109598
4480,5,1.791759469228055,0.5436432511904858
4481,8,2.1972245773362196,0.6666666666666667
4482,9,2.302585092994046,0.6986344247631282
4483,9,2.302585092994046,0.6986344247631282
4484,5,1.791759469228055,0.5436432511904858
4485,7,2.0794415416798357,0.6309297535714574
4486,8,2.1972245773362196,0.6666666666666667
4487,14,2.70805020110221,0.821657840239309
4488,8,2.1972245773362196,0.6666666666666667
4489,7,2.0794415416798357,0.6309297535714574
4490,9,2.302585092994046,0.6986344247631282
4491,11,2.4849066497880004,0.7539531690476383
4492,8,2.1972245773362196,0.6666666666666667
4493,4,1.6094379124341003,0.4883245069059757
4494,17,2.8903717578961645,0.8769765845238191
4495,6,1.9459101490553132,0.5904145830538073
4496,7,2.0794415416798357,0.6309297535714574
4497,6,1.9459101490553132,0.5904145830538073
4498,5,1.791759469228055,0.5436432511904858
4499,12,2.5649493574615367,0.7782391731575976
4500,3,1.3862943611198906,0.42061983571430495
4501,7,2.0794415416798357,0.6309297535714574
4502,7,2.0794415416798357,0.6309297535714574
4503,9,2.302585092994046,0.6986344247631282
4504,13,2.6390573296152584,0.8007245009109598
4505,7,2.0794415416798357,0.6309297535714574
4506,7,2.0794415416798357,0.6309297535714574
4507,7,2.0794415416798357,0.6309297535714574
4508,8,2.1972245773362196,0.6666666666666667
4509,8,2.1972245773362196,0.6666666666666667
4510,3,1.3862943611198906,0.42061983571430495
4511,9,2.302585092994046,0.6986344247631282
4512,6,1.9459101490553132,0.5904145830538073
4513,9,2.302585092994046,0.6986344247631282
4514,5,1.791759469228055,0.5436432511904858
4515,12,2.5649493574615367,0.7782391731575976
4516,9,2.302585092994046,0.6986344247631282
4517,15,2.772588722239781,0.8412396714286099
4518,9,2.302585092994046,0.6986344247631282
4519,8,2.1972245773362196,0.6666666666666667
4520,6,1.9459101490553132,0.5904145830538073
4521,9,2.302585092994046,0.6986344247631282
4522,10,2.3978952727983707,0.7275527795480461
4523,10,2.3978952727983707,0.7275527795480461
4524,6,1.9459101490553132,0.5904145830538073
4525,7,2.0794415416798357,0.6309297535714574
4526,5,1.791759469228055,0.5436432511904858
4527,10,2.3978952727983707,0.7275527795480461
4528,5,1.791759469228055,0.5436432511904858
4529,13,2.6390573296152584,0.8007245009109598
4530,8,2.1972245773362196,0.6666666666666667
4531,4,1.6094379124341003,0.4883245069059757
4532,11,2.4849066497880004,0.7539531690476383
4533,7,2.0794415416798357,0.6309297535714574
4534,10,2.3978952727983707,0.7275527795480461
4535,9,2.302585092994046,0.6986344247631282
4536,10,2.3978952727983707,0.7275527795480461
4537,7,2.0794415416798357,0.6309297535714574
4538,10,2.3978952727983707,0.7275527795480461
4539,10,2.3978952727983707,0.7275527795480461
4540,10,2.3978952727983707,0.7275527795480461
4541,6,1.9459101490553132,0.5904145830538073
4542,3,1.3862943611198906,0.42061983571430495
4543,7,2.0794415416798357,0.6309297535714574
4544,3,1.3862943611198906,0.42061983571430495
4545,10,2.3978952727983707,0.7275527795480461
4546,10,2.3978952727983707,0.7275527795480461
4547,15,2.772588722239781,0.8412396714286099
4548,7,2.0794415416798357,0.6309297535714574
4549,5,1.791759469228055,0.5436432511904858
4550,11,2.4849066497880004,0.7539531690476383
4551,8,2.1972245773362196,0.6666666666666667
4552,10,2.3978952727983707,0.7275527795480461
4553,7,2.0794415416798357,0.6309297535714574
4554,5,1.791759469228055,0.5436432511904858
4555,9,2.302585092994046,0.6986344247631282
4556,8,2.1972245773362196,0.6666666666666667
4557,5,1.791759469228055,0.5436432511904858
4558,10,2.3978952727983707,0.7275527795480461
4559,7,2.0794415416798357,0.6309297535714574
4560,11,2.4849066497880004,0.7539531690476383
4561,11,2.4849066497880004,0.7539531690476383
4562,9,2.302585092994046,0.6986344247631282
4563,9,2.302585092994046,0.6986344247631282
4564,8,2.1972245773362196,0.6666666666666667
4565,9,2.302585092994046,0.6986344247631282
4566,12,2.5649493574615367,0.7782391731575976
4567,5,1.791759469228055,0.5436432511904858
4568,9,2.302585092994046,0.6986344247631282
4569,7,2.0794415416798357,0.6309297535714574
4570,7,2.0794415416798357,0.6309297535714574
4571,7,2.0794415416798357,0.6309297535714574
4572,10,2.3978952727983707,0.7275527795480461
4573,7,2.0794415416798357,0.6309297535714574
4574,11,2.4849066497880004,0.7539531690476383
4575,10,2.3978952727983707,0.7275527795480461
4576,8,2.1972245773362196,0.6666666666666667
4577,5,1.791759469228055,0.5436432511904858
4578,3,1.3862943611198906,0.42061983571430495
4579,5,1.791759469228055,0.5436432511904858
4580,12,2.5649493574615367,0.7782391731575976
4581,10,2.3978952727983707,0.7275527795480461
4582,4,1.6094379124341003,0.4883245069059757
4583,7,2.0794415416798357,0.6309297535714574
4584,3,1.3862943611198906,0.42061983571430495
4585,6,1.9459101490553132,0.5904145830538073
4586,8,2.1972245773362196,0.6666666666666667
4587,10,2.3978952727983707,0.7275527795480461
4588,5,1.791759469228055,0.5436432511904858
4589,9,2.302585092994046,0.6986344247631282
4590,3,1.3862943611198906,0.42061983571430495
4591,7,2.0794415416798357,0.6309297535714574
4592,12,2.5649493574615367,0.7782391731575976
4593,11,2.4849066497880004,0.7539531690476383
4594,5,1.791759469228055,0.5436432511904858
4595,14,2.70805020110221,0.821657840239309
4596,7,2.0794415416798357,0.6309297535714574
4597,3,1.3862943611198906,0.42061983571430495
4598,7,2.0794415416798357,0.6309297535714574
4599,5,1.791759469228055,0.5436432511904858
4600,5,1.791759469228055,0.5436432511904858
4601,1,0.6931471805599453,0.21030991785715247
4602,2,1.0986122886681098,0.33333333333333337
4603,0,0.0,0.0
4604,4,1.6094379124341003,0.4883245069059757
4605,3,1.3862943611198906,0.42061983571430495
4606,3,1.3862943611198906,0.42061983571430495
4607,2,1.0986122886681098,0.33333333333333337
4608,1,0.6931471805599453,0.21030991785715247
4609,3,1.3862943611198906,0.42061983571430495
4610,2,1.0986122886681098,0.33333333333333337
4611,4,1.6094379124341003,0.4883245069059757
4612,1,0.6931471805599453,0.21030991785715247
4613,1,0.6931471805599453,0.21030991785715247
4614,1,0.6931471805599453,0.21030991785715247
4615,2,1.0986122886681098,0.33333333333333337
4616,2,1.0986122886681098,0.33333333333333337
4617,0,0.0,0.0
4618,2,1.0986122886681098,0.33333333333333337
4619,1,0.6931471805599453,0.21030991785715247
4620,3,1.3862943611198906,0.42061983571430495
4621,0,0.0,0.0
4622,1,0.6931471805599453,0.21030991785715247
4623,3,1.3862943611198906,0.42061983571430495
4624,2,1.0986122886681098,0.33333333333333337
4625,4,1.6094379124341003,0.4883245069059757
4626,1,0.6931471805599453,0.21030991785715247
4627,3,1.3862943611198906,0.42061983571430495
4628,0,0.0,0.0
4629,1,0.6931471805599453,0.21030991785715247
4630,2,1.0986122886681098,0.33333333333333337
4631,1,0.6931471805599453,0.21030991785715247
4632,1,0.6931471805599453,0.21030991785715247
4633,2,1.0986122886681098,0.33333333333333337
4634,2,1.0986122886681098,0.33333333333333337
4635,2,1.0986122886681098,0.33333333333333337
4636,0,0.0,0.0
4637,1,0.6931471805599453,0.21030991785715247
4638,2,1.0986122886681098,0.33333333333333337
4639,0,0.0,0.0
4640,1,0.6931471805599453,0.21030991785715247
4641,3,1.3862943611198906,0.42061983571430495
4642,6,1.9459101490553132,0.5904145830538073
4643,0,0.0,0.0
4644,2,1.0986122886681098,0.33333333333333337
4645,1,0.6931471805599453,0.21030991785715247
4646,1,0.6931471805599453,0.21030991785715247
4647,2,1.0986122886681098,0.33333333333333337
4648,2,1.0986122886681098,0.33333333333333337
4649,2,1.0986122886681098,0.33333333333333337
4650,1,0.6931471805599453,0.21030991785715247
4651,1,0.6931471805599453,0.21030991785715247
4652,3,1.3862943611198906,0.42061983571430495
4653,2,1.0986122886681098,0.33333333333333337
4654,1,0.6931471805599453,0.21030991785715247
4655,0,0.0,0.0
4656,0,0.0,0.0
4657,0,0.0,0.0
4658,1,0.6931471805599453,0.21030991785715247
4659,0,0.0,0.0
4660,0,0.0,0.0
4661,3,1.3862943611198906,0.42061983571430495
4662,0,0.0,0.0
4663,1,0.6931471805599453,0.21030991785715247
4664,1,0.6931471805599453,0.21030991785715247
4665,2,1.0986122886681098,0.33333333333333337
4666,2,1.0986122886681098,0.33333333333333337
4667,0,0.0,0.0
4668,1,0.6931471805599453,0.21030991785715247
4669,3,1.3862943611198906,0.42061983571430495
4670,0,0.0,0.0
4671,1,0.6931471805599453,0.21030991785715247
4672,2,1.0986122886681098,0.33333333333333337
4673,1,0.6931471805599453,0.21030991785715247
4674,1,0.6931471805599453,0.21030991785715247
4675,1,0.6931471805599453,0.21030991785715247
4676,0,0.0,0.0
4677,4,1.6094379124341003,0.4883245069059757
4678,2,1.0986122886681098,0.33333333333333337
4679,0,0.0,0.0
4680,2,1.0986122886681098,0.33333333333333337
4681,2,1.0986122886681098,0.33333333333333337
4682,2,1.0986122886681098,0.33333333333333337
4683,3,1.3862943611198906,0.42061983571430495
4684,2,1.0986122886681098,0.33333333333333337
4685,2,1.0986122886681098,0.33333333333333337
4686,0,0.0,0.0
4687,3,1.3862943611198906,0.42061983571430495
4688,3,1.3862943611198906,0.42061983571430495
4689,1,0.6931471805599453,0.21030991785715247
4690,0,0.0,0.0
4691,4,1.6094379124341003,0.4883245069059757
4692,1,0.6931471805599453,0.21030991785715247
4693,4,1.6094379124341003,0.4883245069059757
4694,3,1.3862943611198906,0.42061983571430495
4695,0,0.0,0.0
4696,0,0.0,0.0
4697,1,0.6931471805599453,0.21030991785715247
4698,1,0.6931471805599453,0.21030991785715247
4699,0,0.0,0.0
4700,0,0.0,0.0
4701,0,0.0,0.0
4702,0,0.0,0.0
4703,3,1.3862943611198906,0.42061983571430495
4704,1,0.6931471805599453,0.21030991785715247
4705,2,1.0986122886681098,0.33333333333333337
4706,2,1.0986122886681098,0.33333333333333337
4707,1,0.6931471805599453,0.21030991785715247
4708,3,1.3862943611198906,0.42061983571430495
4709,1,0.6931471805599453,0.21030991785715247
4710,1,0.6931471805599453,0.21030991785715247
4711,4,1.6094379124341003,0.4883245069059757
4712,0,0.0,0.0
4713,3,1.3862943611198906,0.42061983571430495
4714,1,0.6931471805599453,0.21030991785715247
4715,3,1.3862943611198906,0.42061983571430495
4716,2,1.0986122886681098,0.33333333333333337
4717,2,1.0986122886681098,0.33333333333333337
4718,4,1.6094379124341003,0.4883245069059757
4719,1,0.6931471805599453,0.21030991785715247
4720,0,0.0,0.0
4721,1,0.6931471805599453,0.21030991785715247
4722,1,0.6931471805599453,0.21030991785715247
4723,1,0.6931471805599453,0.21030991785715247
4724,3,1.3862943611198906,0.42061983571430495
4725,4,1.6094379124341003,0.4883245069059757
4726,0,0.0,0.0
4727,2,1.0986122886681098,0.33333333333333337
4728,0,0.0,0.0
4729,1,0.6931471805599453,0.21030991785715247
4730,2,1.0986122886681098,0.33333333333333337
4731,2,1.0986122886681098,0.33333333333333337
4732,2,1.0986122886681098,0.33333333333333337
4733,2,1.0986122886681098,0.33333333333333337
4734,1,0.6931471805599453,0.21030991785715247
4735,4,1.6094379124341003,0.4883245069059757
4736,1,0.6931471805599453,0.21030991785715247
4737,2,1.0986122886681098,0.33333333333333337
4738,0,0.0,0.0
4739,2,1.0986122886681098,0.33333333333333337
4740,3,1.3862943611198906,0.42061983571430495
4741,0,0.0,0.0
4742,2,1.0986122886681098,0.33333333333333337
4743,0,0.0,0.0
4744,3,1.3862943611198906,0.42061983571430495
4745,2,1.0986122886681098,0.33333333333333337
4746,1,0.6931471805599453,0.21030991785715247
4747,0,0.0,0.0
4748,1,0.6931471805599453,0.21030991785715247
4749,3,1.3862943611198906,0.42061983571430495
4750,3,1.3862943611198906,0.42061983571430495
4751,2,1.0986122886681098,0.33333333333333337
4752,2,1.0986122886681098,0.33333333333333337
4753,1,0.6931471805599453,0.21030991785715247
4754,2,1.0986122886681098,0.33333333333333337
4755,3,1.3862943611198906,0.42061983571430495
4756,1,0.6931471805599453,0.21030991785715247
4757,0,0.0,0.0
4758,4,1.6094379124341003,0.4883245069059757
4759,2,1.0986122886681098,0.33333333333333337
4760,1,0.6931471805599453,0.21030991785715247
4761,1,0.6931471805599453,0.21030991785715247
4762,1,0.6931471805599453,0.21030991785715247
4763,3,1.3862943611198906,0.42061983571430495
4764,1,0.6931471805599453,0.21030991785715247
4765,4,1.6094379124341003,0.4883245069059757
4766,2,1.0986122886681098,0.33333333333333337
4767,4,1.6094379124341003,0.4883245069059757
4768,1,0.6931471805599453,0.21030991785715247
4769,3,1.3862943611198906,0.42061983571430495
4770,1,0.6931471805599453,0.21030991785715247
4771,4,1.6094379124341003,0.4883245069059757
4772,0,0.0,0.0
4773,3,1.3862943611198906,0.42061983571430495
4774,2,1.0986122886681098,0.33333333333333337
4775,0,0.0,0.0
4776,6,1.9459101490553132,0.5904145830538073
4777,1,0.6931471805599453,0.21030991785715247
4778,0,0.0,0.0
4779,5,1.791759469228055,0.5436432511904858
4780,0,0.0,0.0
4781,1,0.6931471805599453,0.21030991785715247
4782,2,1.0986122886681098,0.33333333333333337
4783,2,1.0986122886681098,0.33333333333333337
4784,2,1.0986122886681098,0.33333333333333337
4785,3,1.3862943611198906,0.42061983571430495
4786,2,1.0986122886681098,0.33333333333333337
4787,2,1.0986122886681098,0.33333333333333337
4788,1,0.6931471805599453,0.21030991785715247
4789,1,0.6931471805599453,0.21030991785715247
4790,4,1.6094379124341003,0.4883245069059757
4791,0,0.0,0.0
4792,0,0.0,0.0
4793,3,1.3862943611198906,0.42061983571430495
4794,0,0.0,0.0
4795,4,1.6094379124341003,0.4883245069059757
4796,4,1.6094379124341003,0.4883245069059757
4797,2,1.0986122886681098,0.33333333333333337
4798,2,1.0986122886681098,0.33333333333333337
4799,5,1.791759469228055,0.5436432511904858
4800,2,1.0986122886681098,0.33333333333333337
4801,2,1.0986122886681098,0.33333333333333337
4802,1,0.6931471805599453,0.21030991785715247
4803,2,1.0986122886681098,0.33333333333333337
4804,3,1.3862943611198906,0.42061983571430495
4805,2,1.0986122886681098,0.33333333333333337
4806,1,0.6931471805599453,0.21030991785715247
4807,1,0.6931471805599453,0.21030991785715247
4808,3,1.3862943611198906,0.42061983571430495
4809,3,1.3862943611198906,0.42061983571430495
4810,0,0.0,0.0
4811,1,0.6931471805599453,0.21030991785715247
4812,1,0.6931471805599453,0.21030991785715247
4813,2,1.0986122886681098,0.33333333333333337
4814,2,1.0986122886681098,0.33333333333333337
4815,1,0.6931471805599453,0.21030991785715247
4816,3,1.3862943611198906,0.42061983571430495
4817,2,1.0986122886681098,0.33333333333333337
4818,3,1.3862943611198906,0.42061983571430495
4819,2,1.0986122886681098,0.33333333333333337
4820,3,1.3862943611198906,0.42061983571430495
4821,1,0.6931471805599453,0.21030991785715247
4822,1,0.6931471805599453,0.21030991785715247
4823,1,0.6931471805599453,0.21030991785715247
4824,0,0.0,0.0
4825,3,1.3862943611198906,0.42061983571430495
4826,1,0.6931471805599453,0.21030991785715247
4827,6,1.9459101490553132,0.5904145830538073
4828,0,0.0,0.0
4829,2,1.0986122886681098,0.33333333333333337
4830,2,1.0986122886681098,0.33333333333333337
4831,2,1.0986122886681098,0.33333333333333337
4832,1,0.6931471805599453,0.21030991785715247
4833,2,1.0986122886681098,0.33333333333333337
4834,2,1.0986122886681098,0.33333333333333337
4835,1,0.6931471805599453,0.21030991785715247
4836,1,0.6931471805599453,0.21030991785715247
4837,4,1.6094379124341003,0.4883245069059757
4838,0,0.0,0.0
4839,1,0.6931471805599453,0.21030991785715247
4840,2,1.0986122886681098,0.33333333333333337
4841,4,1.6094379124341003,0.4883245069059757
4842,2,1.0986122886681098,0.33333333333333337
4843,1,0.6931471805599453,0.21030991785715247
4844,2,1.0986122886681098,0.33333333333333337
4845,1,0.6931471805599453,0.21030991785715247
4846,0,0.0,0.0
4847,1,0.6931471805599453,0.21030991785715247
4848,3,1.3862943611198906,0.42061983571430495
4849,2,1.0986122886681098,0.33333333333333337
4850,2,1.0986122886681098,0.33333333333333337
4851,1,0.6931471805599453,0.21030991785715247
4852,2,1.0986122886681098,0.33333333333333337
4853,0,0.0,0.0
4854,3,1.3862943611198906,0.42061983571430495
4855,4,1.6094379124341003,0.4883245069059757
4856,0,0.0,0.0
4857,1,0.6931471805599453,0.21030991785715247
4858,2,1.0986122886681098,0.33333333333333337
4859,1,0.6931471805599453,0.21030991785715247
4860,2,1.0986122886681098,0.33333333333333337
4861,2,1.0986122886681098,0.33333333333333337
4862,1,0.6931471805599453,0.21030991785715247
4863,3,1.3862943611198906,0.42061983571430495
4864,1,0.6931471805599453,0.21030991785715247
4865,1,0.6931471805599453,0.21030991785715247
4866,1,0.6931471805599453,0.21030991785715247
4867,2,1.0986122886681098,0.33333333333333337
4868,1,0.6931471805599453,0.21030991785715247
4869,1,0.6931471805599453,0.21030991785715247
4870,2,1.0986122886681098,0.33333333333333337
4871,2,1.0986122886681098,0.33333333333333337
4872,4,1.6094379124341003,0.4883245069059757
4873,2,1.0986122886681098,0.33333333333333337
4874,1,0.6931471805599453,0.21030991785715247
4875,4,1.6094379124341003,0.4883245069059757
4876,0,0.0,0.0
4877,0,0.0,0.0
4878,1,0.6931471805599453,0.21030991785715247
4879,2,1.0986122886681098,0.33333333333333337
4880,4,1.6094379124341003,0.4883245069059757
4881,3,1.3862943611198906,0.42061983571430495
4882,0,0.0,0.0
4883,1,0.6931471805599453,0.21030991785715247
4884,4,1.6094379124341003,0.4883245069059757
4885,0,0.0,0.0
4886,0,0.0,0.0
4887,1,0.6931471805599453,0.21030991785715247
4888,2,1.0986122886681098,0.33333333333333337
4889,1,0.6931471805599453,0.21030991785715247
4890,0,0.0,0.0
4891,3,1.3862943611198906,0.42061983571430495
4892,1,0.6931471805599453,0.21030991785715247
4893,1,0.6931471805599453,0.21030991785715247
4894,2,1.0986122886681098,0.33333333333333337
4895,2,1.0986122886681098,0.33333333333333337
4896,1,0.6931471805599453,0.21030991785715247
4897,2,1.0986122886681098,0.33333333333333337
4898,1,0.6931471805599453,0.21030991785715247
4899,3,1.3862943611198906,0.42061983571430495
4900,1,0.6931471805599453,0.21030991785715247
4901,3,1.3862943611198906,0.42061983571430495
4902,3,1.3862943611198906,0.42061983571430495
4903,2,1.0986122886681098,0.33333333333333337
4904,0,0.0,0.0
4905,2,1.0986122886681098,0.33333333333333337
4906,2,1.0986122886681098,0.33333333333333337
4907,1,0.6931471805599453,0.21030991785715247
4908,2,1.0986122886681098,0.33333333333333337
4909,0,0.0,0.0
4910,0,0.0,0.0
4911,0,0.0,0.0
4912,3,1.3862943611198906,0.42061983571430495
4913,3,1.3862943611198906,0.42061983571430495
4914,2,1.0986122886681098,0.33333333333333337
4915,1,0.6931471805599453,0.21030991785715247
4916,2,1.0986122886681098,0.33333333333333337
4917,3,1.3862943611198906,0.42061983571430495
4918,1,0.6931471805599453,0.21030991785715247
4919,2,1.0986122886681098,0.33333333333333337
4920,7,2.0794415416798357,0.6309297535714574
4921,0,0.0,0.0
4922,4,1.6094379124341003,0.4883245069059757
4923,0,0.0,0.0
4924,1,0.6931471805599453,0.21030991785715247
4925,3,1.3862943611198906,0.42061983571430495
4926,4,1.6094379124341003,0.4883245069059757
4927,0,0.0,0.0
4928,3,1.3862943611198906,0.42061983571430495
4929,2,1.0986122886681098,0.33333333333333337
4930,1,0.6931471805599453,0.21030991785715247
4931,0,0.0,0.0
4932,0,0.0,0.0
4933,5,1.791759469228055,0.5436432511904858
4934,0,0.0,0.0
4935,1,0.6931471805599453,0.21030991785715247
4936,4,1.6094379124341003,0.4883245069059757
4937,1,0.6931471805599453,0.21030991785715247
4938,2,1.0986122886681098,0.33333333333333337
4939,1,0.6931471805599453,0.21030991785715247
4940,1,0.6931471805599453,0.21030991785715247
4941,1,0.6931471805599453,0.21030991785715247
4942,1,0.6931471805599453,0.21030991785715247
4943,2,1.0986122886681098,0.33333333333333337
4944,2,1.0986122886681098,0.33333333333333337
4945,6,1.9459101490553132,0.5904145830538073
4946,3,1.3862943611198906,0.42061983571430495
4947,4,1.6094379124341003,0.4883245069059757
4948,1,0.6931471805599453,0.21030991785715247
4949,3,1.3862943611198906,0.42061983571430495
4950,3,1.3862943611198906,0.42061983571430495
4951,0,0.0,0.0
4952,2,1.0986122886681098,0.33333333333333337
4953,7,2.0794415416798357,0.6309297535714574
4954,5,1.791759469228055,0.5436432511904858
4955,4,1.6094379124341003,0.4883245069059757
4956,1,0.6931471805599453,0.21030991785715247
4957,1,0.6931471805599453,0.21030991785715247
4958,5,1.791759469228055,0.5436432511904858
4959,1,0.6931471805599453,0.21030991785715247
4960,3,1.3862943611198906,0.42061983571430495
4961,3,1.3862943611198906,0.42061983571430495
4962,2,1.0986122886681098,0.33333333333333337
4963,2,1.0986122886681098,0.33333333333333337
4964,0,0.0,0.0
4965,2,1.0986122886681098,0.33333333333333337
4966,2,1.0986122886681098,0.33333333333333337
4967,2,1.0986122886681098,0.33333333333333337
4968,4,1.6094379124341003,0.4883245069059757
4969,1,0.6931471805599453,0.21030991785715247
4970,2,1.0986122886681098,0.33333333333333337
4971,3,1.3862943611198906,0.42061983571430495
4972,3,1.3862943611198906,0.42061983571430495
4973,1,0.6931471805599453,0.21030991785715247
4974,1,0.6931471805599453,0.21030991785715247
4975,2,1.0986122886681098,0.33333333333333337
4976,2,1.0986122886681098,0.33333333333333337
4977,3,1.3862943611198906,0.42061983571430495
4978,3,1.3862943611198906,0.42061983571430495
4979,3,1.3862943611198906,0.42061983571430495
4980,0,0.0,0.0
4981,1,0.6931471805599453,0.21030991785715247
4982,2,1.0986122886681098,0.33333333333333337
4983,5,1.791759469228055,0.5436432511904858
4984,1,0.6931471805599453,0.21030991785715247
4985,2,1.0986122886681098,0.33333333333333337
4986,2,1.0986122886681098,0.33333333333333337
4987,1,0.6931471805599453,0.21030991785715247
4988,3,1.3862943611198906,0.42061983571430495
4989,3,1.3862943611198906,0.42061983571430495
4990,3,1.3862943611198906,0.42061983571430495
4991,1,0.6931471805599453,0.21030991785715247
4992,0,0.0,0.0
4993,2,1.0986122886681098,0.33333333333333337
4994,1,0.6931471805599453,0.21030991785715247
4995,2,1.0986122886681098,0.33333333333333337
4996,0,0.0,0.0
4997,0,0.0,0.0
4998,0,0.0,0.0
4999,2,1.0986122886681098,0.33333333333333337
5000,2,1.0986122886681098,0.33333333333333337
5001,3,1.3862943611198906,0.42061983571430495
5002,1,0.6931471805599453,0.21030991785715247
5003,3,1.3862943611198906,0.42061983571430495
5004,3,1.3862943611198906,0.42061983571430495
5005,3,1.3862943611198906,0.42061983571430495
5006,1,0.6931471805599453,0.21030991785715247
5007,3,1.3862943611198906,0.42061983571430495
5008,2,1.0986122886681098,0.33333333333333337
5009,0,0.0,0.0
5010,0,0.0,0.0
5011,0,0.0,0.0
5012,3,1.3862943611198906,0.42061983571430495
5013,2,1.0986122886681098,0.33333333333333337
5014,0,0.0,0.0
5015,2,1.0986122886681098,0.33333333333333337
5016,1,0.6931471805599453,0.21030991785715247
5017,1,0.6931471805599453,0.21030991785715247
5018,0,0.0,0.0
5019,2,1.0986122886681098,0.33333333333333337
5020,1,0.6931471805599453,0.21030991785715247
5021,0,0.0,0.0
5022,1,0.6931471805599453,0.21030991785715247
5023,0,0.0,0.0
5024,1,0.6931471805599453,0.21030991785715247
5025,0,0.0,0.0
5026,3,1.3862943611198906,0.42061983571430495
5027,1,0.6931471805599453,0.21030991785715247
5028,0,0.0,0.0
5029,1,0.6931471805599453,0.21030991785715247
5030,2,1.0986122886681098,0.33333333333333337
5031,3,1.3862943611198906,0.42061983571430495
5032,0,0.0,0.0
5033,0,0.0,0.0
5034,3,1.3862943611198906,0.42061983571430495
5035,3,1.3862943611198906,0.42061983571430495
5036,2,1.0986122886681098,0.33333333333333337
5037,1,0.6931471805599453,0.21030991785715247
5038,0,0.0,0.0
5039,3,1.3862943611198906,0.42061983571430495
5040,3,1.3862943611198906,0.42061983571430495
5041,1,0.6931471805599453,0.21030991785715247
5042,1,0.6931471805599453,0.21030991785715247
5043,1,0.6931471805599453,0.21030991785715247
5044,1,0.6931471805599453,0.21030991785715247
5045,1,0.6931471805599453,0.21030991785715247
5046,0,0.0,0.0
5047,3,1.3862943611198906,0.42061983571430495
5048,1,0.6931471805599453,0.21030991785715247
5049,0,0.0,0.0
5050,2,1.0986122886681098,0.33333333333333337
5051,1,0.6931471805599453,0.21030991785715247
5052,1,0.6931471805599453,0.21030991785715247
5053,2,1.0986122886681098,0.33333333333333337
5054,0,0.0,0.0
5055,1,0.6931471805599453,0.21030991785715247
5056,2,1.0986122886681098,0.33333333333333337
5057,0,0.0,0.0
5058,1,0.6931471805599453,0.21030991785715247
5059,2,1.0986122886681098,0.33333333333333337
