user_id,product_id,count,persona
u_0000,1969,1,breakfast_shopper
u_0000,4521,1,breakfast_shopper
u_0000,4586,1,breakfast_shopper
u_0000,4475,1,breakfast_shopper
u_0000,2391,1,breakfast_shopper
u_0000,3494,1,breakfast_shopper
u_0000,3338,1,breakfast_shopper
u_0000,3260,1,breakfast_shopper
u_0000,4142,1,breakfast_shopper
u_0000,2443,1,breakfast_shopper
u_0000,1195,1,breakfast_shopper
u_0000,198,1,breakfast_shopper
u_0000,4169,1,breakfast_shopper
u_0000,524,1,breakfast_shopper
u_0000,55,1,breakfast_shopper
u_0000,251,1,breakfast_shopper
u_0000,4318,1,breakfast_shopper
u_0000,4418,1,breakfast_shopper
u_0000,4537,1,breakfast_shopper
u_0000,2309,1,breakfast_shopper
u_0000,531,1,breakfast_shopper
u_0000,2334,1,breakfast_shopper
u_0000,3168,1,breakfast_shopper
u_0000,4166,1,breakfast_shopper
u_0000,3663,1,breakfast_shopper
u_0000,11,1,breakfast_shopper
u_0000,4454,1,breakfast_shopper
u_0000,4160,1,breakfast_shopper
u_0000,239,1,breakfast_shopper
u_0000,3602,1,breakfast_shopper
u_0000,814,1,breakfast_shopper
u_0000,4273,1,breakfast_shopper
u_0000,15,1,breakfast_shopper
u_0000,2649,1,breakfast_shopper
u_0000,54,1,breakfast_shopper
u_0000,4279,1,breakfast_shopper
u_0000,4223,1,breakfast_shopper
u_0000,2731,1,breakfast_shopper
u_0000,4304,1,breakfast_shopper
u_0001,539,1,gourmet
u_0001,1914,1,gourmet
u_0001,2113,1,gourmet
u_0001,1035,1,gourmet
u_0001,1068,1,gourmet
u_0001,2145,1,gourmet
u_0001,1323,1,gourmet
u_0001,2066,1,gourmet
u_0001,1827,1,gourmet
u_0001,347,1,gourmet
u_0001,2554,1,gourmet
u_0001,2938,1,gourmet
u_0001,691,1,gourmet
u_0001,1432,1,gourmet
u_0001,2252,1,gourmet
u_0001,706,1,gourmet
u_0001,1968,1,gourmet
u_0001,1540,1,gourmet
u_0001,2075,1,gourmet
u_0001,860,1,gourmet
u_0001,2767,1,gourmet
u_0001,983,1,gourmet
u_0001,2385,1,gourmet
u_0001,1167,1,gourmet
u_0001,1875,1,gourmet
u_0001,1033,1,gourmet
u_0001,2694,1,gourmet
u_0001,3110,1,gourmet
u_0001,1996,1,gourmet
u_0001,4711,1,gourmet
u_0001,3914,1,gourmet
u_0001,138,1,gourmet
u_0001,2711,1,gourmet
u_0001,2224,1,gourmet
u_0001,104,1,gourmet
u_0001,1890,1,gourmet
u_0001,1029,1,gourmet
u_0001,2176,1,gourmet
u_0002,2986,1,household_stocker
u_0002,731,1,household_stocker
u_0002,3215,1,household_stocker
u_0002,2895,1,household_stocker
u_0002,636,1,household_stocker
u_0002,3204,1,household_stocker
u_0002,2671,1,household_stocker
u_0002,2804,1,household_stocker
u_0002,3021,1,household_stocker
u_0002,2445,1,household_stocker
u_0002,2798,1,household_stocker
u_0002,2665,1,household_stocker
u_0002,2009,1,household_stocker
u_0002,1619,1,household_stocker
u_0002,1358,1,household_stocker
u_0002,412,1,household_stocker
u_0002,1618,1,household_stocker
u_0002,2841,1,household_stocker
u_0002,3078,1,household_stocker
u_0002,2776,1,household_stocker
u_0002,2409,1,household_stocker
u_0002,3010,1,household_stocker
u_0002,2719,1,household_stocker
u_0002,2640,1,household_stocker
u_0002,1089,1,household_stocker
u_0002,2455,1,household_stocker
u_0002,1239,1,household_stocker
u_0002,571,1,household_stocker
u_0002,1312,1,household_stocker
u_0002,255,1,household_stocker
u_0002,2465,1,household_stocker
u_0002,2589,1,household_stocker
u_0002,2764,1,household_stocker
u_0002,1684,1,household_stocker
u_0002,332,1,household_stocker
u_0002,4106,1,household_stocker
u_0002,2990,1,household_stocker
u_0002,803,1,household_stocker
u_0002,3150,1,household_stocker
u_0003,2755,1,gourmet
u_0003,638,1,gourmet
u_0003,2004,1,gourmet
u_0003,1851,1,gourmet
u_0003,1822,1,gourmet
u_0003,1314,1,gourmet
u_0003,2978,1,gourmet
u_0003,4096,1,gourmet
u_0003,670,1,gourmet
u_0003,1912,1,gourmet
u_0003,183,1,gourmet
u_0003,2347,1,gourmet
u_0003,79,1,gourmet
u_0003,3049,1,gourmet
u_0003,708,1,gourmet
u_0003,2127,1,gourmet
u_0003,1257,1,gourmet
u_0003,2306,1,gourmet
u_0003,2456,1,gourmet
u_0003,1009,1,gourmet
u_0003,1987,1,gourmet
u_0003,3456,1,gourmet
u_0003,2447,1,gourmet
u_0003,4514,1,gourmet
u_0003,752,1,gourmet
u_0003,2279,1,gourmet
u_0003,652,1,gourmet
u_0003,2233,1,gourmet
u_0003,2792,1,gourmet
u_0003,2013,1,gourmet
u_0003,1894,1,gourmet
u_0003,2229,1,gourmet
u_0003,1863,1,gourmet
u_0003,3064,1,gourmet
u_0003,2602,1,gourmet
u_0003,4183,1,gourmet
u_0003,2948,1,gourmet
u_0003,1304,1,gourmet
u_0003,2429,1,gourmet
u_0003,1886,1,gourmet
u_0003,2186,1,gourmet
u_0003,892,2,gourmet
u_0003,2554,1,gourmet
u_0003,1872,1,gourmet
u_0004,3808,1,snack_lover
u_0004,4089,1,snack_lover
u_0004,3257,1,snack_lover
u_0004,4309,1,snack_lover
u_0004,4514,1,snack_lover
u_0004,3932,1,snack_lover
u_0004,3598,1,snack_lover
u_0004,4178,1,snack_lover
u_0004,1124,1,snack_lover
u_0004,748,1,snack_lover
u_0004,3216,1,snack_lover
u_0004,4512,1,snack_lover
u_0004,2492,1,snack_lover
u_0004,2795,1,snack_lover
u_0004,1796,1,snack_lover
u_0004,3894,1,snack_lover
u_0004,3582,1,snack_lover
u_0004,1505,1,snack_lover
u_0004,3476,1,snack_lover
u_0004,3977,1,snack_lover
u_0004,4001,1,snack_lover
u_0004,408,1,snack_lover
u_0004,4946,1,snack_lover
u_0004,3435,1,snack_lover
u_0004,4290,1,snack_lover
u_0004,3483,1,snack_lover
u_0004,3906,1,snack_lover
u_0004,4539,1,snack_lover
u_0004,4123,1,snack_lover
u_0004,4193,1,snack_lover
u_0004,3565,1,snack_lover
u_0004,3692,1,snack_lover
u_0004,3618,1,snack_lover
u_0004,622,1,snack_lover
u_0004,3174,1,snack_lover
u_0004,3905,1,snack_lover
u_0004,4669,1,snack_lover
u_0004,4126,1,snack_lover
u_0004,3553,1,snack_lover
u_0004,4077,1,snack_lover
u_0004,4134,1,snack_lover
u_0004,4057,1,snack_lover
u_0004,3655,1,snack_lover
u_0004,3294,1,snack_lover
u_0004,3734,1,snack_lover
u_0004,3488,1,snack_lover
u_0004,3673,1,snack_lover
u_0004,3679,1,snack_lover
u_0005,3503,1,snack_lover
u_0005,2623,1,snack_lover
u_0005,4430,1,snack_lover
u_0005,3287,1,snack_lover
u_0005,4118,1,snack_lover
u_0005,3445,2,snack_lover
u_0005,415,1,snack_lover
u_0005,2865,1,snack_lover
u_0005,3886,1,snack_lover
u_0005,3473,1,snack_lover
u_0005,1902,1,snack_lover
u_0005,3163,1,snack_lover
u_0005,4192,1,snack_lover
u_0005,2695,1,snack_lover
u_0005,3738,1,snack_lover
u_0005,3743,1,snack_lover
u_0005,1003,1,snack_lover
u_0005,3401,1,snack_lover
u_0005,3714,1,snack_lover
u_0005,3458,2,snack_lover
u_0005,3840,1,snack_lover
u_0005,4375,1,snack_lover
u_0005,4026,1,snack_lover
u_0005,3610,1,snack_lover
u_0006,166,1,veg_cook
u_0006,2797,1,veg_cook
u_0006,588,1,veg_cook
u_0006,267,1,veg_cook
u_0006,521,1,veg_cook
u_0006,3022,1,veg_cook
u_0006,570,2,veg_cook
u_0006,655,1,veg_cook
u_0006,1037,1,veg_cook
u_0006,913,1,veg_cook
u_0006,1343,1,veg_cook
u_0006,1967,1,veg_cook
u_0006,1263,1,veg_cook
u_0006,777,1,veg_cook
u_0006,2046,1,veg_cook
u_0006,1420,1,veg_cook
u_0006,2088,1,veg_cook
u_0006,682,1,veg_cook
u_0006,483,1,veg_cook
u_0006,2252,1,veg_cook
u_0006,2052,1,veg_cook
u_0006,2149,1,veg_cook
u_0006,1956,1,veg_cook
u_0006,3072,1,veg_cook
u_0006,648,1,veg_cook
u_0006,704,1,veg_cook
u_0006,2208,1,veg_cook
u_0006,2082,1,veg_cook
u_0006,2122,1,veg_cook
u_0006,2023,1,veg_cook
u_0006,2062,1,veg_cook
u_0006,1398,1,veg_cook
u_0006,1148,1,veg_cook
u_0006,2385,1,veg_cook
u_0006,911,1,veg_cook
u_0006,173,1,veg_cook
u_0006,1547,1,veg_cook
u_0006,802,1,veg_cook
u_0006,2295,1,veg_cook
u_0006,2929,1,veg_cook
u_0006,1910,1,veg_cook
u_0006,1175,1,veg_cook
u_0006,3618,1,veg_cook
u_0006,1530,1,veg_cook
u_0006,2249,1,veg_cook
u_0007,3270,1,snack_lover
u_0007,3283,1,snack_lover
u_0007,3399,1,snack_lover
u_0007,3277,2,snack_lover
u_0007,3421,1,snack_lover
u_0007,3649,1,snack_lover
u_0007,3171,1,snack_lover
u_0007,3651,1,snack_lover
u_0007,3488,1,snack_lover
u_0007,3396,1,snack_lover
u_0007,3032,1,snack_lover
u_0007,3235,1,snack_lover
u_0007,3110,1,snack_lover
u_0007,524,1,snack_lover
u_0007,4479,1,snack_lover
u_0007,1865,1,snack_lover
u_0007,1238,1,snack_lover
u_0007,2875,1,snack_lover
u_0007,3376,1,snack_lover
u_0007,3278,1,snack_lover
u_0007,2925,1,snack_lover
u_0007,3550,1,snack_lover
u_0007,3290,1,snack_lover
u_0007,562,1,snack_lover
u_0007,2992,1,snack_lover
u_0007,3289,1,snack_lover
u_0007,2308,1,snack_lover
u_0007,3908,1,snack_lover
u_0007,4509,1,snack_lover
u_0007,3544,1,snack_lover
u_0007,4483,1,snack_lover
u_0007,3755,1,snack_lover
u_0007,2053,1,snack_lover
u_0007,2866,1,snack_lover
u_0007,2353,1,snack_lover
u_0007,3525,1,snack_lover
u_0007,3378,1,snack_lover
u_0007,3080,1,snack_lover
u_0007,3785,1,snack_lover
u_0007,3620,1,snack_lover
u_0007,3483,1,snack_lover
u_0007,2207,1,snack_lover
u_0007,3312,1,snack_lover
u_0007,3504,1,snack_lover
u_0007,3832,1,snack_lover
u_0007,3426,1,snack_lover
u_0007,4133,1,snack_lover
u_0008,3869,1,snack_lover
u_0008,3947,1,snack_lover
u_0008,1390,1,snack_lover
u_0008,3988,1,snack_lover
u_0008,2963,1,snack_lover
u_0008,3386,1,snack_lover
u_0008,3896,1,snack_lover
u_0008,3313,1,snack_lover
u_0008,3763,1,snack_lover
u_0008,3654,1,snack_lover
u_0008,3407,1,snack_lover
u_0008,4388,1,snack_lover
u_0008,3301,1,snack_lover
u_0008,3613,1,snack_lover
u_0008,3692,1,snack_lover
u_0008,2098,1,snack_lover
u_0008,4024,1,snack_lover
u_0008,3376,1,snack_lover
u_0008,4092,1,snack_lover
u_0008,3427,1,snack_lover
u_0008,4841,1,snack_lover
u_0008,1037,1,snack_lover
u_0008,3034,1,snack_lover
u_0008,3051,1,snack_lover
u_0008,3522,1,snack_lover
u_0008,3402,1,snack_lover
u_0008,4552,1,snack_lover
u_0008,3443,1,snack_lover
u_0008,4063,1,snack_lover
u_0008,4263,1,snack_lover
u_0008,3718,1,snack_lover
u_0008,3727,1,snack_lover
u_0008,3751,1,snack_lover
u_0008,3329,1,snack_lover
u_0008,4138,1,snack_lover
u_0008,2960,1,snack_lover
u_0008,3781,1,snack_lover
u_0008,1790,1,snack_lover
u_0008,2789,1,snack_lover
u_0008,3587,1,snack_lover
u_0009,3060,1,household_stocker
u_0009,2666,1,household_stocker
u_0009,2349,1,household_stocker
u_0009,3077,1,household_stocker
u_0009,733,1,household_stocker
u_0009,3078,1,household_stocker
u_0009,2914,1,household_stocker
u_0009,2840,1,household_stocker
u_0009,2926,1,household_stocker
u_0009,2701,1,household_stocker
u_0009,2338,1,household_stocker
u_0009,2069,1,household_stocker
u_0009,14,1,household_stocker
u_0009,1916,1,household_stocker
u_0009,2886,1,household_stocker
u_0009,2395,1,household_stocker
u_0009,720,1,household_stocker
u_0009,2892,1,household_stocker
u_0009,2845,1,household_stocker
u_0009,2262,1,household_stocker
u_0009,1817,1,household_stocker
u_0009,973,1,household_stocker
u_0009,1111,1,household_stocker
u_0009,3065,1,household_stocker
u_0009,3036,1,household_stocker
u_0009,2425,1,household_stocker
u_0009,2998,1,household_stocker
u_0009,3742,1,household_stocker
u_0010,3735,1,snack_lover
u_0010,3404,1,snack_lover
u_0010,4246,1,snack_lover
u_0010,3730,1,snack_lover
u_0010,4452,1,snack_lover
u_0010,3123,1,snack_lover
u_0010,4521,1,snack_lover
u_0010,3691,1,snack_lover
u_0010,3502,1,snack_lover
u_0010,3235,1,snack_lover
u_0010,3411,1,snack_lover
u_0010,3356,1,snack_lover
u_0010,3645,1,snack_lover
u_0010,4117,1,snack_lover
u_0010,3608,1,snack_lover
u_0010,3260,1,snack_lover
u_0010,3688,1,snack_lover
u_0010,3999,1,snack_lover
u_0010,3666,1,snack_lover
u_0010,3672,1,snack_lover
u_0010,4427,1,snack_lover
u_0010,4271,1,snack_lover
u_0010,3940,1,snack_lover
u_0010,3049,1,snack_lover
u_0010,3953,1,snack_lover
u_0010,3229,1,snack_lover
u_0010,4761,1,snack_lover
u_0010,3437,1,snack_lover
u_0010,3238,1,snack_lover
u_0011,3586,1,snack_lover
u_0011,2981,1,snack_lover
u_0011,2012,1,snack_lover
u_0011,3781,1,snack_lover
u_0011,2801,1,snack_lover
u_0011,3540,1,snack_lover
u_0011,3033,1,snack_lover
u_0011,4037,1,snack_lover
u_0011,4054,1,snack_lover
u_0011,3616,1,snack_lover
u_0011,2796,1,snack_lover
u_0011,3341,1,snack_lover
u_0011,3545,1,snack_lover
u_0011,742,1,snack_lover
u_0011,4088,1,snack_lover
u_0011,3539,1,snack_lover
u_0011,3654,1,snack_lover
u_0011,4136,1,snack_lover
u_0011,4166,1,snack_lover
u_0011,3520,1,snack_lover
u_0011,4451,1,snack_lover
u_0011,2882,1,snack_lover
u_0011,2799,1,snack_lover
u_0011,3626,1,snack_lover
u_0011,3499,1,snack_lover
u_0011,4472,1,snack_lover
u_0011,3611,1,snack_lover
u_0011,2866,1,snack_lover
u_0012,3507,1,snack_lover
u_0012,4080,1,snack_lover
u_0012,4359,1,snack_lover
u_0012,4084,1,snack_lover
u_0012,3947,2,snack_lover
u_0012,4506,1,snack_lover
u_0012,4045,1,snack_lover
u_0012,3231,1,snack_lover
u_0012,3608,1,snack_lover
u_0012,4424,1,snack_lover
u_0012,4055,1,snack_lover
u_0012,4482,1,snack_lover
u_0012,3811,1,snack_lover
u_0012,3389,1,snack_lover
u_0012,3345,1,snack_lover
u_0012,4598,1,snack_lover
u_0012,3695,1,snack_lover
u_0012,3279,2,snack_lover
u_0012,2894,1,snack_lover
u_0012,3828,1,snack_lover
u_0012,3712,1,snack_lover
u_0012,3665,1,snack_lover
u_0012,3251,1,snack_lover
u_0012,3468,1,snack_lover
u_0012,4787,1,snack_lover
u_0012,4110,1,snack_lover
u_0012,3437,1,snack_lover
u_0012,3452,1,snack_lover
u_0012,3233,1,snack_lover
u_0012,3737,1,snack_lover
u_0012,3503,1,snack_lover
u_0012,3905,1,snack_lover
u_0012,3325,1,snack_lover
u_0012,1167,1,snack_lover
u_0012,1587,1,snack_lover
u_0012,4465,1,snack_lover
u_0012,3440,1,snack_lover
u_0012,3304,1,snack_lover
u_0012,3376,1,snack_lover
u_0012,3417,1,snack_lover
u_0012,3576,1,snack_lover
u_0012,3268,1,snack_lover
u_0012,1673,1,snack_lover
u_0012,3992,1,snack_lover
u_0013,283,1,gourmet
u_0013,1002,1,gourmet
u_0013,2288,1,gourmet
u_0013,4666,1,gourmet
u_0013,2602,1,gourmet
u_0013,1834,1,gourmet
u_0013,158,1,gourmet
u_0013,255,1,gourmet
u_0013,2102,1,gourmet
u_0013,127,1,gourmet
u_0013,2241,1,gourmet
u_0013,113,1,gourmet
u_0013,1395,1,gourmet
u_0013,1334,1,gourmet
u_0013,165,1,gourmet
u_0013,1463,1,gourmet
u_0013,1954,1,gourmet
u_0013,2456,1,gourmet
u_0013,4257,1,gourmet
u_0013,661,1,gourmet
u_0013,2792,1,gourmet
u_0013,944,1,gourmet
u_0013,1123,1,gourmet
u_0013,1171,1,gourmet
u_0013,1247,1,gourmet
u_0013,2657,1,gourmet
u_0013,786,1,gourmet
u_0013,1917,1,gourmet
u_0013,39,1,gourmet
u_0013,2984,1,gourmet
u_0013,2233,1,gourmet
u_0013,3017,1,gourmet
u_0013,3128,1,gourmet
u_0013,701,1,gourmet
u_0013,3829,1,gourmet
u_0013,2865,1,gourmet
u_0013,2170,1,gourmet
u_0013,399,1,gourmet
u_0013,1951,1,gourmet
u_0013,797,1,gourmet
u_0013,2774,1,gourmet
u_0013,5048,1,gourmet
u_0014,3159,1,veg_cook
u_0014,841,1,veg_cook
u_0014,3428,1,veg_cook
u_0014,2503,1,veg_cook
u_0014,784,1,veg_cook
u_0014,1896,1,veg_cook
u_0014,2360,1,veg_cook
u_0014,1233,1,veg_cook
u_0014,693,1,veg_cook
u_0014,5043,1,veg_cook
u_0014,1908,1,veg_cook
u_0014,744,1,veg_cook
u_0014,2684,1,veg_cook
u_0014,889,1,veg_cook
u_0014,3262,1,veg_cook
u_0014,33,1,veg_cook
u_0014,766,1,veg_cook
u_0014,1689,1,veg_cook
u_0014,3338,1,veg_cook
u_0014,1917,1,veg_cook
u_0014,890,1,veg_cook
u_0014,573,1,veg_cook
u_0014,1001,1,veg_cook
u_0014,1853,1,veg_cook
u_0014,4117,1,veg_cook
u_0014,3085,1,veg_cook
u_0014,2449,1,veg_cook
u_0014,696,1,veg_cook
u_0015,537,1,breakfast_shopper
u_0015,181,1,breakfast_shopper
u_0015,892,1,breakfast_shopper
u_0015,1065,1,breakfast_shopper
u_0015,719,1,breakfast_shopper
u_0015,4429,1,breakfast_shopper
u_0015,2721,1,breakfast_shopper
u_0015,6,1,breakfast_shopper
u_0015,4437,1,breakfast_shopper
u_0015,1091,1,breakfast_shopper
u_0015,3594,1,breakfast_shopper
u_0015,2538,1,breakfast_shopper
u_0015,2498,1,breakfast_shopper
u_0015,710,1,breakfast_shopper
u_0015,4272,1,breakfast_shopper
u_0015,249,1,breakfast_shopper
u_0015,414,1,breakfast_shopper
u_0015,2606,1,breakfast_shopper
u_0015,1631,1,breakfast_shopper
u_0015,4417,1,breakfast_shopper
u_0015,89,1,breakfast_shopper
u_0015,3609,1,breakfast_shopper
u_0015,803,1,breakfast_shopper
u_0015,4208,1,breakfast_shopper
u_0015,4438,1,breakfast_shopper
u_0015,3520,1,breakfast_shopper
u_0015,3109,1,breakfast_shopper
u_0015,2352,1,breakfast_shopper
u_0015,619,1,breakfast_shopper
u_0016,51,1,gourmet
u_0016,1905,1,gourmet
u_0016,733,1,gourmet
u_0016,583,1,gourmet
u_0016,2963,1,gourmet
u_0016,382,1,gourmet
u_0016,1946,1,gourmet
u_0016,2576,1,gourmet
u_0016,1796,1,gourmet
u_0016,332,1,gourmet
u_0016,1136,1,gourmet
u_0016,2262,1,gourmet
u_0016,541,1,gourmet
u_0016,2205,1,gourmet
u_0016,2608,1,gourmet
u_0016,2115,1,gourmet
u_0016,1663,1,gourmet
u_0016,2171,1,gourmet
u_0016,449,1,gourmet
u_0016,2036,1,gourmet
u_0016,1864,1,gourmet
u_0016,576,1,gourmet
u_0016,3836,1,gourmet
u_0016,773,1,gourmet
u_0016,2471,1,gourmet
u_0016,2651,1,gourmet
u_0016,272,1,gourmet
u_0016,2596,1,gourmet
u_0016,168,1,gourmet
u_0016,2177,1,gourmet
u_0016,727,1,gourmet
u_0016,2235,1,gourmet
u_0016,1948,1,gourmet
u_0016,39,1,gourmet
u_0016,2134,1,gourmet
u_0017,500,1,festival_shopper
u_0017,2579,1,festival_shopper
u_0017,1477,1,festival_shopper
u_0017,770,1,festival_shopper
u_0017,457,1,festival_shopper
u_0017,1894,1,festival_shopper
u_0017,4479,1,festival_shopper
u_0017,2448,1,festival_shopper
u_0017,2428,1,festival_shopper
u_0017,1828,1,festival_shopper
u_0017,4210,1,festival_shopper
u_0017,153,1,festival_shopper
u_0017,247,1,festival_shopper
u_0017,159,1,festival_shopper
u_0017,230,1,festival_shopper
u_0017,194,1,festival_shopper
u_0017,720,1,festival_shopper
u_0017,1614,1,festival_shopper
u_0017,2802,1,festival_shopper
u_0017,1831,1,festival_shopper
u_0017,2378,1,festival_shopper
u_0017,175,1,festival_shopper
u_0017,72,1,festival_shopper
u_0017,2300,1,festival_shopper
u_0018,3333,1,household_stocker
u_0018,1652,1,household_stocker
u_0018,2588,1,household_stocker
u_0018,2605,1,household_stocker
u_0018,2865,1,household_stocker
u_0018,1426,1,household_stocker
u_0018,2981,1,household_stocker
u_0018,2198,1,household_stocker
u_0018,2909,1,household_stocker
u_0018,2923,1,household_stocker
u_0018,1571,1,household_stocker
u_0018,2200,1,household_stocker
u_0018,2823,1,household_stocker
u_0018,1182,1,household_stocker
u_0018,2412,1,household_stocker
u_0018,3020,1,household_stocker
u_0018,541,1,household_stocker
u_0018,101,1,household_stocker
u_0018,2486,1,household_stocker
u_0018,2680,1,household_stocker
u_0018,851,1,household_stocker
u_0018,2838,1,household_stocker
u_0018,2847,1,household_stocker
u_0018,3199,1,household_stocker
u_0018,3688,1,household_stocker
u_0018,2567,1,household_stocker
u_0018,1322,1,household_stocker
u_0018,29,1,household_stocker
u_0018,301,1,household_stocker
u_0018,3155,1,household_stocker
u_0018,3133,1,household_stocker
u_0018,3107,1,household_stocker
u_0018,2632,1,household_stocker
u_0018,2866,1,household_stocker
u_0018,178,1,household_stocker
u_0018,2928,1,household_stocker
u_0018,2583,1,household_stocker
u_0019,356,1,fruit_lover
u_0019,635,1,fruit_lover
u_0019,1030,1,fruit_lover
u_0019,9,1,fruit_lover
u_0019,3496,1,fruit_lover
u_0019,816,1,fruit_lover
u_0019,1931,1,fruit_lover
u_0019,1216,1,fruit_lover
u_0019,2285,2,fruit_lover
u_0019,386,1,fruit_lover
u_0019,1845,1,fruit_lover
u_0019,281,1,fruit_lover
u_0019,353,1,fruit_lover
u_0019,2079,1,fruit_lover
u_0019,1258,1,fruit_lover
u_0019,375,1,fruit_lover
u_0019,742,1,fruit_lover
u_0019,2180,1,fruit_lover
u_0019,1879,1,fruit_lover
u_0019,198,1,fruit_lover
u_0019,292,1,fruit_lover
u_0019,1996,1,fruit_lover
u_0019,1885,1,fruit_lover
u_0019,544,1,fruit_lover
u_0019,2434,1,fruit_lover
u_0019,2254,1,fruit_lover
u_0019,1022,1,fruit_lover
u_0019,660,1,fruit_lover
u_0019,804,1,fruit_lover
u_0020,3239,1,breakfast_shopper
u_0020,4580,1,breakfast_shopper
u_0020,776,1,breakfast_shopper
u_0020,319,1,breakfast_shopper
u_0020,2554,1,breakfast_shopper
u_0020,731,1,breakfast_shopper
u_0020,4394,1,breakfast_shopper
u_0020,4200,1,breakfast_shopper
u_0020,368,1,breakfast_shopper
u_0020,4473,1,breakfast_shopper
u_0020,2582,1,breakfast_shopper
u_0020,2047,1,breakfast_shopper
u_0020,2706,1,breakfast_shopper
u_0020,4646,1,breakfast_shopper
u_0020,2381,1,breakfast_shopper
u_0020,4371,1,breakfast_shopper
u_0020,4302,1,breakfast_shopper
u_0020,1378,1,breakfast_shopper
u_0020,4,1,breakfast_shopper
u_0020,3964,1,breakfast_shopper
u_0020,4483,1,breakfast_shopper
u_0020,912,1,breakfast_shopper
u_0020,4487,1,breakfast_shopper
u_0020,136,1,breakfast_shopper
u_0020,639,1,breakfast_shopper
u_0020,2373,1,breakfast_shopper
u_0020,387,1,breakfast_shopper
u_0020,4505,1,breakfast_shopper
u_0021,952,1,festival_shopper
u_0021,3130,1,festival_shopper
u_0021,4168,1,festival_shopper
u_0021,5029,1,festival_shopper
u_0021,983,1,festival_shopper
u_0021,1748,1,festival_shopper
u_0021,1812,1,festival_shopper
u_0021,1970,1,festival_shopper
u_0021,335,1,festival_shopper
u_0021,2601,1,festival_shopper
u_0021,737,1,festival_shopper
u_0021,67,1,festival_shopper
u_0021,222,1,festival_shopper
u_0021,1546,1,festival_shopper
u_0021,1417,1,festival_shopper
u_0021,1794,1,festival_shopper
u_0021,798,1,festival_shopper
u_0021,357,1,festival_shopper
u_0021,2373,1,festival_shopper
u_0021,1759,1,festival_shopper
u_0021,2476,1,festival_shopper
u_0021,2624,1,festival_shopper
u_0021,489,1,festival_shopper
u_0021,648,1,festival_shopper
u_0021,681,1,festival_shopper
u_0021,1994,1,festival_shopper
u_0021,2065,1,festival_shopper
u_0021,1578,1,festival_shopper
u_0021,2537,1,festival_shopper
u_0021,718,1,festival_shopper
u_0021,653,1,festival_shopper
u_0021,1493,1,festival_shopper
u_0021,1576,1,festival_shopper
u_0021,1618,1,festival_shopper
u_0021,2527,1,festival_shopper
u_0021,1391,1,festival_shopper
u_0022,2492,1,veg_cook
u_0022,741,1,veg_cook
u_0022,1089,1,veg_cook
u_0022,642,1,veg_cook
u_0022,2427,1,veg_cook
u_0022,911,1,veg_cook
u_0022,2004,2,veg_cook
u_0022,362,1,veg_cook
u_0022,1099,1,veg_cook
u_0022,2387,1,veg_cook
u_0022,3286,1,veg_cook
u_0022,824,1,veg_cook
u_0022,4306,1,veg_cook
u_0022,179,1,veg_cook
u_0022,1169,1,veg_cook
u_0022,601,1,veg_cook
u_0022,2676,1,veg_cook
u_0022,3584,1,veg_cook
u_0022,2236,1,veg_cook
u_0022,516,1,veg_cook
u_0022,714,1,veg_cook
u_0022,1365,1,veg_cook
u_0022,2927,1,veg_cook
u_0022,1465,1,veg_cook
u_0022,2155,1,veg_cook
u_0022,2399,1,veg_cook
u_0022,827,1,veg_cook
u_0022,2646,1,veg_cook
u_0022,3614,1,veg_cook
u_0022,755,1,veg_cook
u_0022,1281,1,veg_cook
u_0022,524,1,veg_cook
u_0022,2987,1,veg_cook
u_0022,1998,1,veg_cook
u_0022,735,1,veg_cook
u_0022,1390,1,veg_cook
u_0022,804,1,veg_cook
u_0022,914,1,veg_cook
u_0022,536,1,veg_cook
u_0022,435,1,veg_cook
u_0022,2181,1,veg_cook
u_0023,4587,1,snack_lover
u_0023,3836,1,snack_lover
u_0023,3757,1,snack_lover
u_0023,3869,1,snack_lover
u_0023,3693,1,snack_lover
u_0023,3600,1,snack_lover
u_0023,4171,1,snack_lover
u_0023,4633,1,snack_lover
u_0023,3674,1,snack_lover
u_0023,4019,1,snack_lover
u_0023,4313,1,snack_lover
u_0023,3336,1,snack_lover
u_0023,3992,1,snack_lover
u_0023,4256,1,snack_lover
u_0023,3635,1,snack_lover
u_0023,3622,1,snack_lover
u_0023,3873,1,snack_lover
u_0023,3315,1,snack_lover
u_0023,3270,1,snack_lover
u_0023,265,1,snack_lover
u_0023,3559,1,snack_lover
u_0023,3318,1,snack_lover
u_0023,3439,1,snack_lover
u_0023,3719,1,snack_lover
u_0023,4004,1,snack_lover
u_0023,4124,1,snack_lover
u_0023,3980,1,snack_lover
u_0023,4051,1,snack_lover
u_0023,4275,1,snack_lover
u_0023,3854,1,snack_lover
u_0023,3521,1,snack_lover
u_0023,3590,1,snack_lover
u_0023,3961,1,snack_lover
u_0024,2301,1,household_stocker
u_0024,224,1,household_stocker
u_0024,2967,2,household_stocker
u_0024,535,1,household_stocker
u_0024,646,1,household_stocker
u_0024,3017,1,household_stocker
u_0024,2883,1,household_stocker
u_0024,584,1,household_stocker
u_0024,2243,1,household_stocker
u_0024,2746,1,household_stocker
u_0024,2574,1,household_stocker
u_0024,1487,1,household_stocker
u_0024,3122,1,household_stocker
u_0024,1029,1,household_stocker
u_0024,2102,1,household_stocker
u_0024,2823,1,household_stocker
u_0024,3071,1,household_stocker
u_0024,2751,1,household_stocker
u_0024,435,1,household_stocker
u_0024,4539,1,household_stocker
u_0024,2431,1,household_stocker
u_0024,55,1,household_stocker
u_0024,3005,1,household_stocker
u_0024,3212,1,household_stocker
u_0024,839,1,household_stocker
u_0024,1961,1,household_stocker
u_0024,3004,1,household_stocker
u_0024,914,1,household_stocker
u_0024,2279,1,household_stocker
u_0025,381,1,gourmet
u_0025,3198,1,gourmet
u_0025,675,1,gourmet
u_0025,2216,1,gourmet
u_0025,868,1,gourmet
u_0025,20,1,gourmet
u_0025,864,1,gourmet
u_0025,2019,1,gourmet
u_0025,2687,1,gourmet
u_0025,801,1,gourmet
u_0025,690,1,gourmet
u_0025,828,1,gourmet
u_0025,2878,1,gourmet
u_0025,2185,1,gourmet
u_0025,1104,1,gourmet
u_0025,427,1,gourmet
u_0025,296,1,gourmet
u_0025,1893,1,gourmet
u_0025,2399,1,gourmet
u_0025,2705,1,gourmet
u_0025,4976,1,gourmet
u_0025,2896,1,gourmet
u_0025,100,1,gourmet
u_0025,3157,1,gourmet
u_0025,2323,1,gourmet
u_0025,1037,1,gourmet
u_0025,2053,1,gourmet
u_0025,4009,1,gourmet
u_0025,38,1,gourmet
u_0025,706,1,gourmet
u_0025,712,1,gourmet
u_0025,2485,1,gourmet
u_0025,2319,1,gourmet
u_0025,2217,1,gourmet
u_0025,2017,1,gourmet
u_0025,2780,1,gourmet
u_0026,609,1,household_stocker
u_0026,2934,1,household_stocker
u_0026,2368,1,household_stocker
u_0026,3109,1,household_stocker
u_0026,2800,1,household_stocker
u_0026,2549,1,household_stocker
u_0026,2942,1,household_stocker
u_0026,296,1,household_stocker
u_0026,267,1,household_stocker
u_0026,980,1,household_stocker
u_0026,3000,1,household_stocker
u_0026,2868,1,household_stocker
u_0026,2819,1,household_stocker
u_0026,1789,1,household_stocker
u_0026,2829,1,household_stocker
u_0026,2626,1,household_stocker
u_0026,2191,1,household_stocker
u_0026,4319,1,household_stocker
u_0026,2971,1,household_stocker
u_0026,2899,1,household_stocker
u_0026,2395,1,household_stocker
u_0026,4669,1,household_stocker
u_0026,425,1,household_stocker
u_0026,527,1,household_stocker
u_0026,3005,1,household_stocker
u_0026,3849,1,household_stocker
u_0026,2184,1,household_stocker
u_0026,3182,1,household_stocker
u_0026,3324,1,household_stocker
u_0026,3856,1,household_stocker
u_0026,113,1,household_stocker
u_0026,2511,1,household_stocker
u_0026,4586,2,household_stocker
u_0026,3147,1,household_stocker
u_0026,2637,1,household_stocker
u_0026,2975,1,household_stocker
u_0026,2995,1,household_stocker
u_0026,1155,1,household_stocker
u_0026,233,1,household_stocker
u_0026,1456,1,household_stocker
u_0026,1075,1,household_stocker
u_0026,2750,1,household_stocker
u_0026,3018,1,household_stocker
u_0026,2464,1,household_stocker
u_0027,529,1,household_stocker
u_0027,2613,1,household_stocker
u_0027,1297,1,household_stocker
u_0027,3726,1,household_stocker
u_0027,776,1,household_stocker
u_0027,330,1,household_stocker
u_0027,2554,1,household_stocker
u_0027,4238,1,household_stocker
u_0027,3051,2,household_stocker
u_0027,2710,1,household_stocker
u_0027,1842,1,household_stocker
u_0027,219,1,household_stocker
u_0027,3002,1,household_stocker
u_0027,4541,1,household_stocker
u_0027,2867,1,household_stocker
u_0027,4280,1,household_stocker
u_0027,569,1,household_stocker
u_0027,577,1,household_stocker
u_0027,2518,1,household_stocker
u_0027,2348,1,household_stocker
u_0027,2857,1,household_stocker
u_0027,3032,1,household_stocker
u_0027,3147,1,household_stocker
u_0027,3137,1,household_stocker
u_0027,2484,1,household_stocker
u_0027,4587,1,household_stocker
u_0027,3081,1,household_stocker
u_0027,3093,1,household_stocker
u_0027,3973,1,household_stocker
u_0027,337,1,household_stocker
u_0027,3700,1,household_stocker
u_0027,751,1,household_stocker
u_0027,2508,1,household_stocker
u_0027,470,1,household_stocker
u_0027,4693,1,household_stocker
u_0027,1767,1,household_stocker
u_0028,2631,1,gourmet
u_0028,2174,1,gourmet
u_0028,2812,1,gourmet
u_0028,3196,1,gourmet
u_0028,2268,1,gourmet
u_0028,4478,1,gourmet
u_0028,2180,1,gourmet
u_0028,2385,1,gourmet
u_0028,1307,1,gourmet
u_0028,939,1,gourmet
u_0028,2243,1,gourmet
u_0028,674,1,gourmet
u_0028,2152,1,gourmet
u_0028,498,1,gourmet
u_0028,505,1,gourmet
u_0028,2823,1,gourmet
u_0028,3243,1,gourmet
u_0028,650,1,gourmet
u_0028,1305,1,gourmet
u_0028,2301,1,gourmet
u_0028,1810,1,gourmet
u_0028,2133,1,gourmet
u_0028,2871,1,gourmet
u_0028,858,1,gourmet
u_0028,2359,1,gourmet
u_0028,350,1,gourmet
u_0028,2658,1,gourmet
u_0028,4648,1,gourmet
u_0028,427,1,gourmet
u_0028,877,1,gourmet
u_0028,2246,1,gourmet
u_0028,871,1,gourmet
u_0028,2316,1,gourmet
u_0028,2975,1,gourmet
u_0028,2148,1,gourmet
u_0028,1043,1,gourmet
u_0028,1137,1,gourmet
u_0028,1255,1,gourmet
u_0028,291,1,gourmet
u_0028,2930,1,gourmet
u_0028,2261,1,gourmet
u_0029,4146,1,breakfast_shopper
u_0029,416,1,breakfast_shopper
u_0029,4591,1,breakfast_shopper
u_0029,2442,1,breakfast_shopper
u_0029,3459,1,breakfast_shopper
u_0029,494,1,breakfast_shopper
u_0029,4240,1,breakfast_shopper
u_0029,2445,1,breakfast_shopper
u_0029,4473,2,breakfast_shopper
u_0029,4160,1,breakfast_shopper
u_0029,2550,2,breakfast_shopper
u_0029,2735,1,breakfast_shopper
u_0029,4061,1,breakfast_shopper
u_0029,4350,3,breakfast_shopper
u_0029,412,1,breakfast_shopper
u_0029,2578,1,breakfast_shopper
u_0029,2463,2,breakfast_shopper
u_0029,3664,1,breakfast_shopper
u_0029,4339,1,breakfast_shopper
u_0029,392,1,breakfast_shopper
u_0029,677,1,breakfast_shopper
u_0029,2595,1,breakfast_shopper
u_0029,2616,1,breakfast_shopper
u_0029,3022,1,breakfast_shopper
u_0029,1548,1,breakfast_shopper
u_0029,857,1,breakfast_shopper
u_0029,2481,1,breakfast_shopper
u_0029,4553,1,breakfast_shopper
u_0029,186,1,breakfast_shopper
u_0029,4448,1,breakfast_shopper
u_0029,4842,1,breakfast_shopper
u_0029,915,1,breakfast_shopper
u_0029,487,1,breakfast_shopper
u_0029,872,1,breakfast_shopper
u_0029,2363,1,breakfast_shopper
u_0029,887,1,breakfast_shopper
u_0029,2730,1,breakfast_shopper
u_0029,765,1,breakfast_shopper
u_0029,138,1,breakfast_shopper
u_0029,817,1,breakfast_shopper
u_0029,3300,1,breakfast_shopper
u_0030,272,1,fruit_lover
u_0030,371,1,fruit_lover
u_0030,135,1,fruit_lover
u_0030,3232,1,fruit_lover
u_0030,263,1,fruit_lover
u_0030,2381,1,fruit_lover
u_0030,1323,1,fruit_lover
u_0030,221,1,fruit_lover
u_0030,2321,1,fruit_lover
u_0030,2007,1,fruit_lover
u_0030,2576,1,fruit_lover
u_0030,650,1,fruit_lover
u_0030,2536,1,fruit_lover
u_0030,3138,1,fruit_lover
u_0030,428,1,fruit_lover
u_0030,1146,1,fruit_lover
u_0030,4431,1,fruit_lover
u_0030,389,1,fruit_lover
u_0030,3040,1,fruit_lover
u_0030,2175,1,fruit_lover
u_0030,1995,1,fruit_lover
u_0030,4166,1,fruit_lover
u_0030,2484,1,fruit_lover
u_0030,2462,1,fruit_lover
u_0030,2153,1,fruit_lover
u_0030,3019,1,fruit_lover
u_0030,415,1,fruit_lover
u_0030,1130,1,fruit_lover
u_0030,2295,1,fruit_lover
u_0030,2852,1,fruit_lover
u_0030,1270,1,fruit_lover
u_0030,126,1,fruit_lover
u_0030,124,1,fruit_lover
u_0030,1820,1,fruit_lover
u_0030,1928,1,fruit_lover
u_0030,4094,1,fruit_lover
u_0030,20,1,fruit_lover
u_0030,2660,1,fruit_lover
u_0030,113,1,fruit_lover
u_0030,1384,1,fruit_lover
u_0030,253,1,fruit_lover
u_0030,411,1,fruit_lover
u_0030,2366,1,fruit_lover
u_0030,336,1,fruit_lover
u_0031,3417,1,breakfast_shopper
u_0031,2379,1,breakfast_shopper
u_0031,4960,1,breakfast_shopper
u_0031,4222,1,breakfast_shopper
u_0031,4163,1,breakfast_shopper
u_0031,101,1,breakfast_shopper
u_0031,4225,1,breakfast_shopper
u_0031,2586,1,breakfast_shopper
u_0031,32,1,breakfast_shopper
u_0031,4570,1,breakfast_shopper
u_0031,4506,1,breakfast_shopper
u_0031,2548,1,breakfast_shopper
u_0031,847,1,breakfast_shopper
u_0031,324,1,breakfast_shopper
u_0031,232,1,breakfast_shopper
u_0031,4263,1,breakfast_shopper
u_0031,4039,1,breakfast_shopper
u_0031,2751,1,breakfast_shopper
u_0031,141,1,breakfast_shopper
u_0031,1197,1,breakfast_shopper
u_0031,2372,1,breakfast_shopper
u_0031,2276,1,breakfast_shopper
u_0031,3548,1,breakfast_shopper
u_0031,2819,1,breakfast_shopper
u_0031,4515,1,breakfast_shopper
u_0031,4303,1,breakfast_shopper
u_0031,819,1,breakfast_shopper
u_0031,3425,1,breakfast_shopper
u_0031,3323,1,breakfast_shopper
u_0031,602,1,breakfast_shopper
u_0031,708,1,breakfast_shopper
u_0031,4491,1,breakfast_shopper
u_0031,1291,1,breakfast_shopper
u_0031,4328,1,breakfast_shopper
u_0031,2458,1,breakfast_shopper
u_0031,4318,1,breakfast_shopper
u_0031,4396,1,breakfast_shopper
u_0031,4314,2,breakfast_shopper
u_0031,4237,1,breakfast_shopper
u_0031,4197,1,breakfast_shopper
u_0032,33,1,breakfast_shopper
u_0032,4705,1,breakfast_shopper
u_0032,697,1,breakfast_shopper
u_0032,4511,1,breakfast_shopper
u_0032,800,1,breakfast_shopper
u_0032,4413,1,breakfast_shopper
u_0032,3084,1,breakfast_shopper
u_0032,892,1,breakfast_shopper
u_0032,3886,1,breakfast_shopper
u_0032,2100,1,breakfast_shopper
u_0032,2589,1,breakfast_shopper
u_0032,4445,1,breakfast_shopper
u_0032,2675,1,breakfast_shopper
u_0032,2393,1,breakfast_shopper
u_0032,3640,1,breakfast_shopper
u_0032,4499,1,breakfast_shopper
u_0032,3267,1,breakfast_shopper
u_0032,553,1,breakfast_shopper
u_0032,281,1,breakfast_shopper
u_0032,4559,1,breakfast_shopper
u_0032,4427,1,breakfast_shopper
u_0032,201,1,breakfast_shopper
u_0032,910,1,breakfast_shopper
u_0032,4193,1,breakfast_shopper
u_0032,1810,1,breakfast_shopper
u_0032,631,1,breakfast_shopper
u_0032,308,1,breakfast_shopper
u_0032,2575,1,breakfast_shopper
u_0032,2510,1,breakfast_shopper
u_0032,2674,1,breakfast_shopper
u_0032,546,1,breakfast_shopper
u_0032,4473,1,breakfast_shopper
u_0032,4749,1,breakfast_shopper
u_0032,768,1,breakfast_shopper
u_0032,4549,1,breakfast_shopper
u_0033,2728,1,breakfast_shopper
u_0033,301,1,breakfast_shopper
u_0033,203,1,breakfast_shopper
u_0033,4277,1,breakfast_shopper
u_0033,426,1,breakfast_shopper
u_0033,4491,1,breakfast_shopper
u_0033,801,1,breakfast_shopper
u_0033,4444,1,breakfast_shopper
u_0033,2539,1,breakfast_shopper
u_0033,2669,1,breakfast_shopper
u_0033,4263,1,breakfast_shopper
u_0033,4212,1,breakfast_shopper
u_0033,4519,1,breakfast_shopper
u_0033,336,1,breakfast_shopper
u_0033,1294,1,breakfast_shopper
u_0033,4168,1,breakfast_shopper
u_0033,2661,1,breakfast_shopper
u_0033,2251,1,breakfast_shopper
u_0033,4310,1,breakfast_shopper
u_0033,582,1,breakfast_shopper
u_0033,4577,1,breakfast_shopper
u_0033,4464,1,breakfast_shopper
u_0033,289,1,breakfast_shopper
u_0033,551,1,breakfast_shopper
u_0034,1560,1,festival_shopper
u_0034,1800,1,festival_shopper
u_0034,2332,1,festival_shopper
u_0034,1698,1,festival_shopper
u_0034,715,1,festival_shopper
u_0034,279,1,festival_shopper
u_0034,3145,1,festival_shopper
u_0034,3006,1,festival_shopper
u_0034,1445,1,festival_shopper
u_0034,162,1,festival_shopper
u_0034,280,1,festival_shopper
u_0034,1613,1,festival_shopper
u_0034,1512,1,festival_shopper
u_0034,1689,1,festival_shopper
u_0034,232,1,festival_shopper
u_0034,1482,1,festival_shopper
u_0034,780,1,festival_shopper
u_0034,2643,1,festival_shopper
u_0034,1434,1,festival_shopper
u_0034,1848,1,festival_shopper
u_0034,513,2,festival_shopper
u_0034,189,1,festival_shopper
u_0034,107,1,festival_shopper
u_0034,411,1,festival_shopper
u_0034,691,1,festival_shopper
u_0034,1384,1,festival_shopper
u_0034,1406,1,festival_shopper
u_0034,1322,1,festival_shopper
u_0034,1821,1,festival_shopper
u_0034,1069,1,festival_shopper
u_0034,2854,1,festival_shopper
u_0034,1380,1,festival_shopper
u_0034,2676,1,festival_shopper
u_0034,197,1,festival_shopper
u_0034,257,1,festival_shopper
u_0034,1542,1,festival_shopper
u_0034,1209,1,festival_shopper
u_0035,382,1,fruit_lover
u_0035,2486,1,fruit_lover
u_0035,304,1,fruit_lover
u_0035,2766,1,fruit_lover
u_0035,2937,1,fruit_lover
u_0035,856,1,fruit_lover
u_0035,1959,1,fruit_lover
u_0035,1971,1,fruit_lover
u_0035,451,1,fruit_lover
u_0035,31,1,fruit_lover
u_0035,2691,1,fruit_lover
u_0035,1117,1,fruit_lover
u_0035,4706,1,fruit_lover
u_0035,1399,1,fruit_lover
u_0035,544,1,fruit_lover
u_0035,300,1,fruit_lover
u_0035,6,1,fruit_lover
u_0035,239,1,fruit_lover
u_0035,179,1,fruit_lover
u_0035,1862,1,fruit_lover
u_0035,631,1,fruit_lover
u_0035,235,1,fruit_lover
u_0035,1252,1,fruit_lover
u_0035,190,1,fruit_lover
u_0035,3040,1,fruit_lover
u_0035,207,1,fruit_lover
u_0035,804,1,fruit_lover
u_0035,427,1,fruit_lover
u_0035,297,1,fruit_lover
u_0035,20,1,fruit_lover
u_0035,939,1,fruit_lover
u_0035,83,1,fruit_lover
u_0035,234,1,fruit_lover
u_0035,244,1,fruit_lover
u_0035,348,1,fruit_lover
u_0035,311,1,fruit_lover
u_0035,2329,1,fruit_lover
u_0035,2512,1,fruit_lover
u_0036,338,1,gourmet
u_0036,2589,1,gourmet
u_0036,1244,1,gourmet
u_0036,1550,1,gourmet
u_0036,1310,1,gourmet
u_0036,859,1,gourmet
u_0036,436,1,gourmet
u_0036,2511,1,gourmet
u_0036,432,1,gourmet
u_0036,2643,1,gourmet
u_0036,6,1,gourmet
u_0036,2135,1,gourmet
u_0036,395,1,gourmet
u_0036,2137,1,gourmet
u_0036,2610,1,gourmet
u_0036,2350,1,gourmet
u_0036,1109,1,gourmet
u_0036,408,1,gourmet
u_0036,1984,1,gourmet
u_0036,1209,1,gourmet
u_0036,4961,1,gourmet
u_0036,2184,1,gourmet
u_0036,751,1,gourmet
u_0036,92,1,gourmet
u_0036,3252,1,gourmet
u_0036,2107,1,gourmet
u_0036,2609,1,gourmet
u_0036,2466,1,gourmet
u_0036,2624,1,gourmet
u_0036,3687,1,gourmet
u_0036,2,1,gourmet
u_0036,306,1,gourmet
u_0036,3893,1,gourmet
u_0036,2659,1,gourmet
u_0036,179,1,gourmet
u_0037,4412,1,breakfast_shopper
u_0037,4392,1,breakfast_shopper
u_0037,744,1,breakfast_shopper
u_0037,4454,1,breakfast_shopper
u_0037,2706,1,breakfast_shopper
u_0037,453,1,breakfast_shopper
u_0037,93,1,breakfast_shopper
u_0037,4299,1,breakfast_shopper
u_0037,4561,1,breakfast_shopper
u_0037,2717,1,breakfast_shopper
u_0037,572,1,breakfast_shopper
u_0037,209,1,breakfast_shopper
u_0037,448,1,breakfast_shopper
u_0037,4192,1,breakfast_shopper
u_0037,2330,1,breakfast_shopper
u_0037,2573,1,breakfast_shopper
u_0037,4405,1,breakfast_shopper
u_0037,2594,1,breakfast_shopper
u_0037,2709,1,breakfast_shopper
u_0037,4231,1,breakfast_shopper
u_0037,2491,1,breakfast_shopper
u_0037,4480,1,breakfast_shopper
u_0037,3198,1,breakfast_shopper
u_0037,4573,1,breakfast_shopper
u_0037,182,1,breakfast_shopper
u_0037,1188,1,breakfast_shopper
u_0038,3044,1,festival_shopper
u_0038,1898,1,festival_shopper
u_0038,1793,1,festival_shopper
u_0038,1747,1,festival_shopper
u_0038,1547,1,festival_shopper
u_0038,1834,1,festival_shopper
u_0038,2533,1,festival_shopper
u_0038,1599,1,festival_shopper
u_0038,4724,1,festival_shopper
u_0038,717,1,festival_shopper
u_0038,1381,1,festival_shopper
u_0038,805,1,festival_shopper
u_0038,2562,1,festival_shopper
u_0038,186,1,festival_shopper
u_0038,1782,1,festival_shopper
u_0038,735,1,festival_shopper
u_0038,361,1,festival_shopper
u_0038,2335,1,festival_shopper
u_0038,1812,1,festival_shopper
u_0038,1329,1,festival_shopper
u_0038,1103,1,festival_shopper
u_0038,927,1,festival_shopper
u_0038,216,1,festival_shopper
u_0038,4255,1,festival_shopper
u_0038,1761,1,festival_shopper
u_0038,3063,1,festival_shopper
u_0038,1773,2,festival_shopper
u_0038,1501,1,festival_shopper
u_0038,2428,1,festival_shopper
u_0038,2439,1,festival_shopper
u_0038,452,1,festival_shopper
u_0038,2535,1,festival_shopper
u_0038,551,2,festival_shopper
u_0038,1539,1,festival_shopper
u_0038,812,1,festival_shopper
u_0038,1828,1,festival_shopper
u_0038,4520,1,festival_shopper
u_0038,239,1,festival_shopper
u_0038,1700,1,festival_shopper
u_0038,560,1,festival_shopper
u_0039,2851,1,household_stocker
u_0039,2921,1,household_stocker
u_0039,1075,1,household_stocker
u_0039,2622,1,household_stocker
u_0039,2646,1,household_stocker
u_0039,2919,1,household_stocker
u_0039,1006,1,household_stocker
u_0039,1667,1,household_stocker
u_0039,3110,1,household_stocker
u_0039,3084,1,household_stocker
u_0039,852,1,household_stocker
u_0039,2518,1,household_stocker
u_0039,2138,1,household_stocker
u_0039,1091,1,household_stocker
u_0039,2894,1,household_stocker
u_0039,3072,1,household_stocker
u_0039,135,1,household_stocker
u_0039,2134,1,household_stocker
u_0039,3115,1,household_stocker
u_0039,2762,1,household_stocker
u_0039,1280,1,household_stocker
u_0039,2726,1,household_stocker
u_0039,594,1,household_stocker
u_0039,307,1,household_stocker
u_0039,3036,1,household_stocker
u_0039,2498,1,household_stocker
u_0039,1378,1,household_stocker
u_0039,1970,1,household_stocker
u_0039,2906,1,household_stocker
u_0039,2856,1,household_stocker
u_0039,850,1,household_stocker
u_0039,2102,1,household_stocker
u_0039,3125,1,household_stocker
u_0040,857,1,fruit_lover
u_0040,419,1,fruit_lover
u_0040,3051,1,fruit_lover
u_0040,1006,1,fruit_lover
u_0040,3991,1,fruit_lover
u_0040,2155,1,fruit_lover
u_0040,20,1,fruit_lover
u_0040,2006,1,fruit_lover
u_0040,2110,1,fruit_lover
u_0040,206,1,fruit_lover
u_0040,508,1,fruit_lover
u_0040,890,1,fruit_lover
u_0040,1217,1,fruit_lover
u_0040,2677,1,fruit_lover
u_0040,3707,1,fruit_lover
u_0040,4863,1,fruit_lover
u_0040,638,1,fruit_lover
u_0040,335,1,fruit_lover
u_0040,91,1,fruit_lover
u_0040,2106,1,fruit_lover
u_0040,2252,1,fruit_lover
u_0040,2885,1,fruit_lover
u_0040,2464,1,fruit_lover
u_0040,329,1,fruit_lover
u_0040,2621,1,fruit_lover
u_0040,2064,1,fruit_lover
u_0040,2895,1,fruit_lover
u_0040,93,1,fruit_lover
u_0040,1852,1,fruit_lover
u_0040,2097,1,fruit_lover
u_0040,81,1,fruit_lover
u_0040,648,1,fruit_lover
u_0040,2345,1,fruit_lover
u_0040,113,1,fruit_lover
u_0040,1159,1,fruit_lover
u_0040,100,1,fruit_lover
u_0040,1781,1,fruit_lover
u_0040,48,1,fruit_lover
u_0040,2643,1,fruit_lover
u_0040,2034,1,fruit_lover
u_0040,83,1,fruit_lover
u_0040,1197,1,fruit_lover
u_0040,4499,1,fruit_lover
u_0040,2224,1,fruit_lover
u_0040,1280,1,fruit_lover
u_0040,3119,1,fruit_lover
u_0040,1950,1,fruit_lover
u_0040,2157,1,fruit_lover
u_0041,657,1,veg_cook
u_0041,2406,1,veg_cook
u_0041,590,1,veg_cook
u_0041,1123,1,veg_cook
u_0041,1308,1,veg_cook
u_0041,96,1,veg_cook
u_0041,1489,1,veg_cook
u_0041,1276,1,veg_cook
u_0041,1512,1,veg_cook
u_0041,1985,1,veg_cook
u_0041,1618,1,veg_cook
u_0041,634,1,veg_cook
u_0041,819,1,veg_cook
u_0041,873,1,veg_cook
u_0041,1247,1,veg_cook
u_0041,2732,1,veg_cook
u_0041,1221,1,veg_cook
u_0041,574,1,veg_cook
u_0041,943,1,veg_cook
u_0041,143,1,veg_cook
u_0041,550,1,veg_cook
u_0041,905,1,veg_cook
u_0041,2159,1,veg_cook
u_0041,1296,1,veg_cook
u_0041,1176,1,veg_cook
u_0041,587,1,veg_cook
u_0041,2449,1,veg_cook
u_0041,1987,1,veg_cook
u_0041,663,1,veg_cook
u_0041,520,1,veg_cook
u_0041,4113,1,veg_cook
u_0041,2200,1,veg_cook
u_0041,4688,1,veg_cook
u_0041,745,1,veg_cook
u_0041,991,1,veg_cook
u_0041,688,1,veg_cook
u_0041,2529,1,veg_cook
u_0041,816,1,veg_cook
u_0041,473,1,veg_cook
u_0042,2029,1,veg_cook
u_0042,2532,1,veg_cook
u_0042,2529,1,veg_cook
u_0042,549,1,veg_cook
u_0042,517,1,veg_cook
u_0042,2221,1,veg_cook
u_0042,602,1,veg_cook
u_0042,1171,1,veg_cook
u_0042,513,1,veg_cook
u_0042,1516,1,veg_cook
u_0042,2444,1,veg_cook
u_0042,2459,1,veg_cook
u_0042,497,1,veg_cook
u_0042,4343,1,veg_cook
u_0042,2770,1,veg_cook
u_0042,2499,1,veg_cook
u_0042,1995,1,veg_cook
u_0042,152,1,veg_cook
u_0042,2699,1,veg_cook
u_0042,2633,1,veg_cook
u_0042,578,1,veg_cook
u_0042,4566,1,veg_cook
u_0042,944,1,veg_cook
u_0042,984,1,veg_cook
u_0042,614,1,veg_cook
u_0042,779,1,veg_cook
u_0042,1942,1,veg_cook
u_0042,1356,1,veg_cook
u_0042,1948,1,veg_cook
u_0042,1881,1,veg_cook
u_0042,4595,1,veg_cook
u_0042,320,1,veg_cook
u_0042,1032,1,veg_cook
u_0042,1572,1,veg_cook
u_0042,2456,1,veg_cook
u_0042,2735,1,veg_cook
u_0042,2002,1,veg_cook
u_0042,3378,1,veg_cook
u_0042,558,1,veg_cook
u_0042,2143,1,veg_cook
u_0042,720,2,veg_cook
u_0042,1403,1,veg_cook
u_0043,4209,1,breakfast_shopper
u_0043,695,1,breakfast_shopper
u_0043,4412,1,breakfast_shopper
u_0043,2696,1,breakfast_shopper
u_0043,2415,1,breakfast_shopper
u_0043,116,1,breakfast_shopper
u_0043,4151,1,breakfast_shopper
u_0043,4443,1,breakfast_shopper
u_0043,4583,1,breakfast_shopper
u_0043,2686,1,breakfast_shopper
u_0043,433,1,breakfast_shopper
u_0043,226,1,breakfast_shopper
u_0043,2302,1,breakfast_shopper
u_0043,2571,1,breakfast_shopper
u_0043,2632,1,breakfast_shopper
u_0043,4416,1,breakfast_shopper
u_0043,2358,1,breakfast_shopper
u_0043,4462,1,breakfast_shopper
u_0043,4148,1,breakfast_shopper
u_0043,2581,1,breakfast_shopper
u_0043,2092,1,breakfast_shopper
u_0043,4933,1,breakfast_shopper
u_0043,600,1,breakfast_shopper
u_0043,57,1,breakfast_shopper
u_0043,2757,1,breakfast_shopper
u_0043,575,1,breakfast_shopper
u_0043,2337,1,breakfast_shopper
u_0043,3653,1,breakfast_shopper
u_0043,4199,1,breakfast_shopper
u_0043,290,1,breakfast_shopper
u_0043,4532,1,breakfast_shopper
u_0043,4271,1,breakfast_shopper
u_0044,779,1,gourmet
u_0044,2096,1,gourmet
u_0044,2712,1,gourmet
u_0044,4704,1,gourmet
u_0044,146,3,gourmet
u_0044,2749,1,gourmet
u_0044,1882,1,gourmet
u_0044,2214,1,gourmet
u_0044,577,1,gourmet
u_0044,1600,1,gourmet
u_0044,833,1,gourmet
u_0044,4642,1,gourmet
u_0044,39,1,gourmet
u_0044,1899,1,gourmet
u_0044,1215,1,gourmet
u_0044,2358,1,gourmet
u_0044,514,1,gourmet
u_0044,1877,1,gourmet
u_0044,2496,1,gourmet
u_0044,2609,1,gourmet
u_0044,2441,1,gourmet
u_0044,1978,1,gourmet
u_0044,1719,1,gourmet
u_0044,3175,1,gourmet
u_0045,3254,1,breakfast_shopper
u_0045,2317,1,breakfast_shopper
u_0045,3668,1,breakfast_shopper
u_0045,129,1,breakfast_shopper
u_0045,34,1,breakfast_shopper
u_0045,4515,1,breakfast_shopper
u_0045,48,1,breakfast_shopper
u_0045,4168,1,breakfast_shopper
u_0045,2362,1,breakfast_shopper
u_0045,30,1,breakfast_shopper
u_0045,190,1,breakfast_shopper
u_0045,4275,1,breakfast_shopper
u_0045,2653,1,breakfast_shopper
u_0045,4589,1,breakfast_shopper
u_0045,4222,1,breakfast_shopper
u_0045,3508,1,breakfast_shopper
u_0045,3530,1,breakfast_shopper
u_0045,781,1,breakfast_shopper
u_0045,522,1,breakfast_shopper
u_0045,4392,1,breakfast_shopper
u_0045,4573,2,breakfast_shopper
u_0045,1176,1,breakfast_shopper
u_0045,182,1,breakfast_shopper
u_0045,3678,1,breakfast_shopper
u_0045,1089,1,breakfast_shopper
u_0045,2572,1,breakfast_shopper
u_0045,4267,1,breakfast_shopper
u_0045,4322,1,breakfast_shopper
u_0045,3460,1,breakfast_shopper
u_0045,4382,1,breakfast_shopper
u_0045,4218,1,breakfast_shopper
u_0045,2407,1,breakfast_shopper
u_0045,823,1,breakfast_shopper
u_0045,4159,1,breakfast_shopper
u_0045,2599,1,breakfast_shopper
u_0045,2748,1,breakfast_shopper
u_0045,4380,1,breakfast_shopper
u_0045,4600,1,breakfast_shopper
u_0045,4256,1,breakfast_shopper
u_0046,91,1,gourmet
u_0046,1985,1,gourmet
u_0046,4517,1,gourmet
u_0046,2720,1,gourmet
u_0046,4393,1,gourmet
u_0046,3783,1,gourmet
u_0046,621,1,gourmet
u_0046,1940,1,gourmet
u_0046,2072,1,gourmet
u_0046,4604,1,gourmet
u_0046,1782,1,gourmet
u_0046,2153,1,gourmet
u_0046,2677,1,gourmet
u_0046,1773,1,gourmet
u_0046,3,1,gourmet
u_0046,2116,1,gourmet
u_0046,2390,1,gourmet
u_0046,1898,1,gourmet
u_0046,988,1,gourmet
u_0046,1160,1,gourmet
u_0046,470,1,gourmet
u_0046,1520,1,gourmet
u_0046,6,1,gourmet
u_0046,2225,1,gourmet
u_0046,146,1,gourmet
u_0046,1133,1,gourmet
u_0046,1959,1,gourmet
u_0046,631,1,gourmet
u_0046,457,1,gourmet
u_0046,2182,1,gourmet
u_0046,2583,1,gourmet
u_0046,2032,1,gourmet
u_0046,2052,1,gourmet
u_0046,465,1,gourmet
u_0046,194,1,gourmet
u_0046,829,1,gourmet
u_0047,3202,1,festival_shopper
u_0047,3472,1,festival_shopper
u_0047,972,1,festival_shopper
u_0047,2647,1,festival_shopper
u_0047,1532,1,festival_shopper
u_0047,239,1,festival_shopper
u_0047,4619,1,festival_shopper
u_0047,2524,1,festival_shopper
u_0047,2501,1,festival_shopper
u_0047,1372,1,festival_shopper
u_0047,1716,1,festival_shopper
u_0047,300,1,festival_shopper
u_0047,1650,1,festival_shopper
u_0047,2158,1,festival_shopper
u_0047,2836,1,festival_shopper
u_0047,1688,1,festival_shopper
u_0047,2322,1,festival_shopper
u_0047,757,1,festival_shopper
u_0047,1731,1,festival_shopper
u_0047,77,1,festival_shopper
u_0047,800,1,festival_shopper
u_0047,207,1,festival_shopper
u_0047,1752,1,festival_shopper
u_0047,961,1,festival_shopper
u_0048,4468,1,festival_shopper
u_0048,2223,1,festival_shopper
u_0048,4478,1,festival_shopper
u_0048,1294,1,festival_shopper
u_0048,948,1,festival_shopper
u_0048,4015,1,festival_shopper
u_0048,1607,1,festival_shopper
u_0048,200,1,festival_shopper
u_0048,1219,1,festival_shopper
u_0048,1903,1,festival_shopper
u_0048,831,1,festival_shopper
u_0048,1030,1,festival_shopper
u_0048,1650,1,festival_shopper
u_0048,1455,1,festival_shopper
u_0048,2162,1,festival_shopper
u_0048,310,1,festival_shopper
u_0048,1712,1,festival_shopper
u_0048,1597,1,festival_shopper
u_0048,1820,1,festival_shopper
u_0048,1497,1,festival_shopper
u_0048,1439,1,festival_shopper
u_0048,4235,1,festival_shopper
u_0048,397,1,festival_shopper
u_0048,1441,1,festival_shopper
u_0048,90,1,festival_shopper
u_0048,721,1,festival_shopper
u_0048,59,1,festival_shopper
u_0048,731,1,festival_shopper
u_0048,1667,1,festival_shopper
u_0048,551,1,festival_shopper
u_0048,277,1,festival_shopper
u_0048,2132,1,festival_shopper
u_0048,1743,1,festival_shopper
u_0048,1482,1,festival_shopper
u_0048,2757,1,festival_shopper
u_0048,606,1,festival_shopper
u_0048,4095,1,festival_shopper
u_0048,2580,1,festival_shopper
u_0048,2844,1,festival_shopper
u_0048,57,1,festival_shopper
u_0048,466,1,festival_shopper
u_0048,2221,1,festival_shopper
u_0048,659,1,festival_shopper
u_0048,2621,1,festival_shopper
u_0048,785,1,festival_shopper
u_0048,1532,1,festival_shopper
u_0049,2338,1,gourmet
u_0049,3,1,gourmet
u_0049,2259,1,gourmet
u_0049,1787,1,gourmet
u_0049,1865,1,gourmet
u_0049,755,1,gourmet
u_0049,1981,1,gourmet
u_0049,1910,1,gourmet
u_0049,683,1,gourmet
u_0049,2233,1,gourmet
u_0049,2668,1,gourmet
u_0049,885,1,gourmet
u_0049,1042,1,gourmet
u_0049,3188,1,gourmet
u_0049,1799,1,gourmet
u_0049,753,1,gourmet
u_0049,2076,1,gourmet
u_0049,830,1,gourmet
u_0049,1280,1,gourmet
u_0049,2139,1,gourmet
u_0049,2678,1,gourmet
u_0049,3884,1,gourmet
u_0049,1052,1,gourmet
u_0049,2365,1,gourmet
u_0049,2134,1,gourmet
u_0049,1019,1,gourmet
u_0049,2018,1,gourmet
u_0049,4874,1,gourmet
u_0049,290,1,gourmet
u_0049,2235,1,gourmet
u_0049,2155,1,gourmet
u_0049,2448,1,gourmet
u_0050,4216,1,breakfast_shopper
u_0050,4393,1,breakfast_shopper
u_0050,265,1,breakfast_shopper
u_0050,5019,1,breakfast_shopper
u_0050,4330,1,breakfast_shopper
u_0050,1163,1,breakfast_shopper
u_0050,2406,1,breakfast_shopper
u_0050,2751,1,breakfast_shopper
u_0050,4517,1,breakfast_shopper
u_0050,3487,1,breakfast_shopper
u_0050,2642,1,breakfast_shopper
u_0050,2360,1,breakfast_shopper
u_0050,1642,1,breakfast_shopper
u_0050,4321,1,breakfast_shopper
u_0050,2710,1,breakfast_shopper
u_0050,4140,1,breakfast_shopper
u_0050,215,1,breakfast_shopper
u_0050,2645,1,breakfast_shopper
u_0050,2441,1,breakfast_shopper
u_0050,129,1,breakfast_shopper
u_0050,4420,1,breakfast_shopper
u_0050,2589,1,breakfast_shopper
u_0050,4529,1,breakfast_shopper
u_0050,4289,1,breakfast_shopper
u_0050,4568,1,breakfast_shopper
u_0050,4381,1,breakfast_shopper
u_0050,3649,1,breakfast_shopper
u_0050,188,1,breakfast_shopper
u_0050,4300,1,breakfast_shopper
u_0050,4266,1,breakfast_shopper
u_0050,15,1,breakfast_shopper
u_0050,4165,1,breakfast_shopper
u_0051,2751,1,gourmet
u_0051,1947,1,gourmet
u_0051,2449,1,gourmet
u_0051,2707,1,gourmet
u_0051,2600,1,gourmet
u_0051,1919,1,gourmet
u_0051,2007,1,gourmet
u_0051,4490,1,gourmet
u_0051,2447,1,gourmet
u_0051,4744,1,gourmet
u_0051,2638,1,gourmet
u_0051,2087,1,gourmet
u_0051,28,1,gourmet
u_0051,97,1,gourmet
u_0051,2183,1,gourmet
u_0051,339,2,gourmet
u_0051,477,1,gourmet
u_0051,4555,1,gourmet
u_0051,2296,1,gourmet
u_0051,6,1,gourmet
u_0051,3135,1,gourmet
u_0051,982,1,gourmet
u_0051,1705,1,gourmet
u_0051,1358,1,gourmet
u_0051,2426,1,gourmet
u_0051,2238,1,gourmet
u_0051,846,1,gourmet
u_0051,449,1,gourmet
u_0051,782,1,gourmet
u_0051,2043,1,gourmet
u_0051,587,1,gourmet
u_0051,3148,1,gourmet
u_0051,1275,1,gourmet
u_0051,496,1,gourmet
u_0051,544,1,gourmet
u_0051,2867,1,gourmet
u_0052,195,1,fruit_lover
u_0052,679,1,fruit_lover
u_0052,267,1,fruit_lover
u_0052,1254,1,fruit_lover
u_0052,886,1,fruit_lover
u_0052,1629,1,fruit_lover
u_0052,189,1,fruit_lover
u_0052,751,1,fruit_lover
u_0052,713,1,fruit_lover
u_0052,365,1,fruit_lover
u_0052,1596,1,fruit_lover
u_0052,229,1,fruit_lover
u_0052,2457,1,fruit_lover
u_0052,3522,1,fruit_lover
u_0052,2532,1,fruit_lover
u_0052,1789,1,fruit_lover
u_0052,39,1,fruit_lover
u_0052,839,1,fruit_lover
u_0052,3140,1,fruit_lover
u_0052,1781,1,fruit_lover
u_0052,2632,1,fruit_lover
u_0052,2557,1,fruit_lover
u_0052,112,1,fruit_lover
u_0052,3088,1,fruit_lover
u_0052,1465,1,fruit_lover
u_0052,204,1,fruit_lover
u_0052,353,1,fruit_lover
u_0052,1015,1,fruit_lover
u_0052,428,1,fruit_lover
u_0052,484,1,fruit_lover
u_0052,3082,1,fruit_lover
u_0052,2106,1,fruit_lover
u_0052,1841,1,fruit_lover
u_0052,884,1,fruit_lover
u_0052,1630,1,fruit_lover
u_0052,275,1,fruit_lover
u_0052,1770,1,fruit_lover
u_0052,445,1,fruit_lover
u_0052,2353,1,fruit_lover
u_0053,2086,1,veg_cook
u_0053,688,1,veg_cook
u_0053,1057,1,veg_cook
u_0053,793,1,veg_cook
u_0053,1173,1,veg_cook
u_0053,1259,2,veg_cook
u_0053,728,2,veg_cook
u_0053,4314,1,veg_cook
u_0053,1201,1,veg_cook
u_0053,966,1,veg_cook
u_0053,2504,1,veg_cook
u_0053,1243,1,veg_cook
u_0053,764,1,veg_cook
u_0053,804,1,veg_cook
u_0053,478,1,veg_cook
u_0053,1302,1,veg_cook
u_0053,1771,1,veg_cook
u_0053,286,1,veg_cook
u_0053,2916,1,veg_cook
u_0053,1292,1,veg_cook
u_0053,2983,1,veg_cook
u_0053,4168,1,veg_cook
u_0053,782,1,veg_cook
u_0053,1429,1,veg_cook
u_0053,4963,1,veg_cook
u_0053,744,1,veg_cook
u_0053,2180,1,veg_cook
u_0053,581,1,veg_cook
u_0053,2085,1,veg_cook
u_0053,517,1,veg_cook
u_0053,657,1,veg_cook
u_0053,2172,1,veg_cook
u_0053,2534,1,veg_cook
u_0053,1351,1,veg_cook
u_0053,2426,1,veg_cook
u_0053,4304,1,veg_cook
u_0053,486,1,veg_cook
u_0053,742,1,veg_cook
u_0053,1972,1,veg_cook
u_0053,890,1,veg_cook
u_0053,2712,1,veg_cook
u_0053,637,1,veg_cook
u_0054,3380,1,snack_lover
u_0054,4591,1,snack_lover
u_0054,3725,1,snack_lover
u_0054,824,1,snack_lover
u_0054,3378,1,snack_lover
u_0054,4060,1,snack_lover
u_0054,4363,1,snack_lover
u_0054,4448,1,snack_lover
u_0054,3865,1,snack_lover
u_0054,3397,1,snack_lover
u_0054,4999,1,snack_lover
u_0054,4014,1,snack_lover
u_0054,3534,1,snack_lover
u_0054,3194,1,snack_lover
u_0054,3337,1,snack_lover
u_0054,2706,1,snack_lover
u_0054,4422,1,snack_lover
u_0054,3702,1,snack_lover
u_0054,3154,1,snack_lover
u_0054,1969,1,snack_lover
u_0054,3396,1,snack_lover
u_0054,2329,1,snack_lover
u_0054,3616,1,snack_lover
u_0054,3590,1,snack_lover
u_0054,2997,1,snack_lover
u_0054,4470,1,snack_lover
u_0054,3272,1,snack_lover
u_0054,3429,1,snack_lover
u_0054,3120,1,snack_lover
u_0055,1204,1,snack_lover
u_0055,3876,1,snack_lover
u_0055,990,1,snack_lover
u_0055,3345,1,snack_lover
u_0055,4157,1,snack_lover
u_0055,3068,1,snack_lover
u_0055,3376,1,snack_lover
u_0055,1951,1,snack_lover
u_0055,4022,1,snack_lover
u_0055,1018,1,snack_lover
u_0055,4529,1,snack_lover
u_0055,3855,1,snack_lover
u_0055,4806,1,snack_lover
u_0055,3314,1,snack_lover
u_0055,3469,1,snack_lover
u_0055,3464,1,snack_lover
u_0055,3860,1,snack_lover
u_0055,3882,1,snack_lover
u_0055,3884,1,snack_lover
u_0055,2848,1,snack_lover
u_0055,4240,1,snack_lover
u_0055,4985,1,snack_lover
u_0055,3134,1,snack_lover
u_0055,3654,1,snack_lover
u_0055,3538,1,snack_lover
u_0055,2806,1,snack_lover
u_0055,3723,1,snack_lover
u_0055,1310,1,snack_lover
u_0055,2945,1,snack_lover
u_0055,3636,1,snack_lover
u_0055,4325,1,snack_lover
u_0055,3344,1,snack_lover
u_0055,4119,1,snack_lover
u_0055,3241,1,snack_lover
u_0055,3293,1,snack_lover
u_0055,3968,1,snack_lover
u_0055,4615,1,snack_lover
u_0055,4129,1,snack_lover
u_0056,3617,1,snack_lover
u_0056,3667,1,snack_lover
u_0056,2821,1,snack_lover
u_0056,4408,1,snack_lover
u_0056,3325,1,snack_lover
u_0056,3223,1,snack_lover
u_0056,4375,1,snack_lover
u_0056,3618,1,snack_lover
u_0056,3694,1,snack_lover
u_0056,3684,1,snack_lover
u_0056,3502,1,snack_lover
u_0056,4046,1,snack_lover
u_0056,4795,1,snack_lover
u_0056,4323,1,snack_lover
u_0056,3434,1,snack_lover
u_0056,3621,1,snack_lover
u_0056,3108,1,snack_lover
u_0056,3752,1,snack_lover
u_0056,3835,1,snack_lover
u_0056,4385,1,snack_lover
u_0056,3915,1,snack_lover
u_0056,3852,1,snack_lover
u_0056,3105,1,snack_lover
u_0056,3355,1,snack_lover
u_0056,3255,1,snack_lover
u_0056,3274,1,snack_lover
u_0057,2107,2,veg_cook
u_0057,1331,1,veg_cook
u_0057,1914,1,veg_cook
u_0057,2757,1,veg_cook
u_0057,742,1,veg_cook
u_0057,1790,1,veg_cook
u_0057,1911,1,veg_cook
u_0057,786,1,veg_cook
u_0057,778,1,veg_cook
u_0057,2361,1,veg_cook
u_0057,706,1,veg_cook
u_0057,645,1,veg_cook
u_0057,1362,1,veg_cook
u_0057,3654,1,veg_cook
u_0057,2710,1,veg_cook
u_0057,1979,1,veg_cook
u_0057,667,1,veg_cook
u_0057,738,1,veg_cook
u_0057,84,1,veg_cook
u_0057,145,1,veg_cook
u_0057,2304,1,veg_cook
u_0057,722,1,veg_cook
u_0057,638,1,veg_cook
u_0057,919,1,veg_cook
u_0057,2289,1,veg_cook
u_0057,922,1,veg_cook
u_0057,2172,1,veg_cook
u_0057,247,1,veg_cook
u_0057,1849,1,veg_cook
u_0058,1542,1,gourmet
u_0058,315,1,gourmet
u_0058,2154,1,gourmet
u_0058,2687,1,gourmet
u_0058,2764,1,gourmet
u_0058,1871,1,gourmet
u_0058,912,1,gourmet
u_0058,1928,1,gourmet
u_0058,119,1,gourmet
u_0058,2091,1,gourmet
u_0058,4880,1,gourmet
u_0058,859,1,gourmet
u_0058,277,1,gourmet
u_0058,3039,1,gourmet
u_0058,1868,1,gourmet
u_0058,1695,1,gourmet
u_0058,2115,1,gourmet
u_0058,2017,1,gourmet
u_0058,3482,1,gourmet
u_0058,2288,1,gourmet
u_0058,2364,1,gourmet
u_0058,1973,1,gourmet
u_0058,2179,1,gourmet
u_0058,1422,1,gourmet
u_0058,323,1,gourmet
u_0058,3660,1,gourmet
u_0058,2314,1,gourmet
u_0058,2000,2,gourmet
u_0058,1577,1,gourmet
u_0058,1734,1,gourmet
u_0058,953,1,gourmet
u_0058,147,1,gourmet
u_0058,1963,1,gourmet
u_0058,204,2,gourmet
u_0058,1902,1,gourmet
u_0058,2511,1,gourmet
u_0058,1752,1,gourmet
u_0058,1938,1,gourmet
u_0058,710,1,gourmet
u_0058,1364,1,gourmet
u_0058,2066,1,gourmet
u_0058,2997,1,gourmet
u_0058,3977,1,gourmet
u_0058,2397,1,gourmet
u_0058,1031,1,gourmet
u_0059,1783,1,household_stocker
u_0059,1675,1,household_stocker
u_0059,2818,1,household_stocker
u_0059,2596,1,household_stocker
u_0059,226,1,household_stocker
u_0059,2440,1,household_stocker
u_0059,3249,1,household_stocker
u_0059,2976,1,household_stocker
u_0059,2886,1,household_stocker
u_0059,1717,1,household_stocker
u_0059,2632,1,household_stocker
u_0059,3181,1,household_stocker
u_0059,304,1,household_stocker
u_0059,2007,1,household_stocker
u_0059,2564,1,household_stocker
u_0059,1214,1,household_stocker
u_0059,3169,1,household_stocker
u_0059,1806,1,household_stocker
u_0059,2664,1,household_stocker
u_0059,636,1,household_stocker
u_0059,345,1,household_stocker
u_0059,2680,1,household_stocker
u_0059,2908,1,household_stocker
u_0059,2754,1,household_stocker
u_0059,1402,1,household_stocker
u_0059,2622,1,household_stocker
u_0059,2775,1,household_stocker
u_0059,2975,1,household_stocker
u_0059,2821,1,household_stocker
u_0059,3094,1,household_stocker
u_0059,3051,1,household_stocker
u_0059,2894,1,household_stocker
u_0059,918,1,household_stocker
u_0059,2785,1,household_stocker
u_0059,2783,1,household_stocker
u_0059,2748,1,household_stocker
u_0059,2794,1,household_stocker
u_0059,673,1,household_stocker
u_0059,1736,1,household_stocker
u_0059,2626,1,household_stocker
u_0059,1120,1,household_stocker
u_0059,543,1,household_stocker
u_0059,47,1,household_stocker
u_0059,2624,1,household_stocker
u_0060,2189,1,festival_shopper
u_0060,2111,1,festival_shopper
u_0060,801,1,festival_shopper
u_0060,3065,1,festival_shopper
u_0060,1438,1,festival_shopper
u_0060,1653,1,festival_shopper
u_0060,34,1,festival_shopper
u_0060,2308,1,festival_shopper
u_0060,3137,1,festival_shopper
u_0060,1426,1,festival_shopper
u_0060,2501,1,festival_shopper
u_0060,3385,1,festival_shopper
u_0060,478,1,festival_shopper
u_0060,2854,1,festival_shopper
u_0060,2587,1,festival_shopper
u_0060,860,1,festival_shopper
u_0060,1632,1,festival_shopper
u_0060,545,1,festival_shopper
u_0060,1125,1,festival_shopper
u_0060,2702,1,festival_shopper
u_0060,2450,1,festival_shopper
u_0060,2322,1,festival_shopper
u_0060,1464,1,festival_shopper
u_0060,1296,1,festival_shopper
u_0060,1392,1,festival_shopper
u_0060,1437,1,festival_shopper
u_0061,2756,1,gourmet
u_0061,1885,1,gourmet
u_0061,434,1,gourmet
u_0061,419,1,gourmet
u_0061,2841,1,gourmet
u_0061,1912,1,gourmet
u_0061,2068,1,gourmet
u_0061,4734,1,gourmet
u_0061,3033,1,gourmet
u_0061,3143,1,gourmet
u_0061,2200,1,gourmet
u_0061,536,1,gourmet
u_0061,1041,1,gourmet
u_0061,2565,1,gourmet
u_0061,2138,1,gourmet
u_0061,1181,1,gourmet
u_0061,186,1,gourmet
u_0061,1016,1,gourmet
u_0061,2365,1,gourmet
u_0061,2259,1,gourmet
u_0061,1906,1,gourmet
u_0061,999,1,gourmet
u_0061,4915,1,gourmet
u_0061,2285,1,gourmet
u_0061,877,1,gourmet
u_0061,2730,1,gourmet
u_0061,2190,1,gourmet
u_0061,2184,1,gourmet
u_0061,575,1,gourmet
u_0061,3210,1,gourmet
u_0061,2265,1,gourmet
u_0061,2208,1,gourmet
u_0061,142,1,gourmet
u_0061,1094,1,gourmet
u_0061,2050,1,gourmet
u_0061,657,1,gourmet
u_0061,2431,1,gourmet
u_0061,819,1,gourmet
u_0061,2159,1,gourmet
u_0061,967,1,gourmet
u_0061,3074,1,gourmet
u_0061,1980,1,gourmet
u_0061,1258,1,gourmet
u_0061,2137,1,gourmet
u_0062,1043,1,gourmet
u_0062,1847,1,gourmet
u_0062,669,1,gourmet
u_0062,1667,1,gourmet
u_0062,366,1,gourmet
u_0062,651,1,gourmet
u_0062,277,1,gourmet
u_0062,2219,1,gourmet
u_0062,1978,1,gourmet
u_0062,1872,1,gourmet
u_0062,867,1,gourmet
u_0062,2474,1,gourmet
u_0062,1311,1,gourmet
u_0062,1672,1,gourmet
u_0062,2759,1,gourmet
u_0062,2006,1,gourmet
u_0062,4081,1,gourmet
u_0062,3509,1,gourmet
u_0062,330,1,gourmet
u_0062,2362,1,gourmet
u_0062,1998,1,gourmet
u_0062,1962,1,gourmet
u_0062,918,1,gourmet
u_0062,387,1,gourmet
u_0062,2878,1,gourmet
u_0062,1150,1,gourmet
u_0062,2141,1,gourmet
u_0062,4977,1,gourmet
u_0062,2366,1,gourmet
u_0062,76,1,gourmet
u_0062,1883,1,gourmet
u_0062,1965,1,gourmet
u_0062,3663,1,gourmet
u_0062,2772,1,gourmet
u_0062,3,1,gourmet
u_0062,273,1,gourmet
u_0062,887,1,gourmet
u_0063,3141,1,household_stocker
u_0063,1824,1,household_stocker
u_0063,2984,1,household_stocker
u_0063,2983,1,household_stocker
u_0063,2570,1,household_stocker
u_0063,2879,1,household_stocker
u_0063,2492,1,household_stocker
u_0063,3010,1,household_stocker
u_0063,2609,1,household_stocker
u_0063,2798,1,household_stocker
u_0063,297,1,household_stocker
u_0063,2607,1,household_stocker
u_0063,454,1,household_stocker
u_0063,1164,1,household_stocker
u_0063,3217,1,household_stocker
u_0063,1073,1,household_stocker
u_0063,1992,1,household_stocker
u_0063,287,1,household_stocker
u_0063,1666,1,household_stocker
u_0063,2848,1,household_stocker
u_0063,3186,1,household_stocker
u_0063,2507,1,household_stocker
u_0063,729,1,household_stocker
u_0063,108,1,household_stocker
u_0063,2407,1,household_stocker
u_0063,3118,1,household_stocker
u_0063,2569,1,household_stocker
u_0064,2792,1,household_stocker
u_0064,1421,1,household_stocker
u_0064,2780,1,household_stocker
u_0064,3122,1,household_stocker
u_0064,2270,1,household_stocker
u_0064,4121,1,household_stocker
u_0064,109,1,household_stocker
u_0064,2902,1,household_stocker
u_0064,1105,1,household_stocker
u_0064,2129,1,household_stocker
u_0064,2991,1,household_stocker
u_0064,829,1,household_stocker
u_0064,3940,1,household_stocker
u_0064,2484,1,household_stocker
u_0064,8,1,household_stocker
u_0064,363,1,household_stocker
u_0064,1225,1,household_stocker
u_0064,2614,1,household_stocker
u_0064,648,1,household_stocker
u_0064,2750,1,household_stocker
u_0064,2663,1,household_stocker
u_0064,1666,1,household_stocker
u_0064,3992,1,household_stocker
u_0064,3057,1,household_stocker
u_0064,943,1,household_stocker
u_0064,328,1,household_stocker
u_0064,1157,1,household_stocker
u_0064,2433,1,household_stocker
u_0064,2969,1,household_stocker
u_0064,2306,1,household_stocker
u_0064,2521,1,household_stocker
u_0064,370,1,household_stocker
u_0064,2971,1,household_stocker
u_0064,615,1,household_stocker
u_0064,401,1,household_stocker
u_0064,2522,1,household_stocker
u_0064,2716,1,household_stocker
u_0064,2692,1,household_stocker
u_0064,2744,1,household_stocker
u_0064,1626,1,household_stocker
u_0065,1597,1,veg_cook
u_0065,1977,1,veg_cook
u_0065,56,1,veg_cook
u_0065,1509,1,veg_cook
u_0065,84,1,veg_cook
u_0065,716,1,veg_cook
u_0065,238,1,veg_cook
u_0065,590,1,veg_cook
u_0065,766,1,veg_cook
u_0065,1973,1,veg_cook
u_0065,513,1,veg_cook
u_0065,836,1,veg_cook
u_0065,2384,1,veg_cook
u_0065,4198,1,veg_cook
u_0065,2046,1,veg_cook
u_0065,1197,1,veg_cook
u_0065,1116,1,veg_cook
u_0065,2734,1,veg_cook
u_0065,1053,1,veg_cook
u_0065,2353,1,veg_cook
u_0065,2721,1,veg_cook
u_0065,3575,1,veg_cook
u_0065,1075,1,veg_cook
u_0065,1196,1,veg_cook
u_0065,651,1,veg_cook
u_0065,1187,1,veg_cook
u_0065,2447,1,veg_cook
u_0065,2335,1,veg_cook
u_0065,2451,1,veg_cook
u_0065,2109,1,veg_cook
u_0065,477,1,veg_cook
u_0065,495,1,veg_cook
u_0065,624,1,veg_cook
u_0065,2096,1,veg_cook
u_0065,1696,1,veg_cook
u_0065,1146,1,veg_cook
u_0066,3844,1,gourmet
u_0066,2052,1,gourmet
u_0066,2247,1,gourmet
u_0066,50,1,gourmet
u_0066,2299,1,gourmet
u_0066,2174,1,gourmet
u_0066,4905,1,gourmet
u_0066,312,1,gourmet
u_0066,3973,1,gourmet
u_0066,4014,1,gourmet
u_0066,2993,1,gourmet
u_0066,460,1,gourmet
u_0066,2189,1,gourmet
u_0066,1008,1,gourmet
u_0066,2183,1,gourmet
u_0066,781,1,gourmet
u_0066,2279,1,gourmet
u_0066,1141,1,gourmet
u_0066,2010,1,gourmet
u_0066,611,1,gourmet
u_0066,1958,1,gourmet
u_0066,2150,1,gourmet
u_0066,424,1,gourmet
u_0066,3169,1,gourmet
u_0066,3560,1,gourmet
u_0066,1159,1,gourmet
u_0066,676,1,gourmet
u_0066,2263,1,gourmet
u_0066,2193,1,gourmet
u_0066,967,1,gourmet
u_0066,1490,1,gourmet
u_0066,2231,1,gourmet
u_0066,4085,1,gourmet
u_0066,457,1,gourmet
u_0066,94,1,gourmet
u_0067,1229,1,gourmet
u_0067,1051,1,gourmet
u_0067,2457,1,gourmet
u_0067,238,1,gourmet
u_0067,2474,1,gourmet
u_0067,176,1,gourmet
u_0067,952,1,gourmet
u_0067,1397,1,gourmet
u_0067,3066,1,gourmet
u_0067,2529,1,gourmet
u_0067,1893,1,gourmet
u_0067,1942,1,gourmet
u_0067,1,1,gourmet
u_0067,5005,1,gourmet
u_0067,1844,1,gourmet
u_0067,1572,1,gourmet
u_0067,2097,1,gourmet
u_0067,739,1,gourmet
u_0067,2548,1,gourmet
u_0067,2533,1,gourmet
u_0067,1921,1,gourmet
u_0067,1276,1,gourmet
u_0067,384,1,gourmet
u_0067,77,1,gourmet
u_0068,1638,1,fruit_lover
u_0068,1062,1,fruit_lover
u_0068,122,1,fruit_lover
u_0068,42,1,fruit_lover
u_0068,2708,1,fruit_lover
u_0068,450,1,fruit_lover
u_0068,860,1,fruit_lover
u_0068,785,1,fruit_lover
u_0068,4681,1,fruit_lover
u_0068,1887,1,fruit_lover
u_0068,1109,1,fruit_lover
u_0068,342,1,fruit_lover
u_0068,4429,1,fruit_lover
u_0068,2678,1,fruit_lover
u_0068,508,1,fruit_lover
u_0068,752,1,fruit_lover
u_0068,1168,1,fruit_lover
u_0068,334,1,fruit_lover
u_0068,2505,1,fruit_lover
u_0068,439,1,fruit_lover
u_0068,204,1,fruit_lover
u_0068,2101,1,fruit_lover
u_0068,3174,1,fruit_lover
u_0068,34,1,fruit_lover
u_0068,630,1,fruit_lover
u_0068,3748,1,fruit_lover
u_0068,157,1,fruit_lover
u_0068,308,1,fruit_lover
u_0068,276,1,fruit_lover
u_0068,2031,1,fruit_lover
u_0068,38,2,fruit_lover
u_0069,34,1,breakfast_shopper
u_0069,1960,1,breakfast_shopper
u_0069,2391,1,breakfast_shopper
u_0069,4456,1,breakfast_shopper
u_0069,1819,1,breakfast_shopper
u_0069,4183,1,breakfast_shopper
u_0069,3421,1,breakfast_shopper
u_0069,2533,1,breakfast_shopper
u_0069,3282,1,breakfast_shopper
u_0069,2550,1,breakfast_shopper
u_0069,2751,1,breakfast_shopper
u_0069,2991,1,breakfast_shopper
u_0069,2633,2,breakfast_shopper
u_0069,4547,1,breakfast_shopper
u_0069,2637,1,breakfast_shopper
u_0069,2705,1,breakfast_shopper
u_0069,2824,1,breakfast_shopper
u_0069,2691,1,breakfast_shopper
u_0069,4475,1,breakfast_shopper
u_0069,4484,1,breakfast_shopper
u_0069,4233,1,breakfast_shopper
u_0069,771,1,breakfast_shopper
u_0069,4599,1,breakfast_shopper
u_0069,330,1,breakfast_shopper
u_0069,488,1,breakfast_shopper
u_0069,4508,1,breakfast_shopper
u_0069,895,1,breakfast_shopper
u_0069,4416,1,breakfast_shopper
u_0069,1245,1,breakfast_shopper
u_0069,657,1,breakfast_shopper
u_0069,4408,1,breakfast_shopper
u_0069,3553,1,breakfast_shopper
u_0069,548,1,breakfast_shopper
u_0069,3443,1,breakfast_shopper
u_0069,4329,1,breakfast_shopper
u_0069,766,1,breakfast_shopper
u_0069,2496,1,breakfast_shopper
u_0069,3170,1,breakfast_shopper
u_0069,1740,1,breakfast_shopper
u_0069,2646,1,breakfast_shopper
u_0069,2539,1,breakfast_shopper
u_0069,83,1,breakfast_shopper
u_0069,826,1,breakfast_shopper
u_0069,901,1,breakfast_shopper
u_0070,2572,1,household_stocker
u_0070,1014,1,household_stocker
u_0070,2917,1,household_stocker
u_0070,2233,1,household_stocker
u_0070,1620,1,household_stocker
u_0070,2529,1,household_stocker
u_0070,2489,1,household_stocker
u_0070,4986,1,household_stocker
u_0070,2895,1,household_stocker
u_0070,3210,1,household_stocker
u_0070,2552,1,household_stocker
u_0070,2407,1,household_stocker
u_0070,1529,1,household_stocker
u_0070,425,1,household_stocker
u_0070,3103,1,household_stocker
u_0070,714,1,household_stocker
u_0070,2915,1,household_stocker
u_0070,246,1,household_stocker
u_0070,2005,1,household_stocker
u_0070,2446,1,household_stocker
u_0070,2847,1,household_stocker
u_0070,2314,1,household_stocker
u_0070,2169,1,household_stocker
u_0070,3809,1,household_stocker
u_0070,2375,1,household_stocker
u_0070,2945,1,household_stocker
u_0070,2608,1,household_stocker
u_0070,1198,1,household_stocker
u_0070,2353,1,household_stocker
u_0070,4442,1,household_stocker
u_0070,2946,1,household_stocker
u_0070,471,1,household_stocker
u_0070,717,1,household_stocker
u_0070,2637,1,household_stocker
u_0070,3208,1,household_stocker
u_0070,3177,1,household_stocker
u_0070,686,1,household_stocker
u_0071,4558,1,snack_lover
u_0071,3424,1,snack_lover
u_0071,3639,1,snack_lover
u_0071,3351,1,snack_lover
u_0071,4173,1,snack_lover
u_0071,2999,1,snack_lover
u_0071,3420,1,snack_lover
u_0071,4032,1,snack_lover
u_0071,3261,1,snack_lover
u_0071,4511,1,snack_lover
u_0071,3060,1,snack_lover
u_0071,3633,1,snack_lover
u_0071,3306,1,snack_lover
u_0071,2038,1,snack_lover
u_0071,3838,1,snack_lover
u_0071,156,1,snack_lover
u_0071,3999,1,snack_lover
u_0071,3957,1,snack_lover
u_0071,2417,1,snack_lover
u_0071,3309,1,snack_lover
u_0071,3194,1,snack_lover
u_0071,3956,1,snack_lover
u_0071,3472,1,snack_lover
u_0071,2521,1,snack_lover
u_0071,3417,1,snack_lover
u_0071,2881,1,snack_lover
u_0071,3843,1,snack_lover
u_0071,2879,1,snack_lover
u_0071,3350,1,snack_lover
u_0071,3450,2,snack_lover
u_0071,3889,1,snack_lover
u_0071,3709,1,snack_lover
u_0071,2954,1,snack_lover
u_0071,3852,1,snack_lover
u_0071,3655,1,snack_lover
u_0072,1461,1,festival_shopper
u_0072,1730,1,festival_shopper
u_0072,269,1,festival_shopper
u_0072,2116,1,festival_shopper
u_0072,939,1,festival_shopper
u_0072,130,1,festival_shopper
u_0072,2812,1,festival_shopper
u_0072,489,1,festival_shopper
u_0072,1118,1,festival_shopper
u_0072,136,1,festival_shopper
u_0072,1391,1,festival_shopper
u_0072,2759,1,festival_shopper
u_0072,1676,1,festival_shopper
u_0072,3870,1,festival_shopper
u_0072,2562,1,festival_shopper
u_0072,1484,1,festival_shopper
u_0072,4403,1,festival_shopper
u_0072,1783,1,festival_shopper
u_0072,1601,1,festival_shopper
u_0072,391,1,festival_shopper
u_0072,1595,1,festival_shopper
u_0072,2925,1,festival_shopper
u_0072,100,1,festival_shopper
u_0072,940,1,festival_shopper
u_0072,700,1,festival_shopper
u_0072,1262,1,festival_shopper
u_0072,2841,1,festival_shopper
u_0072,699,1,festival_shopper
u_0072,854,1,festival_shopper
u_0072,1823,1,festival_shopper
u_0072,364,1,festival_shopper
u_0072,2422,1,festival_shopper
u_0072,1385,1,festival_shopper
u_0072,2855,1,festival_shopper
u_0072,2638,1,festival_shopper
u_0072,1,1,festival_shopper
u_0072,3784,1,festival_shopper
u_0072,1608,1,festival_shopper
u_0072,243,1,festival_shopper
u_0072,1703,1,festival_shopper
u_0073,3823,1,festival_shopper
u_0073,2478,1,festival_shopper
u_0073,1648,1,festival_shopper
u_0073,542,1,festival_shopper
u_0073,790,1,festival_shopper
u_0073,3037,1,festival_shopper
u_0073,2728,1,festival_shopper
u_0073,1316,1,festival_shopper
u_0073,393,1,festival_shopper
u_0073,2756,1,festival_shopper
u_0073,523,1,festival_shopper
u_0073,1687,1,festival_shopper
u_0073,2675,1,festival_shopper
u_0073,4687,1,festival_shopper
u_0073,179,1,festival_shopper
u_0073,2535,1,festival_shopper
u_0073,1052,1,festival_shopper
u_0073,1496,1,festival_shopper
u_0073,648,1,festival_shopper
u_0073,24,1,festival_shopper
u_0073,1407,1,festival_shopper
u_0073,1425,1,festival_shopper
u_0073,253,1,festival_shopper
u_0073,1298,1,festival_shopper
u_0073,1696,1,festival_shopper
u_0073,1405,1,festival_shopper
u_0073,177,1,festival_shopper
u_0073,585,1,festival_shopper
u_0073,1437,1,festival_shopper
u_0073,245,1,festival_shopper
u_0073,832,1,festival_shopper
u_0073,2643,1,festival_shopper
u_0073,371,1,festival_shopper
u_0073,56,1,festival_shopper
u_0073,630,1,festival_shopper
u_0074,3844,1,snack_lover
u_0074,3221,1,snack_lover
u_0074,3435,1,snack_lover
u_0074,4219,1,snack_lover
u_0074,3767,1,snack_lover
u_0074,3172,1,snack_lover
u_0074,2140,1,snack_lover
u_0074,4333,1,snack_lover
u_0074,2456,1,snack_lover
u_0074,3395,1,snack_lover
u_0074,2489,1,snack_lover
u_0074,3341,1,snack_lover
u_0074,3437,1,snack_lover
u_0074,3200,1,snack_lover
u_0074,2318,1,snack_lover
u_0074,3229,1,snack_lover
u_0074,3913,1,snack_lover
u_0074,4163,1,snack_lover
u_0074,4197,1,snack_lover
u_0074,4492,1,snack_lover
u_0074,3514,1,snack_lover
u_0074,3,1,snack_lover
u_0074,3778,1,snack_lover
u_0074,3618,1,snack_lover
u_0074,3648,1,snack_lover
u_0074,3771,1,snack_lover
u_0074,2902,1,snack_lover
u_0074,3314,1,snack_lover
u_0074,4353,1,snack_lover
u_0074,4048,1,snack_lover
u_0074,3784,1,snack_lover
u_0074,3255,1,snack_lover
u_0074,3419,1,snack_lover
u_0074,3441,1,snack_lover
u_0074,3438,1,snack_lover
u_0074,2899,1,snack_lover
u_0074,3659,1,snack_lover
u_0074,3111,1,snack_lover
u_0074,3242,1,snack_lover
u_0074,1830,1,snack_lover
u_0074,2797,1,snack_lover
u_0074,3241,1,snack_lover
u_0074,3385,1,snack_lover
u_0075,1576,1,festival_shopper
u_0075,2461,1,festival_shopper
u_0075,18,1,festival_shopper
u_0075,1077,1,festival_shopper
u_0075,4233,1,festival_shopper
u_0075,664,1,festival_shopper
u_0075,1929,1,festival_shopper
u_0075,3790,1,festival_shopper
u_0075,251,1,festival_shopper
u_0075,2004,1,festival_shopper
u_0075,477,1,festival_shopper
u_0075,1649,1,festival_shopper
u_0075,246,1,festival_shopper
u_0075,296,1,festival_shopper
u_0075,344,1,festival_shopper
u_0075,820,1,festival_shopper
u_0075,889,1,festival_shopper
u_0075,2577,1,festival_shopper
u_0075,1030,1,festival_shopper
u_0075,72,1,festival_shopper
u_0075,1762,1,festival_shopper
u_0075,2741,1,festival_shopper
u_0075,1686,1,festival_shopper
u_0075,2428,1,festival_shopper
u_0075,335,1,festival_shopper
u_0075,2654,1,festival_shopper
u_0075,2267,1,festival_shopper
u_0075,2552,1,festival_shopper
u_0075,2422,1,festival_shopper
u_0075,487,1,festival_shopper
u_0075,245,1,festival_shopper
u_0076,1158,1,fruit_lover
u_0076,266,1,fruit_lover
u_0076,272,1,fruit_lover
u_0076,534,1,fruit_lover
u_0076,1968,1,fruit_lover
u_0076,2264,1,fruit_lover
u_0076,2117,1,fruit_lover
u_0076,4367,1,fruit_lover
u_0076,3182,1,fruit_lover
u_0076,468,1,fruit_lover
u_0076,1141,1,fruit_lover
u_0076,212,1,fruit_lover
u_0076,1329,1,fruit_lover
u_0076,351,1,fruit_lover
u_0076,1250,1,fruit_lover
u_0076,378,1,fruit_lover
u_0076,2413,1,fruit_lover
u_0076,211,1,fruit_lover
u_0076,3772,1,fruit_lover
u_0076,1924,1,fruit_lover
u_0076,434,1,fruit_lover
u_0076,417,1,fruit_lover
u_0076,1201,1,fruit_lover
u_0076,518,2,fruit_lover
u_0076,1207,1,fruit_lover
u_0076,39,1,fruit_lover
u_0076,283,1,fruit_lover
u_0076,2860,1,fruit_lover
u_0076,493,1,fruit_lover
u_0076,2348,1,fruit_lover
u_0076,753,1,fruit_lover
u_0076,1161,1,fruit_lover
u_0076,87,1,fruit_lover
u_0076,408,1,fruit_lover
u_0076,1109,1,fruit_lover
u_0076,83,1,fruit_lover
u_0076,1338,1,fruit_lover
u_0076,2330,1,fruit_lover
u_0076,4251,1,fruit_lover
u_0076,339,2,fruit_lover
u_0076,744,1,fruit_lover
u_0076,198,1,fruit_lover
u_0076,722,1,fruit_lover
u_0077,1495,1,festival_shopper
u_0077,3087,1,festival_shopper
u_0077,1687,1,festival_shopper
u_0077,230,1,festival_shopper
u_0077,3615,1,festival_shopper
u_0077,2728,1,festival_shopper
u_0077,2691,1,festival_shopper
u_0077,358,1,festival_shopper
u_0077,20,1,festival_shopper
u_0077,720,1,festival_shopper
u_0077,107,1,festival_shopper
u_0077,1041,1,festival_shopper
u_0077,1058,1,festival_shopper
u_0077,376,1,festival_shopper
u_0077,1502,1,festival_shopper
u_0077,1791,1,festival_shopper
u_0077,1816,1,festival_shopper
u_0077,1440,1,festival_shopper
u_0077,281,1,festival_shopper
u_0077,3191,1,festival_shopper
u_0077,974,1,festival_shopper
u_0077,1753,1,festival_shopper
u_0077,615,1,festival_shopper
u_0077,4,1,festival_shopper
u_0077,717,1,festival_shopper
u_0077,1223,1,festival_shopper
u_0077,520,1,festival_shopper
u_0077,2509,1,festival_shopper
u_0077,1601,1,festival_shopper
u_0077,117,1,festival_shopper
u_0077,2396,1,festival_shopper
u_0077,120,1,festival_shopper
u_0077,176,1,festival_shopper
u_0077,483,1,festival_shopper
u_0077,1355,1,festival_shopper
u_0077,2172,1,festival_shopper
u_0077,2344,1,festival_shopper
u_0077,1191,1,festival_shopper
u_0077,4336,1,festival_shopper
u_0077,231,1,festival_shopper
u_0077,590,1,festival_shopper
u_0077,3514,1,festival_shopper
u_0077,2374,1,festival_shopper
u_0077,2149,1,festival_shopper
u_0077,1928,1,festival_shopper
u_0077,1067,1,festival_shopper
u_0078,3607,1,breakfast_shopper
u_0078,589,1,breakfast_shopper
u_0078,4590,1,breakfast_shopper
u_0078,4560,1,breakfast_shopper
u_0078,4337,1,breakfast_shopper
u_0078,484,1,breakfast_shopper
u_0078,2544,1,breakfast_shopper
u_0078,4548,1,breakfast_shopper
u_0078,2314,1,breakfast_shopper
u_0078,2135,1,breakfast_shopper
u_0078,4425,1,breakfast_shopper
u_0078,4402,1,breakfast_shopper
u_0078,4440,1,breakfast_shopper
u_0078,4247,1,breakfast_shopper
u_0078,4595,1,breakfast_shopper
u_0078,4262,1,breakfast_shopper
u_0078,2336,1,breakfast_shopper
u_0078,4365,1,breakfast_shopper
u_0078,4536,1,breakfast_shopper
u_0078,3457,1,breakfast_shopper
u_0078,4370,1,breakfast_shopper
u_0078,436,1,breakfast_shopper
u_0078,4228,1,breakfast_shopper
u_0078,4363,1,breakfast_shopper
u_0079,2990,1,festival_shopper
u_0079,3117,1,festival_shopper
u_0079,1773,1,festival_shopper
u_0079,1716,1,festival_shopper
u_0079,1595,1,festival_shopper
u_0079,1650,1,festival_shopper
u_0079,2796,1,festival_shopper
u_0079,1546,1,festival_shopper
u_0079,2998,1,festival_shopper
u_0079,4299,1,festival_shopper
u_0079,638,1,festival_shopper
u_0079,4456,1,festival_shopper
u_0079,1693,1,festival_shopper
u_0079,2841,1,festival_shopper
u_0079,2686,1,festival_shopper
u_0079,744,1,festival_shopper
u_0079,800,1,festival_shopper
u_0079,757,1,festival_shopper
u_0079,1667,1,festival_shopper
u_0079,1573,1,festival_shopper
u_0079,1503,1,festival_shopper
u_0079,268,1,festival_shopper
u_0079,3085,1,festival_shopper
u_0079,4635,1,festival_shopper
u_0079,1664,1,festival_shopper
u_0079,48,1,festival_shopper
u_0080,2522,1,breakfast_shopper
u_0080,103,1,breakfast_shopper
u_0080,4268,1,breakfast_shopper
u_0080,2479,1,breakfast_shopper
u_0080,185,1,breakfast_shopper
u_0080,88,1,breakfast_shopper
u_0080,116,1,breakfast_shopper
u_0080,4610,1,breakfast_shopper
u_0080,154,1,breakfast_shopper
u_0080,3316,1,breakfast_shopper
u_0080,157,1,breakfast_shopper
u_0080,4201,1,breakfast_shopper
u_0080,4516,1,breakfast_shopper
u_0080,2916,1,breakfast_shopper
u_0080,123,1,breakfast_shopper
u_0080,4419,1,breakfast_shopper
u_0080,3605,1,breakfast_shopper
u_0080,4179,1,breakfast_shopper
u_0080,2350,1,breakfast_shopper
u_0080,306,1,breakfast_shopper
u_0080,2555,1,breakfast_shopper
u_0080,2493,1,breakfast_shopper
u_0080,215,1,breakfast_shopper
u_0080,4395,1,breakfast_shopper
u_0080,4444,1,breakfast_shopper
u_0080,4341,1,breakfast_shopper
u_0080,4540,1,breakfast_shopper
u_0080,2431,2,breakfast_shopper
u_0080,654,1,breakfast_shopper
u_0080,2581,1,breakfast_shopper
u_0080,2260,1,breakfast_shopper
u_0080,4879,1,breakfast_shopper
u_0080,2390,1,breakfast_shopper
u_0080,3495,1,breakfast_shopper
u_0080,860,1,breakfast_shopper
u_0080,2357,1,breakfast_shopper
u_0080,4359,1,breakfast_shopper
u_0080,4173,1,breakfast_shopper
u_0080,4150,1,breakfast_shopper
u_0080,1764,1,breakfast_shopper
u_0080,183,1,breakfast_shopper
u_0080,3410,1,breakfast_shopper
u_0081,666,1,festival_shopper
u_0081,3757,1,festival_shopper
u_0081,410,1,festival_shopper
u_0081,2604,1,festival_shopper
u_0081,673,1,festival_shopper
u_0081,2622,1,festival_shopper
u_0081,914,1,festival_shopper
u_0081,1895,1,festival_shopper
u_0081,795,1,festival_shopper
u_0081,2326,1,festival_shopper
u_0081,1613,1,festival_shopper
u_0081,372,1,festival_shopper
u_0081,281,1,festival_shopper
u_0081,2416,1,festival_shopper
u_0081,1408,1,festival_shopper
u_0081,1106,1,festival_shopper
u_0081,1722,1,festival_shopper
u_0081,711,1,festival_shopper
u_0081,1401,1,festival_shopper
u_0081,2461,1,festival_shopper
u_0081,181,1,festival_shopper
u_0081,232,1,festival_shopper
u_0081,2317,1,festival_shopper
u_0081,788,1,festival_shopper
u_0082,2309,1,household_stocker
u_0082,2814,1,household_stocker
u_0082,1635,1,household_stocker
u_0082,2778,1,household_stocker
u_0082,2524,1,household_stocker
u_0082,2654,1,household_stocker
u_0082,773,1,household_stocker
u_0082,2437,1,household_stocker
u_0082,347,1,household_stocker
u_0082,2561,1,household_stocker
u_0082,3075,1,household_stocker
u_0082,2826,1,household_stocker
u_0082,2748,1,household_stocker
u_0082,2231,1,household_stocker
u_0082,2783,1,household_stocker
u_0082,768,1,household_stocker
u_0082,3194,1,household_stocker
u_0082,2490,1,household_stocker
u_0082,967,1,household_stocker
u_0082,2472,1,household_stocker
u_0082,540,1,household_stocker
u_0082,1306,1,household_stocker
u_0082,2578,1,household_stocker
u_0082,1362,1,household_stocker
u_0082,2004,1,household_stocker
u_0082,2685,1,household_stocker
u_0082,310,1,household_stocker
u_0082,4473,1,household_stocker
u_0082,2380,1,household_stocker
u_0082,3167,1,household_stocker
u_0082,2896,1,household_stocker
u_0082,2670,1,household_stocker
u_0082,2705,1,household_stocker
u_0082,2777,1,household_stocker
u_0082,2669,1,household_stocker
u_0082,1159,1,household_stocker
u_0082,2610,1,household_stocker
u_0082,2811,1,household_stocker
u_0082,2470,1,household_stocker
u_0083,375,1,gourmet
u_0083,3022,1,gourmet
u_0083,3721,1,gourmet
u_0083,534,1,gourmet
u_0083,1187,1,gourmet
u_0083,779,1,gourmet
u_0083,2108,1,gourmet
u_0083,3899,1,gourmet
u_0083,466,1,gourmet
u_0083,2101,1,gourmet
u_0083,800,1,gourmet
u_0083,371,1,gourmet
u_0083,125,1,gourmet
u_0083,1158,1,gourmet
u_0083,2365,1,gourmet
u_0083,1196,1,gourmet
u_0083,484,1,gourmet
u_0083,1583,1,gourmet
u_0083,1178,1,gourmet
u_0083,2053,1,gourmet
u_0083,2825,1,gourmet
u_0083,768,1,gourmet
u_0083,325,1,gourmet
u_0083,2281,1,gourmet
u_0083,945,1,gourmet
u_0083,1536,1,gourmet
u_0083,1846,1,gourmet
u_0083,2712,1,gourmet
u_0083,2821,1,gourmet
u_0083,2106,1,gourmet
u_0083,1855,1,gourmet
u_0083,2168,1,gourmet
u_0083,2107,1,gourmet
u_0084,2821,1,household_stocker
u_0084,2751,1,household_stocker
u_0084,384,1,household_stocker
u_0084,675,1,household_stocker
u_0084,594,1,household_stocker
u_0084,2927,1,household_stocker
u_0084,2845,1,household_stocker
u_0084,2597,1,household_stocker
u_0084,2437,1,household_stocker
u_0084,3072,1,household_stocker
u_0084,2451,1,household_stocker
u_0084,3943,1,household_stocker
u_0084,4736,1,household_stocker
u_0084,3089,1,household_stocker
u_0084,1676,1,household_stocker
u_0084,3148,1,household_stocker
u_0084,3065,1,household_stocker
u_0084,3153,1,household_stocker
u_0084,3122,1,household_stocker
u_0084,2893,1,household_stocker
u_0084,3147,1,household_stocker
u_0084,3160,1,household_stocker
u_0084,190,1,household_stocker
u_0084,2868,1,household_stocker
u_0084,2940,1,household_stocker
u_0084,2589,1,household_stocker
u_0084,1012,1,household_stocker
u_0084,2881,1,household_stocker
u_0084,3117,1,household_stocker
u_0084,3068,1,household_stocker
u_0084,2947,1,household_stocker
u_0084,753,1,household_stocker
u_0084,2501,1,household_stocker
u_0084,1210,1,household_stocker
u_0084,3165,1,household_stocker
u_0084,2981,1,household_stocker
u_0084,4714,1,household_stocker
u_0084,2516,1,household_stocker
u_0084,1025,1,household_stocker
u_0084,3879,1,household_stocker
u_0084,2360,1,household_stocker
u_0084,3198,1,household_stocker
u_0084,634,1,household_stocker
u_0084,4559,1,household_stocker
u_0084,2817,1,household_stocker
u_0085,3023,1,snack_lover
u_0085,3096,1,snack_lover
u_0085,3824,1,snack_lover
u_0085,3746,1,snack_lover
u_0085,3237,1,snack_lover
u_0085,3368,1,snack_lover
u_0085,4574,1,snack_lover
u_0085,2653,1,snack_lover
u_0085,217,1,snack_lover
u_0085,1692,1,snack_lover
u_0085,3172,1,snack_lover
u_0085,4430,1,snack_lover
u_0085,51,1,snack_lover
u_0085,3821,1,snack_lover
u_0085,3345,1,snack_lover
u_0085,4050,1,snack_lover
u_0085,3262,1,snack_lover
u_0085,3242,1,snack_lover
u_0085,4330,1,snack_lover
u_0085,3556,1,snack_lover
u_0085,3723,1,snack_lover
u_0085,3439,1,snack_lover
u_0085,3019,1,snack_lover
u_0085,4004,1,snack_lover
u_0085,3968,1,snack_lover
u_0085,4513,1,snack_lover
u_0086,2684,1,festival_shopper
u_0086,359,1,festival_shopper
u_0086,3076,1,festival_shopper
u_0086,1804,1,festival_shopper
u_0086,2418,1,festival_shopper
u_0086,949,1,festival_shopper
u_0086,1594,1,festival_shopper
u_0086,2508,1,festival_shopper
u_0086,1162,1,festival_shopper
u_0086,1589,1,festival_shopper
u_0086,486,1,festival_shopper
u_0086,2404,1,festival_shopper
u_0086,1566,1,festival_shopper
u_0086,387,1,festival_shopper
u_0086,474,1,festival_shopper
u_0086,967,1,festival_shopper
u_0086,2488,1,festival_shopper
u_0086,411,1,festival_shopper
u_0086,370,1,festival_shopper
u_0086,1796,1,festival_shopper
u_0086,283,1,festival_shopper
u_0086,3142,1,festival_shopper
u_0086,795,1,festival_shopper
u_0086,70,1,festival_shopper
u_0086,2778,1,festival_shopper
u_0086,1505,1,festival_shopper
u_0086,561,1,festival_shopper
u_0086,3115,1,festival_shopper
u_0086,410,1,festival_shopper
u_0086,1047,1,festival_shopper
u_0086,1524,1,festival_shopper
u_0086,2505,1,festival_shopper
u_0086,1064,1,festival_shopper
u_0087,1637,1,festival_shopper
u_0087,84,1,festival_shopper
u_0087,610,1,festival_shopper
u_0087,1439,1,festival_shopper
u_0087,990,1,festival_shopper
u_0087,2051,1,festival_shopper
u_0087,1124,1,festival_shopper
u_0087,191,1,festival_shopper
u_0087,2405,1,festival_shopper
u_0087,2424,1,festival_shopper
u_0087,2573,1,festival_shopper
u_0087,3788,1,festival_shopper
u_0087,2356,1,festival_shopper
u_0087,3179,1,festival_shopper
u_0087,182,1,festival_shopper
u_0087,888,1,festival_shopper
u_0087,326,1,festival_shopper
u_0087,2444,1,festival_shopper
u_0087,796,1,festival_shopper
u_0087,152,1,festival_shopper
u_0087,2477,1,festival_shopper
u_0087,1115,1,festival_shopper
u_0087,1084,1,festival_shopper
u_0087,1311,1,festival_shopper
u_0087,1338,1,festival_shopper
u_0087,2308,1,festival_shopper
u_0087,2544,1,festival_shopper
u_0087,3212,1,festival_shopper
u_0087,1509,1,festival_shopper
u_0087,365,1,festival_shopper
u_0087,1750,1,festival_shopper
u_0087,1328,1,festival_shopper
u_0087,2352,1,festival_shopper
u_0087,4295,1,festival_shopper
u_0087,1667,1,festival_shopper
u_0087,1721,1,festival_shopper
u_0087,2817,1,festival_shopper
u_0088,3077,1,snack_lover
u_0088,3269,1,snack_lover
u_0088,3999,1,snack_lover
u_0088,3866,1,snack_lover
u_0088,3651,1,snack_lover
u_0088,1564,1,snack_lover
u_0088,3689,1,snack_lover
u_0088,3434,1,snack_lover
u_0088,2986,1,snack_lover
u_0088,3982,1,snack_lover
u_0088,3822,1,snack_lover
u_0088,3671,1,snack_lover
u_0088,3592,1,snack_lover
u_0088,4488,1,snack_lover
u_0088,3311,1,snack_lover
u_0088,4107,1,snack_lover
u_0088,3918,1,snack_lover
u_0088,4140,1,snack_lover
u_0088,4526,1,snack_lover
u_0088,3018,1,snack_lover
u_0088,4840,1,snack_lover
u_0088,3310,1,snack_lover
u_0088,2617,1,snack_lover
u_0088,3785,1,snack_lover
u_0088,3836,1,snack_lover
u_0088,4884,1,snack_lover
u_0088,3419,1,snack_lover
u_0088,4499,1,snack_lover
u_0088,3741,1,snack_lover
u_0088,2242,1,snack_lover
u_0088,3123,1,snack_lover
u_0088,3074,1,snack_lover
u_0088,4079,1,snack_lover
u_0089,4472,1,breakfast_shopper
u_0089,4456,1,breakfast_shopper
u_0089,2343,1,breakfast_shopper
u_0089,4155,1,breakfast_shopper
u_0089,4162,1,breakfast_shopper
u_0089,3518,1,breakfast_shopper
u_0089,384,1,breakfast_shopper
u_0089,908,1,breakfast_shopper
u_0089,913,1,breakfast_shopper
u_0089,2395,1,breakfast_shopper
u_0089,2739,1,breakfast_shopper
u_0089,314,1,breakfast_shopper
u_0089,4367,1,breakfast_shopper
u_0089,2394,1,breakfast_shopper
u_0089,2468,1,breakfast_shopper
u_0089,4515,1,breakfast_shopper
u_0089,4598,1,breakfast_shopper
u_0089,2664,1,breakfast_shopper
u_0089,200,1,breakfast_shopper
u_0089,1416,1,breakfast_shopper
u_0089,2712,1,breakfast_shopper
u_0089,4254,1,breakfast_shopper
u_0089,4222,1,breakfast_shopper
u_0089,375,1,breakfast_shopper
u_0089,4408,1,breakfast_shopper
u_0089,738,1,breakfast_shopper
u_0089,4216,1,breakfast_shopper
u_0089,414,1,breakfast_shopper
u_0089,148,1,breakfast_shopper
u_0089,3589,1,breakfast_shopper
u_0089,2494,1,breakfast_shopper
u_0089,4286,1,breakfast_shopper
u_0089,4555,1,breakfast_shopper
u_0089,4419,1,breakfast_shopper
u_0089,2665,1,breakfast_shopper
u_0089,2668,1,breakfast_shopper
u_0089,61,1,breakfast_shopper
u_0089,3553,1,breakfast_shopper
u_0089,4290,1,breakfast_shopper
u_0089,110,1,breakfast_shopper
u_0089,2756,1,breakfast_shopper
u_0089,2635,1,breakfast_shopper
u_0090,2434,1,veg_cook
u_0090,594,1,veg_cook
u_0090,2101,1,veg_cook
u_0090,940,1,veg_cook
u_0090,729,1,veg_cook
u_0090,899,1,veg_cook
u_0090,768,1,veg_cook
u_0090,777,1,veg_cook
u_0090,1078,1,veg_cook
u_0090,2556,1,veg_cook
u_0090,1085,1,veg_cook
u_0090,3967,1,veg_cook
u_0090,970,1,veg_cook
u_0090,4145,1,veg_cook
u_0090,1897,1,veg_cook
u_0090,2745,1,veg_cook
u_0090,229,1,veg_cook
u_0090,1536,1,veg_cook
u_0090,586,1,veg_cook
u_0090,787,1,veg_cook
u_0090,2380,1,veg_cook
u_0090,3025,1,veg_cook
u_0090,919,1,veg_cook
u_0090,1997,1,veg_cook
u_0090,488,1,veg_cook
u_0090,811,1,veg_cook
u_0090,2222,1,veg_cook
u_0090,1087,1,veg_cook
u_0090,1576,1,veg_cook
u_0090,590,1,veg_cook
u_0090,2106,1,veg_cook
u_0090,1888,1,veg_cook
u_0091,3639,1,snack_lover
u_0091,3659,1,snack_lover
u_0091,3609,1,snack_lover
u_0091,3551,1,snack_lover
u_0091,1255,1,snack_lover
u_0091,4080,1,snack_lover
u_0091,3291,1,snack_lover
u_0091,2743,1,snack_lover
u_0091,3313,1,snack_lover
u_0091,4007,1,snack_lover
u_0091,4022,2,snack_lover
u_0091,4409,1,snack_lover
u_0091,1358,1,snack_lover
u_0091,3802,1,snack_lover
u_0091,4356,1,snack_lover
u_0091,2918,1,snack_lover
u_0091,3534,1,snack_lover
u_0091,3704,1,snack_lover
u_0091,3365,1,snack_lover
u_0091,4552,1,snack_lover
u_0091,1739,1,snack_lover
u_0091,4250,1,snack_lover
u_0091,3680,1,snack_lover
u_0091,3821,1,snack_lover
u_0091,4593,1,snack_lover
u_0091,3929,1,snack_lover
u_0091,4954,1,snack_lover
u_0091,3459,1,snack_lover
u_0091,3527,1,snack_lover
u_0091,4523,1,snack_lover
u_0092,1969,1,gourmet
u_0092,180,1,gourmet
u_0092,80,1,gourmet
u_0092,2712,1,gourmet
u_0092,2020,1,gourmet
u_0092,509,1,gourmet
u_0092,265,1,gourmet
u_0092,144,1,gourmet
u_0092,1754,1,gourmet
u_0092,3124,1,gourmet
u_0092,2688,1,gourmet
u_0092,4202,1,gourmet
u_0092,2308,1,gourmet
u_0092,443,1,gourmet
u_0092,2031,1,gourmet
u_0092,2144,1,gourmet
u_0092,1225,1,gourmet
u_0092,1939,1,gourmet
u_0092,740,1,gourmet
u_0092,3644,1,gourmet
u_0092,2146,1,gourmet
u_0092,2278,1,gourmet
u_0092,365,1,gourmet
u_0092,2358,1,gourmet
u_0092,50,1,gourmet
u_0092,320,1,gourmet
u_0092,4723,1,gourmet
u_0092,1993,1,gourmet
u_0092,3122,1,gourmet
u_0092,2573,1,gourmet
u_0092,2603,1,gourmet
u_0092,63,1,gourmet
u_0092,905,1,gourmet
u_0092,1318,1,gourmet
u_0092,121,1,gourmet
u_0092,2286,1,gourmet
u_0092,1917,1,gourmet
u_0092,1984,1,gourmet
u_0092,1921,1,gourmet
u_0092,1454,1,gourmet
u_0093,1658,1,festival_shopper
u_0093,553,1,festival_shopper
u_0093,1569,1,festival_shopper
u_0093,159,1,festival_shopper
u_0093,416,1,festival_shopper
u_0093,3753,1,festival_shopper
u_0093,666,1,festival_shopper
u_0093,1776,1,festival_shopper
u_0093,1752,1,festival_shopper
u_0093,1785,1,festival_shopper
u_0093,390,1,festival_shopper
u_0093,2858,1,festival_shopper
u_0093,1648,2,festival_shopper
u_0093,301,1,festival_shopper
u_0093,189,1,festival_shopper
u_0093,2875,1,festival_shopper
u_0093,216,1,festival_shopper
u_0093,2495,1,festival_shopper
u_0093,41,1,festival_shopper
u_0093,1300,1,festival_shopper
u_0093,1190,1,festival_shopper
u_0093,4368,1,festival_shopper
u_0093,4649,1,festival_shopper
u_0093,302,1,festival_shopper
u_0093,1705,1,festival_shopper
u_0093,1488,1,festival_shopper
u_0093,98,1,festival_shopper
u_0093,525,1,festival_shopper
u_0093,1751,1,festival_shopper
u_0093,2548,1,festival_shopper
u_0093,263,1,festival_shopper
u_0093,418,1,festival_shopper
u_0093,4417,1,festival_shopper
u_0093,4327,1,festival_shopper
u_0093,2304,1,festival_shopper
u_0093,737,1,festival_shopper
u_0093,1817,1,festival_shopper
u_0093,2861,1,festival_shopper
u_0093,863,1,festival_shopper
u_0093,187,1,festival_shopper
u_0093,1420,1,festival_shopper
u_0093,4051,1,festival_shopper
u_0093,2371,1,festival_shopper
u_0093,1695,1,festival_shopper
u_0093,278,1,festival_shopper
u_0093,1466,1,festival_shopper
u_0093,2509,1,festival_shopper
u_0094,3325,1,snack_lover
u_0094,3405,1,snack_lover
u_0094,3626,1,snack_lover
u_0094,4394,1,snack_lover
u_0094,3461,1,snack_lover
u_0094,3480,1,snack_lover
u_0094,2768,1,snack_lover
u_0094,3843,1,snack_lover
u_0094,3796,1,snack_lover
u_0094,3720,1,snack_lover
u_0094,3736,1,snack_lover
u_0094,3795,1,snack_lover
u_0094,2276,1,snack_lover
u_0094,4444,1,snack_lover
u_0094,4538,1,snack_lover
u_0094,636,1,snack_lover
u_0094,3916,1,snack_lover
u_0094,4127,1,snack_lover
u_0094,3335,1,snack_lover
u_0094,4220,1,snack_lover
u_0094,2828,1,snack_lover
u_0094,4205,1,snack_lover
u_0094,2904,1,snack_lover
u_0094,3583,1,snack_lover
u_0094,1577,1,snack_lover
u_0094,3295,1,snack_lover
u_0094,2988,1,snack_lover
u_0094,3959,1,snack_lover
u_0094,3862,1,snack_lover
u_0094,3361,1,snack_lover
u_0094,3320,1,snack_lover
u_0094,3460,1,snack_lover
u_0095,2620,1,household_stocker
u_0095,2780,1,household_stocker
u_0095,2534,1,household_stocker
u_0095,3147,1,household_stocker
u_0095,981,1,household_stocker
u_0095,29,1,household_stocker
u_0095,3046,1,household_stocker
u_0095,3029,1,household_stocker
u_0095,1896,1,household_stocker
u_0095,648,1,household_stocker
u_0095,3999,1,household_stocker
u_0095,4286,1,household_stocker
u_0095,505,1,household_stocker
u_0095,402,1,household_stocker
u_0095,3446,1,household_stocker
u_0095,2439,1,household_stocker
u_0095,725,1,household_stocker
u_0095,3086,1,household_stocker
u_0095,4456,1,household_stocker
u_0095,3048,1,household_stocker
u_0095,2459,1,household_stocker
u_0095,3216,1,household_stocker
u_0095,2858,1,household_stocker
u_0095,971,1,household_stocker
u_0095,3179,1,household_stocker
u_0095,2296,1,household_stocker
u_0095,2816,1,household_stocker
u_0095,939,1,household_stocker
u_0095,2274,1,household_stocker
u_0095,2582,1,household_stocker
u_0095,1709,1,household_stocker
u_0095,2911,1,household_stocker
u_0095,4476,1,household_stocker
u_0095,1612,1,household_stocker
u_0095,2880,1,household_stocker
u_0095,3020,1,household_stocker
u_0095,3152,1,household_stocker
u_0095,3744,1,household_stocker
u_0095,1598,1,household_stocker
u_0095,842,1,household_stocker
u_0095,2924,1,household_stocker
u_0095,2945,1,household_stocker
u_0095,1221,1,household_stocker
u_0095,2761,1,household_stocker
u_0095,3049,1,household_stocker
u_0095,3136,1,household_stocker
u_0095,2616,1,household_stocker
u_0095,942,1,household_stocker
u_0096,732,2,fruit_lover
u_0096,2038,1,fruit_lover
u_0096,2372,1,fruit_lover
u_0096,1897,1,fruit_lover
u_0096,2504,1,fruit_lover
u_0096,3400,1,fruit_lover
u_0096,155,1,fruit_lover
u_0096,740,1,fruit_lover
u_0096,1097,1,fruit_lover
u_0096,1032,1,fruit_lover
u_0096,212,1,fruit_lover
u_0096,2700,1,fruit_lover
u_0096,1059,1,fruit_lover
u_0096,296,1,fruit_lover
u_0096,3935,1,fruit_lover
u_0096,2421,1,fruit_lover
u_0096,1418,1,fruit_lover
u_0096,1893,1,fruit_lover
u_0096,4936,1,fruit_lover
u_0096,236,1,fruit_lover
u_0096,3056,1,fruit_lover
u_0096,1458,1,fruit_lover
u_0096,2302,1,fruit_lover
u_0096,3023,1,fruit_lover
u_0096,397,1,fruit_lover
u_0096,585,2,fruit_lover
u_0097,1160,1,festival_shopper
u_0097,2480,1,festival_shopper
u_0097,175,1,festival_shopper
u_0097,1769,1,festival_shopper
u_0097,1808,1,festival_shopper
u_0097,3337,1,festival_shopper
u_0097,433,1,festival_shopper
u_0097,1781,1,festival_shopper
u_0097,1473,1,festival_shopper
u_0097,1311,1,festival_shopper
u_0097,714,1,festival_shopper
u_0097,2550,1,festival_shopper
u_0097,2405,1,festival_shopper
u_0097,2397,1,festival_shopper
u_0097,616,1,festival_shopper
u_0097,383,1,festival_shopper
u_0097,3999,1,festival_shopper
u_0097,1864,1,festival_shopper
u_0097,13,1,festival_shopper
u_0097,2597,1,festival_shopper
u_0097,1706,1,festival_shopper
u_0097,896,1,festival_shopper
u_0097,1645,1,festival_shopper
u_0097,1525,1,festival_shopper
u_0097,1616,1,festival_shopper
u_0097,1829,1,festival_shopper
u_0097,1753,1,festival_shopper
u_0097,2569,1,festival_shopper
u_0097,1548,1,festival_shopper
u_0097,262,1,festival_shopper
u_0097,512,1,festival_shopper
u_0097,4795,1,festival_shopper
u_0097,2144,1,festival_shopper
u_0098,4355,1,breakfast_shopper
u_0098,671,1,breakfast_shopper
u_0098,913,1,breakfast_shopper
u_0098,2181,1,breakfast_shopper
u_0098,442,1,breakfast_shopper
u_0098,824,1,breakfast_shopper
u_0098,4371,1,breakfast_shopper
u_0098,4203,1,breakfast_shopper
u_0098,123,1,breakfast_shopper
u_0098,4487,1,breakfast_shopper
u_0098,2710,1,breakfast_shopper
u_0098,3393,1,breakfast_shopper
u_0098,2650,1,breakfast_shopper
u_0098,4483,1,breakfast_shopper
u_0098,2394,1,breakfast_shopper
u_0098,237,1,breakfast_shopper
u_0098,4420,1,breakfast_shopper
u_0098,4469,2,breakfast_shopper
u_0098,400,1,breakfast_shopper
u_0098,322,1,breakfast_shopper
u_0098,3565,1,breakfast_shopper
u_0098,3434,1,breakfast_shopper
u_0098,4513,1,breakfast_shopper
u_0098,3616,1,breakfast_shopper
u_0098,450,1,breakfast_shopper
u_0098,276,1,breakfast_shopper
u_0098,4273,1,breakfast_shopper
u_0099,1231,1,veg_cook
u_0099,2267,1,veg_cook
u_0099,647,1,veg_cook
u_0099,1178,1,veg_cook
u_0099,4118,1,veg_cook
u_0099,2946,1,veg_cook
u_0099,3113,1,veg_cook
u_0099,798,1,veg_cook
u_0099,521,1,veg_cook
u_0099,1822,1,veg_cook
u_0099,949,1,veg_cook
u_0099,681,1,veg_cook
u_0099,3064,1,veg_cook
u_0099,3876,1,veg_cook
u_0099,3004,1,veg_cook
u_0099,1103,1,veg_cook
u_0099,2518,1,veg_cook
u_0099,124,1,veg_cook
u_0099,901,1,veg_cook
u_0099,894,1,veg_cook
u_0099,2622,1,veg_cook
u_0099,934,1,veg_cook
u_0099,2069,1,veg_cook
u_0099,2663,1,veg_cook
u_0099,706,1,veg_cook
u_0099,623,1,veg_cook
u_0099,2634,1,veg_cook
u_0099,2180,1,veg_cook
u_0099,1095,1,veg_cook
u_0099,1308,1,veg_cook
u_0099,888,1,veg_cook
u_0099,1966,1,veg_cook
u_0099,1335,1,veg_cook
u_0099,2269,1,veg_cook
u_0099,709,1,veg_cook
u_0099,1883,1,veg_cook
u_0099,1486,1,veg_cook
u_0099,512,1,veg_cook
u_0099,1312,1,veg_cook
u_0099,537,1,veg_cook
u_0100,505,1,gourmet
u_0100,719,1,gourmet
u_0100,2363,1,gourmet
u_0100,2915,1,gourmet
u_0100,252,1,gourmet
u_0100,3084,1,gourmet
u_0100,2395,1,gourmet
u_0100,2636,1,gourmet
u_0100,433,1,gourmet
u_0100,965,1,gourmet
u_0100,101,1,gourmet
u_0100,2359,1,gourmet
u_0100,3112,1,gourmet
u_0100,2800,1,gourmet
u_0100,1476,1,gourmet
u_0100,3009,1,gourmet
u_0100,2450,1,gourmet
u_0100,2090,1,gourmet
u_0100,2649,1,gourmet
u_0100,2273,1,gourmet
u_0100,207,1,gourmet
u_0100,1288,1,gourmet
u_0100,2081,1,gourmet
u_0100,2002,1,gourmet
u_0100,634,1,gourmet
u_0100,2470,1,gourmet
u_0100,2247,1,gourmet
u_0100,656,1,gourmet
u_0100,1980,1,gourmet
u_0100,329,1,gourmet
u_0100,1752,1,gourmet
u_0100,2001,1,gourmet
u_0100,1918,1,gourmet
u_0100,1969,1,gourmet
u_0100,232,1,gourmet
u_0100,2531,1,gourmet
u_0100,4176,1,gourmet
u_0100,2132,1,gourmet
u_0100,2177,1,gourmet
u_0100,1981,1,gourmet
u_0101,2538,1,veg_cook
u_0101,1283,1,veg_cook
u_0101,2474,1,veg_cook
u_0101,566,1,veg_cook
u_0101,465,1,veg_cook
u_0101,319,1,veg_cook
u_0101,684,1,veg_cook
u_0101,2646,1,veg_cook
u_0101,1403,1,veg_cook
u_0101,532,1,veg_cook
u_0101,536,1,veg_cook
u_0101,4455,1,veg_cook
u_0101,705,1,veg_cook
u_0101,954,1,veg_cook
u_0101,4945,1,veg_cook
u_0101,242,1,veg_cook
u_0101,2056,1,veg_cook
u_0101,4708,1,veg_cook
u_0101,1510,1,veg_cook
u_0101,819,1,veg_cook
u_0101,1117,1,veg_cook
u_0101,971,1,veg_cook
u_0101,3684,1,veg_cook
u_0101,1702,1,veg_cook
u_0101,717,1,veg_cook
u_0101,725,1,veg_cook
u_0101,136,1,veg_cook
u_0101,704,1,veg_cook
u_0101,1339,1,veg_cook
u_0101,1218,1,veg_cook
u_0101,863,2,veg_cook
u_0101,1111,1,veg_cook
u_0101,212,1,veg_cook
u_0101,2431,1,veg_cook
u_0102,4008,1,gourmet
u_0102,2523,1,gourmet
u_0102,1974,1,gourmet
u_0102,316,1,gourmet
u_0102,1018,1,gourmet
u_0102,1014,1,gourmet
u_0102,331,1,gourmet
u_0102,616,1,gourmet
u_0102,338,1,gourmet
u_0102,1294,1,gourmet
u_0102,830,1,gourmet
u_0102,202,1,gourmet
u_0102,1592,1,gourmet
u_0102,20,1,gourmet
u_0102,704,1,gourmet
u_0102,2738,1,gourmet
u_0102,19,1,gourmet
u_0102,1914,1,gourmet
u_0102,3548,1,gourmet
u_0102,1889,1,gourmet
u_0102,1206,1,gourmet
u_0102,673,1,gourmet
u_0102,3624,1,gourmet
u_0102,1927,1,gourmet
u_0102,1780,1,gourmet
u_0102,2052,1,gourmet
u_0102,1338,1,gourmet
u_0102,165,1,gourmet
u_0102,816,1,gourmet
u_0102,2768,1,gourmet
u_0102,196,1,gourmet
u_0102,1888,1,gourmet
u_0102,5036,1,gourmet
u_0102,2418,1,gourmet
u_0102,2015,1,gourmet
u_0102,2865,1,gourmet
u_0102,1768,1,gourmet
u_0102,287,1,gourmet
u_0102,1987,1,gourmet
u_0102,1228,1,gourmet
u_0103,1608,1,breakfast_shopper
u_0103,4413,1,breakfast_shopper
u_0103,2477,1,breakfast_shopper
u_0103,2673,1,breakfast_shopper
u_0103,2378,1,breakfast_shopper
u_0103,4265,1,breakfast_shopper
u_0103,545,1,breakfast_shopper
u_0103,8,1,breakfast_shopper
u_0103,4299,1,breakfast_shopper
u_0103,4469,1,breakfast_shopper
u_0103,843,1,breakfast_shopper
u_0103,2615,1,breakfast_shopper
u_0103,4574,1,breakfast_shopper
u_0103,4342,1,breakfast_shopper
u_0103,2323,1,breakfast_shopper
u_0103,4440,1,breakfast_shopper
u_0103,153,1,breakfast_shopper
u_0103,3447,1,breakfast_shopper
u_0103,2485,1,breakfast_shopper
u_0103,163,1,breakfast_shopper
u_0103,120,1,breakfast_shopper
u_0103,4206,1,breakfast_shopper
u_0103,4355,1,breakfast_shopper
u_0103,4168,1,breakfast_shopper
u_0103,4479,1,breakfast_shopper
u_0103,526,1,breakfast_shopper
u_0103,94,1,breakfast_shopper
u_0103,3551,1,breakfast_shopper
u_0103,4592,1,breakfast_shopper
u_0103,2349,1,breakfast_shopper
u_0103,2383,1,breakfast_shopper
u_0103,942,1,breakfast_shopper
u_0103,4250,1,breakfast_shopper
u_0103,2621,1,breakfast_shopper
u_0103,4457,1,breakfast_shopper
u_0103,4314,1,breakfast_shopper
u_0104,1009,1,gourmet
u_0104,258,1,gourmet
u_0104,2543,1,gourmet
u_0104,1941,1,gourmet
u_0104,151,1,gourmet
u_0104,1914,1,gourmet
u_0104,1977,1,gourmet
u_0104,266,1,gourmet
u_0104,951,1,gourmet
u_0104,389,1,gourmet
u_0104,1688,1,gourmet
u_0104,1943,1,gourmet
u_0104,576,1,gourmet
u_0104,1857,1,gourmet
u_0104,3421,1,gourmet
u_0104,1901,1,gourmet
u_0104,2399,1,gourmet
u_0104,928,1,gourmet
u_0104,1764,1,gourmet
u_0104,3120,1,gourmet
u_0104,666,1,gourmet
u_0104,230,1,gourmet
u_0104,2183,2,gourmet
u_0104,1931,1,gourmet
u_0104,832,1,gourmet
u_0104,320,1,gourmet
u_0104,836,1,gourmet
u_0104,253,1,gourmet
u_0105,1856,1,gourmet
u_0105,1925,1,gourmet
u_0105,2642,1,gourmet
u_0105,319,1,gourmet
u_0105,546,1,gourmet
u_0105,1168,1,gourmet
u_0105,246,1,gourmet
u_0105,365,1,gourmet
u_0105,161,1,gourmet
u_0105,2286,1,gourmet
u_0105,4691,1,gourmet
u_0105,1841,1,gourmet
u_0105,2363,1,gourmet
u_0105,464,1,gourmet
u_0105,4255,1,gourmet
u_0105,2753,1,gourmet
u_0105,2062,1,gourmet
u_0105,4783,1,gourmet
u_0105,2341,1,gourmet
u_0105,1326,1,gourmet
u_0105,627,1,gourmet
u_0105,3114,1,gourmet
u_0105,98,1,gourmet
u_0105,3597,1,gourmet
u_0105,2882,1,gourmet
u_0105,2133,1,gourmet
u_0105,328,1,gourmet
u_0105,1460,1,gourmet
u_0105,2515,1,gourmet
u_0105,1952,1,gourmet
u_0105,885,1,gourmet
u_0105,1918,1,gourmet
u_0105,1904,1,gourmet
u_0105,3124,1,gourmet
u_0106,3157,1,gourmet
u_0106,1385,1,gourmet
u_0106,1975,1,gourmet
u_0106,2171,1,gourmet
u_0106,2065,1,gourmet
u_0106,2684,1,gourmet
u_0106,3159,1,gourmet
u_0106,1949,1,gourmet
u_0106,2139,1,gourmet
u_0106,1271,1,gourmet
u_0106,2114,1,gourmet
u_0106,2746,1,gourmet
u_0106,642,1,gourmet
u_0106,457,1,gourmet
u_0106,2465,1,gourmet
u_0106,2674,1,gourmet
u_0106,3625,1,gourmet
u_0106,881,1,gourmet
u_0106,1911,1,gourmet
u_0106,1161,1,gourmet
u_0106,2612,1,gourmet
u_0106,140,2,gourmet
u_0106,474,1,gourmet
u_0106,2298,1,gourmet
u_0107,3483,1,breakfast_shopper
u_0107,2257,1,breakfast_shopper
u_0107,3554,1,breakfast_shopper
u_0107,4536,1,breakfast_shopper
u_0107,4487,1,breakfast_shopper
u_0107,4259,1,breakfast_shopper
u_0107,1141,1,breakfast_shopper
u_0107,2566,1,breakfast_shopper
u_0107,4393,1,breakfast_shopper
u_0107,68,1,breakfast_shopper
u_0107,2394,1,breakfast_shopper
u_0107,2867,1,breakfast_shopper
u_0107,4272,1,breakfast_shopper
u_0107,903,1,breakfast_shopper
u_0107,4968,1,breakfast_shopper
u_0107,2490,1,breakfast_shopper
u_0107,3377,1,breakfast_shopper
u_0107,4468,1,breakfast_shopper
u_0107,4231,1,breakfast_shopper
u_0107,2914,1,breakfast_shopper
u_0107,3638,1,breakfast_shopper
u_0107,2664,1,breakfast_shopper
u_0107,192,1,breakfast_shopper
u_0107,1968,1,breakfast_shopper
u_0107,4379,1,breakfast_shopper
u_0107,3027,1,breakfast_shopper
u_0107,1848,1,breakfast_shopper
u_0107,4576,1,breakfast_shopper
u_0108,2044,1,festival_shopper
u_0108,235,1,festival_shopper
u_0108,1410,1,festival_shopper
u_0108,3659,1,festival_shopper
u_0108,602,1,festival_shopper
u_0108,3819,1,festival_shopper
u_0108,685,1,festival_shopper
u_0108,1395,1,festival_shopper
u_0108,789,1,festival_shopper
u_0108,1720,1,festival_shopper
u_0108,1845,1,festival_shopper
u_0108,1456,1,festival_shopper
u_0108,1597,1,festival_shopper
u_0108,1614,1,festival_shopper
u_0108,2731,1,festival_shopper
u_0108,592,1,festival_shopper
u_0108,1484,1,festival_shopper
u_0108,2606,1,festival_shopper
u_0108,1724,1,festival_shopper
u_0108,608,1,festival_shopper
u_0108,1298,1,festival_shopper
u_0108,1320,1,festival_shopper
u_0108,682,1,festival_shopper
u_0108,1531,1,festival_shopper
u_0109,3372,1,snack_lover
u_0109,3223,1,snack_lover
u_0109,356,1,snack_lover
u_0109,3431,1,snack_lover
u_0109,3789,1,snack_lover
u_0109,4133,1,snack_lover
u_0109,3554,1,snack_lover
u_0109,3407,1,snack_lover
u_0109,3680,1,snack_lover
u_0109,4292,1,snack_lover
u_0109,2766,1,snack_lover
u_0109,2979,1,snack_lover
u_0109,3158,1,snack_lover
u_0109,3936,1,snack_lover
u_0109,3378,1,snack_lover
u_0109,3504,1,snack_lover
u_0109,3569,1,snack_lover
u_0109,4074,1,snack_lover
u_0109,2805,1,snack_lover
u_0109,3353,1,snack_lover
u_0109,3631,1,snack_lover
u_0109,2905,1,snack_lover
u_0109,3655,1,snack_lover
u_0109,3975,1,snack_lover
u_0109,3528,1,snack_lover
u_0109,3289,1,snack_lover
u_0109,1940,1,snack_lover
u_0109,3958,1,snack_lover
u_0110,25,1,gourmet
u_0110,2249,1,gourmet
u_0110,2870,1,gourmet
u_0110,761,1,gourmet
u_0110,3490,1,gourmet
u_0110,17,1,gourmet
u_0110,146,1,gourmet
u_0110,773,1,gourmet
u_0110,1702,1,gourmet
u_0110,720,1,gourmet
u_0110,2680,1,gourmet
u_0110,789,1,gourmet
u_0110,911,1,gourmet
u_0110,2309,1,gourmet
u_0110,3734,1,gourmet
u_0110,2793,1,gourmet
u_0110,1933,1,gourmet
u_0110,1908,1,gourmet
u_0110,105,1,gourmet
u_0110,1887,1,gourmet
u_0110,474,1,gourmet
u_0110,1969,1,gourmet
u_0110,2659,1,gourmet
u_0110,2525,1,gourmet
u_0110,1961,1,gourmet
u_0110,425,1,gourmet
u_0110,2591,1,gourmet
u_0110,394,1,gourmet
u_0110,2292,1,gourmet
u_0110,1650,1,gourmet
u_0110,42,1,gourmet
u_0110,1789,1,gourmet
u_0110,2287,1,gourmet
u_0110,2530,1,gourmet
u_0110,2206,1,gourmet
u_0110,3216,1,gourmet
u_0110,2575,1,gourmet
u_0111,3541,1,household_stocker
u_0111,3102,1,household_stocker
u_0111,2977,1,household_stocker
u_0111,2998,1,household_stocker
u_0111,2512,1,household_stocker
u_0111,3258,1,household_stocker
u_0111,2496,1,household_stocker
u_0111,652,1,household_stocker
u_0111,2709,1,household_stocker
u_0111,2955,1,household_stocker
u_0111,2799,1,household_stocker
u_0111,2680,1,household_stocker
u_0111,692,1,household_stocker
u_0111,568,1,household_stocker
u_0111,1589,1,household_stocker
u_0111,4906,1,household_stocker
u_0111,2836,1,household_stocker
u_0111,2548,1,household_stocker
u_0111,2612,1,household_stocker
u_0111,4449,1,household_stocker
u_0111,4378,1,household_stocker
u_0111,2846,1,household_stocker
u_0111,2819,1,household_stocker
u_0111,2515,1,household_stocker
u_0111,409,1,household_stocker
u_0111,527,1,household_stocker
u_0111,2434,1,household_stocker
u_0111,4243,1,household_stocker
u_0111,3008,1,household_stocker
u_0111,3095,1,household_stocker
u_0111,3031,1,household_stocker
u_0111,2934,1,household_stocker
u_0111,2698,1,household_stocker
u_0111,2727,1,household_stocker
u_0111,3039,1,household_stocker
u_0111,794,1,household_stocker
u_0112,1757,1,gourmet
u_0112,2669,1,gourmet
u_0112,2835,1,gourmet
u_0112,1955,1,gourmet
u_0112,918,1,gourmet
u_0112,2630,1,gourmet
u_0112,327,1,gourmet
u_0112,2549,1,gourmet
u_0112,1284,1,gourmet
u_0112,136,1,gourmet
u_0112,1343,1,gourmet
u_0112,18,1,gourmet
u_0112,2580,1,gourmet
u_0112,482,1,gourmet
u_0112,1225,1,gourmet
u_0112,960,1,gourmet
u_0112,1938,1,gourmet
u_0112,1980,1,gourmet
u_0112,2006,1,gourmet
u_0112,1226,1,gourmet
u_0112,828,1,gourmet
u_0112,344,1,gourmet
u_0112,915,1,gourmet
u_0112,3976,1,gourmet
u_0113,1383,1,fruit_lover
u_0113,133,1,fruit_lover
u_0113,17,1,fruit_lover
u_0113,2602,1,fruit_lover
u_0113,2453,1,fruit_lover
u_0113,4519,1,fruit_lover
u_0113,372,1,fruit_lover
u_0113,296,1,fruit_lover
u_0113,2261,1,fruit_lover
u_0113,381,1,fruit_lover
u_0113,486,1,fruit_lover
u_0113,3247,1,fruit_lover
u_0113,361,1,fruit_lover
u_0113,3474,1,fruit_lover
u_0113,36,1,fruit_lover
u_0113,622,1,fruit_lover
u_0113,2357,1,fruit_lover
u_0113,376,1,fruit_lover
u_0113,2438,1,fruit_lover
u_0113,591,1,fruit_lover
u_0113,1440,1,fruit_lover
u_0113,2494,1,fruit_lover
u_0113,1952,1,fruit_lover
u_0113,2323,1,fruit_lover
u_0113,436,1,fruit_lover
u_0113,185,1,fruit_lover
u_0113,194,1,fruit_lover
u_0113,4958,1,fruit_lover
u_0113,1558,1,fruit_lover
u_0113,1510,1,fruit_lover
u_0113,1982,1,fruit_lover
u_0113,285,1,fruit_lover
u_0113,244,1,fruit_lover
u_0113,1115,1,fruit_lover
u_0113,1778,1,fruit_lover
u_0113,3621,1,fruit_lover
u_0113,437,1,fruit_lover
u_0113,2416,1,fruit_lover
u_0113,2476,1,fruit_lover
u_0113,159,1,fruit_lover
u_0114,276,1,fruit_lover
u_0114,3165,1,fruit_lover
u_0114,133,1,fruit_lover
u_0114,175,1,fruit_lover
u_0114,2939,1,fruit_lover
u_0114,408,1,fruit_lover
u_0114,1864,1,fruit_lover
u_0114,2085,1,fruit_lover
u_0114,2120,1,fruit_lover
u_0114,2727,1,fruit_lover
u_0114,2137,1,fruit_lover
u_0114,537,1,fruit_lover
u_0114,2225,1,fruit_lover
u_0114,2544,1,fruit_lover
u_0114,88,1,fruit_lover
u_0114,286,1,fruit_lover
u_0114,3955,1,fruit_lover
u_0114,942,1,fruit_lover
u_0114,404,1,fruit_lover
u_0114,212,1,fruit_lover
u_0114,66,2,fruit_lover
u_0114,2399,1,fruit_lover
u_0114,4907,1,fruit_lover
u_0114,2193,1,fruit_lover
u_0114,3104,1,fruit_lover
u_0114,281,1,fruit_lover
u_0114,2899,1,fruit_lover
u_0114,1851,1,fruit_lover
u_0114,1001,1,fruit_lover
u_0114,440,1,fruit_lover
u_0114,4903,1,fruit_lover
u_0114,342,1,fruit_lover
u_0114,1962,1,fruit_lover
u_0114,371,1,fruit_lover
u_0114,1592,1,fruit_lover
u_0114,617,1,fruit_lover
u_0114,1069,1,fruit_lover
u_0115,2140,1,fruit_lover
u_0115,819,1,fruit_lover
u_0115,852,1,fruit_lover
u_0115,3767,1,fruit_lover
u_0115,3833,1,fruit_lover
u_0115,2482,1,fruit_lover
u_0115,328,1,fruit_lover
u_0115,2330,1,fruit_lover
u_0115,1983,1,fruit_lover
u_0115,3730,1,fruit_lover
u_0115,180,1,fruit_lover
u_0115,139,2,fruit_lover
u_0115,153,1,fruit_lover
u_0115,2014,1,fruit_lover
u_0115,1692,1,fruit_lover
u_0115,1555,1,fruit_lover
u_0115,2769,1,fruit_lover
u_0115,4841,1,fruit_lover
u_0115,149,1,fruit_lover
u_0115,1799,1,fruit_lover
u_0115,306,1,fruit_lover
u_0115,302,1,fruit_lover
u_0115,1483,1,fruit_lover
u_0115,916,1,fruit_lover
u_0115,272,1,fruit_lover
u_0115,206,1,fruit_lover
u_0115,1147,1,fruit_lover
u_0115,931,1,fruit_lover
u_0115,3991,1,fruit_lover
u_0115,837,1,fruit_lover
u_0115,1813,1,fruit_lover
u_0115,395,1,fruit_lover
u_0115,2100,1,fruit_lover
u_0115,84,1,fruit_lover
u_0115,148,1,fruit_lover
u_0115,2454,1,fruit_lover
u_0115,853,1,fruit_lover
u_0115,211,1,fruit_lover
u_0115,1037,1,fruit_lover
u_0115,1898,1,fruit_lover
u_0115,266,1,fruit_lover
u_0115,2696,1,fruit_lover
u_0115,470,1,fruit_lover
u_0115,115,1,fruit_lover
u_0115,4121,1,fruit_lover
u_0115,940,1,fruit_lover
u_0116,1299,1,gourmet
u_0116,3792,1,gourmet
u_0116,136,1,gourmet
u_0116,1309,1,gourmet
u_0116,21,1,gourmet
u_0116,1018,1,gourmet
u_0116,1810,1,gourmet
u_0116,2805,1,gourmet
u_0116,247,1,gourmet
u_0116,32,1,gourmet
u_0116,1874,1,gourmet
u_0116,1123,1,gourmet
u_0116,2412,1,gourmet
u_0116,434,1,gourmet
u_0116,2561,1,gourmet
u_0116,1007,1,gourmet
u_0116,259,1,gourmet
u_0116,2791,1,gourmet
u_0116,438,1,gourmet
u_0116,2177,1,gourmet
u_0116,347,1,gourmet
u_0116,1923,1,gourmet
u_0116,1971,1,gourmet
u_0116,523,1,gourmet
u_0117,3560,1,festival_shopper
u_0117,1627,1,festival_shopper
u_0117,2186,1,festival_shopper
u_0117,2361,1,festival_shopper
u_0117,143,1,festival_shopper
u_0117,451,1,festival_shopper
u_0117,4522,1,festival_shopper
u_0117,4269,1,festival_shopper
u_0117,1616,1,festival_shopper
u_0117,20,1,festival_shopper
u_0117,1838,1,festival_shopper
u_0117,1725,1,festival_shopper
u_0117,280,1,festival_shopper
u_0117,1715,1,festival_shopper
u_0117,307,1,festival_shopper
u_0117,648,1,festival_shopper
u_0117,2143,1,festival_shopper
u_0117,1499,1,festival_shopper
u_0117,2876,1,festival_shopper
u_0117,1712,1,festival_shopper
u_0117,435,1,festival_shopper
u_0117,2450,1,festival_shopper
u_0117,1030,1,festival_shopper
u_0117,360,1,festival_shopper
u_0117,1810,1,festival_shopper
u_0117,566,1,festival_shopper
u_0117,4461,1,festival_shopper
u_0117,324,1,festival_shopper
u_0117,831,1,festival_shopper
u_0117,2301,1,festival_shopper
u_0117,2343,1,festival_shopper
u_0117,605,1,festival_shopper
u_0117,1316,1,festival_shopper
u_0117,1070,1,festival_shopper
u_0117,1605,1,festival_shopper
u_0117,4827,1,festival_shopper
u_0117,2362,1,festival_shopper
u_0117,1390,1,festival_shopper
u_0117,145,1,festival_shopper
u_0117,762,1,festival_shopper
u_0117,436,1,festival_shopper
u_0117,2693,1,festival_shopper
u_0117,1771,1,festival_shopper
u_0117,2010,1,festival_shopper
u_0117,1043,1,festival_shopper
u_0118,47,1,fruit_lover
u_0118,3546,1,fruit_lover
u_0118,2995,1,fruit_lover
u_0118,2216,1,fruit_lover
u_0118,658,1,fruit_lover
u_0118,693,1,fruit_lover
u_0118,252,1,fruit_lover
u_0118,770,1,fruit_lover
u_0118,367,1,fruit_lover
u_0118,2516,1,fruit_lover
u_0118,2318,1,fruit_lover
u_0118,2390,1,fruit_lover
u_0118,1211,1,fruit_lover
u_0118,2047,1,fruit_lover
u_0118,1407,1,fruit_lover
u_0118,117,1,fruit_lover
u_0118,183,1,fruit_lover
u_0118,189,1,fruit_lover
u_0118,2173,1,fruit_lover
u_0118,3219,1,fruit_lover
u_0118,2285,1,fruit_lover
u_0118,2028,1,fruit_lover
u_0118,84,1,fruit_lover
u_0118,1171,1,fruit_lover
u_0118,1901,1,fruit_lover
u_0119,2264,1,gourmet
u_0119,2068,1,gourmet
u_0119,2041,1,gourmet
u_0119,1356,1,gourmet
u_0119,487,1,gourmet
u_0119,4575,1,gourmet
u_0119,2461,1,gourmet
u_0119,445,1,gourmet
u_0119,2113,1,gourmet
u_0119,2139,1,gourmet
u_0119,2177,1,gourmet
u_0119,2435,1,gourmet
u_0119,1499,1,gourmet
u_0119,2284,1,gourmet
u_0119,1920,1,gourmet
u_0119,3791,1,gourmet
u_0119,2110,1,gourmet
u_0119,994,1,gourmet
u_0119,244,1,gourmet
u_0119,2764,1,gourmet
u_0119,2114,1,gourmet
u_0119,2040,1,gourmet
u_0119,2137,1,gourmet
u_0119,3147,1,gourmet
u_0119,2126,1,gourmet
u_0119,446,1,gourmet
u_0119,137,1,gourmet
u_0119,645,1,gourmet
u_0119,545,1,gourmet
u_0119,2520,1,gourmet
u_0119,442,1,gourmet
u_0119,382,1,gourmet
u_0120,2716,1,veg_cook
u_0120,2285,1,veg_cook
u_0120,1790,1,veg_cook
u_0120,368,1,veg_cook
u_0120,648,1,veg_cook
u_0120,962,1,veg_cook
u_0120,2193,1,veg_cook
u_0120,1653,1,veg_cook
u_0120,2103,1,veg_cook
u_0120,539,1,veg_cook
u_0120,1065,1,veg_cook
u_0120,980,1,veg_cook
u_0120,524,1,veg_cook
u_0120,2364,1,veg_cook
u_0120,2416,1,veg_cook
u_0120,1266,1,veg_cook
u_0120,2165,1,veg_cook
u_0120,2537,1,veg_cook
u_0120,602,1,veg_cook
u_0120,1038,1,veg_cook
u_0120,643,1,veg_cook
u_0120,674,1,veg_cook
u_0120,3003,1,veg_cook
u_0120,2557,1,veg_cook
u_0120,815,1,veg_cook
u_0120,502,1,veg_cook
u_0120,2273,1,veg_cook
u_0120,4527,1,veg_cook
u_0120,403,1,veg_cook
u_0120,2157,1,veg_cook
u_0120,4642,1,veg_cook
u_0120,499,1,veg_cook
u_0120,561,1,veg_cook
u_0120,1963,1,veg_cook
u_0120,2264,1,veg_cook
u_0120,1230,1,veg_cook
u_0120,1189,1,veg_cook
u_0121,2280,1,veg_cook
u_0121,692,1,veg_cook
u_0121,1912,1,veg_cook
u_0121,331,1,veg_cook
u_0121,2515,1,veg_cook
u_0121,661,1,veg_cook
u_0121,2141,1,veg_cook
u_0121,3931,1,veg_cook
u_0121,2194,1,veg_cook
u_0121,751,1,veg_cook
u_0121,858,1,veg_cook
u_0121,2736,1,veg_cook
u_0121,3707,1,veg_cook
u_0121,814,1,veg_cook
u_0121,4548,1,veg_cook
u_0121,1152,1,veg_cook
u_0121,171,1,veg_cook
u_0121,1358,1,veg_cook
u_0121,2400,1,veg_cook
u_0121,1357,1,veg_cook
u_0121,1417,1,veg_cook
u_0121,4633,1,veg_cook
u_0121,4552,1,veg_cook
u_0121,2640,1,veg_cook
u_0121,2003,1,veg_cook
u_0121,826,1,veg_cook
u_0121,757,1,veg_cook
u_0121,562,1,veg_cook
u_0121,624,1,veg_cook
u_0121,653,1,veg_cook
u_0121,3056,1,veg_cook
u_0122,4405,1,snack_lover
u_0122,1110,1,snack_lover
u_0122,110,1,snack_lover
u_0122,3580,1,snack_lover
u_0122,3593,1,snack_lover
u_0122,3562,1,snack_lover
u_0122,2396,1,snack_lover
u_0122,3241,1,snack_lover
u_0122,3908,1,snack_lover
u_0122,3970,1,snack_lover
u_0122,3733,1,snack_lover
u_0122,3829,1,snack_lover
u_0122,3175,1,snack_lover
u_0122,4248,1,snack_lover
u_0122,4265,1,snack_lover
u_0122,2931,1,snack_lover
u_0122,2676,1,snack_lover
u_0122,3983,1,snack_lover
u_0122,3252,1,snack_lover
u_0122,2382,1,snack_lover
u_0122,3941,1,snack_lover
u_0122,4374,1,snack_lover
u_0122,4501,1,snack_lover
u_0122,3718,1,snack_lover
u_0122,3674,1,snack_lover
u_0122,3381,1,snack_lover
u_0122,2936,1,snack_lover
u_0122,3709,1,snack_lover
u_0123,2124,1,gourmet
u_0123,865,1,gourmet
u_0123,4464,1,gourmet
u_0123,4093,1,gourmet
u_0123,137,1,gourmet
u_0123,628,1,gourmet
u_0123,614,1,gourmet
u_0123,564,1,gourmet
u_0123,4817,1,gourmet
u_0123,2239,1,gourmet
u_0123,589,1,gourmet
u_0123,3994,1,gourmet
u_0123,4517,1,gourmet
u_0123,2174,1,gourmet
u_0123,474,1,gourmet
u_0123,1989,1,gourmet
u_0123,2884,1,gourmet
u_0123,2638,1,gourmet
u_0123,2435,1,gourmet
u_0123,843,1,gourmet
u_0123,1433,1,gourmet
u_0123,1539,1,gourmet
u_0123,212,1,gourmet
u_0123,2417,1,gourmet
u_0123,2694,1,gourmet
u_0123,768,1,gourmet
u_0123,4683,1,gourmet
u_0123,2193,1,gourmet
u_0123,1866,1,gourmet
u_0123,1908,1,gourmet
u_0123,2259,1,gourmet
u_0123,2484,1,gourmet
u_0123,561,1,gourmet
u_0123,1966,1,gourmet
u_0123,2037,1,gourmet
u_0123,2605,2,gourmet
u_0123,102,1,gourmet
u_0123,3170,1,gourmet
u_0123,2228,1,gourmet
u_0123,2282,1,gourmet
u_0123,2256,1,gourmet
u_0123,809,1,gourmet
u_0123,117,1,gourmet
u_0123,4369,1,gourmet
u_0123,617,1,gourmet
u_0123,2068,1,gourmet
u_0123,2226,1,gourmet
u_0124,960,1,household_stocker
u_0124,2346,1,household_stocker
u_0124,2155,1,household_stocker
u_0124,776,1,household_stocker
u_0124,443,1,household_stocker
u_0124,2436,1,household_stocker
u_0124,2745,1,household_stocker
u_0124,3169,1,household_stocker
u_0124,2220,1,household_stocker
u_0124,2817,1,household_stocker
u_0124,4473,1,household_stocker
u_0124,634,1,household_stocker
u_0124,2904,1,household_stocker
u_0124,2966,1,household_stocker
u_0124,3414,1,household_stocker
u_0124,3093,1,household_stocker
u_0124,476,1,household_stocker
u_0124,2812,1,household_stocker
u_0124,2821,1,household_stocker
u_0124,3079,1,household_stocker
u_0124,2720,1,household_stocker
u_0124,1075,1,household_stocker
u_0124,2589,1,household_stocker
u_0124,3147,1,household_stocker
u_0124,2667,1,household_stocker
u_0124,2625,1,household_stocker
u_0124,2533,1,household_stocker
u_0124,4198,1,household_stocker
u_0124,345,1,household_stocker
u_0124,3075,1,household_stocker
u_0124,4804,1,household_stocker
u_0124,2767,1,household_stocker
u_0124,3166,1,household_stocker
u_0124,2423,1,household_stocker
u_0124,3061,1,household_stocker
u_0124,2610,1,household_stocker
u_0124,2903,1,household_stocker
u_0124,2324,1,household_stocker
u_0124,2960,1,household_stocker
u_0124,3033,1,household_stocker
u_0124,271,1,household_stocker
u_0125,3444,1,festival_shopper
u_0125,2880,1,festival_shopper
u_0125,3587,1,festival_shopper
u_0125,1794,1,festival_shopper
u_0125,1211,1,festival_shopper
u_0125,903,1,festival_shopper
u_0125,231,1,festival_shopper
u_0125,1635,1,festival_shopper
u_0125,1821,1,festival_shopper
u_0125,2874,1,festival_shopper
u_0125,868,1,festival_shopper
u_0125,461,1,festival_shopper
u_0125,1082,1,festival_shopper
u_0125,79,1,festival_shopper
u_0125,1816,1,festival_shopper
u_0125,893,1,festival_shopper
u_0125,1114,1,festival_shopper
u_0125,2952,1,festival_shopper
u_0125,714,1,festival_shopper
u_0125,1495,1,festival_shopper
u_0125,2423,1,festival_shopper
u_0125,1539,1,festival_shopper
u_0125,1590,1,festival_shopper
u_0125,2729,1,festival_shopper
u_0125,325,1,festival_shopper
u_0125,1808,1,festival_shopper
u_0125,2563,1,festival_shopper
u_0125,369,2,festival_shopper
u_0125,454,1,festival_shopper
u_0125,1619,1,festival_shopper
u_0125,1084,1,festival_shopper
u_0125,1412,1,festival_shopper
u_0125,2929,1,festival_shopper
u_0125,1560,1,festival_shopper
u_0125,1571,1,festival_shopper
u_0125,2360,1,festival_shopper
u_0125,850,1,festival_shopper
u_0125,1434,1,festival_shopper
u_0126,2559,1,fruit_lover
u_0126,46,1,fruit_lover
u_0126,546,1,fruit_lover
u_0126,281,1,fruit_lover
u_0126,332,1,fruit_lover
u_0126,978,2,fruit_lover
u_0126,711,1,fruit_lover
u_0126,1291,1,fruit_lover
u_0126,1896,1,fruit_lover
u_0126,1211,1,fruit_lover
u_0126,373,1,fruit_lover
u_0126,2164,1,fruit_lover
u_0126,2461,1,fruit_lover
u_0126,349,1,fruit_lover
u_0126,3147,1,fruit_lover
u_0126,227,1,fruit_lover
u_0126,340,1,fruit_lover
u_0126,102,1,fruit_lover
u_0126,56,1,fruit_lover
u_0126,10,1,fruit_lover
u_0126,2681,1,fruit_lover
u_0126,2053,1,fruit_lover
u_0126,1542,1,fruit_lover
u_0126,2226,1,fruit_lover
u_0126,242,1,fruit_lover
u_0126,154,1,fruit_lover
u_0126,16,1,fruit_lover
u_0126,2916,1,fruit_lover
u_0126,424,1,fruit_lover
u_0126,2882,1,fruit_lover
u_0126,1861,1,fruit_lover
u_0126,1986,1,fruit_lover
u_0127,666,1,snack_lover
u_0127,3299,1,snack_lover
u_0127,3538,1,snack_lover
u_0127,3733,2,snack_lover
u_0127,4537,1,snack_lover
u_0127,3197,1,snack_lover
u_0127,4513,1,snack_lover
u_0127,834,1,snack_lover
u_0127,4412,1,snack_lover
u_0127,2889,1,snack_lover
u_0127,3240,1,snack_lover
u_0127,4087,1,snack_lover
u_0127,4086,1,snack_lover
u_0127,4057,1,snack_lover
u_0127,4023,1,snack_lover
u_0127,3700,1,snack_lover
u_0127,4459,1,snack_lover
u_0127,3113,1,snack_lover
u_0127,2927,1,snack_lover
u_0127,3416,1,snack_lover
u_0127,3746,1,snack_lover
u_0127,3797,1,snack_lover
u_0127,3351,1,snack_lover
u_0127,3360,1,snack_lover
u_0127,3757,1,snack_lover
u_0127,3676,1,snack_lover
u_0127,3230,2,snack_lover
u_0127,4043,1,snack_lover
u_0127,2975,1,snack_lover
u_0127,3687,1,snack_lover
u_0127,3854,1,snack_lover
u_0127,4386,1,snack_lover
u_0127,3372,1,snack_lover
u_0127,586,1,snack_lover
u_0127,4239,1,snack_lover
u_0127,3604,1,snack_lover
u_0127,3640,1,snack_lover
u_0127,4126,1,snack_lover
u_0127,4855,1,snack_lover
u_0127,3018,1,snack_lover
u_0127,3255,1,snack_lover
u_0128,1913,1,festival_shopper
u_0128,2426,1,festival_shopper
u_0128,3308,1,festival_shopper
u_0128,2743,1,festival_shopper
u_0128,2216,1,festival_shopper
u_0128,1828,1,festival_shopper
u_0128,2567,1,festival_shopper
u_0128,187,1,festival_shopper
u_0128,100,1,festival_shopper
u_0128,948,1,festival_shopper
u_0128,1318,1,festival_shopper
u_0128,1837,1,festival_shopper
u_0128,2038,1,festival_shopper
u_0128,1848,1,festival_shopper
u_0128,1914,1,festival_shopper
u_0128,1248,1,festival_shopper
u_0128,1213,1,festival_shopper
u_0128,1155,1,festival_shopper
u_0128,1129,1,festival_shopper
u_0128,1439,1,festival_shopper
u_0128,3176,1,festival_shopper
u_0128,1716,1,festival_shopper
u_0128,304,1,festival_shopper
u_0128,3170,1,festival_shopper
u_0128,1419,1,festival_shopper
u_0129,259,1,festival_shopper
u_0129,1787,1,festival_shopper
u_0129,898,1,festival_shopper
u_0129,389,1,festival_shopper
u_0129,215,1,festival_shopper
u_0129,29,1,festival_shopper
u_0129,2433,1,festival_shopper
u_0129,1783,1,festival_shopper
u_0129,3083,1,festival_shopper
u_0129,1210,1,festival_shopper
u_0129,840,1,festival_shopper
u_0129,2980,1,festival_shopper
u_0129,564,1,festival_shopper
u_0129,835,1,festival_shopper
u_0129,2038,1,festival_shopper
u_0129,165,1,festival_shopper
u_0129,1086,1,festival_shopper
u_0129,878,1,festival_shopper
u_0129,2499,1,festival_shopper
u_0129,1537,1,festival_shopper
u_0129,3357,1,festival_shopper
u_0129,2561,1,festival_shopper
u_0129,914,1,festival_shopper
u_0129,196,1,festival_shopper
u_0129,1686,1,festival_shopper
u_0129,3097,1,festival_shopper
u_0129,1750,1,festival_shopper
u_0129,3218,1,festival_shopper
u_0129,3645,1,festival_shopper
u_0129,2410,1,festival_shopper
u_0129,821,1,festival_shopper
u_0129,1741,1,festival_shopper
u_0129,1491,1,festival_shopper
u_0129,296,1,festival_shopper
u_0129,2425,1,festival_shopper
u_0129,220,1,festival_shopper
u_0129,2420,1,festival_shopper
u_0129,2331,1,festival_shopper
u_0129,1701,1,festival_shopper
u_0129,1282,1,festival_shopper
u_0129,1361,1,festival_shopper
u_0129,1443,1,festival_shopper
u_0129,2639,1,festival_shopper
u_0129,4250,1,festival_shopper
u_0129,666,1,festival_shopper
u_0130,2451,1,gourmet
u_0130,2404,1,gourmet
u_0130,323,1,gourmet
u_0130,698,1,gourmet
u_0130,2025,1,gourmet
u_0130,1378,1,gourmet
u_0130,1734,1,gourmet
u_0130,872,1,gourmet
u_0130,2234,1,gourmet
u_0130,2102,1,gourmet
u_0130,644,1,gourmet
u_0130,2229,1,gourmet
u_0130,1903,1,gourmet
u_0130,184,1,gourmet
u_0130,2165,1,gourmet
u_0130,1926,1,gourmet
u_0130,2178,1,gourmet
u_0130,1202,1,gourmet
u_0130,2550,1,gourmet
u_0130,4459,1,gourmet
u_0130,2906,1,gourmet
u_0130,113,1,gourmet
u_0130,2631,1,gourmet
u_0130,2768,1,gourmet
u_0130,1893,1,gourmet
u_0130,2674,1,gourmet
u_0130,1341,1,gourmet
u_0130,1991,1,gourmet
u_0130,1459,1,gourmet
u_0130,1912,1,gourmet
u_0130,444,1,gourmet
u_0130,2962,1,gourmet
u_0131,900,1,household_stocker
u_0131,3131,1,household_stocker
u_0131,2624,1,household_stocker
u_0131,1796,1,household_stocker
u_0131,3170,1,household_stocker
u_0131,2421,1,household_stocker
u_0131,3673,1,household_stocker
u_0131,1341,1,household_stocker
u_0131,1674,1,household_stocker
u_0131,3091,1,household_stocker
u_0131,784,1,household_stocker
u_0131,2774,1,household_stocker
u_0131,2866,1,household_stocker
u_0131,694,1,household_stocker
u_0131,4419,1,household_stocker
u_0131,2533,1,household_stocker
u_0131,2768,1,household_stocker
u_0131,2756,1,household_stocker
u_0131,821,1,household_stocker
u_0131,2396,1,household_stocker
u_0131,3080,1,household_stocker
u_0131,121,1,household_stocker
u_0131,2792,1,household_stocker
u_0131,2771,1,household_stocker
u_0131,4580,1,household_stocker
u_0131,1806,1,household_stocker
u_0132,1367,1,snack_lover
u_0132,3871,1,snack_lover
u_0132,3552,1,snack_lover
u_0132,4022,1,snack_lover
u_0132,3943,1,snack_lover
u_0132,4232,1,snack_lover
u_0132,3631,1,snack_lover
u_0132,4045,1,snack_lover
u_0132,3658,1,snack_lover
u_0132,4518,1,snack_lover
u_0132,3898,1,snack_lover
u_0132,3648,1,snack_lover
u_0132,3026,1,snack_lover
u_0132,4553,1,snack_lover
u_0132,3420,1,snack_lover
u_0132,1065,1,snack_lover
u_0132,3015,1,snack_lover
u_0132,3840,1,snack_lover
u_0132,1274,1,snack_lover
u_0132,3378,1,snack_lover
u_0132,3693,1,snack_lover
u_0132,1944,1,snack_lover
u_0132,3244,1,snack_lover
u_0132,3414,1,snack_lover
u_0132,3352,1,snack_lover
u_0132,3838,1,snack_lover
u_0132,4083,1,snack_lover
u_0132,3422,1,snack_lover
u_0132,3989,1,snack_lover
u_0132,3623,1,snack_lover
u_0132,3833,1,snack_lover
u_0132,2864,1,snack_lover
u_0133,1309,1,festival_shopper
u_0133,2327,1,festival_shopper
u_0133,3611,1,festival_shopper
u_0133,1820,1,festival_shopper
u_0133,2399,1,festival_shopper
u_0133,1649,1,festival_shopper
u_0133,180,1,festival_shopper
u_0133,2881,1,festival_shopper
u_0133,3450,1,festival_shopper
u_0133,1006,1,festival_shopper
u_0133,953,1,festival_shopper
u_0133,1662,1,festival_shopper
u_0133,2582,1,festival_shopper
u_0133,1032,1,festival_shopper
u_0133,699,1,festival_shopper
u_0133,378,1,festival_shopper
u_0133,849,1,festival_shopper
u_0133,356,1,festival_shopper
u_0133,2580,1,festival_shopper
u_0133,1213,1,festival_shopper
u_0133,0,1,festival_shopper
u_0133,1682,1,festival_shopper
u_0133,1276,1,festival_shopper
u_0133,2384,1,festival_shopper
u_0133,2638,1,festival_shopper
u_0133,1414,1,festival_shopper
u_0133,2684,1,festival_shopper
u_0133,1404,1,festival_shopper
u_0133,424,1,festival_shopper
u_0133,2954,1,festival_shopper
u_0133,2525,1,festival_shopper
u_0134,3962,1,snack_lover
u_0134,4143,1,snack_lover
u_0134,2958,1,snack_lover
u_0134,3237,1,snack_lover
u_0134,4171,1,snack_lover
u_0134,3367,1,snack_lover
u_0134,3375,1,snack_lover
u_0134,3957,1,snack_lover
u_0134,3317,1,snack_lover
u_0134,3760,1,snack_lover
u_0134,577,1,snack_lover
u_0134,3517,1,snack_lover
u_0134,4595,1,snack_lover
u_0134,1030,1,snack_lover
u_0134,3314,1,snack_lover
u_0134,3263,1,snack_lover
u_0134,4354,1,snack_lover
u_0134,3834,1,snack_lover
u_0134,4333,1,snack_lover
u_0134,3281,1,snack_lover
u_0134,3227,1,snack_lover
u_0134,340,1,snack_lover
u_0134,3991,1,snack_lover
u_0134,2542,1,snack_lover
u_0134,3454,1,snack_lover
u_0134,4548,1,snack_lover
u_0134,4086,1,snack_lover
u_0134,3383,1,snack_lover
u_0134,3481,1,snack_lover
u_0134,4036,1,snack_lover
u_0134,2912,1,snack_lover
u_0134,4281,1,snack_lover
u_0134,3503,1,snack_lover
u_0134,4043,1,snack_lover
u_0134,3200,1,snack_lover
u_0134,3894,1,snack_lover
u_0134,3238,1,snack_lover
u_0135,3703,1,snack_lover
u_0135,3438,1,snack_lover
u_0135,4361,1,snack_lover
u_0135,3664,1,snack_lover
u_0135,2968,1,snack_lover
u_0135,4405,1,snack_lover
u_0135,1731,1,snack_lover
u_0135,4110,1,snack_lover
u_0135,3721,1,snack_lover
u_0135,3417,1,snack_lover
u_0135,3250,1,snack_lover
u_0135,3617,1,snack_lover
u_0135,3908,1,snack_lover
u_0135,3533,1,snack_lover
u_0135,3996,1,snack_lover
u_0135,4023,1,snack_lover
u_0135,877,1,snack_lover
u_0135,4058,1,snack_lover
u_0135,3223,1,snack_lover
u_0135,3275,1,snack_lover
u_0135,951,1,snack_lover
u_0135,3727,1,snack_lover
u_0135,3380,1,snack_lover
u_0135,3931,1,snack_lover
u_0135,3311,1,snack_lover
u_0135,3520,1,snack_lover
u_0135,3863,1,snack_lover
u_0135,3480,1,snack_lover
u_0135,3637,1,snack_lover
u_0135,3614,1,snack_lover
u_0135,3407,1,snack_lover
u_0136,1472,1,fruit_lover
u_0136,1057,1,fruit_lover
u_0136,176,1,fruit_lover
u_0136,2628,1,fruit_lover
u_0136,7,1,fruit_lover
u_0136,2106,1,fruit_lover
u_0136,248,1,fruit_lover
u_0136,292,1,fruit_lover
u_0136,1366,1,fruit_lover
u_0136,2514,1,fruit_lover
u_0136,3889,1,fruit_lover
u_0136,2611,1,fruit_lover
u_0136,330,1,fruit_lover
u_0136,237,1,fruit_lover
u_0136,2127,1,fruit_lover
u_0136,974,1,fruit_lover
u_0136,1896,1,fruit_lover
u_0136,4401,1,fruit_lover
u_0136,164,1,fruit_lover
u_0136,2176,1,fruit_lover
u_0136,608,1,fruit_lover
u_0136,2124,1,fruit_lover
u_0136,2076,1,fruit_lover
u_0136,150,1,fruit_lover
u_0136,366,1,fruit_lover
u_0136,581,1,fruit_lover
u_0136,1380,1,fruit_lover
u_0136,2761,1,fruit_lover
u_0136,321,1,fruit_lover
u_0136,169,1,fruit_lover
u_0136,1465,1,fruit_lover
u_0136,775,1,fruit_lover
u_0136,386,1,fruit_lover
u_0136,26,1,fruit_lover
u_0136,711,1,fruit_lover
u_0136,2969,1,fruit_lover
u_0136,1286,1,fruit_lover
u_0136,184,2,fruit_lover
u_0136,450,1,fruit_lover
u_0136,247,1,fruit_lover
u_0136,1409,1,fruit_lover
u_0136,212,1,fruit_lover
u_0136,2599,1,fruit_lover
u_0137,3525,1,snack_lover
u_0137,2587,1,snack_lover
u_0137,3411,1,snack_lover
u_0137,2903,1,snack_lover
u_0137,3510,1,snack_lover
u_0137,4247,1,snack_lover
u_0137,4594,1,snack_lover
u_0137,3650,1,snack_lover
u_0137,2812,1,snack_lover
u_0137,3716,1,snack_lover
u_0137,4739,1,snack_lover
u_0137,3471,1,snack_lover
u_0137,1186,1,snack_lover
u_0137,3360,1,snack_lover
u_0137,872,1,snack_lover
u_0137,2150,1,snack_lover
u_0137,3926,1,snack_lover
u_0137,3279,1,snack_lover
u_0137,4561,1,snack_lover
u_0137,3526,1,snack_lover
u_0137,3354,1,snack_lover
u_0137,3395,1,snack_lover
u_0137,4399,1,snack_lover
u_0137,3376,1,snack_lover
u_0137,4446,1,snack_lover
u_0137,3350,1,snack_lover
u_0137,2023,1,snack_lover
u_0137,4330,1,snack_lover
u_0138,2399,1,breakfast_shopper
u_0138,3513,1,breakfast_shopper
u_0138,4453,1,breakfast_shopper
u_0138,3567,1,breakfast_shopper
u_0138,4475,1,breakfast_shopper
u_0138,637,1,breakfast_shopper
u_0138,253,1,breakfast_shopper
u_0138,3484,1,breakfast_shopper
u_0138,4294,1,breakfast_shopper
u_0138,4407,1,breakfast_shopper
u_0138,2435,1,breakfast_shopper
u_0138,4270,1,breakfast_shopper
u_0138,34,1,breakfast_shopper
u_0138,75,1,breakfast_shopper
u_0138,3927,1,breakfast_shopper
u_0138,4558,1,breakfast_shopper
u_0138,586,1,breakfast_shopper
u_0138,4459,1,breakfast_shopper
u_0138,2483,1,breakfast_shopper
u_0138,4156,1,breakfast_shopper
u_0138,2504,1,breakfast_shopper
u_0138,767,1,breakfast_shopper
u_0138,133,1,breakfast_shopper
u_0138,790,1,breakfast_shopper
u_0138,4259,1,breakfast_shopper
u_0138,4282,1,breakfast_shopper
u_0138,2938,1,breakfast_shopper
u_0138,2524,1,breakfast_shopper
u_0138,3618,1,breakfast_shopper
u_0138,2489,1,breakfast_shopper
u_0138,2735,1,breakfast_shopper
u_0138,2704,1,breakfast_shopper
u_0138,3400,1,breakfast_shopper
u_0138,2485,1,breakfast_shopper
u_0138,3098,1,breakfast_shopper
u_0138,2447,1,breakfast_shopper
u_0138,4478,1,breakfast_shopper
u_0138,4508,1,breakfast_shopper
u_0138,4471,1,breakfast_shopper
u_0138,4304,1,breakfast_shopper
u_0138,277,1,breakfast_shopper
u_0138,4235,1,breakfast_shopper
u_0138,2422,1,breakfast_shopper
u_0138,2337,1,breakfast_shopper
u_0138,4378,1,breakfast_shopper
u_0138,4524,1,breakfast_shopper
u_0139,1544,1,festival_shopper
u_0139,1764,1,festival_shopper
u_0139,2680,1,festival_shopper
u_0139,3186,1,festival_shopper
u_0139,600,1,festival_shopper
u_0139,281,1,festival_shopper
u_0139,1783,1,festival_shopper
u_0139,2550,1,festival_shopper
u_0139,2185,1,festival_shopper
u_0139,1432,1,festival_shopper
u_0139,1530,1,festival_shopper
u_0139,85,1,festival_shopper
u_0139,374,1,festival_shopper
u_0139,1594,1,festival_shopper
u_0139,150,1,festival_shopper
u_0139,3043,1,festival_shopper
u_0139,2183,1,festival_shopper
u_0139,890,1,festival_shopper
u_0139,402,1,festival_shopper
u_0139,727,1,festival_shopper
u_0139,1529,1,festival_shopper
u_0139,1405,1,festival_shopper
u_0139,1457,1,festival_shopper
u_0139,1746,1,festival_shopper
u_0139,1550,1,festival_shopper
u_0139,2631,1,festival_shopper
u_0139,713,1,festival_shopper
u_0139,1337,1,festival_shopper
u_0139,539,1,festival_shopper
u_0139,4202,1,festival_shopper
u_0139,1263,1,festival_shopper
u_0140,2721,1,breakfast_shopper
u_0140,4491,1,breakfast_shopper
u_0140,3570,1,breakfast_shopper
u_0140,889,1,breakfast_shopper
u_0140,4388,1,breakfast_shopper
u_0140,4301,1,breakfast_shopper
u_0140,668,1,breakfast_shopper
u_0140,541,1,breakfast_shopper
u_0140,4360,1,breakfast_shopper
u_0140,138,1,breakfast_shopper
u_0140,4311,1,breakfast_shopper
u_0140,591,1,breakfast_shopper
u_0140,1594,1,breakfast_shopper
u_0140,1975,1,breakfast_shopper
u_0140,596,1,breakfast_shopper
u_0140,4574,1,breakfast_shopper
u_0140,153,1,breakfast_shopper
u_0140,4808,1,breakfast_shopper
u_0140,103,1,breakfast_shopper
u_0140,526,1,breakfast_shopper
u_0140,4293,1,breakfast_shopper
u_0140,2409,1,breakfast_shopper
u_0140,4141,1,breakfast_shopper
u_0140,3599,1,breakfast_shopper
u_0140,403,1,breakfast_shopper
u_0140,674,1,breakfast_shopper
u_0140,3258,1,breakfast_shopper
u_0140,67,1,breakfast_shopper
u_0140,256,1,breakfast_shopper
u_0140,81,1,breakfast_shopper
u_0140,2317,1,breakfast_shopper
u_0140,3458,1,breakfast_shopper
u_0140,4515,1,breakfast_shopper
u_0140,4312,1,breakfast_shopper
u_0140,309,1,breakfast_shopper
u_0140,4508,1,breakfast_shopper
u_0141,2448,1,household_stocker
u_0141,3186,1,household_stocker
u_0141,1279,1,household_stocker
u_0141,2391,1,household_stocker
u_0141,602,1,household_stocker
u_0141,2925,1,household_stocker
u_0141,3150,1,household_stocker
u_0141,919,1,household_stocker
u_0141,2074,1,household_stocker
u_0141,2573,1,household_stocker
u_0141,4925,1,household_stocker
u_0141,4487,1,household_stocker
u_0141,3085,1,household_stocker
u_0141,541,1,household_stocker
u_0141,2854,1,household_stocker
u_0141,2398,1,household_stocker
u_0141,2894,1,household_stocker
u_0141,1949,1,household_stocker
u_0141,3042,1,household_stocker
u_0141,2425,1,household_stocker
u_0141,2984,1,household_stocker
u_0141,1418,1,household_stocker
u_0141,2794,1,household_stocker
u_0141,2808,1,household_stocker
u_0141,2998,1,household_stocker
u_0141,131,1,household_stocker
u_0141,4653,1,household_stocker
u_0141,2305,1,household_stocker
u_0141,3118,1,household_stocker
u_0141,2704,1,household_stocker
u_0141,601,1,household_stocker
u_0141,3205,1,household_stocker
u_0141,2668,1,household_stocker
u_0141,3162,1,household_stocker
u_0141,2339,1,household_stocker
u_0141,3096,1,household_stocker
u_0141,3067,1,household_stocker
u_0141,2859,1,household_stocker
u_0141,1118,1,household_stocker
u_0141,2785,1,household_stocker
u_0141,3128,1,household_stocker
u_0141,2529,1,household_stocker
u_0141,2916,1,household_stocker
u_0141,2999,1,household_stocker
u_0142,2496,2,fruit_lover
u_0142,1639,1,fruit_lover
u_0142,740,1,fruit_lover
u_0142,42,1,fruit_lover
u_0142,2383,1,fruit_lover
u_0142,541,1,fruit_lover
u_0142,4115,1,fruit_lover
u_0142,193,1,fruit_lover
u_0142,1087,1,fruit_lover
u_0142,835,1,fruit_lover
u_0142,1821,1,fruit_lover
u_0142,645,1,fruit_lover
u_0142,291,1,fruit_lover
u_0142,426,1,fruit_lover
u_0142,3293,1,fruit_lover
u_0142,4517,1,fruit_lover
u_0142,707,1,fruit_lover
u_0142,366,1,fruit_lover
u_0142,1859,1,fruit_lover
u_0142,89,1,fruit_lover
u_0142,3892,1,fruit_lover
u_0142,1358,1,fruit_lover
u_0142,2288,1,fruit_lover
u_0142,800,1,fruit_lover
u_0142,2844,1,fruit_lover
u_0142,451,1,fruit_lover
u_0142,1354,1,fruit_lover
u_0142,1077,1,fruit_lover
u_0142,4,1,fruit_lover
u_0142,479,1,fruit_lover
u_0142,3487,1,fruit_lover
u_0142,1465,1,fruit_lover
u_0142,459,1,fruit_lover
u_0142,1238,1,fruit_lover
u_0142,712,1,fruit_lover
u_0142,34,1,fruit_lover
u_0142,911,1,fruit_lover
u_0142,437,1,fruit_lover
u_0142,190,1,fruit_lover
u_0143,1735,1,veg_cook
u_0143,1378,1,veg_cook
u_0143,1543,1,veg_cook
u_0143,2320,1,veg_cook
u_0143,1889,1,veg_cook
u_0143,2757,1,veg_cook
u_0143,699,1,veg_cook
u_0143,2393,1,veg_cook
u_0143,950,1,veg_cook
u_0143,709,1,veg_cook
u_0143,1049,1,veg_cook
u_0143,921,1,veg_cook
u_0143,878,1,veg_cook
u_0143,3299,1,veg_cook
u_0143,2101,1,veg_cook
u_0143,2591,1,veg_cook
u_0143,1381,1,veg_cook
u_0143,2484,1,veg_cook
u_0143,2095,1,veg_cook
u_0143,1014,1,veg_cook
u_0143,782,1,veg_cook
u_0143,1850,1,veg_cook
u_0143,1621,1,veg_cook
u_0143,1354,1,veg_cook
u_0143,905,1,veg_cook
u_0144,4386,1,breakfast_shopper
u_0144,2758,1,breakfast_shopper
u_0144,2408,1,breakfast_shopper
u_0144,2609,1,breakfast_shopper
u_0144,4222,1,breakfast_shopper
u_0144,1873,1,breakfast_shopper
u_0144,716,1,breakfast_shopper
u_0144,4161,1,breakfast_shopper
u_0144,4321,1,breakfast_shopper
u_0144,4250,1,breakfast_shopper
u_0144,4560,1,breakfast_shopper
u_0144,2350,1,breakfast_shopper
u_0144,3605,1,breakfast_shopper
u_0144,4191,2,breakfast_shopper
u_0144,158,1,breakfast_shopper
u_0144,2531,1,breakfast_shopper
u_0144,2543,1,breakfast_shopper
u_0144,178,1,breakfast_shopper
u_0144,2401,1,breakfast_shopper
u_0144,380,1,breakfast_shopper
u_0144,2647,1,breakfast_shopper
u_0144,3421,1,breakfast_shopper
u_0144,144,1,breakfast_shopper
u_0144,4286,1,breakfast_shopper
u_0144,2685,1,breakfast_shopper
u_0144,2037,1,breakfast_shopper
u_0144,4140,1,breakfast_shopper
u_0144,3658,1,breakfast_shopper
u_0144,3234,1,breakfast_shopper
u_0144,136,1,breakfast_shopper
u_0144,255,1,breakfast_shopper
u_0144,4397,1,breakfast_shopper
u_0144,4226,1,breakfast_shopper
u_0144,2421,1,breakfast_shopper
u_0144,4328,1,breakfast_shopper
u_0145,2330,1,fruit_lover
u_0145,426,1,fruit_lover
u_0145,1600,1,fruit_lover
u_0145,52,1,fruit_lover
u_0145,2320,1,fruit_lover
u_0145,134,1,fruit_lover
u_0145,312,1,fruit_lover
u_0145,3070,1,fruit_lover
u_0145,1104,1,fruit_lover
u_0145,1672,1,fruit_lover
u_0145,3662,1,fruit_lover
u_0145,1990,1,fruit_lover
u_0145,439,1,fruit_lover
u_0145,341,1,fruit_lover
u_0145,211,1,fruit_lover
u_0145,107,1,fruit_lover
u_0145,441,1,fruit_lover
u_0145,2442,1,fruit_lover
u_0145,42,1,fruit_lover
u_0145,2906,1,fruit_lover
u_0145,900,1,fruit_lover
u_0145,200,1,fruit_lover
u_0145,1502,1,fruit_lover
u_0145,2117,1,fruit_lover
u_0145,98,1,fruit_lover
u_0145,615,1,fruit_lover
u_0145,665,1,fruit_lover
u_0145,101,1,fruit_lover
u_0145,1155,1,fruit_lover
u_0145,1522,1,fruit_lover
u_0145,1316,1,fruit_lover
u_0145,682,1,fruit_lover
u_0145,77,1,fruit_lover
u_0145,47,1,fruit_lover
u_0145,2163,1,fruit_lover
u_0145,3554,1,fruit_lover
u_0145,1179,1,fruit_lover
u_0145,396,1,fruit_lover
u_0145,2910,1,fruit_lover
u_0145,483,1,fruit_lover
u_0145,1925,1,fruit_lover
u_0145,888,1,fruit_lover
u_0145,45,1,fruit_lover
u_0145,4479,1,fruit_lover
u_0146,2924,1,household_stocker
u_0146,565,1,household_stocker
u_0146,2325,1,household_stocker
u_0146,3152,1,household_stocker
u_0146,4134,1,household_stocker
u_0146,2882,1,household_stocker
u_0146,758,1,household_stocker
u_0146,337,1,household_stocker
u_0146,2970,1,household_stocker
u_0146,5001,1,household_stocker
u_0146,3511,1,household_stocker
u_0146,2384,1,household_stocker
u_0146,739,1,household_stocker
u_0146,2672,1,household_stocker
u_0146,859,1,household_stocker
u_0146,2780,1,household_stocker
u_0146,2906,1,household_stocker
u_0146,2338,1,household_stocker
u_0146,577,1,household_stocker
u_0146,287,1,household_stocker
u_0146,252,1,household_stocker
u_0146,2316,1,household_stocker
u_0146,2769,1,household_stocker
u_0146,7,1,household_stocker
u_0147,3096,1,fruit_lover
u_0147,1939,1,fruit_lover
u_0147,153,1,fruit_lover
u_0147,346,1,fruit_lover
u_0147,204,1,fruit_lover
u_0147,2616,1,fruit_lover
u_0147,264,1,fruit_lover
u_0147,1286,1,fruit_lover
u_0147,2281,1,fruit_lover
u_0147,2270,1,fruit_lover
u_0147,2386,1,fruit_lover
u_0147,397,1,fruit_lover
u_0147,727,1,fruit_lover
u_0147,2094,1,fruit_lover
u_0147,1788,1,fruit_lover
u_0147,1905,1,fruit_lover
u_0147,150,1,fruit_lover
u_0147,434,1,fruit_lover
u_0147,1130,1,fruit_lover
u_0147,313,1,fruit_lover
u_0147,426,1,fruit_lover
u_0147,2756,1,fruit_lover
u_0147,366,1,fruit_lover
u_0147,111,1,fruit_lover
u_0147,383,1,fruit_lover
u_0147,463,1,fruit_lover
u_0147,4729,1,fruit_lover
u_0147,239,1,fruit_lover
u_0147,325,1,fruit_lover
u_0147,2234,1,fruit_lover
u_0147,963,1,fruit_lover
u_0147,201,1,fruit_lover
u_0147,2267,1,fruit_lover
u_0147,441,1,fruit_lover
u_0147,2376,1,fruit_lover
u_0147,1020,1,fruit_lover
u_0147,343,1,fruit_lover
u_0147,1266,2,fruit_lover
u_0147,203,1,fruit_lover
u_0147,2933,1,fruit_lover
u_0147,1681,1,fruit_lover
u_0147,124,1,fruit_lover
u_0147,2156,1,fruit_lover
u_0147,358,1,fruit_lover
u_0148,255,1,fruit_lover
u_0148,2366,1,fruit_lover
u_0148,373,1,fruit_lover
u_0148,4574,1,fruit_lover
u_0148,1129,1,fruit_lover
u_0148,29,1,fruit_lover
u_0148,181,1,fruit_lover
u_0148,2261,1,fruit_lover
u_0148,1934,1,fruit_lover
u_0148,104,1,fruit_lover
u_0148,2895,1,fruit_lover
u_0148,2682,1,fruit_lover
u_0148,251,1,fruit_lover
u_0148,422,1,fruit_lover
u_0148,86,1,fruit_lover
u_0148,445,1,fruit_lover
u_0148,530,1,fruit_lover
u_0148,438,1,fruit_lover
u_0148,727,1,fruit_lover
u_0148,2000,1,fruit_lover
u_0148,4569,1,fruit_lover
u_0148,2801,1,fruit_lover
u_0148,2681,1,fruit_lover
u_0148,2444,1,fruit_lover
u_0148,1020,1,fruit_lover
u_0148,247,1,fruit_lover
u_0148,172,1,fruit_lover
u_0148,185,1,fruit_lover
u_0149,716,1,festival_shopper
u_0149,1744,1,festival_shopper
u_0149,1435,1,festival_shopper
u_0149,1246,1,festival_shopper
u_0149,1470,1,festival_shopper
u_0149,2382,1,festival_shopper
u_0149,1439,1,festival_shopper
u_0149,313,2,festival_shopper
u_0149,2506,1,festival_shopper
u_0149,907,1,festival_shopper
u_0149,3695,1,festival_shopper
u_0149,2272,1,festival_shopper
u_0149,181,1,festival_shopper
u_0149,1391,1,festival_shopper
u_0149,1574,1,festival_shopper
u_0149,226,1,festival_shopper
u_0149,4207,1,festival_shopper
u_0149,218,1,festival_shopper
u_0149,18,2,festival_shopper
u_0149,402,1,festival_shopper
u_0149,3476,1,festival_shopper
u_0149,2534,1,festival_shopper
u_0149,2576,1,festival_shopper
u_0149,912,1,festival_shopper
u_0149,741,1,festival_shopper
u_0149,343,1,festival_shopper
u_0149,1441,1,festival_shopper
u_0149,3936,1,festival_shopper
u_0149,868,1,festival_shopper
u_0149,1683,1,festival_shopper
u_0149,3586,1,festival_shopper
u_0149,572,1,festival_shopper
u_0149,2356,1,festival_shopper
u_0149,776,2,festival_shopper
u_0149,2377,1,festival_shopper
u_0149,1412,1,festival_shopper
u_0149,2528,1,festival_shopper
u_0149,1379,1,festival_shopper
u_0149,187,1,festival_shopper
u_0149,69,1,festival_shopper
u_0149,1573,1,festival_shopper
u_0149,499,1,festival_shopper
u_0149,1972,1,festival_shopper
u_0149,850,1,festival_shopper
u_0150,299,1,fruit_lover
u_0150,114,1,fruit_lover
u_0150,456,1,fruit_lover
u_0150,439,1,fruit_lover
u_0150,2375,1,fruit_lover
u_0150,2861,1,fruit_lover
u_0150,2444,1,fruit_lover
u_0150,2112,1,fruit_lover
u_0150,120,1,fruit_lover
u_0150,2384,1,fruit_lover
u_0150,447,1,fruit_lover
u_0150,363,1,fruit_lover
u_0150,39,1,fruit_lover
u_0150,2054,1,fruit_lover
u_0150,275,1,fruit_lover
u_0150,610,1,fruit_lover
u_0150,503,1,fruit_lover
u_0150,25,1,fruit_lover
u_0150,2023,1,fruit_lover
u_0150,2652,1,fruit_lover
u_0150,2710,1,fruit_lover
u_0150,6,1,fruit_lover
u_0150,1641,1,fruit_lover
u_0150,3823,1,fruit_lover
u_0150,3163,1,fruit_lover
u_0150,367,1,fruit_lover
u_0150,1536,1,fruit_lover
u_0150,2743,1,fruit_lover
u_0150,917,1,fruit_lover
u_0150,2182,1,fruit_lover
u_0150,574,1,fruit_lover
u_0150,2703,1,fruit_lover
u_0150,119,1,fruit_lover
u_0150,877,1,fruit_lover
u_0150,288,1,fruit_lover
u_0150,88,1,fruit_lover
u_0150,2632,1,fruit_lover
u_0150,1705,1,fruit_lover
u_0150,1635,1,fruit_lover
u_0150,809,1,fruit_lover
u_0150,1798,1,fruit_lover
u_0150,3583,1,fruit_lover
u_0150,1416,1,fruit_lover
u_0150,3842,1,fruit_lover
u_0151,2919,1,snack_lover
u_0151,4540,1,snack_lover
u_0151,3914,1,snack_lover
u_0151,1870,1,snack_lover
u_0151,4082,1,snack_lover
u_0151,3606,1,snack_lover
u_0151,3676,1,snack_lover
u_0151,1903,1,snack_lover
u_0151,4426,1,snack_lover
u_0151,3993,1,snack_lover
u_0151,3267,1,snack_lover
u_0151,3361,1,snack_lover
u_0151,3657,1,snack_lover
u_0151,3337,1,snack_lover
u_0151,3527,1,snack_lover
u_0151,799,1,snack_lover
u_0151,2511,1,snack_lover
u_0151,1325,1,snack_lover
u_0151,4276,1,snack_lover
u_0151,1440,1,snack_lover
u_0151,3602,1,snack_lover
u_0151,3226,1,snack_lover
u_0151,3895,1,snack_lover
u_0151,2974,1,snack_lover
u_0151,3947,1,snack_lover
u_0152,3058,1,household_stocker
u_0152,2925,1,household_stocker
u_0152,2746,1,household_stocker
u_0152,2885,1,household_stocker
u_0152,3181,1,household_stocker
u_0152,1496,1,household_stocker
u_0152,502,1,household_stocker
u_0152,2517,1,household_stocker
u_0152,2662,1,household_stocker
u_0152,2536,1,household_stocker
u_0152,901,1,household_stocker
u_0152,2764,1,household_stocker
u_0152,3156,1,household_stocker
u_0152,2742,1,household_stocker
u_0152,51,1,household_stocker
u_0152,3189,1,household_stocker
u_0152,3184,1,household_stocker
u_0152,2334,1,household_stocker
u_0152,275,1,household_stocker
u_0152,4534,1,household_stocker
u_0152,2497,1,household_stocker
u_0152,4493,1,household_stocker
u_0152,1646,1,household_stocker
u_0152,1823,1,household_stocker
u_0152,2332,1,household_stocker
u_0152,1270,1,household_stocker
u_0152,1415,1,household_stocker
u_0152,1173,1,household_stocker
u_0152,2669,1,household_stocker
u_0152,109,1,household_stocker
u_0152,311,1,household_stocker
u_0152,2847,1,household_stocker
u_0152,2336,1,household_stocker
u_0152,2583,1,household_stocker
u_0152,3503,1,household_stocker
u_0152,1636,1,household_stocker
u_0152,17,1,household_stocker
u_0152,3005,1,household_stocker
u_0152,2854,1,household_stocker
u_0152,4522,1,household_stocker
u_0152,2573,1,household_stocker
u_0152,956,1,household_stocker
u_0152,514,1,household_stocker
u_0153,555,1,household_stocker
u_0153,3212,1,household_stocker
u_0153,2978,1,household_stocker
u_0153,928,2,household_stocker
u_0153,389,1,household_stocker
u_0153,3034,1,household_stocker
u_0153,2744,1,household_stocker
u_0153,4209,1,household_stocker
u_0153,1928,1,household_stocker
u_0153,1886,1,household_stocker
u_0153,2793,1,household_stocker
u_0153,155,1,household_stocker
u_0153,2720,1,household_stocker
u_0153,3138,1,household_stocker
u_0153,3031,1,household_stocker
u_0153,2767,1,household_stocker
u_0153,2704,1,household_stocker
u_0153,3113,1,household_stocker
u_0153,815,1,household_stocker
u_0153,3288,1,household_stocker
u_0153,2412,1,household_stocker
u_0153,2859,1,household_stocker
u_0153,2937,1,household_stocker
u_0153,2821,1,household_stocker
u_0154,2371,1,household_stocker
u_0154,2863,1,household_stocker
u_0154,530,1,household_stocker
u_0154,2829,1,household_stocker
u_0154,1602,1,household_stocker
u_0154,4050,1,household_stocker
u_0154,2997,1,household_stocker
u_0154,3083,1,household_stocker
u_0154,683,1,household_stocker
u_0154,940,1,household_stocker
u_0154,606,1,household_stocker
u_0154,2415,1,household_stocker
u_0154,670,1,household_stocker
u_0154,2578,1,household_stocker
u_0154,1830,1,household_stocker
u_0154,2213,1,household_stocker
u_0154,3419,1,household_stocker
u_0154,2872,1,household_stocker
u_0154,1461,1,household_stocker
u_0154,2635,1,household_stocker
u_0154,2808,1,household_stocker
u_0154,2845,1,household_stocker
u_0154,2333,1,household_stocker
u_0154,2563,1,household_stocker
u_0154,793,1,household_stocker
u_0154,1826,1,household_stocker
u_0154,3050,1,household_stocker
u_0154,2840,1,household_stocker
u_0154,2905,1,household_stocker
u_0154,3812,1,household_stocker
u_0155,1444,1,fruit_lover
u_0155,62,1,fruit_lover
u_0155,3124,1,fruit_lover
u_0155,3793,1,fruit_lover
u_0155,872,1,fruit_lover
u_0155,2069,1,fruit_lover
u_0155,2721,1,fruit_lover
u_0155,3840,1,fruit_lover
u_0155,2552,1,fruit_lover
u_0155,271,1,fruit_lover
u_0155,386,1,fruit_lover
u_0155,941,1,fruit_lover
u_0155,637,1,fruit_lover
u_0155,1331,1,fruit_lover
u_0155,2749,1,fruit_lover
u_0155,325,1,fruit_lover
u_0155,2287,1,fruit_lover
u_0155,2194,1,fruit_lover
u_0155,210,1,fruit_lover
u_0155,434,1,fruit_lover
u_0155,928,1,fruit_lover
u_0155,102,1,fruit_lover
u_0155,117,1,fruit_lover
u_0155,2138,1,fruit_lover
u_0155,2104,1,fruit_lover
u_0155,427,1,fruit_lover
u_0155,1898,1,fruit_lover
u_0155,381,1,fruit_lover
u_0155,288,1,fruit_lover
u_0155,2298,1,fruit_lover
u_0155,185,1,fruit_lover
u_0155,425,1,fruit_lover
u_0156,4490,1,breakfast_shopper
u_0156,2617,1,breakfast_shopper
u_0156,799,1,breakfast_shopper
u_0156,4203,1,breakfast_shopper
u_0156,4522,1,breakfast_shopper
u_0156,2413,1,breakfast_shopper
u_0156,2318,1,breakfast_shopper
u_0156,4173,1,breakfast_shopper
u_0156,701,1,breakfast_shopper
u_0156,4384,1,breakfast_shopper
u_0156,229,1,breakfast_shopper
u_0156,4507,1,breakfast_shopper
u_0156,247,1,breakfast_shopper
u_0156,2729,1,breakfast_shopper
u_0156,4577,1,breakfast_shopper
u_0156,3468,1,breakfast_shopper
u_0156,3357,1,breakfast_shopper
u_0156,4311,1,breakfast_shopper
u_0156,4529,1,breakfast_shopper
u_0156,777,1,breakfast_shopper
u_0156,3625,1,breakfast_shopper
u_0156,2705,1,breakfast_shopper
u_0156,4191,1,breakfast_shopper
u_0156,2309,1,breakfast_shopper
u_0156,310,1,breakfast_shopper
u_0156,245,1,breakfast_shopper
u_0156,4335,1,breakfast_shopper
u_0156,4403,1,breakfast_shopper
u_0156,2696,1,breakfast_shopper
u_0156,4337,1,breakfast_shopper
u_0156,4184,1,breakfast_shopper
u_0156,2675,1,breakfast_shopper
u_0156,2317,1,breakfast_shopper
u_0156,2655,1,breakfast_shopper
u_0156,1752,1,breakfast_shopper
u_0156,2623,1,breakfast_shopper
u_0156,2502,1,breakfast_shopper
u_0156,409,1,breakfast_shopper
u_0156,2050,1,breakfast_shopper
u_0156,623,1,breakfast_shopper
u_0156,3590,1,breakfast_shopper
u_0156,96,1,breakfast_shopper
u_0156,3389,1,breakfast_shopper
u_0157,554,1,fruit_lover
u_0157,912,1,fruit_lover
u_0157,2810,1,fruit_lover
u_0157,2221,1,fruit_lover
u_0157,43,1,fruit_lover
u_0157,713,1,fruit_lover
u_0157,3116,2,fruit_lover
u_0157,4029,1,fruit_lover
u_0157,2091,1,fruit_lover
u_0157,17,1,fruit_lover
u_0157,413,1,fruit_lover
u_0157,4158,1,fruit_lover
u_0157,2625,1,fruit_lover
u_0157,2619,1,fruit_lover
u_0157,1972,1,fruit_lover
u_0157,1832,1,fruit_lover
u_0157,885,1,fruit_lover
u_0157,2218,1,fruit_lover
u_0157,925,1,fruit_lover
u_0157,296,1,fruit_lover
u_0157,2561,1,fruit_lover
u_0157,729,1,fruit_lover
u_0157,1894,1,fruit_lover
u_0157,1876,1,fruit_lover
u_0157,412,1,fruit_lover
u_0157,1959,1,fruit_lover
u_0157,646,1,fruit_lover
u_0157,2419,1,fruit_lover
u_0157,198,1,fruit_lover
u_0157,1536,1,fruit_lover
u_0157,2954,1,fruit_lover
u_0157,2508,1,fruit_lover
u_0157,663,2,fruit_lover
u_0158,2091,1,veg_cook
u_0158,2033,1,veg_cook
u_0158,2072,1,veg_cook
u_0158,1543,1,veg_cook
u_0158,2753,1,veg_cook
u_0158,4677,1,veg_cook
u_0158,1361,1,veg_cook
u_0158,2906,1,veg_cook
u_0158,585,1,veg_cook
u_0158,384,1,veg_cook
u_0158,4978,1,veg_cook
u_0158,2844,1,veg_cook
u_0158,112,1,veg_cook
u_0158,4767,1,veg_cook
u_0158,639,1,veg_cook
u_0158,482,1,veg_cook
u_0158,2838,1,veg_cook
u_0158,2779,2,veg_cook
u_0158,4975,1,veg_cook
u_0158,1177,1,veg_cook
u_0158,3105,1,veg_cook
u_0158,2040,1,veg_cook
u_0158,3705,1,veg_cook
u_0158,2735,1,veg_cook
u_0158,4595,1,veg_cook
u_0158,736,1,veg_cook
u_0158,1950,1,veg_cook
u_0158,619,1,veg_cook
u_0158,316,1,veg_cook
u_0158,2211,1,veg_cook
u_0158,778,1,veg_cook
u_0158,615,1,veg_cook
u_0158,936,1,veg_cook
u_0159,2705,1,breakfast_shopper
u_0159,663,1,breakfast_shopper
u_0159,2382,1,breakfast_shopper
u_0159,2428,1,breakfast_shopper
u_0159,2629,1,breakfast_shopper
u_0159,2646,1,breakfast_shopper
u_0159,389,1,breakfast_shopper
u_0159,619,1,breakfast_shopper
u_0159,2752,1,breakfast_shopper
u_0159,4380,1,breakfast_shopper
u_0159,2401,1,breakfast_shopper
u_0159,3215,1,breakfast_shopper
u_0159,4191,1,breakfast_shopper
u_0159,1595,1,breakfast_shopper
u_0159,4222,1,breakfast_shopper
u_0159,2648,1,breakfast_shopper
u_0159,513,1,breakfast_shopper
u_0159,4436,1,breakfast_shopper
u_0159,3225,1,breakfast_shopper
u_0159,4558,1,breakfast_shopper
u_0159,177,1,breakfast_shopper
u_0159,3030,1,breakfast_shopper
u_0159,210,1,breakfast_shopper
u_0159,2421,1,breakfast_shopper
u_0159,673,1,breakfast_shopper
u_0159,4299,1,breakfast_shopper
u_0159,2442,1,breakfast_shopper
u_0159,4215,1,breakfast_shopper
u_0159,3665,1,breakfast_shopper
u_0160,2843,1,snack_lover
u_0160,4076,1,snack_lover
u_0160,4252,1,snack_lover
u_0160,3552,1,snack_lover
u_0160,3281,1,snack_lover
u_0160,1109,1,snack_lover
u_0160,3483,1,snack_lover
u_0160,4409,1,snack_lover
u_0160,4129,1,snack_lover
u_0160,2946,1,snack_lover
u_0160,4334,1,snack_lover
u_0160,3979,1,snack_lover
u_0160,3622,1,snack_lover
u_0160,4227,1,snack_lover
u_0160,139,1,snack_lover
u_0160,4311,1,snack_lover
u_0160,1465,1,snack_lover
u_0160,3284,1,snack_lover
u_0160,3492,1,snack_lover
u_0160,4062,1,snack_lover
u_0160,3145,1,snack_lover
u_0160,3841,1,snack_lover
u_0160,3733,1,snack_lover
u_0160,4577,1,snack_lover
u_0160,3690,1,snack_lover
u_0160,2763,1,snack_lover
u_0160,3227,2,snack_lover
u_0160,4725,1,snack_lover
u_0160,3485,1,snack_lover
u_0160,4092,1,snack_lover
u_0161,705,1,household_stocker
u_0161,3010,1,household_stocker
u_0161,2848,1,household_stocker
u_0161,520,1,household_stocker
u_0161,2387,1,household_stocker
u_0161,4469,1,household_stocker
u_0161,2989,1,household_stocker
u_0161,371,1,household_stocker
u_0161,2094,1,household_stocker
u_0161,2883,1,household_stocker
u_0161,3141,1,household_stocker
u_0161,2853,1,household_stocker
u_0161,3180,1,household_stocker
u_0161,742,1,household_stocker
u_0161,3059,1,household_stocker
u_0161,1742,1,household_stocker
u_0161,1542,1,household_stocker
u_0161,3928,1,household_stocker
u_0161,2486,1,household_stocker
u_0161,158,1,household_stocker
u_0161,2540,1,household_stocker
u_0161,2029,1,household_stocker
u_0161,3217,1,household_stocker
u_0161,1925,1,household_stocker
u_0162,1319,1,veg_cook
u_0162,223,1,veg_cook
u_0162,984,1,veg_cook
u_0162,2248,1,veg_cook
u_0162,3070,1,veg_cook
u_0162,866,1,veg_cook
u_0162,626,2,veg_cook
u_0162,3277,1,veg_cook
u_0162,855,1,veg_cook
u_0162,460,1,veg_cook
u_0162,1083,1,veg_cook
u_0162,2546,1,veg_cook
u_0162,2040,1,veg_cook
u_0162,796,1,veg_cook
u_0162,3129,1,veg_cook
u_0162,1259,1,veg_cook
u_0162,815,1,veg_cook
u_0162,2097,1,veg_cook
u_0162,2311,1,veg_cook
u_0162,778,1,veg_cook
u_0162,2266,1,veg_cook
u_0162,587,1,veg_cook
u_0162,740,1,veg_cook
u_0162,380,1,veg_cook
u_0162,3592,1,veg_cook
u_0162,2964,1,veg_cook
u_0162,1081,1,veg_cook
u_0162,1186,1,veg_cook
u_0162,1410,1,veg_cook
u_0162,816,1,veg_cook
u_0162,7,1,veg_cook
u_0162,1348,1,veg_cook
u_0162,1360,1,veg_cook
u_0162,713,1,veg_cook
u_0162,698,1,veg_cook
u_0162,3865,1,veg_cook
u_0162,2746,1,veg_cook
u_0162,911,1,veg_cook
u_0162,2296,1,veg_cook
u_0162,468,1,veg_cook
u_0163,2335,1,breakfast_shopper
u_0163,516,1,breakfast_shopper
u_0163,2569,1,breakfast_shopper
u_0163,4143,1,breakfast_shopper
u_0163,4575,1,breakfast_shopper
u_0163,4872,1,breakfast_shopper
u_0163,2467,1,breakfast_shopper
u_0163,384,1,breakfast_shopper
u_0163,3420,1,breakfast_shopper
u_0163,322,1,breakfast_shopper
u_0163,470,1,breakfast_shopper
u_0163,192,2,breakfast_shopper
u_0163,1946,1,breakfast_shopper
u_0163,3534,1,breakfast_shopper
u_0163,2431,1,breakfast_shopper
u_0163,827,1,breakfast_shopper
u_0163,4354,1,breakfast_shopper
u_0163,2635,1,breakfast_shopper
u_0163,4175,1,breakfast_shopper
u_0163,4516,1,breakfast_shopper
u_0163,176,1,breakfast_shopper
u_0163,3535,1,breakfast_shopper
u_0163,4468,1,breakfast_shopper
u_0163,56,1,breakfast_shopper
u_0163,4450,1,breakfast_shopper
u_0163,2380,1,breakfast_shopper
u_0163,4242,1,breakfast_shopper
u_0163,2644,1,breakfast_shopper
u_0164,2040,1,veg_cook
u_0164,1165,1,veg_cook
u_0164,2535,1,veg_cook
u_0164,1304,1,veg_cook
u_0164,597,1,veg_cook
u_0164,2577,1,veg_cook
u_0164,2274,1,veg_cook
u_0164,817,1,veg_cook
u_0164,4171,1,veg_cook
u_0164,249,1,veg_cook
u_0164,1999,1,veg_cook
u_0164,614,1,veg_cook
u_0164,2716,1,veg_cook
u_0164,2072,1,veg_cook
u_0164,2938,1,veg_cook
u_0164,1129,1,veg_cook
u_0164,552,1,veg_cook
u_0164,528,1,veg_cook
u_0164,2467,1,veg_cook
u_0164,810,1,veg_cook
u_0164,2684,1,veg_cook
u_0164,514,1,veg_cook
u_0164,612,1,veg_cook
u_0164,967,1,veg_cook
u_0165,2606,1,household_stocker
u_0165,2868,1,household_stocker
u_0165,282,1,household_stocker
u_0165,4568,1,household_stocker
u_0165,495,1,household_stocker
u_0165,3090,1,household_stocker
u_0165,3109,1,household_stocker
u_0165,3160,1,household_stocker
u_0165,2841,1,household_stocker
u_0165,2534,1,household_stocker
u_0165,3110,1,household_stocker
u_0165,19,1,household_stocker
u_0165,1349,1,household_stocker
u_0165,118,1,household_stocker
u_0165,2991,1,household_stocker
u_0165,3006,1,household_stocker
u_0165,2869,1,household_stocker
u_0165,3159,2,household_stocker
u_0165,45,1,household_stocker
u_0165,4212,1,household_stocker
u_0165,3057,1,household_stocker
u_0165,2923,1,household_stocker
u_0165,2388,1,household_stocker
u_0165,2425,1,household_stocker
u_0165,2855,1,household_stocker
u_0165,2825,1,household_stocker
u_0165,1422,1,household_stocker
u_0165,2558,1,household_stocker
u_0165,915,1,household_stocker
u_0165,2767,1,household_stocker
u_0165,2731,1,household_stocker
u_0165,2779,1,household_stocker
u_0165,2984,1,household_stocker
u_0165,2440,1,household_stocker
u_0165,2346,1,household_stocker
u_0165,2155,1,household_stocker
u_0165,2338,2,household_stocker
u_0165,939,1,household_stocker
u_0165,2476,1,household_stocker
u_0165,3010,1,household_stocker
u_0165,689,1,household_stocker
u_0165,2516,1,household_stocker
u_0166,2772,1,gourmet
u_0166,4265,1,gourmet
u_0166,3211,1,gourmet
u_0166,1886,1,gourmet
u_0166,2221,1,gourmet
u_0166,312,1,gourmet
u_0166,2457,1,gourmet
u_0166,2115,1,gourmet
u_0166,3171,1,gourmet
u_0166,1016,1,gourmet
u_0166,2293,1,gourmet
u_0166,3151,1,gourmet
u_0166,2976,1,gourmet
u_0166,26,1,gourmet
u_0166,279,1,gourmet
u_0166,184,1,gourmet
u_0166,1435,1,gourmet
u_0166,3219,1,gourmet
u_0166,923,1,gourmet
u_0166,2217,1,gourmet
u_0166,972,1,gourmet
u_0166,2641,1,gourmet
u_0166,2033,1,gourmet
u_0166,1966,1,gourmet
u_0166,1325,1,gourmet
u_0166,527,1,gourmet
u_0166,675,1,gourmet
u_0166,685,1,gourmet
u_0166,2135,1,gourmet
u_0166,2098,1,gourmet
u_0167,1894,1,fruit_lover
u_0167,661,1,fruit_lover
u_0167,4,1,fruit_lover
u_0167,4137,1,fruit_lover
u_0167,381,1,fruit_lover
u_0167,1950,1,fruit_lover
u_0167,395,1,fruit_lover
u_0167,2257,1,fruit_lover
u_0167,366,1,fruit_lover
u_0167,240,1,fruit_lover
u_0167,1971,1,fruit_lover
u_0167,292,1,fruit_lover
u_0167,577,1,fruit_lover
u_0167,398,1,fruit_lover
u_0167,137,1,fruit_lover
u_0167,2185,1,fruit_lover
u_0167,1005,1,fruit_lover
u_0167,376,1,fruit_lover
u_0167,922,1,fruit_lover
u_0167,881,1,fruit_lover
u_0167,437,1,fruit_lover
u_0167,1908,1,fruit_lover
u_0167,2910,1,fruit_lover
u_0167,98,1,fruit_lover
u_0167,2821,1,fruit_lover
u_0167,654,1,fruit_lover
u_0167,991,1,fruit_lover
u_0167,47,1,fruit_lover
u_0167,199,1,fruit_lover
u_0167,206,1,fruit_lover
u_0167,450,1,fruit_lover
u_0167,172,1,fruit_lover
u_0167,1376,1,fruit_lover
u_0167,114,1,fruit_lover
u_0167,1861,1,fruit_lover
u_0167,367,1,fruit_lover
u_0168,2594,1,breakfast_shopper
u_0168,298,1,breakfast_shopper
u_0168,2758,1,breakfast_shopper
u_0168,3320,1,breakfast_shopper
u_0168,4376,1,breakfast_shopper
u_0168,34,1,breakfast_shopper
u_0168,4262,1,breakfast_shopper
u_0168,2617,1,breakfast_shopper
u_0168,3443,1,breakfast_shopper
u_0168,4523,1,breakfast_shopper
u_0168,2569,1,breakfast_shopper
u_0168,2383,1,breakfast_shopper
u_0168,2331,1,breakfast_shopper
u_0168,2335,1,breakfast_shopper
u_0168,4145,1,breakfast_shopper
u_0168,4920,1,breakfast_shopper
u_0168,2837,1,breakfast_shopper
u_0168,3610,1,breakfast_shopper
u_0168,4176,1,breakfast_shopper
u_0168,4141,1,breakfast_shopper
u_0168,2682,1,breakfast_shopper
u_0168,383,1,breakfast_shopper
u_0168,888,1,breakfast_shopper
u_0168,2642,1,breakfast_shopper
u_0168,1603,1,breakfast_shopper
u_0168,4488,1,breakfast_shopper
u_0168,4246,1,breakfast_shopper
u_0168,639,1,breakfast_shopper
u_0168,4571,1,breakfast_shopper
u_0168,2708,1,breakfast_shopper
u_0168,2681,1,breakfast_shopper
u_0168,4501,1,breakfast_shopper
u_0168,2897,1,breakfast_shopper
u_0168,3184,1,breakfast_shopper
u_0168,2481,1,breakfast_shopper
u_0168,3425,1,breakfast_shopper
u_0168,3959,1,breakfast_shopper
u_0168,4393,1,breakfast_shopper
u_0168,4525,1,breakfast_shopper
u_0169,2761,1,household_stocker
u_0169,466,1,household_stocker
u_0169,337,1,household_stocker
u_0169,2859,1,household_stocker
u_0169,2866,1,household_stocker
u_0169,3046,1,household_stocker
u_0169,2928,1,household_stocker
u_0169,2680,1,household_stocker
u_0169,674,1,household_stocker
u_0169,3166,1,household_stocker
u_0169,236,1,household_stocker
u_0169,2732,1,household_stocker
u_0169,2504,1,household_stocker
u_0169,4461,1,household_stocker
u_0169,2434,1,household_stocker
u_0169,1101,1,household_stocker
u_0169,3072,1,household_stocker
u_0169,742,1,household_stocker
u_0169,2729,1,household_stocker
u_0169,4075,1,household_stocker
u_0169,2542,1,household_stocker
u_0169,2846,1,household_stocker
u_0169,2368,1,household_stocker
u_0169,408,1,household_stocker
u_0169,2237,1,household_stocker
u_0169,804,1,household_stocker
u_0169,3057,1,household_stocker
u_0169,778,1,household_stocker
u_0169,2908,1,household_stocker
u_0169,2982,1,household_stocker
u_0169,2574,1,household_stocker
u_0169,2207,1,household_stocker
u_0169,2765,1,household_stocker
u_0169,2970,1,household_stocker
u_0169,2369,1,household_stocker
u_0169,388,1,household_stocker
u_0169,2722,1,household_stocker
u_0169,1903,1,household_stocker
u_0170,1003,1,fruit_lover
u_0170,315,1,fruit_lover
u_0170,3135,1,fruit_lover
u_0170,3011,1,fruit_lover
u_0170,187,1,fruit_lover
u_0170,491,1,fruit_lover
u_0170,2934,1,fruit_lover
u_0170,1208,1,fruit_lover
u_0170,143,1,fruit_lover
u_0170,12,1,fruit_lover
u_0170,109,1,fruit_lover
u_0170,2216,1,fruit_lover
u_0170,2593,1,fruit_lover
u_0170,164,1,fruit_lover
u_0170,431,1,fruit_lover
u_0170,4830,1,fruit_lover
u_0170,2234,1,fruit_lover
u_0170,1599,1,fruit_lover
u_0170,711,1,fruit_lover
u_0170,2197,1,fruit_lover
u_0170,930,1,fruit_lover
u_0170,848,1,fruit_lover
u_0170,1236,1,fruit_lover
u_0170,556,1,fruit_lover
u_0171,4767,1,snack_lover
u_0171,3515,1,snack_lover
u_0171,3706,1,snack_lover
u_0171,3433,1,snack_lover
u_0171,4046,2,snack_lover
u_0171,862,1,snack_lover
u_0171,3802,1,snack_lover
u_0171,3813,1,snack_lover
u_0171,3461,1,snack_lover
u_0171,2810,1,snack_lover
u_0171,3800,1,snack_lover
u_0171,3585,1,snack_lover
u_0171,3690,1,snack_lover
u_0171,3563,1,snack_lover
u_0171,3653,1,snack_lover
u_0171,3462,1,snack_lover
u_0171,2799,1,snack_lover
u_0171,4210,1,snack_lover
u_0171,3445,1,snack_lover
u_0171,3643,1,snack_lover
u_0171,2973,1,snack_lover
u_0171,1935,1,snack_lover
u_0171,3840,1,snack_lover
u_0171,4186,1,snack_lover
u_0171,3164,1,snack_lover
u_0171,3642,1,snack_lover
u_0171,4235,1,snack_lover
u_0171,3639,1,snack_lover
u_0171,3465,2,snack_lover
u_0171,3916,1,snack_lover
u_0172,1061,1,breakfast_shopper
u_0172,2645,1,breakfast_shopper
u_0172,452,1,breakfast_shopper
u_0172,2410,1,breakfast_shopper
u_0172,4584,1,breakfast_shopper
u_0172,3352,1,breakfast_shopper
u_0172,4528,1,breakfast_shopper
u_0172,4312,1,breakfast_shopper
u_0172,4236,1,breakfast_shopper
u_0172,2416,1,breakfast_shopper
u_0172,798,1,breakfast_shopper
u_0172,2392,1,breakfast_shopper
u_0172,828,1,breakfast_shopper
u_0172,4273,1,breakfast_shopper
u_0172,11,1,breakfast_shopper
u_0172,775,1,breakfast_shopper
u_0172,783,1,breakfast_shopper
u_0172,2553,1,breakfast_shopper
u_0172,485,1,breakfast_shopper
u_0172,3531,1,breakfast_shopper
u_0172,4572,1,breakfast_shopper
u_0172,4301,1,breakfast_shopper
u_0172,2675,1,breakfast_shopper
u_0172,2603,1,breakfast_shopper
u_0172,474,1,breakfast_shopper
u_0172,387,1,breakfast_shopper
u_0172,863,1,breakfast_shopper
u_0172,174,1,breakfast_shopper
u_0172,2614,1,breakfast_shopper
u_0172,197,1,breakfast_shopper
u_0172,4799,1,breakfast_shopper
u_0172,3269,1,breakfast_shopper
u_0173,1571,1,snack_lover
u_0173,3220,1,snack_lover
u_0173,4517,1,snack_lover
u_0173,1565,1,snack_lover
u_0173,3152,1,snack_lover
u_0173,3681,1,snack_lover
u_0173,3180,1,snack_lover
u_0173,3641,1,snack_lover
u_0173,3810,1,snack_lover
u_0173,4371,1,snack_lover
u_0173,3404,1,snack_lover
u_0173,3228,1,snack_lover
u_0173,3400,1,snack_lover
u_0173,3899,1,snack_lover
u_0173,3867,1,snack_lover
u_0173,4392,1,snack_lover
u_0173,3728,1,snack_lover
u_0173,3569,1,snack_lover
u_0173,4257,1,snack_lover
u_0173,3783,1,snack_lover
u_0173,3301,1,snack_lover
u_0173,3335,1,snack_lover
u_0173,4436,1,snack_lover
u_0173,3505,1,snack_lover
u_0173,3639,1,snack_lover
u_0173,4296,1,snack_lover
u_0173,3525,1,snack_lover
u_0173,4032,1,snack_lover
u_0173,115,1,snack_lover
u_0173,3742,1,snack_lover
u_0173,3436,1,snack_lover
u_0173,3723,1,snack_lover
u_0173,2795,1,snack_lover
u_0173,3642,1,snack_lover
u_0173,3375,1,snack_lover
u_0173,935,1,snack_lover
u_0173,3970,1,snack_lover
u_0173,3385,1,snack_lover
u_0173,4645,1,snack_lover
u_0173,4193,1,snack_lover
u_0173,3786,1,snack_lover
u_0173,4103,1,snack_lover
u_0173,3463,1,snack_lover
u_0173,3850,1,snack_lover
u_0173,3265,1,snack_lover
u_0173,3514,1,snack_lover
u_0173,4028,1,snack_lover
u_0174,789,1,breakfast_shopper
u_0174,4517,1,breakfast_shopper
u_0174,2545,1,breakfast_shopper
u_0174,4555,1,breakfast_shopper
u_0174,3630,1,breakfast_shopper
u_0174,4322,1,breakfast_shopper
u_0174,4156,1,breakfast_shopper
u_0174,889,1,breakfast_shopper
u_0174,4593,1,breakfast_shopper
u_0174,4173,2,breakfast_shopper
u_0174,4144,1,breakfast_shopper
u_0174,2569,1,breakfast_shopper
u_0174,4222,1,breakfast_shopper
u_0174,4539,1,breakfast_shopper
u_0174,4410,1,breakfast_shopper
u_0174,4236,1,breakfast_shopper
u_0174,2563,1,breakfast_shopper
u_0174,417,1,breakfast_shopper
u_0174,4273,1,breakfast_shopper
u_0174,429,1,breakfast_shopper
u_0174,3327,1,breakfast_shopper
u_0174,667,1,breakfast_shopper
u_0174,4370,1,breakfast_shopper
u_0174,4343,1,breakfast_shopper
u_0174,2245,1,breakfast_shopper
u_0174,4369,1,breakfast_shopper
u_0174,4242,1,breakfast_shopper
u_0174,2394,1,breakfast_shopper
u_0174,1076,1,breakfast_shopper
u_0174,2729,1,breakfast_shopper
u_0174,577,1,breakfast_shopper
u_0174,4228,1,breakfast_shopper
u_0174,3447,1,breakfast_shopper
u_0174,58,1,breakfast_shopper
u_0174,2437,1,breakfast_shopper
u_0174,4164,1,breakfast_shopper
u_0174,127,1,breakfast_shopper
u_0174,2510,1,breakfast_shopper
u_0174,2655,1,breakfast_shopper
u_0174,51,1,breakfast_shopper
u_0174,4196,1,breakfast_shopper
u_0174,4265,1,breakfast_shopper
u_0175,1650,1,festival_shopper
u_0175,6,1,festival_shopper
u_0175,120,1,festival_shopper
u_0175,4109,1,festival_shopper
u_0175,2708,1,festival_shopper
u_0175,1686,1,festival_shopper
u_0175,1469,1,festival_shopper
u_0175,568,1,festival_shopper
u_0175,1449,1,festival_shopper
u_0175,838,1,festival_shopper
u_0175,2563,1,festival_shopper
u_0175,250,1,festival_shopper
u_0175,2381,1,festival_shopper
u_0175,1028,1,festival_shopper
u_0175,2096,1,festival_shopper
u_0175,2662,1,festival_shopper
u_0175,321,1,festival_shopper
u_0175,1495,1,festival_shopper
u_0175,247,1,festival_shopper
u_0175,3166,1,festival_shopper
u_0175,4309,1,festival_shopper
u_0175,1119,1,festival_shopper
u_0175,175,1,festival_shopper
u_0175,1809,2,festival_shopper
u_0175,1501,1,festival_shopper
u_0175,2648,1,festival_shopper
u_0175,1473,1,festival_shopper
u_0175,4326,1,festival_shopper
u_0175,2986,1,festival_shopper
u_0175,1499,1,festival_shopper
u_0176,1708,1,fruit_lover
u_0176,1262,1,fruit_lover
u_0176,463,1,fruit_lover
u_0176,1469,1,fruit_lover
u_0176,2131,1,fruit_lover
u_0176,2076,1,fruit_lover
u_0176,3397,1,fruit_lover
u_0176,3004,1,fruit_lover
u_0176,2206,1,fruit_lover
u_0176,2026,1,fruit_lover
u_0176,108,1,fruit_lover
u_0176,110,1,fruit_lover
u_0176,3204,1,fruit_lover
u_0176,1959,1,fruit_lover
u_0176,3218,1,fruit_lover
u_0176,1023,1,fruit_lover
u_0176,2585,1,fruit_lover
u_0176,2099,1,fruit_lover
u_0176,394,1,fruit_lover
u_0176,2179,1,fruit_lover
u_0176,576,1,fruit_lover
u_0176,2735,1,fruit_lover
u_0176,13,1,fruit_lover
u_0176,534,1,fruit_lover
u_0176,951,1,fruit_lover
u_0176,400,1,fruit_lover
u_0176,239,1,fruit_lover
u_0176,2677,1,fruit_lover
u_0177,1091,1,veg_cook
u_0177,2146,1,veg_cook
u_0177,874,1,veg_cook
u_0177,2084,1,veg_cook
u_0177,2143,1,veg_cook
u_0177,850,1,veg_cook
u_0177,675,1,veg_cook
u_0177,1292,1,veg_cook
u_0177,2557,1,veg_cook
u_0177,2580,1,veg_cook
u_0177,3190,1,veg_cook
u_0177,2249,1,veg_cook
u_0177,1364,1,veg_cook
u_0177,4765,1,veg_cook
u_0177,517,1,veg_cook
u_0177,591,1,veg_cook
u_0177,1168,1,veg_cook
u_0177,782,1,veg_cook
u_0177,755,1,veg_cook
u_0177,1080,1,veg_cook
u_0177,145,1,veg_cook
u_0177,2103,1,veg_cook
u_0177,2174,1,veg_cook
u_0177,1295,1,veg_cook
u_0177,3022,1,veg_cook
u_0177,2126,1,veg_cook
u_0177,2062,1,veg_cook
u_0177,887,1,veg_cook
u_0178,786,1,breakfast_shopper
u_0178,4531,1,breakfast_shopper
u_0178,2554,1,breakfast_shopper
u_0178,15,1,breakfast_shopper
u_0178,3544,1,breakfast_shopper
u_0178,2423,1,breakfast_shopper
u_0178,443,1,breakfast_shopper
u_0178,904,1,breakfast_shopper
u_0178,3292,1,breakfast_shopper
u_0178,4225,1,breakfast_shopper
u_0178,4338,1,breakfast_shopper
u_0178,4262,1,breakfast_shopper
u_0178,4320,1,breakfast_shopper
u_0178,790,1,breakfast_shopper
u_0178,2460,1,breakfast_shopper
u_0178,4146,1,breakfast_shopper
u_0178,4454,1,breakfast_shopper
u_0178,3426,1,breakfast_shopper
u_0178,4212,1,breakfast_shopper
u_0178,4331,1,breakfast_shopper
u_0178,2433,1,breakfast_shopper
u_0178,5,1,breakfast_shopper
u_0178,4222,1,breakfast_shopper
u_0178,2450,1,breakfast_shopper
u_0178,4518,1,breakfast_shopper
u_0178,2553,1,breakfast_shopper
u_0178,2592,1,breakfast_shopper
u_0178,4208,1,breakfast_shopper
u_0179,2913,1,household_stocker
u_0179,2446,1,household_stocker
u_0179,409,1,household_stocker
u_0179,3079,1,household_stocker
u_0179,2816,1,household_stocker
u_0179,804,1,household_stocker
u_0179,3164,1,household_stocker
u_0179,1030,1,household_stocker
u_0179,3020,1,household_stocker
u_0179,2243,1,household_stocker
u_0179,3197,1,household_stocker
u_0179,2918,1,household_stocker
u_0179,2602,1,household_stocker
u_0179,2147,1,household_stocker
u_0179,3160,1,household_stocker
u_0179,2547,1,household_stocker
u_0179,2841,1,household_stocker
u_0179,751,1,household_stocker
u_0179,2950,1,household_stocker
u_0179,3011,1,household_stocker
u_0179,3174,1,household_stocker
u_0179,2583,1,household_stocker
u_0179,3828,1,household_stocker
u_0179,2842,1,household_stocker
u_0179,515,1,household_stocker
u_0179,1313,1,household_stocker
u_0179,324,1,household_stocker
u_0179,183,1,household_stocker
u_0179,2743,1,household_stocker
u_0179,2751,1,household_stocker
u_0180,866,1,veg_cook
u_0180,3585,1,veg_cook
u_0180,4117,1,veg_cook
u_0180,2155,1,veg_cook
u_0180,1271,1,veg_cook
u_0180,2569,1,veg_cook
u_0180,716,1,veg_cook
u_0180,3129,1,veg_cook
u_0180,1308,1,veg_cook
u_0180,2478,1,veg_cook
u_0180,1257,1,veg_cook
u_0180,304,1,veg_cook
u_0180,2406,1,veg_cook
u_0180,3754,1,veg_cook
u_0180,857,1,veg_cook
u_0180,452,1,veg_cook
u_0180,2444,1,veg_cook
u_0180,692,1,veg_cook
u_0180,1044,1,veg_cook
u_0180,2448,1,veg_cook
u_0180,2338,1,veg_cook
u_0180,1248,1,veg_cook
u_0180,820,1,veg_cook
u_0180,2069,1,veg_cook
u_0180,2362,1,veg_cook
u_0180,826,1,veg_cook
u_0180,964,1,veg_cook
u_0180,1007,1,veg_cook
u_0181,3054,1,household_stocker
u_0181,3348,1,household_stocker
u_0181,2815,1,household_stocker
u_0181,2822,1,household_stocker
u_0181,504,1,household_stocker
u_0181,3194,1,household_stocker
u_0181,3831,1,household_stocker
u_0181,3066,1,household_stocker
u_0181,3105,1,household_stocker
u_0181,6,1,household_stocker
u_0181,2678,1,household_stocker
u_0181,2734,1,household_stocker
u_0181,913,1,household_stocker
u_0181,4491,1,household_stocker
u_0181,1105,1,household_stocker
u_0181,1028,1,household_stocker
u_0181,2517,1,household_stocker
u_0181,2903,1,household_stocker
u_0181,3082,1,household_stocker
u_0181,56,1,household_stocker
u_0181,2842,1,household_stocker
u_0181,3098,1,household_stocker
u_0181,3161,1,household_stocker
u_0181,3169,1,household_stocker
u_0182,3406,1,snack_lover
u_0182,3332,1,snack_lover
u_0182,75,1,snack_lover
u_0182,4517,1,snack_lover
u_0182,4103,1,snack_lover
u_0182,2829,1,snack_lover
u_0182,3170,1,snack_lover
u_0182,4278,1,snack_lover
u_0182,3822,1,snack_lover
u_0182,3814,1,snack_lover
u_0182,3711,1,snack_lover
u_0182,3369,1,snack_lover
u_0182,3128,1,snack_lover
u_0182,3001,1,snack_lover
u_0182,3059,1,snack_lover
u_0182,4292,1,snack_lover
u_0182,3911,1,snack_lover
u_0182,2471,1,snack_lover
u_0182,3490,1,snack_lover
u_0182,3622,1,snack_lover
u_0182,4140,1,snack_lover
u_0182,3713,1,snack_lover
u_0182,3518,1,snack_lover
u_0182,3571,1,snack_lover
u_0182,3604,1,snack_lover
u_0182,3302,1,snack_lover
u_0182,3909,1,snack_lover
u_0182,488,1,snack_lover
u_0182,2737,1,snack_lover
u_0182,4419,1,snack_lover
u_0182,4473,1,snack_lover
u_0182,2185,1,snack_lover
u_0182,1878,1,snack_lover
u_0182,2870,1,snack_lover
u_0182,3297,1,snack_lover
u_0182,3192,1,snack_lover
u_0182,3090,1,snack_lover
u_0182,4406,1,snack_lover
u_0182,3449,1,snack_lover
u_0182,2971,1,snack_lover
u_0182,3564,1,snack_lover
u_0182,1876,1,snack_lover
u_0182,2858,1,snack_lover
u_0182,4261,1,snack_lover
u_0182,4479,1,snack_lover
u_0182,3748,1,snack_lover
u_0183,593,1,fruit_lover
u_0183,2587,1,fruit_lover
u_0183,3183,1,fruit_lover
u_0183,1596,1,fruit_lover
u_0183,254,1,fruit_lover
u_0183,4900,1,fruit_lover
u_0183,126,1,fruit_lover
u_0183,68,1,fruit_lover
u_0183,897,1,fruit_lover
u_0183,98,1,fruit_lover
u_0183,162,1,fruit_lover
u_0183,831,1,fruit_lover
u_0183,3782,1,fruit_lover
u_0183,390,1,fruit_lover
u_0183,2139,1,fruit_lover
u_0183,4769,1,fruit_lover
u_0183,1840,1,fruit_lover
u_0183,1486,1,fruit_lover
u_0183,52,1,fruit_lover
u_0183,2026,1,fruit_lover
u_0183,332,1,fruit_lover
u_0183,265,1,fruit_lover
u_0183,381,1,fruit_lover
u_0183,2022,1,fruit_lover
u_0183,358,1,fruit_lover
u_0183,442,1,fruit_lover
u_0183,1857,1,fruit_lover
u_0183,150,1,fruit_lover
u_0183,556,1,fruit_lover
u_0183,149,1,fruit_lover
u_0183,279,1,fruit_lover
u_0183,454,1,fruit_lover
u_0183,2082,1,fruit_lover
u_0183,964,1,fruit_lover
u_0183,4936,1,fruit_lover
u_0183,1134,1,fruit_lover
u_0183,274,1,fruit_lover
u_0183,4128,1,fruit_lover
u_0183,200,1,fruit_lover
u_0183,1253,1,fruit_lover
u_0183,181,1,fruit_lover
u_0183,504,1,fruit_lover
u_0183,995,1,fruit_lover
u_0183,71,1,fruit_lover
u_0184,284,1,festival_shopper
u_0184,538,1,festival_shopper
u_0184,1748,1,festival_shopper
u_0184,1598,1,festival_shopper
u_0184,883,1,festival_shopper
u_0184,1460,1,festival_shopper
u_0184,2667,1,festival_shopper
u_0184,268,1,festival_shopper
u_0184,106,1,festival_shopper
u_0184,2241,1,festival_shopper
u_0184,608,1,festival_shopper
u_0184,367,1,festival_shopper
u_0184,173,1,festival_shopper
u_0184,2392,1,festival_shopper
u_0184,1448,1,festival_shopper
u_0184,2535,1,festival_shopper
u_0184,1536,1,festival_shopper
u_0184,2968,1,festival_shopper
u_0184,912,1,festival_shopper
u_0184,1545,1,festival_shopper
u_0184,278,1,festival_shopper
u_0184,792,1,festival_shopper
u_0184,1128,1,festival_shopper
u_0184,517,1,festival_shopper
u_0184,4578,1,festival_shopper
u_0184,1567,1,festival_shopper
u_0184,1464,1,festival_shopper
u_0184,1753,1,festival_shopper
u_0184,1513,1,festival_shopper
u_0184,2798,1,festival_shopper
u_0184,3174,1,festival_shopper
u_0184,1761,1,festival_shopper
u_0184,2683,1,festival_shopper
u_0184,2528,1,festival_shopper
u_0184,2628,1,festival_shopper
u_0184,783,1,festival_shopper
u_0184,1181,1,festival_shopper
u_0184,1790,1,festival_shopper
u_0184,1265,1,festival_shopper
u_0184,95,1,festival_shopper
u_0184,89,1,festival_shopper
u_0184,237,1,festival_shopper
u_0184,312,1,festival_shopper
u_0185,167,1,breakfast_shopper
u_0185,313,1,breakfast_shopper
u_0185,243,1,breakfast_shopper
u_0185,4182,1,breakfast_shopper
u_0185,2342,1,breakfast_shopper
u_0185,4473,1,breakfast_shopper
u_0185,297,1,breakfast_shopper
u_0185,344,1,breakfast_shopper
u_0185,2414,1,breakfast_shopper
u_0185,2183,1,breakfast_shopper
u_0185,4502,1,breakfast_shopper
u_0185,2614,1,breakfast_shopper
u_0185,4487,1,breakfast_shopper
u_0185,4187,1,breakfast_shopper
u_0185,2501,1,breakfast_shopper
u_0185,4439,1,breakfast_shopper
u_0185,4195,1,breakfast_shopper
u_0185,3416,1,breakfast_shopper
u_0185,2647,1,breakfast_shopper
u_0185,4282,1,breakfast_shopper
u_0185,1934,1,breakfast_shopper
u_0185,443,1,breakfast_shopper
u_0185,246,1,breakfast_shopper
u_0185,3348,1,breakfast_shopper
u_0185,3457,1,breakfast_shopper
u_0185,457,1,breakfast_shopper
u_0185,2382,1,breakfast_shopper
u_0185,1,1,breakfast_shopper
u_0185,534,1,breakfast_shopper
u_0185,4345,1,breakfast_shopper
u_0185,1974,1,breakfast_shopper
u_0185,4392,1,breakfast_shopper
u_0185,2565,1,breakfast_shopper
u_0185,854,1,breakfast_shopper
u_0185,2457,1,breakfast_shopper
u_0185,3575,1,breakfast_shopper
u_0185,4524,1,breakfast_shopper
u_0186,3045,1,snack_lover
u_0186,3196,1,snack_lover
u_0186,3953,1,snack_lover
u_0186,3592,1,snack_lover
u_0186,3298,1,snack_lover
u_0186,3602,1,snack_lover
u_0186,2568,1,snack_lover
u_0186,3453,1,snack_lover
u_0186,1790,1,snack_lover
u_0186,4545,1,snack_lover
u_0186,3376,1,snack_lover
u_0186,4348,1,snack_lover
u_0186,3240,1,snack_lover
u_0186,3611,1,snack_lover
u_0186,4950,1,snack_lover
u_0186,3651,1,snack_lover
u_0186,2460,1,snack_lover
u_0186,4480,1,snack_lover
u_0186,3400,1,snack_lover
u_0186,4005,1,snack_lover
u_0186,4186,1,snack_lover
u_0186,3772,1,snack_lover
u_0186,4399,1,snack_lover
u_0186,3858,1,snack_lover
u_0186,2792,1,snack_lover
u_0186,4270,1,snack_lover
u_0187,320,1,gourmet
u_0187,1982,1,gourmet
u_0187,825,1,gourmet
u_0187,474,1,gourmet
u_0187,2390,1,gourmet
u_0187,1152,1,gourmet
u_0187,2248,1,gourmet
u_0187,286,1,gourmet
u_0187,496,1,gourmet
u_0187,1134,1,gourmet
u_0187,837,1,gourmet
u_0187,172,1,gourmet
u_0187,2520,1,gourmet
u_0187,403,1,gourmet
u_0187,2193,1,gourmet
u_0187,3210,1,gourmet
u_0187,821,1,gourmet
u_0187,731,1,gourmet
u_0187,3247,1,gourmet
u_0187,435,1,gourmet
u_0187,2182,1,gourmet
u_0187,589,1,gourmet
u_0187,1469,1,gourmet
u_0187,22,1,gourmet
u_0187,125,1,gourmet
u_0187,1248,1,gourmet
u_0187,2863,1,gourmet
u_0187,18,1,gourmet
u_0187,902,1,gourmet
u_0188,2598,1,fruit_lover
u_0188,343,1,fruit_lover
u_0188,3454,1,fruit_lover
u_0188,1630,1,fruit_lover
u_0188,84,1,fruit_lover
u_0188,2439,1,fruit_lover
u_0188,1955,1,fruit_lover
u_0188,16,1,fruit_lover
u_0188,2660,1,fruit_lover
u_0188,2580,1,fruit_lover
u_0188,2452,1,fruit_lover
u_0188,4444,1,fruit_lover
u_0188,377,1,fruit_lover
u_0188,297,1,fruit_lover
u_0188,271,1,fruit_lover
u_0188,768,1,fruit_lover
u_0188,2855,1,fruit_lover
u_0188,4249,1,fruit_lover
u_0188,260,1,fruit_lover
u_0188,375,1,fruit_lover
u_0188,225,1,fruit_lover
u_0188,1667,1,fruit_lover
u_0188,1214,1,fruit_lover
u_0188,2268,1,fruit_lover
u_0188,1096,1,fruit_lover
u_0188,1936,1,fruit_lover
u_0188,1638,1,fruit_lover
u_0188,396,1,fruit_lover
u_0188,808,1,fruit_lover
u_0188,2118,1,fruit_lover
u_0188,542,1,fruit_lover
u_0188,43,1,fruit_lover
u_0188,1453,1,fruit_lover
u_0189,924,1,festival_shopper
u_0189,3710,1,festival_shopper
u_0189,377,2,festival_shopper
u_0189,2633,1,festival_shopper
u_0189,1181,1,festival_shopper
u_0189,2610,1,festival_shopper
u_0189,133,1,festival_shopper
u_0189,2477,1,festival_shopper
u_0189,165,1,festival_shopper
u_0189,2908,1,festival_shopper
u_0189,1662,1,festival_shopper
u_0189,1519,1,festival_shopper
u_0189,1496,1,festival_shopper
u_0189,1837,1,festival_shopper
u_0189,4181,1,festival_shopper
u_0189,1581,1,festival_shopper
u_0189,902,1,festival_shopper
u_0189,296,1,festival_shopper
u_0189,599,1,festival_shopper
u_0189,2,1,festival_shopper
u_0189,29,1,festival_shopper
u_0189,2783,1,festival_shopper
u_0189,1812,1,festival_shopper
u_0189,1397,1,festival_shopper
u_0189,986,1,festival_shopper
u_0189,2716,1,festival_shopper
u_0189,1452,1,festival_shopper
u_0189,1553,1,festival_shopper
u_0189,1724,1,festival_shopper
u_0189,10,1,festival_shopper
u_0189,1638,1,festival_shopper
u_0189,828,1,festival_shopper
u_0189,1203,1,festival_shopper
u_0189,2013,1,festival_shopper
u_0189,2279,1,festival_shopper
u_0189,2219,1,festival_shopper
u_0190,1425,1,breakfast_shopper
u_0190,907,1,breakfast_shopper
u_0190,4400,1,breakfast_shopper
u_0190,2559,1,breakfast_shopper
u_0190,357,1,breakfast_shopper
u_0190,4399,1,breakfast_shopper
u_0190,4273,1,breakfast_shopper
u_0190,3592,1,breakfast_shopper
u_0190,1440,1,breakfast_shopper
u_0190,4459,1,breakfast_shopper
u_0190,655,1,breakfast_shopper
u_0190,2581,1,breakfast_shopper
u_0190,2492,1,breakfast_shopper
u_0190,1793,1,breakfast_shopper
u_0190,2462,1,breakfast_shopper
u_0190,603,1,breakfast_shopper
u_0190,884,1,breakfast_shopper
u_0190,2649,1,breakfast_shopper
u_0190,2676,1,breakfast_shopper
u_0190,4407,1,breakfast_shopper
u_0190,4391,1,breakfast_shopper
u_0190,3302,1,breakfast_shopper
u_0190,4154,1,breakfast_shopper
u_0190,47,1,breakfast_shopper
u_0190,3256,1,breakfast_shopper
u_0190,2310,1,breakfast_shopper
u_0190,1725,1,breakfast_shopper
u_0190,4522,1,breakfast_shopper
u_0190,780,1,breakfast_shopper
u_0190,4335,1,breakfast_shopper
u_0190,4141,2,breakfast_shopper
u_0190,4490,1,breakfast_shopper
u_0190,2540,1,breakfast_shopper
u_0190,504,1,breakfast_shopper
u_0190,2644,1,breakfast_shopper
u_0190,4226,1,breakfast_shopper
u_0190,4600,1,breakfast_shopper
u_0190,3031,1,breakfast_shopper
u_0190,4327,1,breakfast_shopper
u_0190,3633,1,breakfast_shopper
u_0190,340,1,breakfast_shopper
u_0190,4425,1,breakfast_shopper
u_0190,3526,1,breakfast_shopper
u_0190,4241,1,breakfast_shopper
u_0191,1,1,fruit_lover
u_0191,1007,1,fruit_lover
u_0191,806,1,fruit_lover
u_0191,1295,1,fruit_lover
u_0191,180,1,fruit_lover
u_0191,1881,1,fruit_lover
u_0191,1103,1,fruit_lover
u_0191,393,1,fruit_lover
u_0191,3079,1,fruit_lover
u_0191,559,1,fruit_lover
u_0191,2592,1,fruit_lover
u_0191,251,1,fruit_lover
u_0191,512,1,fruit_lover
u_0191,531,1,fruit_lover
u_0191,343,1,fruit_lover
u_0191,320,1,fruit_lover
u_0191,2327,1,fruit_lover
u_0191,279,2,fruit_lover
u_0191,187,1,fruit_lover
u_0191,566,1,fruit_lover
u_0191,230,1,fruit_lover
u_0191,302,1,fruit_lover
u_0191,104,1,fruit_lover
u_0191,166,1,fruit_lover
u_0191,165,1,fruit_lover
u_0191,195,1,fruit_lover
u_0191,2630,1,fruit_lover
u_0191,370,1,fruit_lover
u_0191,3041,1,fruit_lover
u_0191,406,1,fruit_lover
u_0191,365,1,fruit_lover
u_0191,372,1,fruit_lover
u_0191,333,1,fruit_lover
u_0191,3012,1,fruit_lover
u_0191,1386,1,fruit_lover
u_0191,1835,1,fruit_lover
u_0191,733,1,fruit_lover
u_0191,2532,1,fruit_lover
u_0191,1942,1,fruit_lover
u_0191,2418,1,fruit_lover
u_0192,883,1,festival_shopper
u_0192,1165,1,festival_shopper
u_0192,443,1,festival_shopper
u_0192,1515,1,festival_shopper
u_0192,50,1,festival_shopper
u_0192,66,1,festival_shopper
u_0192,2330,1,festival_shopper
u_0192,160,1,festival_shopper
u_0192,435,1,festival_shopper
u_0192,1163,1,festival_shopper
u_0192,451,1,festival_shopper
u_0192,3172,1,festival_shopper
u_0192,653,1,festival_shopper
u_0192,3390,1,festival_shopper
u_0192,2465,1,festival_shopper
u_0192,2655,1,festival_shopper
u_0192,1485,1,festival_shopper
u_0192,4207,1,festival_shopper
u_0192,157,1,festival_shopper
u_0192,4593,1,festival_shopper
u_0192,1383,1,festival_shopper
u_0192,1444,1,festival_shopper
u_0192,2703,1,festival_shopper
u_0192,1651,1,festival_shopper
u_0192,1663,1,festival_shopper
u_0192,1598,1,festival_shopper
u_0192,4305,1,festival_shopper
u_0192,2883,1,festival_shopper
u_0192,533,1,festival_shopper
u_0192,358,2,festival_shopper
u_0192,661,1,festival_shopper
u_0192,3394,1,festival_shopper
u_0192,1454,1,festival_shopper
u_0192,2487,1,festival_shopper
u_0192,2894,1,festival_shopper
u_0192,29,1,festival_shopper
u_0192,1726,1,festival_shopper
u_0192,2401,1,festival_shopper
u_0192,186,1,festival_shopper
u_0192,1415,1,festival_shopper
u_0192,3543,1,festival_shopper
u_0192,1237,1,festival_shopper
u_0192,1628,1,festival_shopper
u_0193,773,1,fruit_lover
u_0193,1058,1,fruit_lover
u_0193,241,1,fruit_lover
u_0193,3176,1,fruit_lover
u_0193,328,1,fruit_lover
u_0193,873,1,fruit_lover
u_0193,236,1,fruit_lover
u_0193,358,1,fruit_lover
u_0193,277,1,fruit_lover
u_0193,1084,1,fruit_lover
u_0193,70,1,fruit_lover
u_0193,319,1,fruit_lover
u_0193,901,1,fruit_lover
u_0193,955,1,fruit_lover
u_0193,923,1,fruit_lover
u_0193,2091,1,fruit_lover
u_0193,2728,1,fruit_lover
u_0193,2658,1,fruit_lover
u_0193,3009,1,fruit_lover
u_0193,429,1,fruit_lover
u_0193,3037,1,fruit_lover
u_0193,40,1,fruit_lover
u_0193,743,1,fruit_lover
u_0193,528,1,fruit_lover
u_0193,416,1,fruit_lover
u_0193,337,1,fruit_lover
u_0193,1634,1,fruit_lover
u_0193,1034,1,fruit_lover
u_0193,1331,1,fruit_lover
u_0193,273,1,fruit_lover
u_0193,2025,1,fruit_lover
u_0193,2232,1,fruit_lover
u_0193,49,1,fruit_lover
u_0193,2231,1,fruit_lover
u_0193,457,1,fruit_lover
u_0194,2328,1,household_stocker
u_0194,957,1,household_stocker
u_0194,4822,1,household_stocker
u_0194,1144,1,household_stocker
u_0194,2954,2,household_stocker
u_0194,1395,1,household_stocker
u_0194,4898,1,household_stocker
u_0194,1821,1,household_stocker
u_0194,2529,1,household_stocker
u_0194,3207,1,household_stocker
u_0194,2808,1,household_stocker
u_0194,2969,1,household_stocker
u_0194,2450,1,household_stocker
u_0194,1765,1,household_stocker
u_0194,2919,1,household_stocker
u_0194,1612,1,household_stocker
u_0194,2767,1,household_stocker
u_0194,1590,1,household_stocker
u_0194,2816,1,household_stocker
u_0194,3089,1,household_stocker
u_0194,2972,1,household_stocker
u_0194,2642,1,household_stocker
u_0194,1871,1,household_stocker
u_0194,4867,1,household_stocker
u_0194,2388,1,household_stocker
u_0194,2428,1,household_stocker
u_0194,2768,2,household_stocker
u_0194,3057,1,household_stocker
u_0194,224,1,household_stocker
u_0194,760,1,household_stocker
u_0194,1641,1,household_stocker
u_0194,3108,1,household_stocker
u_0194,4739,1,household_stocker
u_0194,3196,1,household_stocker
u_0194,2794,1,household_stocker
u_0194,2627,1,household_stocker
u_0194,2884,1,household_stocker
u_0194,2405,1,household_stocker
u_0194,2383,1,household_stocker
u_0194,2996,1,household_stocker
u_0195,2967,1,household_stocker
u_0195,2545,1,household_stocker
u_0195,3043,1,household_stocker
u_0195,1745,1,household_stocker
u_0195,220,1,household_stocker
u_0195,2889,1,household_stocker
u_0195,2655,1,household_stocker
u_0195,3205,1,household_stocker
u_0195,2441,1,household_stocker
u_0195,591,1,household_stocker
u_0195,66,1,household_stocker
u_0195,2307,1,household_stocker
u_0195,3035,1,household_stocker
u_0195,3162,1,household_stocker
u_0195,598,1,household_stocker
u_0195,392,1,household_stocker
u_0195,2959,1,household_stocker
u_0195,2351,1,household_stocker
u_0195,2346,1,household_stocker
u_0195,3116,1,household_stocker
u_0195,609,1,household_stocker
u_0195,3207,1,household_stocker
u_0195,2727,1,household_stocker
u_0195,1717,1,household_stocker
u_0196,3885,1,snack_lover
u_0196,4127,1,snack_lover
u_0196,4403,1,snack_lover
u_0196,639,1,snack_lover
u_0196,3350,1,snack_lover
u_0196,3603,1,snack_lover
u_0196,3255,1,snack_lover
u_0196,4473,1,snack_lover
u_0196,4191,1,snack_lover
u_0196,1434,1,snack_lover
u_0196,4134,1,snack_lover
u_0196,3380,1,snack_lover
u_0196,4149,1,snack_lover
u_0196,3666,1,snack_lover
u_0196,4479,1,snack_lover
u_0196,3842,1,snack_lover
u_0196,4553,1,snack_lover
u_0196,2957,1,snack_lover
u_0196,3974,1,snack_lover
u_0196,3986,1,snack_lover
u_0196,1030,1,snack_lover
u_0196,3788,1,snack_lover
u_0196,3545,1,snack_lover
u_0196,3403,1,snack_lover
u_0197,3376,1,veg_cook
u_0197,2756,1,veg_cook
u_0197,847,1,veg_cook
u_0197,2298,1,veg_cook
u_0197,1248,1,veg_cook
u_0197,996,1,veg_cook
u_0197,748,1,veg_cook
u_0197,2038,1,veg_cook
u_0197,1129,1,veg_cook
u_0197,1025,1,veg_cook
u_0197,2816,1,veg_cook
u_0197,1964,1,veg_cook
u_0197,1461,1,veg_cook
u_0197,566,1,veg_cook
u_0197,924,1,veg_cook
u_0197,2498,1,veg_cook
u_0197,1704,1,veg_cook
u_0197,84,1,veg_cook
u_0197,1027,1,veg_cook
u_0197,2169,1,veg_cook
u_0197,2973,1,veg_cook
u_0197,122,1,veg_cook
u_0197,529,1,veg_cook
u_0197,782,1,veg_cook
u_0198,2894,1,household_stocker
u_0198,2423,1,household_stocker
u_0198,3175,1,household_stocker
u_0198,1100,1,household_stocker
u_0198,2646,1,household_stocker
u_0198,2837,1,household_stocker
u_0198,2957,1,household_stocker
u_0198,3026,1,household_stocker
u_0198,2906,1,household_stocker
u_0198,2807,1,household_stocker
u_0198,3044,1,household_stocker
u_0198,2022,1,household_stocker
u_0198,2941,1,household_stocker
u_0198,2448,1,household_stocker
u_0198,4419,1,household_stocker
u_0198,646,1,household_stocker
u_0198,1358,1,household_stocker
u_0198,796,1,household_stocker
u_0198,2463,1,household_stocker
u_0198,955,1,household_stocker
u_0198,2786,1,household_stocker
u_0198,170,1,household_stocker
u_0198,2869,1,household_stocker
u_0198,2847,1,household_stocker
u_0198,2790,1,household_stocker
u_0198,696,1,household_stocker
u_0198,2536,1,household_stocker
u_0198,968,1,household_stocker
u_0198,2601,1,household_stocker
u_0198,2828,1,household_stocker
u_0198,685,1,household_stocker
u_0198,1032,1,household_stocker
u_0198,3203,1,household_stocker
u_0198,2780,1,household_stocker
u_0198,1877,1,household_stocker
u_0198,4357,1,household_stocker
u_0198,2929,1,household_stocker
u_0198,1177,1,household_stocker
u_0199,68,1,breakfast_shopper
u_0199,2707,1,breakfast_shopper
u_0199,2315,1,breakfast_shopper
u_0199,2519,1,breakfast_shopper
u_0199,4477,1,breakfast_shopper
u_0199,4543,1,breakfast_shopper
u_0199,2677,1,breakfast_shopper
u_0199,124,1,breakfast_shopper
u_0199,1044,1,breakfast_shopper
u_0199,4568,1,breakfast_shopper
u_0199,354,1,breakfast_shopper
u_0199,391,1,breakfast_shopper
u_0199,4389,1,breakfast_shopper
u_0199,4434,1,breakfast_shopper
u_0199,543,1,breakfast_shopper
u_0199,408,1,breakfast_shopper
u_0199,67,1,breakfast_shopper
u_0199,164,1,breakfast_shopper
u_0199,367,1,breakfast_shopper
u_0199,2385,1,breakfast_shopper
u_0199,2945,1,breakfast_shopper
u_0199,2633,1,breakfast_shopper
u_0199,826,1,breakfast_shopper
u_0199,329,1,breakfast_shopper
u_0199,541,1,breakfast_shopper
u_0199,2642,1,breakfast_shopper
u_0200,37,1,snack_lover
u_0200,2823,1,snack_lover
u_0200,3628,1,snack_lover
u_0200,3425,1,snack_lover
u_0200,4331,1,snack_lover
u_0200,3850,1,snack_lover
u_0200,3433,1,snack_lover
u_0200,3558,1,snack_lover
u_0200,4165,1,snack_lover
u_0200,3599,1,snack_lover
u_0200,1241,1,snack_lover
u_0200,3452,1,snack_lover
u_0200,3287,1,snack_lover
u_0200,3518,1,snack_lover
u_0200,3471,1,snack_lover
u_0200,2818,1,snack_lover
u_0200,3249,1,snack_lover
u_0200,3280,1,snack_lover
u_0200,3602,1,snack_lover
u_0200,3610,1,snack_lover
u_0200,2351,1,snack_lover
u_0200,3619,2,snack_lover
u_0200,4868,1,snack_lover
u_0200,4052,1,snack_lover
u_0200,3312,1,snack_lover
u_0200,4390,1,snack_lover
u_0200,4067,1,snack_lover
u_0200,3714,1,snack_lover
u_0200,4126,1,snack_lover
u_0200,3499,1,snack_lover
u_0200,3694,1,snack_lover
u_0201,2647,1,veg_cook
u_0201,43,1,veg_cook
u_0201,2306,1,veg_cook
u_0201,1417,1,veg_cook
u_0201,2450,1,veg_cook
u_0201,1205,1,veg_cook
u_0201,1514,1,veg_cook
u_0201,1341,1,veg_cook
u_0201,2578,1,veg_cook
u_0201,692,1,veg_cook
u_0201,2451,1,veg_cook
u_0201,2757,1,veg_cook
u_0201,2711,1,veg_cook
u_0201,498,1,veg_cook
u_0201,768,1,veg_cook
u_0201,2440,1,veg_cook
u_0201,536,1,veg_cook
u_0201,3064,1,veg_cook
u_0201,2635,1,veg_cook
u_0201,2502,1,veg_cook
u_0201,2260,1,veg_cook
u_0201,51,1,veg_cook
u_0201,2506,1,veg_cook
u_0201,173,1,veg_cook
u_0201,880,1,veg_cook
u_0201,1490,1,veg_cook
u_0201,717,1,veg_cook
u_0201,969,1,veg_cook
u_0201,2188,1,veg_cook
u_0201,1792,1,veg_cook
u_0201,1279,1,veg_cook
u_0201,658,2,veg_cook
u_0201,793,1,veg_cook
u_0201,1325,1,veg_cook
u_0201,804,1,veg_cook
u_0201,819,1,veg_cook
u_0202,2660,1,veg_cook
u_0202,998,1,veg_cook
u_0202,469,1,veg_cook
u_0202,1404,1,veg_cook
u_0202,1222,1,veg_cook
u_0202,1908,1,veg_cook
u_0202,1049,1,veg_cook
u_0202,842,1,veg_cook
u_0202,1886,1,veg_cook
u_0202,2438,1,veg_cook
u_0202,797,1,veg_cook
u_0202,749,1,veg_cook
u_0202,500,1,veg_cook
u_0202,1171,1,veg_cook
u_0202,722,1,veg_cook
u_0202,812,1,veg_cook
u_0202,515,1,veg_cook
u_0202,496,1,veg_cook
u_0202,1974,1,veg_cook
u_0202,1459,1,veg_cook
u_0202,1468,1,veg_cook
u_0202,1907,1,veg_cook
u_0202,2681,1,veg_cook
u_0202,507,1,veg_cook
u_0202,647,1,veg_cook
u_0202,2552,1,veg_cook
u_0202,940,1,veg_cook
u_0202,3101,1,veg_cook
u_0203,3280,1,snack_lover
u_0203,1680,1,snack_lover
u_0203,3315,1,snack_lover
u_0203,1005,1,snack_lover
u_0203,3897,1,snack_lover
u_0203,3991,1,snack_lover
u_0203,4080,1,snack_lover
u_0203,4581,1,snack_lover
u_0203,4010,1,snack_lover
u_0203,2892,1,snack_lover
u_0203,4351,1,snack_lover
u_0203,4535,1,snack_lover
u_0203,4128,1,snack_lover
u_0203,4337,1,snack_lover
u_0203,3586,1,snack_lover
u_0203,557,1,snack_lover
u_0203,4120,1,snack_lover
u_0203,3473,1,snack_lover
u_0203,2838,1,snack_lover
u_0203,4139,1,snack_lover
u_0203,3293,1,snack_lover
u_0203,3820,1,snack_lover
u_0203,3522,1,snack_lover
u_0203,3528,1,snack_lover
u_0203,3329,1,snack_lover
u_0204,4046,1,household_stocker
u_0204,2540,1,household_stocker
u_0204,3042,1,household_stocker
u_0204,2531,1,household_stocker
u_0204,1014,1,household_stocker
u_0204,1022,1,household_stocker
u_0204,2591,1,household_stocker
u_0204,2934,1,household_stocker
u_0204,2932,1,household_stocker
u_0204,2654,1,household_stocker
u_0204,2831,1,household_stocker
u_0204,2597,1,household_stocker
u_0204,2826,1,household_stocker
u_0204,3065,1,household_stocker
u_0204,1528,1,household_stocker
u_0204,2925,1,household_stocker
u_0204,2812,1,household_stocker
u_0204,2739,1,household_stocker
u_0204,2786,1,household_stocker
u_0204,3132,1,household_stocker
u_0204,613,1,household_stocker
u_0204,442,1,household_stocker
u_0204,1385,1,household_stocker
u_0204,582,1,household_stocker
u_0205,303,1,household_stocker
u_0205,3204,1,household_stocker
u_0205,3058,1,household_stocker
u_0205,2385,1,household_stocker
u_0205,2030,1,household_stocker
u_0205,4653,1,household_stocker
u_0205,3118,1,household_stocker
u_0205,1440,1,household_stocker
u_0205,3169,1,household_stocker
u_0205,2716,1,household_stocker
u_0205,140,1,household_stocker
u_0205,157,1,household_stocker
u_0205,4031,1,household_stocker
u_0205,256,1,household_stocker
u_0205,3330,1,household_stocker
u_0205,2830,1,household_stocker
u_0205,2931,1,household_stocker
u_0205,3076,1,household_stocker
u_0205,2742,1,household_stocker
u_0205,2481,1,household_stocker
u_0205,3215,1,household_stocker
u_0205,744,1,household_stocker
u_0205,1750,1,household_stocker
u_0205,2880,1,household_stocker
u_0205,1993,1,household_stocker
u_0205,3132,1,household_stocker
u_0205,2486,1,household_stocker
u_0205,2644,1,household_stocker
u_0205,382,1,household_stocker
u_0205,2932,1,household_stocker
u_0205,207,1,household_stocker
u_0205,2788,1,household_stocker
u_0205,2686,1,household_stocker
u_0205,1372,1,household_stocker
u_0205,3025,1,household_stocker
u_0205,2368,1,household_stocker
u_0205,2822,1,household_stocker
u_0205,2304,1,household_stocker
u_0205,4870,1,household_stocker
u_0205,2989,1,household_stocker
u_0205,2871,1,household_stocker
u_0205,1264,1,household_stocker
u_0205,662,1,household_stocker
u_0205,3114,1,household_stocker
u_0205,2472,1,household_stocker
u_0205,3039,1,household_stocker
u_0205,2798,1,household_stocker
u_0206,804,1,festival_shopper
u_0206,166,1,festival_shopper
u_0206,1548,1,festival_shopper
u_0206,1264,1,festival_shopper
u_0206,1278,1,festival_shopper
u_0206,2638,1,festival_shopper
u_0206,1720,1,festival_shopper
u_0206,2649,1,festival_shopper
u_0206,61,1,festival_shopper
u_0206,2657,1,festival_shopper
u_0206,393,1,festival_shopper
u_0206,4000,1,festival_shopper
u_0206,2245,1,festival_shopper
u_0206,2973,1,festival_shopper
u_0206,773,1,festival_shopper
u_0206,4651,1,festival_shopper
u_0206,1710,1,festival_shopper
u_0206,73,1,festival_shopper
u_0206,947,1,festival_shopper
u_0206,661,1,festival_shopper
u_0206,1526,1,festival_shopper
u_0206,513,1,festival_shopper
u_0206,441,1,festival_shopper
u_0206,2833,1,festival_shopper
u_0206,1618,1,festival_shopper
u_0206,2532,1,festival_shopper
u_0206,1659,1,festival_shopper
u_0206,506,1,festival_shopper
u_0206,1054,1,festival_shopper
u_0206,687,1,festival_shopper
u_0206,63,1,festival_shopper
u_0206,1707,1,festival_shopper
u_0206,3078,1,festival_shopper
u_0206,1533,1,festival_shopper
u_0206,356,1,festival_shopper
u_0206,1808,1,festival_shopper
u_0206,2811,1,festival_shopper
u_0206,2351,1,festival_shopper
u_0206,2780,1,festival_shopper
u_0206,843,1,festival_shopper
u_0206,1148,1,festival_shopper
u_0206,2895,1,festival_shopper
u_0206,68,1,festival_shopper
u_0206,1024,1,festival_shopper
u_0207,2172,1,gourmet
u_0207,2089,1,gourmet
u_0207,242,1,gourmet
u_0207,1276,1,gourmet
u_0207,3431,1,gourmet
u_0207,2648,1,gourmet
u_0207,3593,1,gourmet
u_0207,2668,1,gourmet
u_0207,3655,1,gourmet
u_0207,901,1,gourmet
u_0207,1890,1,gourmet
u_0207,1769,1,gourmet
u_0207,3664,1,gourmet
u_0207,785,1,gourmet
u_0207,3127,1,gourmet
u_0207,2182,1,gourmet
u_0207,2524,1,gourmet
u_0207,2073,1,gourmet
u_0207,164,1,gourmet
u_0207,2163,1,gourmet
u_0207,2825,1,gourmet
u_0207,681,1,gourmet
u_0207,2169,1,gourmet
u_0207,1287,1,gourmet
u_0207,2274,1,gourmet
u_0207,467,1,gourmet
u_0207,2621,1,gourmet
u_0207,918,1,gourmet
u_0207,2997,1,gourmet
u_0207,1755,1,gourmet
u_0207,2159,1,gourmet
u_0207,182,1,gourmet
u_0207,2018,1,gourmet
u_0207,2452,1,gourmet
u_0208,273,1,breakfast_shopper
u_0208,3272,1,breakfast_shopper
u_0208,595,1,breakfast_shopper
u_0208,4611,1,breakfast_shopper
u_0208,2643,1,breakfast_shopper
u_0208,2395,1,breakfast_shopper
u_0208,4546,1,breakfast_shopper
u_0208,2753,1,breakfast_shopper
u_0208,2573,1,breakfast_shopper
u_0208,3221,1,breakfast_shopper
u_0208,4153,1,breakfast_shopper
u_0208,2308,1,breakfast_shopper
u_0208,1611,1,breakfast_shopper
u_0208,2587,1,breakfast_shopper
u_0208,1917,1,breakfast_shopper
u_0208,2366,1,breakfast_shopper
u_0208,2669,1,breakfast_shopper
u_0208,116,1,breakfast_shopper
u_0208,602,1,breakfast_shopper
u_0208,389,1,breakfast_shopper
u_0208,2637,1,breakfast_shopper
u_0208,4561,1,breakfast_shopper
u_0208,4408,1,breakfast_shopper
u_0208,4444,1,breakfast_shopper
u_0208,2304,1,breakfast_shopper
u_0208,2706,1,breakfast_shopper
u_0208,2323,1,breakfast_shopper
u_0208,4185,1,breakfast_shopper
u_0208,2582,1,breakfast_shopper
u_0208,2516,1,breakfast_shopper
u_0208,4242,1,breakfast_shopper
u_0208,778,1,breakfast_shopper
u_0208,3454,1,breakfast_shopper
u_0209,3024,1,snack_lover
u_0209,2810,1,snack_lover
u_0209,2605,1,snack_lover
u_0209,3918,1,snack_lover
u_0209,3284,1,snack_lover
u_0209,3227,1,snack_lover
u_0209,3338,1,snack_lover
u_0209,4447,1,snack_lover
u_0209,4465,1,snack_lover
u_0209,1574,1,snack_lover
u_0209,3798,1,snack_lover
u_0209,3529,1,snack_lover
u_0209,3235,1,snack_lover
u_0209,3625,1,snack_lover
u_0209,540,1,snack_lover
u_0209,3953,1,snack_lover
u_0209,3250,1,snack_lover
u_0209,3444,1,snack_lover
u_0209,3030,1,snack_lover
u_0209,3725,1,snack_lover
u_0209,4080,1,snack_lover
u_0209,4261,1,snack_lover
u_0209,3467,1,snack_lover
u_0209,3174,1,snack_lover
u_0209,3451,1,snack_lover
u_0209,3933,1,snack_lover
u_0209,2770,1,snack_lover
u_0209,1729,1,snack_lover
u_0209,3320,1,snack_lover
u_0209,3844,1,snack_lover
u_0209,3555,1,snack_lover
u_0209,4236,1,snack_lover
u_0209,4327,1,snack_lover
u_0209,3301,1,snack_lover
u_0209,4055,1,snack_lover
u_0209,4213,1,snack_lover
u_0209,3335,1,snack_lover
u_0209,3877,1,snack_lover
u_0209,4029,1,snack_lover
u_0209,3697,1,snack_lover
u_0210,4101,1,snack_lover
u_0210,3291,1,snack_lover
u_0210,460,1,snack_lover
u_0210,3572,1,snack_lover
u_0210,3101,1,snack_lover
u_0210,4251,1,snack_lover
u_0210,3277,1,snack_lover
u_0210,3637,1,snack_lover
u_0210,3469,1,snack_lover
u_0210,3321,1,snack_lover
u_0210,4244,1,snack_lover
u_0210,3609,1,snack_lover
u_0210,4104,1,snack_lover
u_0210,1215,1,snack_lover
u_0210,1850,1,snack_lover
u_0210,4494,1,snack_lover
u_0210,2808,1,snack_lover
u_0210,3068,1,snack_lover
u_0210,2942,1,snack_lover
u_0210,3293,1,snack_lover
u_0210,3258,1,snack_lover
u_0210,3973,1,snack_lover
u_0210,3362,1,snack_lover
u_0210,3538,1,snack_lover
u_0210,4287,1,snack_lover
u_0210,3948,1,snack_lover
u_0210,39,1,snack_lover
u_0210,2849,1,snack_lover
u_0210,2998,1,snack_lover
u_0210,3917,1,snack_lover
u_0210,3397,1,snack_lover
u_0210,4949,1,snack_lover
u_0210,4534,1,snack_lover
u_0210,4174,1,snack_lover
u_0210,3570,1,snack_lover
u_0210,3867,1,snack_lover
u_0210,2761,1,snack_lover
u_0210,4018,1,snack_lover
u_0210,3299,1,snack_lover
u_0210,2798,1,snack_lover
u_0211,3420,1,snack_lover
u_0211,3223,1,snack_lover
u_0211,3754,1,snack_lover
u_0211,3641,1,snack_lover
u_0211,3768,1,snack_lover
u_0211,3707,1,snack_lover
u_0211,2520,1,snack_lover
u_0211,3344,1,snack_lover
u_0211,2782,1,snack_lover
u_0211,4444,1,snack_lover
u_0211,3336,1,snack_lover
u_0211,3662,1,snack_lover
u_0211,4136,1,snack_lover
u_0211,3516,1,snack_lover
u_0211,2773,1,snack_lover
u_0211,3386,1,snack_lover
u_0211,4063,1,snack_lover
u_0211,2751,1,snack_lover
u_0211,3667,1,snack_lover
u_0211,4116,1,snack_lover
u_0211,3426,1,snack_lover
u_0211,2940,1,snack_lover
u_0211,3533,1,snack_lover
u_0211,4629,1,snack_lover
u_0211,3521,1,snack_lover
u_0211,4097,1,snack_lover
u_0211,3940,1,snack_lover
u_0212,3288,1,snack_lover
u_0212,3339,1,snack_lover
u_0212,1072,1,snack_lover
u_0212,3408,1,snack_lover
u_0212,3604,1,snack_lover
u_0212,4043,1,snack_lover
u_0212,3191,1,snack_lover
u_0212,4562,1,snack_lover
u_0212,2906,1,snack_lover
u_0212,3726,1,snack_lover
u_0212,3038,1,snack_lover
u_0212,3252,1,snack_lover
u_0212,3366,1,snack_lover
u_0212,3531,1,snack_lover
u_0212,1356,1,snack_lover
u_0212,3562,1,snack_lover
u_0212,776,1,snack_lover
u_0212,4131,1,snack_lover
u_0212,3084,1,snack_lover
u_0212,4199,1,snack_lover
u_0212,3961,1,snack_lover
u_0212,2920,1,snack_lover
u_0212,3327,1,snack_lover
u_0212,2195,1,snack_lover
u_0212,4042,1,snack_lover
u_0212,2220,1,snack_lover
u_0212,3371,1,snack_lover
u_0212,3711,1,snack_lover
u_0212,4057,1,snack_lover
u_0212,3549,1,snack_lover
u_0212,3311,1,snack_lover
u_0212,4271,1,snack_lover
u_0212,3415,1,snack_lover
u_0212,1806,1,snack_lover
u_0212,3550,1,snack_lover
u_0212,3193,1,snack_lover
u_0212,3461,1,snack_lover
u_0213,2241,1,gourmet
u_0213,2255,1,gourmet
u_0213,917,1,gourmet
u_0213,2466,1,gourmet
u_0213,2594,1,gourmet
u_0213,2640,1,gourmet
u_0213,934,1,gourmet
u_0213,2738,1,gourmet
u_0213,2260,2,gourmet
u_0213,2023,1,gourmet
u_0213,5022,1,gourmet
u_0213,4848,1,gourmet
u_0213,2070,1,gourmet
u_0213,1233,1,gourmet
u_0213,1935,1,gourmet
u_0213,1850,1,gourmet
u_0213,788,1,gourmet
u_0213,2242,1,gourmet
u_0213,2074,1,gourmet
u_0213,2737,1,gourmet
u_0213,2672,1,gourmet
u_0213,1055,1,gourmet
u_0213,828,1,gourmet
u_0213,3495,1,gourmet
u_0213,241,1,gourmet
u_0213,841,1,gourmet
u_0213,2072,1,gourmet
u_0213,1993,1,gourmet
u_0213,2026,1,gourmet
u_0213,1774,1,gourmet
u_0213,936,1,gourmet
u_0213,3926,1,gourmet
u_0213,4968,1,gourmet
u_0213,146,1,gourmet
u_0213,191,1,gourmet
u_0213,1778,1,gourmet
u_0213,3088,1,gourmet
u_0213,80,1,gourmet
u_0213,4620,1,gourmet
u_0213,2278,1,gourmet
u_0213,4993,1,gourmet
u_0213,480,1,gourmet
u_0213,2038,1,gourmet
u_0213,2090,1,gourmet
u_0213,4945,1,gourmet
u_0213,2591,1,gourmet
u_0214,3088,1,household_stocker
u_0214,533,1,household_stocker
u_0214,2620,1,household_stocker
u_0214,2235,1,household_stocker
u_0214,3218,1,household_stocker
u_0214,2661,2,household_stocker
u_0214,2653,1,household_stocker
u_0214,2529,1,household_stocker
u_0214,3207,1,household_stocker
u_0214,1514,1,household_stocker
u_0214,2545,1,household_stocker
u_0214,797,1,household_stocker
u_0214,4133,1,household_stocker
u_0214,2917,1,household_stocker
u_0214,2595,1,household_stocker
u_0214,949,1,household_stocker
u_0214,2993,1,household_stocker
u_0214,2425,1,household_stocker
u_0214,4719,1,household_stocker
u_0214,2711,1,household_stocker
u_0214,2687,1,household_stocker
u_0214,2442,1,household_stocker
u_0214,2630,1,household_stocker
u_0214,1972,1,household_stocker
u_0214,2232,1,household_stocker
u_0214,2765,1,household_stocker
u_0214,2982,1,household_stocker
u_0214,2550,2,household_stocker
u_0214,500,1,household_stocker
u_0214,1660,1,household_stocker
u_0214,434,1,household_stocker
u_0214,4182,1,household_stocker
u_0214,2182,1,household_stocker
u_0214,3930,1,household_stocker
u_0214,155,1,household_stocker
u_0214,3203,1,household_stocker
u_0214,846,1,household_stocker
u_0214,4873,1,household_stocker
u_0214,2024,1,household_stocker
u_0214,2746,1,household_stocker
u_0214,3054,1,household_stocker
u_0214,634,1,household_stocker
u_0214,2771,1,household_stocker
u_0215,1959,1,gourmet
u_0215,1806,1,gourmet
u_0215,2692,1,gourmet
u_0215,947,1,gourmet
u_0215,3044,1,gourmet
u_0215,2055,1,gourmet
u_0215,2136,1,gourmet
u_0215,3169,1,gourmet
u_0215,162,1,gourmet
u_0215,909,1,gourmet
u_0215,1145,1,gourmet
u_0215,1864,1,gourmet
u_0215,1194,1,gourmet
u_0215,1339,1,gourmet
u_0215,1394,1,gourmet
u_0215,1903,1,gourmet
u_0215,457,1,gourmet
u_0215,1693,1,gourmet
u_0215,3219,1,gourmet
u_0215,1320,1,gourmet
u_0215,297,1,gourmet
u_0215,243,1,gourmet
u_0215,2778,1,gourmet
u_0215,249,1,gourmet
u_0215,11,1,gourmet
u_0215,2112,1,gourmet
u_0215,1842,1,gourmet
u_0215,1941,1,gourmet
u_0215,2159,1,gourmet
u_0215,2000,1,gourmet
u_0215,1361,1,gourmet
u_0215,879,1,gourmet
u_0215,3579,1,gourmet
u_0215,1751,1,gourmet
u_0215,1781,1,gourmet
u_0215,2904,1,gourmet
u_0215,904,1,gourmet
u_0215,555,1,gourmet
u_0215,2915,1,gourmet
u_0215,2122,1,gourmet
u_0215,2274,1,gourmet
u_0215,1983,1,gourmet
u_0215,4899,1,gourmet
u_0215,2682,1,gourmet
u_0215,117,1,gourmet
u_0215,1928,1,gourmet
u_0216,1881,1,household_stocker
u_0216,1914,1,household_stocker
u_0216,3018,1,household_stocker
u_0216,2235,1,household_stocker
u_0216,309,1,household_stocker
u_0216,3732,1,household_stocker
u_0216,1057,1,household_stocker
u_0216,1111,1,household_stocker
u_0216,2731,1,household_stocker
u_0216,2043,1,household_stocker
u_0216,2784,1,household_stocker
u_0216,4896,1,household_stocker
u_0216,844,1,household_stocker
u_0216,800,1,household_stocker
u_0216,2741,1,household_stocker
u_0216,2446,1,household_stocker
u_0216,3616,1,household_stocker
u_0216,74,1,household_stocker
u_0216,1718,1,household_stocker
u_0216,774,1,household_stocker
u_0216,2344,1,household_stocker
u_0216,3210,1,household_stocker
u_0216,407,1,household_stocker
u_0216,2810,1,household_stocker
u_0216,2831,1,household_stocker
u_0216,47,2,household_stocker
u_0216,1857,1,household_stocker
u_0216,1100,1,household_stocker
u_0216,3169,1,household_stocker
u_0216,872,1,household_stocker
u_0216,2598,1,household_stocker
u_0216,721,1,household_stocker
u_0216,215,1,household_stocker
u_0216,681,1,household_stocker
u_0216,4818,1,household_stocker
u_0216,522,1,household_stocker
u_0217,1656,1,fruit_lover
u_0217,315,1,fruit_lover
u_0217,180,1,fruit_lover
u_0217,165,1,fruit_lover
u_0217,4944,1,fruit_lover
u_0217,570,1,fruit_lover
u_0217,210,2,fruit_lover
u_0217,2497,1,fruit_lover
u_0217,2588,1,fruit_lover
u_0217,1911,1,fruit_lover
u_0217,102,1,fruit_lover
u_0217,657,1,fruit_lover
u_0217,4616,1,fruit_lover
u_0217,522,1,fruit_lover
u_0217,95,1,fruit_lover
u_0217,140,1,fruit_lover
u_0217,455,1,fruit_lover
u_0217,4298,1,fruit_lover
u_0217,1090,1,fruit_lover
u_0217,4809,1,fruit_lover
u_0217,630,1,fruit_lover
u_0217,276,1,fruit_lover
u_0217,406,1,fruit_lover
u_0217,2467,1,fruit_lover
u_0217,306,1,fruit_lover
u_0217,628,1,fruit_lover
u_0217,3299,1,fruit_lover
u_0217,2243,1,fruit_lover
u_0217,18,1,fruit_lover
u_0217,1179,1,fruit_lover
u_0217,2451,1,fruit_lover
u_0217,2287,1,fruit_lover
u_0217,2434,1,fruit_lover
u_0217,1,1,fruit_lover
u_0217,3654,1,fruit_lover
u_0217,3620,1,fruit_lover
u_0217,3053,1,fruit_lover
u_0217,581,1,fruit_lover
u_0217,3701,1,fruit_lover
u_0217,152,1,fruit_lover
u_0217,263,1,fruit_lover
u_0218,688,1,snack_lover
u_0218,1363,1,snack_lover
u_0218,4575,1,snack_lover
u_0218,3959,1,snack_lover
u_0218,3632,1,snack_lover
u_0218,869,1,snack_lover
u_0218,4076,1,snack_lover
u_0218,4568,1,snack_lover
u_0218,3059,1,snack_lover
u_0218,4496,1,snack_lover
u_0218,3507,1,snack_lover
u_0218,4545,1,snack_lover
u_0218,2343,1,snack_lover
u_0218,4468,1,snack_lover
u_0218,4289,1,snack_lover
u_0218,4389,1,snack_lover
u_0218,3339,1,snack_lover
u_0218,1477,1,snack_lover
u_0218,2909,1,snack_lover
u_0218,3003,1,snack_lover
u_0218,2956,1,snack_lover
u_0218,4926,1,snack_lover
u_0218,3384,1,snack_lover
u_0218,3546,1,snack_lover
u_0218,4320,1,snack_lover
u_0218,3902,1,snack_lover
u_0218,3600,1,snack_lover
u_0218,3448,2,snack_lover
u_0218,2850,1,snack_lover
u_0218,3933,1,snack_lover
u_0218,3365,1,snack_lover
u_0218,2353,1,snack_lover
u_0218,5012,1,snack_lover
u_0218,4029,1,snack_lover
u_0218,2975,1,snack_lover
u_0218,3666,1,snack_lover
u_0218,4090,1,snack_lover
u_0218,3564,1,snack_lover
u_0218,3633,1,snack_lover
u_0218,3212,1,snack_lover
u_0218,3231,1,snack_lover
u_0219,785,1,household_stocker
u_0219,4066,1,household_stocker
u_0219,3045,1,household_stocker
u_0219,2660,1,household_stocker
u_0219,2379,1,household_stocker
u_0219,2039,1,household_stocker
u_0219,3003,1,household_stocker
u_0219,2959,1,household_stocker
u_0219,6,1,household_stocker
u_0219,749,1,household_stocker
u_0219,3820,1,household_stocker
u_0219,1548,1,household_stocker
u_0219,1408,1,household_stocker
u_0219,1065,1,household_stocker
u_0219,2085,1,household_stocker
u_0219,1721,1,household_stocker
u_0219,48,1,household_stocker
u_0219,1271,1,household_stocker
u_0219,2633,1,household_stocker
u_0219,2694,1,household_stocker
u_0219,2938,1,household_stocker
u_0219,3011,1,household_stocker
u_0219,408,1,household_stocker
u_0219,4943,1,household_stocker
u_0219,539,1,household_stocker
u_0219,1248,1,household_stocker
u_0219,2338,1,household_stocker
u_0219,4861,1,household_stocker
u_0219,2728,1,household_stocker
u_0220,2409,1,household_stocker
u_0220,1043,1,household_stocker
u_0220,3151,1,household_stocker
u_0220,615,1,household_stocker
u_0220,2329,1,household_stocker
u_0220,1197,1,household_stocker
u_0220,316,1,household_stocker
u_0220,4955,1,household_stocker
u_0220,2818,1,household_stocker
u_0220,2650,1,household_stocker
u_0220,400,1,household_stocker
u_0220,41,1,household_stocker
u_0220,329,1,household_stocker
u_0220,2455,1,household_stocker
u_0220,2799,1,household_stocker
u_0220,2490,1,household_stocker
u_0220,3027,1,household_stocker
u_0220,221,1,household_stocker
u_0220,3209,1,household_stocker
u_0220,3169,1,household_stocker
u_0220,40,1,household_stocker
u_0220,2552,1,household_stocker
u_0220,2888,1,household_stocker
u_0220,2666,1,household_stocker
u_0220,747,1,household_stocker
u_0220,3198,1,household_stocker
u_0220,2180,1,household_stocker
u_0220,2465,1,household_stocker
u_0221,309,1,fruit_lover
u_0221,2235,1,fruit_lover
u_0221,2067,1,fruit_lover
u_0221,70,1,fruit_lover
u_0221,2193,1,fruit_lover
u_0221,273,1,fruit_lover
u_0221,413,1,fruit_lover
u_0221,79,1,fruit_lover
u_0221,304,1,fruit_lover
u_0221,3207,1,fruit_lover
u_0221,1227,1,fruit_lover
u_0221,1323,1,fruit_lover
u_0221,177,1,fruit_lover
u_0221,567,1,fruit_lover
u_0221,1987,1,fruit_lover
u_0221,263,1,fruit_lover
u_0221,14,1,fruit_lover
u_0221,570,1,fruit_lover
u_0221,2937,1,fruit_lover
u_0221,1445,1,fruit_lover
u_0221,3115,1,fruit_lover
u_0221,339,1,fruit_lover
u_0221,146,1,fruit_lover
u_0221,1980,1,fruit_lover
u_0221,2214,1,fruit_lover
u_0221,2844,1,fruit_lover
u_0221,2893,1,fruit_lover
u_0221,809,1,fruit_lover
u_0221,941,1,fruit_lover
u_0221,655,1,fruit_lover
u_0221,1115,1,fruit_lover
u_0221,1850,1,fruit_lover
u_0221,3204,1,fruit_lover
u_0221,1725,1,fruit_lover
u_0222,3679,1,snack_lover
u_0222,3139,1,snack_lover
u_0222,4309,1,snack_lover
u_0222,4737,1,snack_lover
u_0222,3832,1,snack_lover
u_0222,2732,1,snack_lover
u_0222,4587,1,snack_lover
u_0222,3209,1,snack_lover
u_0222,3656,1,snack_lover
u_0222,3572,1,snack_lover
u_0222,3072,1,snack_lover
u_0222,3602,1,snack_lover
u_0222,3389,1,snack_lover
u_0222,4380,1,snack_lover
u_0222,3227,1,snack_lover
u_0222,1146,1,snack_lover
u_0222,3273,2,snack_lover
u_0222,3257,1,snack_lover
u_0222,3547,1,snack_lover
u_0222,3252,1,snack_lover
u_0222,4457,1,snack_lover
u_0222,3987,1,snack_lover
u_0222,2319,1,snack_lover
u_0222,555,1,snack_lover
u_0222,1031,1,snack_lover
u_0222,2942,1,snack_lover
u_0222,3617,1,snack_lover
u_0222,3521,1,snack_lover
u_0222,3194,1,snack_lover
u_0222,3399,1,snack_lover
u_0222,1408,1,snack_lover
u_0222,4435,1,snack_lover
u_0222,3584,1,snack_lover
u_0222,3687,1,snack_lover
u_0222,4356,1,snack_lover
u_0222,3773,1,snack_lover
u_0222,4039,1,snack_lover
u_0223,704,1,veg_cook
u_0223,1946,1,veg_cook
u_0223,2691,1,veg_cook
u_0223,1189,1,veg_cook
u_0223,1087,1,veg_cook
u_0223,1647,1,veg_cook
u_0223,760,1,veg_cook
u_0223,1153,1,veg_cook
u_0223,385,1,veg_cook
u_0223,1982,1,veg_cook
u_0223,2877,1,veg_cook
u_0223,1061,1,veg_cook
u_0223,471,1,veg_cook
u_0223,2572,1,veg_cook
u_0223,4101,2,veg_cook
u_0223,1557,1,veg_cook
u_0223,5015,1,veg_cook
u_0223,525,1,veg_cook
u_0223,649,1,veg_cook
u_0223,2603,1,veg_cook
u_0223,1758,1,veg_cook
u_0223,4242,1,veg_cook
u_0223,703,1,veg_cook
u_0223,1089,1,veg_cook
u_0223,563,1,veg_cook
u_0223,2815,1,veg_cook
u_0223,1974,1,veg_cook
u_0223,2411,1,veg_cook
u_0223,738,1,veg_cook
u_0223,2497,1,veg_cook
u_0223,1206,1,veg_cook
u_0223,3246,1,veg_cook
u_0223,854,1,veg_cook
u_0223,804,1,veg_cook
u_0223,2429,1,veg_cook
u_0223,1169,1,veg_cook
u_0223,1208,1,veg_cook
u_0223,561,1,veg_cook
u_0223,515,1,veg_cook
u_0223,1094,1,veg_cook
u_0224,2452,1,festival_shopper
u_0224,1530,1,festival_shopper
u_0224,1204,1,festival_shopper
u_0224,2350,1,festival_shopper
u_0224,1686,1,festival_shopper
u_0224,1801,1,festival_shopper
u_0224,1119,1,festival_shopper
u_0224,87,1,festival_shopper
u_0224,163,1,festival_shopper
u_0224,2366,1,festival_shopper
u_0224,1770,1,festival_shopper
u_0224,1543,1,festival_shopper
u_0224,650,1,festival_shopper
u_0224,259,1,festival_shopper
u_0224,1753,1,festival_shopper
u_0224,739,1,festival_shopper
u_0224,1587,1,festival_shopper
u_0224,972,1,festival_shopper
u_0224,1504,1,festival_shopper
u_0224,987,1,festival_shopper
u_0224,644,1,festival_shopper
u_0224,176,1,festival_shopper
u_0224,541,1,festival_shopper
u_0224,320,1,festival_shopper
u_0224,2606,1,festival_shopper
u_0224,1279,1,festival_shopper
u_0224,628,1,festival_shopper
u_0224,2794,1,festival_shopper
u_0224,455,1,festival_shopper
u_0224,2639,1,festival_shopper
u_0224,0,1,festival_shopper
u_0224,127,1,festival_shopper
u_0224,1776,1,festival_shopper
u_0224,1501,1,festival_shopper
u_0224,371,1,festival_shopper
u_0224,1548,1,festival_shopper
u_0225,857,1,veg_cook
u_0225,1945,1,veg_cook
u_0225,1943,1,veg_cook
u_0225,680,1,veg_cook
u_0225,2483,1,veg_cook
u_0225,725,1,veg_cook
u_0225,2334,1,veg_cook
u_0225,3835,1,veg_cook
u_0225,1732,1,veg_cook
u_0225,2688,1,veg_cook
u_0225,1999,1,veg_cook
u_0225,982,1,veg_cook
u_0225,658,1,veg_cook
u_0225,553,1,veg_cook
u_0225,601,1,veg_cook
u_0225,2328,1,veg_cook
u_0225,2006,1,veg_cook
u_0225,2141,1,veg_cook
u_0225,2667,1,veg_cook
u_0225,1298,1,veg_cook
u_0225,2522,1,veg_cook
u_0225,1859,1,veg_cook
u_0225,914,1,veg_cook
u_0225,153,1,veg_cook
u_0225,82,1,veg_cook
u_0225,2412,1,veg_cook
u_0225,1279,1,veg_cook
u_0225,1500,1,veg_cook
u_0225,2451,1,veg_cook
u_0225,581,1,veg_cook
u_0225,3152,1,veg_cook
u_0225,2465,1,veg_cook
u_0225,649,1,veg_cook
u_0225,2397,1,veg_cook
u_0226,1976,1,veg_cook
u_0226,3256,1,veg_cook
u_0226,513,1,veg_cook
u_0226,1279,1,veg_cook
u_0226,2719,1,veg_cook
u_0226,1428,1,veg_cook
u_0226,2510,1,veg_cook
u_0226,1891,1,veg_cook
u_0226,4013,1,veg_cook
u_0226,1052,1,veg_cook
u_0226,2704,1,veg_cook
u_0226,873,1,veg_cook
u_0226,847,1,veg_cook
u_0226,1264,1,veg_cook
u_0226,952,1,veg_cook
u_0226,4528,1,veg_cook
u_0226,1036,1,veg_cook
u_0226,1858,1,veg_cook
u_0226,2146,1,veg_cook
u_0226,994,1,veg_cook
u_0226,2748,1,veg_cook
u_0226,566,1,veg_cook
u_0226,2738,1,veg_cook
u_0226,1317,1,veg_cook
u_0226,865,2,veg_cook
u_0226,600,1,veg_cook
u_0226,4378,1,veg_cook
u_0226,1028,1,veg_cook
u_0226,3085,1,veg_cook
u_0226,3077,1,veg_cook
u_0226,2838,1,veg_cook
u_0226,1222,1,veg_cook
u_0226,2737,1,veg_cook
u_0226,2436,1,veg_cook
u_0226,4842,1,veg_cook
u_0226,113,1,veg_cook
u_0226,670,1,veg_cook
u_0226,1312,1,veg_cook
u_0226,936,1,veg_cook
u_0226,592,1,veg_cook
u_0226,364,1,veg_cook
u_0227,4457,1,breakfast_shopper
u_0227,1301,1,breakfast_shopper
u_0227,4209,1,breakfast_shopper
u_0227,4418,1,breakfast_shopper
u_0227,2596,1,breakfast_shopper
u_0227,4318,1,breakfast_shopper
u_0227,204,1,breakfast_shopper
u_0227,4257,1,breakfast_shopper
u_0227,3256,1,breakfast_shopper
u_0227,2337,1,breakfast_shopper
u_0227,4544,1,breakfast_shopper
u_0227,8,1,breakfast_shopper
u_0227,450,1,breakfast_shopper
u_0227,4196,1,breakfast_shopper
u_0227,348,1,breakfast_shopper
u_0227,4343,1,breakfast_shopper
u_0227,448,1,breakfast_shopper
u_0227,4467,1,breakfast_shopper
u_0227,235,1,breakfast_shopper
u_0227,2747,1,breakfast_shopper
u_0227,2372,1,breakfast_shopper
u_0227,4402,1,breakfast_shopper
u_0227,4429,2,breakfast_shopper
u_0227,4409,1,breakfast_shopper
u_0227,2334,1,breakfast_shopper
u_0227,2539,1,breakfast_shopper
u_0227,374,1,breakfast_shopper
u_0227,595,1,breakfast_shopper
u_0227,2270,1,breakfast_shopper
u_0227,2660,1,breakfast_shopper
u_0227,239,1,breakfast_shopper
u_0227,314,1,breakfast_shopper
u_0227,836,1,breakfast_shopper
u_0227,700,1,breakfast_shopper
u_0227,1909,1,breakfast_shopper
u_0227,4539,1,breakfast_shopper
u_0227,4224,1,breakfast_shopper
u_0227,3407,1,breakfast_shopper
u_0227,3422,1,breakfast_shopper
u_0227,4507,3,breakfast_shopper
u_0227,2320,1,breakfast_shopper
u_0227,2332,1,breakfast_shopper
u_0227,4394,1,breakfast_shopper
u_0227,4330,1,breakfast_shopper
u_0228,4014,1,gourmet
u_0228,1062,1,gourmet
u_0228,2753,1,gourmet
u_0228,541,1,gourmet
u_0228,4068,1,gourmet
u_0228,1051,1,gourmet
u_0228,1620,1,gourmet
u_0228,2339,1,gourmet
u_0228,265,1,gourmet
u_0228,444,1,gourmet
u_0228,850,1,gourmet
u_0228,2001,1,gourmet
u_0228,2554,1,gourmet
u_0228,2101,1,gourmet
u_0228,1855,1,gourmet
u_0228,4013,1,gourmet
u_0228,873,1,gourmet
u_0228,522,1,gourmet
u_0228,3061,1,gourmet
u_0228,2131,1,gourmet
u_0228,243,1,gourmet
u_0228,0,1,gourmet
u_0228,1334,1,gourmet
u_0228,2178,1,gourmet
u_0228,1988,1,gourmet
u_0228,306,1,gourmet
u_0228,1223,1,gourmet
u_0228,2063,1,gourmet
u_0229,3732,1,gourmet
u_0229,3134,1,gourmet
u_0229,2259,1,gourmet
u_0229,596,1,gourmet
u_0229,1531,1,gourmet
u_0229,1442,1,gourmet
u_0229,2432,1,gourmet
u_0229,1976,1,gourmet
u_0229,1399,1,gourmet
u_0229,2092,1,gourmet
u_0229,3735,1,gourmet
u_0229,1840,1,gourmet
u_0229,2346,1,gourmet
u_0229,1262,1,gourmet
u_0229,452,1,gourmet
u_0229,355,1,gourmet
u_0229,1918,1,gourmet
u_0229,2216,1,gourmet
u_0229,2889,1,gourmet
u_0229,2068,1,gourmet
u_0229,2083,1,gourmet
u_0229,2295,1,gourmet
u_0229,3011,1,gourmet
u_0229,2181,1,gourmet
u_0229,1105,1,gourmet
u_0229,2309,1,gourmet
u_0229,1863,1,gourmet
u_0229,2547,1,gourmet
u_0229,298,1,gourmet
u_0229,1513,1,gourmet
u_0230,2610,1,household_stocker
u_0230,197,1,household_stocker
u_0230,611,1,household_stocker
u_0230,1073,1,household_stocker
u_0230,2545,1,household_stocker
u_0230,609,1,household_stocker
u_0230,11,1,household_stocker
u_0230,4419,1,household_stocker
u_0230,3072,1,household_stocker
u_0230,2739,1,household_stocker
u_0230,4797,1,household_stocker
u_0230,3712,1,household_stocker
u_0230,1116,1,household_stocker
u_0230,2847,1,household_stocker
u_0230,2331,1,household_stocker
u_0230,2706,1,household_stocker
u_0230,2716,1,household_stocker
u_0230,2817,1,household_stocker
u_0230,3202,1,household_stocker
u_0230,1259,1,household_stocker
u_0230,1446,1,household_stocker
u_0230,2865,1,household_stocker
u_0230,419,1,household_stocker
u_0230,2495,1,household_stocker
u_0230,2675,1,household_stocker
u_0230,3048,1,household_stocker
u_0230,3151,1,household_stocker
u_0230,2949,1,household_stocker
u_0230,2737,1,household_stocker
u_0230,1597,1,household_stocker
u_0230,2410,1,household_stocker
u_0230,2843,1,household_stocker
u_0230,3061,1,household_stocker
u_0230,2897,1,household_stocker
u_0230,1514,1,household_stocker
u_0230,129,1,household_stocker
u_0231,1366,1,gourmet
u_0231,2175,1,gourmet
u_0231,2372,1,gourmet
u_0231,4825,1,gourmet
u_0231,46,1,gourmet
u_0231,526,1,gourmet
u_0231,213,1,gourmet
u_0231,3832,1,gourmet
u_0231,569,1,gourmet
u_0231,1880,2,gourmet
u_0231,697,1,gourmet
u_0231,578,1,gourmet
u_0231,4592,1,gourmet
u_0231,179,1,gourmet
u_0231,2148,1,gourmet
u_0231,787,1,gourmet
u_0231,1340,1,gourmet
u_0231,1178,1,gourmet
u_0231,4954,1,gourmet
u_0231,1128,1,gourmet
u_0231,2173,1,gourmet
u_0231,693,1,gourmet
u_0231,2683,1,gourmet
u_0231,30,1,gourmet
u_0231,2953,1,gourmet
u_0232,2305,1,veg_cook
u_0232,2539,1,veg_cook
u_0232,1320,1,veg_cook
u_0232,2751,1,veg_cook
u_0232,2486,1,veg_cook
u_0232,1091,1,veg_cook
u_0232,2288,1,veg_cook
u_0232,2296,1,veg_cook
u_0232,3176,1,veg_cook
u_0232,681,1,veg_cook
u_0232,2373,1,veg_cook
u_0232,3045,1,veg_cook
u_0232,526,1,veg_cook
u_0232,3346,1,veg_cook
u_0232,2146,1,veg_cook
u_0232,969,1,veg_cook
u_0232,1182,1,veg_cook
u_0232,976,1,veg_cook
u_0232,753,1,veg_cook
u_0232,2018,1,veg_cook
u_0232,844,1,veg_cook
u_0232,1277,1,veg_cook
u_0232,2672,1,veg_cook
u_0232,2588,1,veg_cook
u_0232,1249,1,veg_cook
u_0232,2254,1,veg_cook
u_0232,908,1,veg_cook
u_0232,1794,1,veg_cook
u_0232,2589,1,veg_cook
u_0232,1500,1,veg_cook
u_0232,2251,1,veg_cook
u_0232,1963,1,veg_cook
u_0232,920,1,veg_cook
u_0232,3243,1,veg_cook
u_0233,1855,1,fruit_lover
u_0233,2485,1,fruit_lover
u_0233,182,1,fruit_lover
u_0233,827,1,fruit_lover
u_0233,2208,1,fruit_lover
u_0233,3094,1,fruit_lover
u_0233,1913,1,fruit_lover
u_0233,220,1,fruit_lover
u_0233,329,1,fruit_lover
u_0233,289,1,fruit_lover
u_0233,1183,1,fruit_lover
u_0233,2070,1,fruit_lover
u_0233,1004,1,fruit_lover
u_0233,902,1,fruit_lover
u_0233,384,1,fruit_lover
u_0233,1613,1,fruit_lover
u_0233,3328,1,fruit_lover
u_0233,373,1,fruit_lover
u_0233,154,1,fruit_lover
u_0233,4867,1,fruit_lover
u_0233,523,1,fruit_lover
u_0233,234,1,fruit_lover
u_0233,2353,1,fruit_lover
u_0233,80,1,fruit_lover
u_0233,443,1,fruit_lover
u_0233,1719,1,fruit_lover
u_0233,570,1,fruit_lover
u_0233,269,1,fruit_lover
u_0233,1197,1,fruit_lover
u_0233,2902,1,fruit_lover
u_0233,1483,1,fruit_lover
u_0233,257,1,fruit_lover
u_0233,1854,1,fruit_lover
u_0234,3512,1,breakfast_shopper
u_0234,4328,1,breakfast_shopper
u_0234,696,1,breakfast_shopper
u_0234,4159,1,breakfast_shopper
u_0234,4508,1,breakfast_shopper
u_0234,4581,1,breakfast_shopper
u_0234,2537,1,breakfast_shopper
u_0234,2705,1,breakfast_shopper
u_0234,2417,1,breakfast_shopper
u_0234,4518,1,breakfast_shopper
u_0234,755,1,breakfast_shopper
u_0234,4444,1,breakfast_shopper
u_0234,4404,1,breakfast_shopper
u_0234,570,1,breakfast_shopper
u_0234,2572,1,breakfast_shopper
u_0234,2313,1,breakfast_shopper
u_0234,3294,1,breakfast_shopper
u_0234,1445,1,breakfast_shopper
u_0234,2567,1,breakfast_shopper
u_0234,121,1,breakfast_shopper
u_0234,4167,1,breakfast_shopper
u_0234,2577,1,breakfast_shopper
u_0234,4358,1,breakfast_shopper
u_0234,3684,1,breakfast_shopper
u_0234,2551,1,breakfast_shopper
u_0234,2656,2,breakfast_shopper
u_0234,349,1,breakfast_shopper
u_0234,4595,1,breakfast_shopper
u_0234,4307,1,breakfast_shopper
u_0234,4301,1,breakfast_shopper
u_0234,4398,1,breakfast_shopper
u_0234,397,1,breakfast_shopper
u_0234,1151,1,breakfast_shopper
u_0234,3221,1,breakfast_shopper
u_0234,4588,1,breakfast_shopper
u_0234,4485,1,breakfast_shopper
u_0234,148,1,breakfast_shopper
u_0234,3358,1,breakfast_shopper
u_0234,2366,1,breakfast_shopper
u_0234,65,1,breakfast_shopper
u_0234,451,1,breakfast_shopper
u_0234,3542,1,breakfast_shopper
u_0234,4352,1,breakfast_shopper
u_0234,4546,1,breakfast_shopper
u_0234,262,1,breakfast_shopper
u_0234,2443,1,breakfast_shopper
u_0234,4194,1,breakfast_shopper
u_0235,4023,1,snack_lover
u_0235,4280,1,snack_lover
u_0235,4211,1,snack_lover
u_0235,3679,1,snack_lover
u_0235,3876,1,snack_lover
u_0235,3939,1,snack_lover
u_0235,4059,1,snack_lover
u_0235,3834,1,snack_lover
u_0235,4025,1,snack_lover
u_0235,4119,1,snack_lover
u_0235,1157,1,snack_lover
u_0235,3985,1,snack_lover
u_0235,3749,1,snack_lover
u_0235,3226,1,snack_lover
u_0235,3228,1,snack_lover
u_0235,4271,1,snack_lover
u_0235,4560,1,snack_lover
u_0235,3544,1,snack_lover
u_0235,3803,1,snack_lover
u_0235,4337,1,snack_lover
u_0235,1776,1,snack_lover
u_0235,762,1,snack_lover
u_0235,757,1,snack_lover
u_0235,3385,1,snack_lover
u_0235,3180,1,snack_lover
u_0235,4294,1,snack_lover
u_0235,3909,1,snack_lover
u_0235,4298,1,snack_lover
u_0235,2832,1,snack_lover
u_0235,3443,1,snack_lover
u_0235,3549,1,snack_lover
u_0235,4005,1,snack_lover
u_0235,3270,1,snack_lover
u_0235,2999,1,snack_lover
u_0235,3972,1,snack_lover
u_0235,3719,1,snack_lover
u_0235,3377,1,snack_lover
u_0235,3572,1,snack_lover
u_0235,3507,1,snack_lover
u_0235,3225,1,snack_lover
u_0235,4234,1,snack_lover
u_0235,4041,1,snack_lover
u_0235,3368,1,snack_lover
u_0235,3576,1,snack_lover
u_0235,3897,1,snack_lover
u_0235,4403,1,snack_lover
u_0236,4404,1,breakfast_shopper
u_0236,4525,1,breakfast_shopper
u_0236,547,1,breakfast_shopper
u_0236,4237,1,breakfast_shopper
u_0236,4197,1,breakfast_shopper
u_0236,2472,1,breakfast_shopper
u_0236,4536,1,breakfast_shopper
u_0236,2646,1,breakfast_shopper
u_0236,3630,1,breakfast_shopper
u_0236,214,1,breakfast_shopper
u_0236,4220,1,breakfast_shopper
u_0236,3558,1,breakfast_shopper
u_0236,2716,1,breakfast_shopper
u_0236,4547,1,breakfast_shopper
u_0236,4475,1,breakfast_shopper
u_0236,4236,1,breakfast_shopper
u_0236,4320,1,breakfast_shopper
u_0236,2074,1,breakfast_shopper
u_0236,4402,2,breakfast_shopper
u_0236,3478,1,breakfast_shopper
u_0236,3584,1,breakfast_shopper
u_0236,1193,1,breakfast_shopper
u_0236,4664,1,breakfast_shopper
u_0236,2491,1,breakfast_shopper
u_0236,4334,1,breakfast_shopper
u_0236,4372,1,breakfast_shopper
u_0236,4507,1,breakfast_shopper
u_0236,2321,1,breakfast_shopper
u_0236,2458,1,breakfast_shopper
u_0236,542,1,breakfast_shopper
u_0236,3332,1,breakfast_shopper
u_0236,2351,1,breakfast_shopper
u_0236,2466,1,breakfast_shopper
u_0236,4564,1,breakfast_shopper
u_0236,4540,1,breakfast_shopper
u_0236,4284,1,breakfast_shopper
u_0236,851,1,breakfast_shopper
u_0236,4572,1,breakfast_shopper
u_0236,4577,1,breakfast_shopper
u_0236,3489,1,breakfast_shopper
u_0236,3385,1,breakfast_shopper
u_0236,4336,1,breakfast_shopper
u_0236,2291,1,breakfast_shopper
u_0236,391,1,breakfast_shopper
u_0236,2367,1,breakfast_shopper
u_0236,3325,1,breakfast_shopper
u_0237,3575,1,gourmet
u_0237,543,1,gourmet
u_0237,3500,1,gourmet
u_0237,396,1,gourmet
u_0237,2226,1,gourmet
u_0237,1318,1,gourmet
u_0237,485,1,gourmet
u_0237,1401,1,gourmet
u_0237,2985,1,gourmet
u_0237,1891,1,gourmet
u_0237,484,1,gourmet
u_0237,714,1,gourmet
u_0237,3181,1,gourmet
u_0237,577,1,gourmet
u_0237,2262,1,gourmet
u_0237,2023,1,gourmet
u_0237,1206,1,gourmet
u_0237,2750,1,gourmet
u_0237,1848,1,gourmet
u_0237,2125,1,gourmet
u_0237,623,1,gourmet
u_0237,496,1,gourmet
u_0237,374,1,gourmet
u_0237,2100,1,gourmet
u_0237,2236,1,gourmet
u_0237,1988,1,gourmet
u_0237,770,1,gourmet
u_0237,1308,1,gourmet
u_0237,758,1,gourmet
u_0237,2208,1,gourmet
u_0237,501,1,gourmet
u_0237,851,1,gourmet
u_0237,376,1,gourmet
u_0237,129,1,gourmet
u_0237,3136,1,gourmet
u_0237,2475,1,gourmet
u_0237,871,1,gourmet
u_0237,2239,1,gourmet
u_0237,52,1,gourmet
u_0237,1847,1,gourmet
u_0238,821,1,household_stocker
u_0238,3212,1,household_stocker
u_0238,2854,1,household_stocker
u_0238,2846,1,household_stocker
u_0238,2475,1,household_stocker
u_0238,459,1,household_stocker
u_0238,1655,1,household_stocker
u_0238,2571,1,household_stocker
u_0238,2235,1,household_stocker
u_0238,913,1,household_stocker
u_0238,694,1,household_stocker
u_0238,3034,1,household_stocker
u_0238,3968,1,household_stocker
u_0238,3085,1,household_stocker
u_0238,2605,1,household_stocker
u_0238,2484,1,household_stocker
u_0238,387,1,household_stocker
u_0238,1066,1,household_stocker
u_0238,706,1,household_stocker
u_0238,3208,1,household_stocker
u_0238,2399,1,household_stocker
u_0238,2980,1,household_stocker
u_0238,3301,1,household_stocker
u_0238,2458,1,household_stocker
u_0238,3014,1,household_stocker
u_0238,4265,1,household_stocker
u_0238,1042,1,household_stocker
u_0238,3029,1,household_stocker
u_0238,3166,1,household_stocker
u_0238,2979,1,household_stocker
u_0238,307,1,household_stocker
u_0238,1547,1,household_stocker
u_0238,992,1,household_stocker
u_0238,200,1,household_stocker
u_0238,293,1,household_stocker
u_0238,2609,1,household_stocker
u_0238,47,1,household_stocker
u_0238,3073,1,household_stocker
u_0238,2879,1,household_stocker
u_0238,2830,1,household_stocker
u_0238,1715,1,household_stocker
u_0238,822,1,household_stocker
u_0238,1347,1,household_stocker
u_0239,3390,1,snack_lover
u_0239,4470,1,snack_lover
u_0239,1260,1,snack_lover
u_0239,4355,1,snack_lover
u_0239,4098,1,snack_lover
u_0239,4358,1,snack_lover
u_0239,3402,1,snack_lover
u_0239,3970,1,snack_lover
u_0239,3613,1,snack_lover
u_0239,4389,1,snack_lover
u_0239,2954,1,snack_lover
u_0239,4415,1,snack_lover
u_0239,4061,1,snack_lover
u_0239,4002,1,snack_lover
u_0239,1850,1,snack_lover
u_0239,3222,1,snack_lover
u_0239,2417,1,snack_lover
u_0239,2978,1,snack_lover
u_0239,2077,1,snack_lover
u_0239,3160,1,snack_lover
u_0239,3771,1,snack_lover
u_0239,3364,1,snack_lover
u_0239,4864,1,snack_lover
u_0239,4031,1,snack_lover
u_0239,3836,1,snack_lover
u_0239,3490,1,snack_lover
u_0239,3579,1,snack_lover
u_0239,3329,1,snack_lover
u_0239,1300,1,snack_lover
u_0239,3882,1,snack_lover
u_0239,3998,1,snack_lover
u_0239,2323,1,snack_lover
u_0239,3688,1,snack_lover
u_0239,3516,1,snack_lover
u_0240,191,1,veg_cook
u_0240,655,1,veg_cook
u_0240,840,1,veg_cook
u_0240,481,1,veg_cook
u_0240,896,1,veg_cook
u_0240,1151,1,veg_cook
u_0240,3200,1,veg_cook
u_0240,2702,1,veg_cook
u_0240,733,1,veg_cook
u_0240,755,1,veg_cook
u_0240,811,2,veg_cook
u_0240,545,1,veg_cook
u_0240,1171,1,veg_cook
u_0240,2244,1,veg_cook
u_0240,3983,1,veg_cook
u_0240,1243,1,veg_cook
u_0240,1359,1,veg_cook
u_0240,1280,1,veg_cook
u_0240,916,1,veg_cook
u_0240,321,1,veg_cook
u_0240,569,1,veg_cook
u_0240,920,1,veg_cook
u_0240,2677,1,veg_cook
u_0240,676,1,veg_cook
u_0240,510,1,veg_cook
u_0240,455,1,veg_cook
u_0240,202,1,veg_cook
u_0240,429,1,veg_cook
u_0240,466,1,veg_cook
u_0240,517,1,veg_cook
u_0240,2146,1,veg_cook
u_0240,1334,1,veg_cook
u_0240,2656,1,veg_cook
u_0240,4367,1,veg_cook
u_0240,253,1,veg_cook
u_0240,478,1,veg_cook
u_0240,2262,1,veg_cook
u_0240,1968,1,veg_cook
u_0240,899,1,veg_cook
u_0240,744,1,veg_cook
u_0240,965,1,veg_cook
u_0241,351,1,fruit_lover
u_0241,315,1,fruit_lover
u_0241,718,1,fruit_lover
u_0241,190,1,fruit_lover
u_0241,4634,1,fruit_lover
u_0241,813,1,fruit_lover
u_0241,2579,1,fruit_lover
u_0241,2654,1,fruit_lover
u_0241,109,1,fruit_lover
u_0241,1187,1,fruit_lover
u_0241,570,1,fruit_lover
u_0241,270,1,fruit_lover
u_0241,4895,1,fruit_lover
u_0241,2589,1,fruit_lover
u_0241,2721,1,fruit_lover
u_0241,317,1,fruit_lover
u_0241,920,1,fruit_lover
u_0241,329,1,fruit_lover
u_0241,2184,1,fruit_lover
u_0241,1179,1,fruit_lover
u_0241,906,1,fruit_lover
u_0241,366,1,fruit_lover
u_0241,3428,1,fruit_lover
u_0241,1928,1,fruit_lover
u_0241,1011,1,fruit_lover
u_0241,2260,1,fruit_lover
u_0241,781,1,fruit_lover
u_0241,765,1,fruit_lover
u_0241,1340,1,fruit_lover
u_0241,2013,1,fruit_lover
u_0241,3898,1,fruit_lover
u_0241,284,1,fruit_lover
u_0241,1604,1,fruit_lover
u_0241,108,1,fruit_lover
u_0241,723,1,fruit_lover
u_0241,22,1,fruit_lover
u_0242,504,1,veg_cook
u_0242,1044,1,veg_cook
u_0242,1026,1,veg_cook
u_0242,1365,1,veg_cook
u_0242,1247,1,veg_cook
u_0242,633,1,veg_cook
u_0242,2591,1,veg_cook
u_0242,703,1,veg_cook
u_0242,1069,1,veg_cook
u_0242,556,1,veg_cook
u_0242,2366,1,veg_cook
u_0242,2497,1,veg_cook
u_0242,1915,1,veg_cook
u_0242,534,1,veg_cook
u_0242,955,1,veg_cook
u_0242,2426,1,veg_cook
u_0242,1695,1,veg_cook
u_0242,1312,1,veg_cook
u_0242,2113,1,veg_cook
u_0242,829,1,veg_cook
u_0242,881,1,veg_cook
u_0242,664,1,veg_cook
u_0242,2753,1,veg_cook
u_0243,532,1,household_stocker
u_0243,1947,1,household_stocker
u_0243,1122,1,household_stocker
u_0243,2338,1,household_stocker
u_0243,2921,1,household_stocker
u_0243,2359,1,household_stocker
u_0243,2725,1,household_stocker
u_0243,2032,1,household_stocker
u_0243,1149,1,household_stocker
u_0243,3050,1,household_stocker
u_0243,2893,1,household_stocker
u_0243,3093,1,household_stocker
u_0243,3002,1,household_stocker
u_0243,571,1,household_stocker
u_0243,3146,1,household_stocker
u_0243,1145,1,household_stocker
u_0243,2788,1,household_stocker
u_0243,3061,1,household_stocker
u_0243,170,1,household_stocker
u_0243,2965,1,household_stocker
u_0243,556,1,household_stocker
u_0243,902,1,household_stocker
u_0243,2951,1,household_stocker
u_0243,2746,1,household_stocker
u_0243,856,1,household_stocker
u_0243,475,1,household_stocker
u_0243,3032,1,household_stocker
u_0243,3633,1,household_stocker
u_0243,1153,1,household_stocker
u_0243,3116,1,household_stocker
u_0243,2652,1,household_stocker
u_0244,84,1,household_stocker
u_0244,246,1,household_stocker
u_0244,2470,1,household_stocker
u_0244,302,1,household_stocker
u_0244,684,1,household_stocker
u_0244,481,1,household_stocker
u_0244,2789,1,household_stocker
u_0244,2427,1,household_stocker
u_0244,2893,1,household_stocker
u_0244,801,2,household_stocker
u_0244,1139,1,household_stocker
u_0244,188,1,household_stocker
u_0244,24,1,household_stocker
u_0244,2926,1,household_stocker
u_0244,1237,1,household_stocker
u_0244,2904,1,household_stocker
u_0244,1671,1,household_stocker
u_0244,3081,1,household_stocker
u_0244,2813,1,household_stocker
u_0244,2378,1,household_stocker
u_0244,1877,1,household_stocker
u_0244,2888,1,household_stocker
u_0244,430,1,household_stocker
u_0244,2817,1,household_stocker
u_0244,2594,1,household_stocker
u_0244,2131,1,household_stocker
u_0244,411,1,household_stocker
u_0244,3113,1,household_stocker
u_0244,2467,1,household_stocker
u_0244,1764,1,household_stocker
u_0244,2733,1,household_stocker
u_0244,121,1,household_stocker
u_0245,2260,1,fruit_lover
u_0245,2750,1,fruit_lover
u_0245,1893,1,fruit_lover
u_0245,2524,1,fruit_lover
u_0245,3150,1,fruit_lover
u_0245,2031,1,fruit_lover
u_0245,4001,1,fruit_lover
u_0245,2808,1,fruit_lover
u_0245,724,1,fruit_lover
u_0245,2528,1,fruit_lover
u_0245,596,1,fruit_lover
u_0245,821,1,fruit_lover
u_0245,1595,1,fruit_lover
u_0245,48,1,fruit_lover
u_0245,129,1,fruit_lover
u_0245,3309,1,fruit_lover
u_0245,2186,1,fruit_lover
u_0245,1333,1,fruit_lover
u_0245,4588,1,fruit_lover
u_0245,4912,1,fruit_lover
u_0245,2109,1,fruit_lover
u_0245,331,1,fruit_lover
u_0245,257,1,fruit_lover
u_0245,579,1,fruit_lover
u_0245,2499,1,fruit_lover
u_0245,211,1,fruit_lover
u_0245,282,2,fruit_lover
u_0245,7,1,fruit_lover
u_0245,1299,1,fruit_lover
u_0245,378,1,fruit_lover
u_0245,2695,1,fruit_lover
u_0245,2202,1,fruit_lover
u_0245,3153,1,fruit_lover
u_0245,2429,1,fruit_lover
u_0245,2935,1,fruit_lover
u_0245,299,2,fruit_lover
u_0245,386,1,fruit_lover
u_0245,4204,1,fruit_lover
u_0245,4572,1,fruit_lover
u_0245,1348,1,fruit_lover
u_0245,658,1,fruit_lover
u_0245,1092,1,fruit_lover
u_0246,3911,1,fruit_lover
u_0246,1719,1,fruit_lover
u_0246,742,1,fruit_lover
u_0246,74,1,fruit_lover
u_0246,1027,1,fruit_lover
u_0246,60,1,fruit_lover
u_0246,925,1,fruit_lover
u_0246,1333,1,fruit_lover
u_0246,4269,1,fruit_lover
u_0246,571,1,fruit_lover
u_0246,1699,1,fruit_lover
u_0246,987,1,fruit_lover
u_0246,141,1,fruit_lover
u_0246,193,1,fruit_lover
u_0246,1861,1,fruit_lover
u_0246,2808,1,fruit_lover
u_0246,1185,1,fruit_lover
u_0246,112,1,fruit_lover
u_0246,674,1,fruit_lover
u_0246,502,1,fruit_lover
u_0246,2674,1,fruit_lover
u_0246,924,1,fruit_lover
u_0246,3564,1,fruit_lover
u_0246,4753,1,fruit_lover
u_0246,1266,1,fruit_lover
u_0246,236,2,fruit_lover
u_0246,2337,1,fruit_lover
u_0246,202,1,fruit_lover
u_0246,4895,1,fruit_lover
u_0246,403,1,fruit_lover
u_0246,1467,1,fruit_lover
u_0246,4163,1,fruit_lover
u_0246,2263,1,fruit_lover
u_0246,189,1,fruit_lover
u_0246,1825,1,fruit_lover
u_0246,818,1,fruit_lover
u_0246,1954,1,fruit_lover
u_0246,714,1,fruit_lover
u_0246,108,1,fruit_lover
u_0247,3585,1,snack_lover
u_0247,3652,2,snack_lover
u_0247,2886,1,snack_lover
u_0247,3486,1,snack_lover
u_0247,2580,1,snack_lover
u_0247,3992,1,snack_lover
u_0247,3375,1,snack_lover
u_0247,3440,1,snack_lover
u_0247,3414,1,snack_lover
u_0247,3372,1,snack_lover
u_0247,4333,1,snack_lover
u_0247,3793,1,snack_lover
u_0247,3303,1,snack_lover
u_0247,3986,1,snack_lover
u_0247,3599,1,snack_lover
u_0247,3618,1,snack_lover
u_0247,3193,1,snack_lover
u_0247,3982,1,snack_lover
u_0247,4505,1,snack_lover
u_0247,3888,1,snack_lover
u_0247,4032,1,snack_lover
u_0247,4079,1,snack_lover
u_0247,3619,1,snack_lover
u_0247,3520,2,snack_lover
u_0247,3134,1,snack_lover
u_0247,3301,1,snack_lover
u_0247,3805,1,snack_lover
u_0247,3135,1,snack_lover
u_0247,3385,1,snack_lover
u_0247,3379,1,snack_lover
u_0247,3478,1,snack_lover
u_0247,4345,1,snack_lover
u_0247,301,1,snack_lover
u_0247,4300,1,snack_lover
u_0247,2605,1,snack_lover
u_0247,3229,1,snack_lover
u_0247,3429,1,snack_lover
u_0247,4244,1,snack_lover
u_0247,4583,1,snack_lover
u_0247,3529,1,snack_lover
u_0248,3087,1,snack_lover
u_0248,5030,1,snack_lover
u_0248,4322,1,snack_lover
u_0248,4572,1,snack_lover
u_0248,2861,1,snack_lover
u_0248,3229,1,snack_lover
u_0248,3220,1,snack_lover
u_0248,4460,1,snack_lover
u_0248,3065,1,snack_lover
u_0248,3547,1,snack_lover
u_0248,4130,1,snack_lover
u_0248,3208,1,snack_lover
u_0248,3218,2,snack_lover
u_0248,3248,1,snack_lover
u_0248,713,1,snack_lover
u_0248,3500,1,snack_lover
u_0248,2778,1,snack_lover
u_0248,3911,1,snack_lover
u_0248,3281,1,snack_lover
u_0248,4287,1,snack_lover
u_0248,3471,1,snack_lover
u_0248,3321,1,snack_lover
u_0248,3290,1,snack_lover
u_0248,3068,1,snack_lover
u_0248,4132,1,snack_lover
u_0248,3595,1,snack_lover
u_0248,3107,1,snack_lover
u_0248,3596,1,snack_lover
u_0248,3341,1,snack_lover
u_0248,3880,1,snack_lover
u_0248,3679,1,snack_lover
u_0248,3113,1,snack_lover
u_0248,3419,1,snack_lover
u_0248,1069,1,snack_lover
u_0249,4953,1,snack_lover
u_0249,3556,1,snack_lover
u_0249,3875,1,snack_lover
u_0249,4025,1,snack_lover
u_0249,912,1,snack_lover
u_0249,4961,1,snack_lover
u_0249,4058,1,snack_lover
u_0249,3558,1,snack_lover
u_0249,4586,1,snack_lover
u_0249,4193,1,snack_lover
u_0249,2946,1,snack_lover
u_0249,3255,1,snack_lover
u_0249,3349,1,snack_lover
u_0249,3428,1,snack_lover
u_0249,3781,1,snack_lover
u_0249,3254,1,snack_lover
u_0249,3563,1,snack_lover
u_0249,3101,1,snack_lover
u_0249,4229,1,snack_lover
u_0249,3298,1,snack_lover
u_0249,4395,1,snack_lover
u_0249,3621,1,snack_lover
u_0249,2997,1,snack_lover
u_0249,3753,1,snack_lover
u_0250,2751,1,breakfast_shopper
u_0250,4187,1,breakfast_shopper
u_0250,2345,1,breakfast_shopper
u_0250,4079,1,breakfast_shopper
u_0250,2666,1,breakfast_shopper
u_0250,2721,1,breakfast_shopper
u_0250,3332,1,breakfast_shopper
u_0250,725,1,breakfast_shopper
u_0250,537,1,breakfast_shopper
u_0250,4317,1,breakfast_shopper
u_0250,659,1,breakfast_shopper
u_0250,4202,1,breakfast_shopper
u_0250,4256,1,breakfast_shopper
u_0250,4920,1,breakfast_shopper
u_0250,192,1,breakfast_shopper
u_0250,4179,1,breakfast_shopper
u_0250,2725,1,breakfast_shopper
u_0250,2714,1,breakfast_shopper
u_0250,3384,1,breakfast_shopper
u_0250,205,1,breakfast_shopper
u_0250,2580,1,breakfast_shopper
u_0250,184,1,breakfast_shopper
u_0250,3466,1,breakfast_shopper
u_0250,2720,1,breakfast_shopper
u_0250,2634,1,breakfast_shopper
u_0250,4176,1,breakfast_shopper
u_0250,101,1,breakfast_shopper
u_0250,3639,1,breakfast_shopper
u_0250,3685,1,breakfast_shopper
u_0250,615,1,breakfast_shopper
u_0250,3607,1,breakfast_shopper
u_0250,2625,1,breakfast_shopper
u_0251,502,1,festival_shopper
u_0251,1207,1,festival_shopper
u_0251,2413,1,festival_shopper
u_0251,176,1,festival_shopper
u_0251,840,1,festival_shopper
u_0251,4273,1,festival_shopper
u_0251,1423,1,festival_shopper
u_0251,1579,1,festival_shopper
u_0251,1684,1,festival_shopper
u_0251,2320,1,festival_shopper
u_0251,624,1,festival_shopper
u_0251,2599,1,festival_shopper
u_0251,3095,1,festival_shopper
u_0251,213,1,festival_shopper
u_0251,771,1,festival_shopper
u_0251,691,1,festival_shopper
u_0251,1569,1,festival_shopper
u_0251,1770,1,festival_shopper
u_0251,1126,1,festival_shopper
u_0251,788,1,festival_shopper
u_0251,1520,1,festival_shopper
u_0251,1827,1,festival_shopper
u_0251,1529,1,festival_shopper
u_0251,1384,1,festival_shopper
u_0251,666,1,festival_shopper
u_0251,676,1,festival_shopper
u_0251,4043,1,festival_shopper
u_0251,811,1,festival_shopper
u_0251,2707,1,festival_shopper
u_0251,1429,1,festival_shopper
u_0251,1446,1,festival_shopper
u_0251,1769,1,festival_shopper
u_0252,865,1,gourmet
u_0252,3037,1,gourmet
u_0252,3970,1,gourmet
u_0252,2110,1,gourmet
u_0252,2895,1,gourmet
u_0252,399,1,gourmet
u_0252,2207,1,gourmet
u_0252,2213,1,gourmet
u_0252,1979,1,gourmet
u_0252,1366,1,gourmet
u_0252,1626,1,gourmet
u_0252,4958,1,gourmet
u_0252,2069,1,gourmet
u_0252,2040,1,gourmet
u_0252,495,1,gourmet
u_0252,558,1,gourmet
u_0252,154,1,gourmet
u_0252,2410,1,gourmet
u_0252,1776,1,gourmet
u_0252,1794,1,gourmet
u_0252,595,1,gourmet
u_0252,2712,1,gourmet
u_0252,3076,1,gourmet
u_0252,3086,1,gourmet
u_0252,490,1,gourmet
u_0252,1351,1,gourmet
u_0252,3216,1,gourmet
u_0252,2144,1,gourmet
u_0252,619,1,gourmet
u_0252,688,1,gourmet
u_0252,2488,1,gourmet
u_0253,786,1,festival_shopper
u_0253,2394,1,festival_shopper
u_0253,400,1,festival_shopper
u_0253,1665,1,festival_shopper
u_0253,1129,1,festival_shopper
u_0253,109,1,festival_shopper
u_0253,4485,1,festival_shopper
u_0253,1418,1,festival_shopper
u_0253,1223,1,festival_shopper
u_0253,2678,1,festival_shopper
u_0253,2507,1,festival_shopper
u_0253,231,1,festival_shopper
u_0253,386,1,festival_shopper
u_0253,583,1,festival_shopper
u_0253,1549,1,festival_shopper
u_0253,1741,1,festival_shopper
u_0253,565,1,festival_shopper
u_0253,549,1,festival_shopper
u_0253,942,1,festival_shopper
u_0253,60,1,festival_shopper
u_0253,1412,1,festival_shopper
u_0253,905,1,festival_shopper
u_0253,2737,1,festival_shopper
u_0253,1516,1,festival_shopper
u_0253,1666,1,festival_shopper
u_0253,1813,1,festival_shopper
u_0253,975,1,festival_shopper
u_0253,1052,1,festival_shopper
u_0253,1471,1,festival_shopper
u_0253,438,1,festival_shopper
u_0253,2352,1,festival_shopper
u_0253,103,1,festival_shopper
u_0253,1602,1,festival_shopper
u_0253,2029,1,festival_shopper
u_0253,1112,1,festival_shopper
u_0253,1800,1,festival_shopper
u_0253,2427,1,festival_shopper
u_0253,4384,1,festival_shopper
u_0253,111,1,festival_shopper
u_0253,2405,1,festival_shopper
u_0253,495,1,festival_shopper
u_0253,2654,1,festival_shopper
u_0253,846,1,festival_shopper
u_0253,1983,1,festival_shopper
u_0254,3073,1,household_stocker
u_0254,1228,1,household_stocker
u_0254,2782,1,household_stocker
u_0254,2909,1,household_stocker
u_0254,2730,1,household_stocker
u_0254,2204,1,household_stocker
u_0254,1077,1,household_stocker
u_0254,1040,1,household_stocker
u_0254,122,1,household_stocker
u_0254,2892,1,household_stocker
u_0254,2086,1,household_stocker
u_0254,3006,1,household_stocker
u_0254,2859,1,household_stocker
u_0254,43,1,household_stocker
u_0254,1911,1,household_stocker
u_0254,2462,1,household_stocker
u_0254,1074,1,household_stocker
u_0254,2510,1,household_stocker
u_0254,2900,1,household_stocker
u_0254,17,1,household_stocker
u_0254,3184,1,household_stocker
u_0254,751,1,household_stocker
u_0254,1679,1,household_stocker
u_0254,918,1,household_stocker
u_0254,2547,1,household_stocker
u_0254,324,1,household_stocker
u_0254,2920,1,household_stocker
u_0254,2802,1,household_stocker
u_0254,2304,1,household_stocker
u_0254,2332,1,household_stocker
u_0254,297,1,household_stocker
u_0254,2823,1,household_stocker
u_0254,2061,1,household_stocker
u_0254,3086,1,household_stocker
u_0254,385,1,household_stocker
u_0254,366,1,household_stocker
u_0254,2781,1,household_stocker
u_0254,794,1,household_stocker
u_0254,2983,1,household_stocker
u_0254,641,1,household_stocker
u_0254,2521,1,household_stocker
u_0254,922,1,household_stocker
u_0254,2344,1,household_stocker
u_0254,1099,1,household_stocker
u_0255,2502,1,gourmet
u_0255,157,2,gourmet
u_0255,2191,1,gourmet
u_0255,1182,1,gourmet
u_0255,690,1,gourmet
u_0255,4303,1,gourmet
u_0255,1926,1,gourmet
u_0255,60,1,gourmet
u_0255,1877,1,gourmet
u_0255,1864,1,gourmet
u_0255,1362,1,gourmet
u_0255,1019,1,gourmet
u_0255,483,1,gourmet
u_0255,1909,1,gourmet
u_0255,2297,1,gourmet
u_0255,2264,1,gourmet
u_0255,2360,1,gourmet
u_0255,733,1,gourmet
u_0255,1905,1,gourmet
u_0255,3750,1,gourmet
u_0255,2208,1,gourmet
u_0255,1026,1,gourmet
u_0255,837,1,gourmet
u_0255,2303,1,gourmet
u_0255,373,1,gourmet
u_0255,2840,1,gourmet
u_0255,2290,1,gourmet
u_0255,1895,1,gourmet
u_0255,2437,1,gourmet
u_0255,1053,1,gourmet
u_0255,2718,1,gourmet
u_0256,3514,1,veg_cook
u_0256,641,1,veg_cook
u_0256,671,1,veg_cook
u_0256,2097,1,veg_cook
u_0256,4694,1,veg_cook
u_0256,618,1,veg_cook
u_0256,681,1,veg_cook
u_0256,2810,1,veg_cook
u_0256,1846,1,veg_cook
u_0256,794,1,veg_cook
u_0256,1285,1,veg_cook
u_0256,739,1,veg_cook
u_0256,588,1,veg_cook
u_0256,1003,1,veg_cook
u_0256,1447,1,veg_cook
u_0256,1185,1,veg_cook
u_0256,537,1,veg_cook
u_0256,510,1,veg_cook
u_0256,2122,1,veg_cook
u_0256,1695,1,veg_cook
u_0256,465,1,veg_cook
u_0256,1562,1,veg_cook
u_0256,2228,1,veg_cook
u_0256,717,1,veg_cook
u_0256,2063,1,veg_cook
u_0256,709,1,veg_cook
u_0256,1886,1,veg_cook
u_0256,1127,1,veg_cook
u_0256,1924,1,veg_cook
u_0256,2677,1,veg_cook
u_0256,1673,1,veg_cook
u_0256,1031,1,veg_cook
u_0256,125,1,veg_cook
u_0256,661,1,veg_cook
u_0256,2551,1,veg_cook
u_0256,968,1,veg_cook
u_0256,2396,1,veg_cook
u_0256,866,1,veg_cook
u_0256,2048,1,veg_cook
u_0256,1458,1,veg_cook
u_0256,1144,1,veg_cook
u_0256,956,1,veg_cook
u_0256,2597,1,veg_cook
u_0256,1196,1,veg_cook
u_0257,3649,1,household_stocker
u_0257,3123,1,household_stocker
u_0257,2454,1,household_stocker
u_0257,4609,1,household_stocker
u_0257,2621,1,household_stocker
u_0257,146,1,household_stocker
u_0257,758,1,household_stocker
u_0257,3547,1,household_stocker
u_0257,4815,1,household_stocker
u_0257,3561,1,household_stocker
u_0257,2842,1,household_stocker
u_0257,1917,1,household_stocker
u_0257,3218,1,household_stocker
u_0257,2846,1,household_stocker
u_0257,3136,1,household_stocker
u_0257,3063,1,household_stocker
u_0257,4897,1,household_stocker
u_0257,2638,1,household_stocker
u_0257,1767,1,household_stocker
u_0257,3168,1,household_stocker
u_0257,2322,1,household_stocker
u_0257,3104,1,household_stocker
u_0257,2491,1,household_stocker
u_0257,224,1,household_stocker
u_0258,3194,1,household_stocker
u_0258,3136,1,household_stocker
u_0258,2249,1,household_stocker
u_0258,3330,1,household_stocker
u_0258,327,1,household_stocker
u_0258,2652,1,household_stocker
u_0258,2016,1,household_stocker
u_0258,1267,1,household_stocker
u_0258,2127,1,household_stocker
u_0258,2912,1,household_stocker
u_0258,2715,1,household_stocker
u_0258,2440,1,household_stocker
u_0258,872,1,household_stocker
u_0258,670,1,household_stocker
u_0258,933,1,household_stocker
u_0258,2448,1,household_stocker
u_0258,3049,1,household_stocker
u_0258,4565,1,household_stocker
u_0258,3006,1,household_stocker
u_0258,3072,1,household_stocker
u_0258,837,1,household_stocker
u_0258,520,1,household_stocker
u_0258,160,1,household_stocker
u_0258,2509,1,household_stocker
u_0258,2746,1,household_stocker
u_0258,2501,1,household_stocker
u_0258,659,1,household_stocker
u_0258,2498,1,household_stocker
u_0258,3078,1,household_stocker
u_0258,2084,1,household_stocker
u_0258,3170,1,household_stocker
u_0258,2717,1,household_stocker
u_0259,4155,1,breakfast_shopper
u_0259,4547,1,breakfast_shopper
u_0259,178,1,breakfast_shopper
u_0259,2726,1,breakfast_shopper
u_0259,2384,1,breakfast_shopper
u_0259,4433,1,breakfast_shopper
u_0259,67,1,breakfast_shopper
u_0259,3252,1,breakfast_shopper
u_0259,4800,1,breakfast_shopper
u_0259,4442,1,breakfast_shopper
u_0259,666,1,breakfast_shopper
u_0259,3676,1,breakfast_shopper
u_0259,2723,1,breakfast_shopper
u_0259,2474,1,breakfast_shopper
u_0259,2010,1,breakfast_shopper
u_0259,2398,1,breakfast_shopper
u_0259,4190,1,breakfast_shopper
u_0259,2560,1,breakfast_shopper
u_0259,3350,1,breakfast_shopper
u_0259,4252,1,breakfast_shopper
u_0259,4406,1,breakfast_shopper
u_0259,4224,1,breakfast_shopper
u_0259,296,1,breakfast_shopper
u_0259,4328,1,breakfast_shopper
u_0259,4417,1,breakfast_shopper
u_0259,4364,1,breakfast_shopper
u_0259,902,1,breakfast_shopper
u_0259,3219,1,breakfast_shopper
u_0259,2734,1,breakfast_shopper
u_0259,2435,1,breakfast_shopper
u_0259,2667,1,breakfast_shopper
u_0259,4491,1,breakfast_shopper
u_0259,249,1,breakfast_shopper
u_0259,4237,1,breakfast_shopper
u_0259,3023,1,breakfast_shopper
u_0259,3849,1,breakfast_shopper
u_0259,2416,1,breakfast_shopper
u_0260,257,1,breakfast_shopper
u_0260,716,1,breakfast_shopper
u_0260,181,1,breakfast_shopper
u_0260,4044,1,breakfast_shopper
u_0260,4482,1,breakfast_shopper
u_0260,4523,1,breakfast_shopper
u_0260,338,1,breakfast_shopper
u_0260,422,1,breakfast_shopper
u_0260,2328,1,breakfast_shopper
u_0260,4375,1,breakfast_shopper
u_0260,429,1,breakfast_shopper
u_0260,2949,1,breakfast_shopper
u_0260,2384,1,breakfast_shopper
u_0260,2355,1,breakfast_shopper
u_0260,65,1,breakfast_shopper
u_0260,4549,1,breakfast_shopper
u_0260,2528,1,breakfast_shopper
u_0260,2595,1,breakfast_shopper
u_0260,2734,1,breakfast_shopper
u_0260,2357,1,breakfast_shopper
u_0260,2570,1,breakfast_shopper
u_0260,3660,1,breakfast_shopper
u_0260,4515,1,breakfast_shopper
u_0260,4561,1,breakfast_shopper
u_0260,3198,1,breakfast_shopper
u_0260,4427,1,breakfast_shopper
u_0260,469,1,breakfast_shopper
u_0260,4550,1,breakfast_shopper
u_0260,878,1,breakfast_shopper
u_0260,2725,1,breakfast_shopper
u_0260,857,1,breakfast_shopper
u_0260,4428,1,breakfast_shopper
u_0260,1724,1,breakfast_shopper
u_0260,2492,1,breakfast_shopper
u_0260,730,1,breakfast_shopper
u_0260,81,1,breakfast_shopper
u_0261,518,1,veg_cook
u_0261,705,1,veg_cook
u_0261,900,1,veg_cook
u_0261,704,1,veg_cook
u_0261,731,1,veg_cook
u_0261,2728,1,veg_cook
u_0261,677,1,veg_cook
u_0261,521,1,veg_cook
u_0261,1186,1,veg_cook
u_0261,2507,1,veg_cook
u_0261,582,1,veg_cook
u_0261,1930,1,veg_cook
u_0261,1098,1,veg_cook
u_0261,1731,1,veg_cook
u_0261,679,1,veg_cook
u_0261,2530,1,veg_cook
u_0261,798,1,veg_cook
u_0261,2095,1,veg_cook
u_0261,1545,1,veg_cook
u_0261,2687,1,veg_cook
u_0261,3207,1,veg_cook
u_0261,500,1,veg_cook
u_0261,1227,1,veg_cook
u_0261,461,1,veg_cook
u_0261,712,1,veg_cook
u_0261,1979,1,veg_cook
u_0261,2178,1,veg_cook
u_0261,1085,1,veg_cook
u_0261,3679,1,veg_cook
u_0261,2160,1,veg_cook
u_0261,2742,1,veg_cook
u_0261,550,1,veg_cook
u_0261,2649,1,veg_cook
u_0261,2661,1,veg_cook
u_0261,513,1,veg_cook
u_0261,1351,1,veg_cook
u_0261,933,1,veg_cook
u_0261,2677,1,veg_cook
u_0261,957,1,veg_cook
u_0261,1273,1,veg_cook
u_0261,2449,1,veg_cook
u_0261,2735,1,veg_cook
u_0261,2212,1,veg_cook
u_0261,2726,1,veg_cook
u_0261,1481,1,veg_cook
u_0261,3098,1,veg_cook
u_0261,1218,1,veg_cook
u_0261,722,1,veg_cook
u_0262,2566,1,household_stocker
u_0262,2904,1,household_stocker
u_0262,2119,1,household_stocker
u_0262,2389,1,household_stocker
u_0262,2018,1,household_stocker
u_0262,3294,1,household_stocker
u_0262,3259,1,household_stocker
u_0262,5013,1,household_stocker
u_0262,3016,1,household_stocker
u_0262,2794,1,household_stocker
u_0262,870,1,household_stocker
u_0262,3132,1,household_stocker
u_0262,2409,1,household_stocker
u_0262,2873,1,household_stocker
u_0262,182,1,household_stocker
u_0262,148,1,household_stocker
u_0262,2460,1,household_stocker
u_0262,2846,1,household_stocker
u_0262,3897,1,household_stocker
u_0262,468,1,household_stocker
u_0262,3125,1,household_stocker
u_0262,2379,1,household_stocker
u_0262,276,1,household_stocker
u_0262,563,1,household_stocker
u_0262,2727,1,household_stocker
u_0262,2470,1,household_stocker
u_0262,2471,1,household_stocker
u_0262,3086,1,household_stocker
u_0262,491,1,household_stocker
u_0262,3047,1,household_stocker
u_0262,2879,1,household_stocker
u_0262,2778,1,household_stocker
u_0262,239,1,household_stocker
u_0263,3570,1,snack_lover
u_0263,3643,1,snack_lover
u_0263,196,1,snack_lover
u_0263,3307,1,snack_lover
u_0263,2992,1,snack_lover
u_0263,18,1,snack_lover
u_0263,3694,1,snack_lover
u_0263,3326,1,snack_lover
u_0263,3432,1,snack_lover
u_0263,3854,1,snack_lover
u_0263,1257,1,snack_lover
u_0263,436,1,snack_lover
u_0263,3518,1,snack_lover
u_0263,2787,1,snack_lover
u_0263,3789,1,snack_lover
u_0263,4173,1,snack_lover
u_0263,1547,1,snack_lover
u_0263,236,1,snack_lover
u_0263,2831,1,snack_lover
u_0263,2877,1,snack_lover
u_0263,3313,1,snack_lover
u_0263,3632,1,snack_lover
u_0263,4526,1,snack_lover
u_0263,2834,1,snack_lover
u_0263,4160,1,snack_lover
u_0263,157,1,snack_lover
u_0263,3014,1,snack_lover
u_0263,3082,1,snack_lover
u_0263,3686,1,snack_lover
u_0263,2578,1,snack_lover
u_0263,1221,1,snack_lover
u_0263,376,1,snack_lover
u_0263,3433,1,snack_lover
u_0264,974,1,gourmet
u_0264,2305,1,gourmet
u_0264,877,1,gourmet
u_0264,2298,1,gourmet
u_0264,2230,1,gourmet
u_0264,2942,1,gourmet
u_0264,2172,1,gourmet
u_0264,2867,1,gourmet
u_0264,2600,1,gourmet
u_0264,4258,1,gourmet
u_0264,1936,1,gourmet
u_0264,1878,1,gourmet
u_0264,1511,1,gourmet
u_0264,2184,1,gourmet
u_0264,657,1,gourmet
u_0264,2535,1,gourmet
u_0264,4968,1,gourmet
u_0264,2209,1,gourmet
u_0264,2910,1,gourmet
u_0264,2280,1,gourmet
u_0264,2034,1,gourmet
u_0264,3030,1,gourmet
u_0264,2641,1,gourmet
u_0264,1899,1,gourmet
u_0264,3040,1,gourmet
u_0265,2131,1,fruit_lover
u_0265,3356,1,fruit_lover
u_0265,481,1,fruit_lover
u_0265,732,1,fruit_lover
u_0265,262,1,fruit_lover
u_0265,3060,1,fruit_lover
u_0265,3131,1,fruit_lover
u_0265,1040,1,fruit_lover
u_0265,1476,1,fruit_lover
u_0265,450,1,fruit_lover
u_0265,2997,1,fruit_lover
u_0265,2903,1,fruit_lover
u_0265,444,1,fruit_lover
u_0265,2852,1,fruit_lover
u_0265,2230,1,fruit_lover
u_0265,213,1,fruit_lover
u_0265,436,1,fruit_lover
u_0265,4760,1,fruit_lover
u_0265,2110,1,fruit_lover
u_0265,3263,1,fruit_lover
u_0265,1899,1,fruit_lover
u_0265,281,1,fruit_lover
u_0265,2060,1,fruit_lover
u_0265,2812,1,fruit_lover
u_0265,1856,1,fruit_lover
u_0265,433,1,fruit_lover
u_0265,533,1,fruit_lover
u_0265,327,1,fruit_lover
u_0265,1454,1,fruit_lover
u_0265,657,1,fruit_lover
u_0265,76,1,fruit_lover
u_0265,631,1,fruit_lover
u_0265,2800,1,fruit_lover
u_0265,804,1,fruit_lover
u_0265,1920,1,fruit_lover
u_0265,598,1,fruit_lover
u_0266,41,1,gourmet
u_0266,504,1,gourmet
u_0266,215,1,gourmet
u_0266,5050,1,gourmet
u_0266,862,1,gourmet
u_0266,3499,1,gourmet
u_0266,2236,1,gourmet
u_0266,902,1,gourmet
u_0266,2597,1,gourmet
u_0266,1929,1,gourmet
u_0266,2727,1,gourmet
u_0266,2452,1,gourmet
u_0266,537,1,gourmet
u_0266,1622,1,gourmet
u_0266,1282,1,gourmet
u_0266,2161,1,gourmet
u_0266,889,1,gourmet
u_0266,37,1,gourmet
u_0266,1794,1,gourmet
u_0266,350,1,gourmet
u_0266,2024,1,gourmet
u_0266,2091,1,gourmet
u_0266,2592,1,gourmet
u_0266,498,1,gourmet
u_0266,1117,1,gourmet
u_0266,280,2,gourmet
u_0266,2732,1,gourmet
u_0266,2309,1,gourmet
u_0266,499,1,gourmet
u_0266,107,1,gourmet
u_0266,1182,1,gourmet
u_0266,1673,1,gourmet
u_0266,3558,1,gourmet
u_0266,611,1,gourmet
u_0266,2099,1,gourmet
u_0266,2447,1,gourmet
u_0266,704,1,gourmet
u_0266,1074,1,gourmet
u_0266,238,1,gourmet
u_0266,774,1,gourmet
u_0266,1595,1,gourmet
u_0266,968,1,gourmet
u_0266,2368,1,gourmet
u_0267,1422,1,festival_shopper
u_0267,618,1,festival_shopper
u_0267,1524,1,festival_shopper
u_0267,1708,1,festival_shopper
u_0267,436,1,festival_shopper
u_0267,1578,1,festival_shopper
u_0267,1664,1,festival_shopper
u_0267,2510,1,festival_shopper
u_0267,306,1,festival_shopper
u_0267,290,1,festival_shopper
u_0267,201,1,festival_shopper
u_0267,2747,1,festival_shopper
u_0267,140,1,festival_shopper
u_0267,1689,1,festival_shopper
u_0267,69,1,festival_shopper
u_0267,2149,1,festival_shopper
u_0267,803,1,festival_shopper
u_0267,824,1,festival_shopper
u_0267,31,1,festival_shopper
u_0267,367,1,festival_shopper
u_0267,1733,1,festival_shopper
u_0267,1555,1,festival_shopper
u_0267,1423,1,festival_shopper
u_0267,2026,1,festival_shopper
u_0267,2061,1,festival_shopper
u_0267,363,1,festival_shopper
u_0267,711,1,festival_shopper
u_0267,2552,1,festival_shopper
u_0267,1676,1,festival_shopper
u_0267,739,1,festival_shopper
u_0267,1495,1,festival_shopper
u_0267,533,1,festival_shopper
u_0268,2367,1,household_stocker
u_0268,3089,1,household_stocker
u_0268,2722,1,household_stocker
u_0268,1351,1,household_stocker
u_0268,3058,1,household_stocker
u_0268,1404,1,household_stocker
u_0268,1748,1,household_stocker
u_0268,469,1,household_stocker
u_0268,508,1,household_stocker
u_0268,3115,1,household_stocker
u_0268,810,1,household_stocker
u_0268,1443,1,household_stocker
u_0268,2655,1,household_stocker
u_0268,2704,1,household_stocker
u_0268,2423,1,household_stocker
u_0268,3211,1,household_stocker
u_0268,2771,1,household_stocker
u_0268,2008,1,household_stocker
u_0268,2880,1,household_stocker
u_0268,2424,1,household_stocker
u_0268,1577,1,household_stocker
u_0268,2988,1,household_stocker
u_0268,917,1,household_stocker
u_0268,201,1,household_stocker
u_0268,2718,1,household_stocker
u_0268,3531,1,household_stocker
u_0268,2619,1,household_stocker
u_0268,3141,1,household_stocker
u_0268,2362,1,household_stocker
u_0268,4410,1,household_stocker
u_0268,2638,1,household_stocker
u_0268,4346,1,household_stocker
u_0268,2258,1,household_stocker
u_0268,2953,1,household_stocker
u_0268,88,1,household_stocker
u_0268,2496,1,household_stocker
u_0268,3121,1,household_stocker
u_0268,3140,1,household_stocker
u_0268,1893,1,household_stocker
u_0268,4283,1,household_stocker
u_0269,615,1,fruit_lover
u_0269,832,1,fruit_lover
u_0269,396,1,fruit_lover
u_0269,205,1,fruit_lover
u_0269,1506,1,fruit_lover
u_0269,2737,1,fruit_lover
u_0269,1189,1,fruit_lover
u_0269,326,1,fruit_lover
u_0269,892,1,fruit_lover
u_0269,612,1,fruit_lover
u_0269,1232,1,fruit_lover
u_0269,457,1,fruit_lover
u_0269,471,1,fruit_lover
u_0269,319,1,fruit_lover
u_0269,3382,1,fruit_lover
u_0269,2622,1,fruit_lover
u_0269,794,1,fruit_lover
u_0269,2934,1,fruit_lover
u_0269,544,1,fruit_lover
u_0269,363,1,fruit_lover
u_0269,494,1,fruit_lover
u_0269,267,1,fruit_lover
u_0269,2214,1,fruit_lover
u_0269,2498,1,fruit_lover
u_0269,1847,1,fruit_lover
u_0269,708,1,fruit_lover
u_0269,335,1,fruit_lover
u_0269,1178,1,fruit_lover
u_0269,3013,1,fruit_lover
u_0269,83,1,fruit_lover
u_0269,577,1,fruit_lover
u_0269,5040,1,fruit_lover
u_0269,453,1,fruit_lover
u_0269,3410,1,fruit_lover
u_0269,904,1,fruit_lover
u_0269,357,1,fruit_lover
u_0269,325,1,fruit_lover
u_0269,75,1,fruit_lover
u_0270,1331,1,festival_shopper
u_0270,1641,1,festival_shopper
u_0270,2526,1,festival_shopper
u_0270,1071,1,festival_shopper
u_0270,1607,1,festival_shopper
u_0270,2530,1,festival_shopper
u_0270,1061,1,festival_shopper
u_0270,284,1,festival_shopper
u_0270,2488,1,festival_shopper
u_0270,1218,1,festival_shopper
u_0270,1543,1,festival_shopper
u_0270,2389,1,festival_shopper
u_0270,2072,1,festival_shopper
u_0270,1624,1,festival_shopper
u_0270,2343,1,festival_shopper
u_0270,1030,1,festival_shopper
u_0270,1410,1,festival_shopper
u_0270,269,1,festival_shopper
u_0270,873,1,festival_shopper
u_0270,3156,1,festival_shopper
u_0270,383,1,festival_shopper
u_0270,2097,1,festival_shopper
u_0270,1562,1,festival_shopper
u_0270,754,1,festival_shopper
u_0270,2596,1,festival_shopper
u_0271,144,1,household_stocker
u_0271,2632,1,household_stocker
u_0271,2811,1,household_stocker
u_0271,2419,1,household_stocker
u_0271,2215,1,household_stocker
u_0271,3058,1,household_stocker
u_0271,3076,1,household_stocker
u_0271,3081,1,household_stocker
u_0271,4341,1,household_stocker
u_0271,2346,1,household_stocker
u_0271,880,1,household_stocker
u_0271,2645,1,household_stocker
u_0271,733,1,household_stocker
u_0271,2960,1,household_stocker
u_0271,2700,1,household_stocker
u_0271,2825,1,household_stocker
u_0271,541,1,household_stocker
u_0271,2847,1,household_stocker
u_0271,214,1,household_stocker
u_0271,283,1,household_stocker
u_0271,3148,1,household_stocker
u_0271,3186,1,household_stocker
u_0271,25,1,household_stocker
u_0271,3039,1,household_stocker
u_0271,919,1,household_stocker
u_0271,1914,1,household_stocker
u_0271,2638,1,household_stocker
u_0271,2841,1,household_stocker
u_0271,656,2,household_stocker
u_0271,1435,1,household_stocker
u_0271,3210,1,household_stocker
u_0271,3157,1,household_stocker
u_0271,924,1,household_stocker
u_0271,510,1,household_stocker
u_0271,3126,1,household_stocker
u_0271,2802,1,household_stocker
u_0272,3356,1,breakfast_shopper
u_0272,2392,1,breakfast_shopper
u_0272,310,1,breakfast_shopper
u_0272,3895,1,breakfast_shopper
u_0272,2432,1,breakfast_shopper
u_0272,478,1,breakfast_shopper
u_0272,2462,1,breakfast_shopper
u_0272,446,1,breakfast_shopper
u_0272,4316,1,breakfast_shopper
u_0272,3489,1,breakfast_shopper
u_0272,4453,1,breakfast_shopper
u_0272,2636,1,breakfast_shopper
u_0272,2741,1,breakfast_shopper
u_0272,4255,1,breakfast_shopper
u_0272,3326,1,breakfast_shopper
u_0272,4268,1,breakfast_shopper
u_0272,4175,1,breakfast_shopper
u_0272,328,1,breakfast_shopper
u_0272,4314,1,breakfast_shopper
u_0272,325,1,breakfast_shopper
u_0272,4160,1,breakfast_shopper
u_0272,4476,1,breakfast_shopper
u_0272,2594,1,breakfast_shopper
u_0272,4358,1,breakfast_shopper
u_0272,4525,1,breakfast_shopper
u_0272,2469,1,breakfast_shopper
u_0272,4262,1,breakfast_shopper
u_0272,4198,1,breakfast_shopper
u_0272,205,1,breakfast_shopper
u_0272,428,1,breakfast_shopper
u_0272,3916,1,breakfast_shopper
u_0272,4383,1,breakfast_shopper
u_0272,4375,1,breakfast_shopper
u_0273,1372,1,gourmet
u_0273,716,1,gourmet
u_0273,801,1,gourmet
u_0273,2850,1,gourmet
u_0273,1995,1,gourmet
u_0273,2080,1,gourmet
u_0273,3060,1,gourmet
u_0273,1206,1,gourmet
u_0273,291,1,gourmet
u_0273,429,1,gourmet
u_0273,1951,1,gourmet
u_0273,3809,1,gourmet
u_0273,2633,1,gourmet
u_0273,1274,1,gourmet
u_0273,870,1,gourmet
u_0273,3140,1,gourmet
u_0273,462,1,gourmet
u_0273,1791,1,gourmet
u_0273,2114,1,gourmet
u_0273,1975,1,gourmet
u_0273,23,1,gourmet
u_0273,1312,1,gourmet
u_0273,606,1,gourmet
u_0273,2113,1,gourmet
u_0273,513,1,gourmet
u_0273,912,1,gourmet
u_0273,3157,1,gourmet
u_0273,1427,1,gourmet
u_0273,598,1,gourmet
u_0273,3492,1,gourmet
u_0273,1855,1,gourmet
u_0273,1557,1,gourmet
u_0273,2823,1,gourmet
u_0273,4717,1,gourmet
u_0273,1952,1,gourmet
u_0273,4833,1,gourmet
u_0273,1899,1,gourmet
u_0273,1843,1,gourmet
u_0273,4387,1,gourmet
u_0273,2293,1,gourmet
u_0273,2756,1,gourmet
u_0273,1334,1,gourmet
u_0273,818,1,gourmet
u_0273,108,1,gourmet
u_0273,2025,1,gourmet
u_0274,946,1,fruit_lover
u_0274,1402,1,fruit_lover
u_0274,937,1,fruit_lover
u_0274,172,1,fruit_lover
u_0274,564,1,fruit_lover
u_0274,389,1,fruit_lover
u_0274,4610,1,fruit_lover
u_0274,306,1,fruit_lover
u_0274,1895,1,fruit_lover
u_0274,123,1,fruit_lover
u_0274,2335,1,fruit_lover
u_0274,1212,1,fruit_lover
u_0274,403,1,fruit_lover
u_0274,263,1,fruit_lover
u_0274,1682,1,fruit_lover
u_0274,1801,1,fruit_lover
u_0274,116,1,fruit_lover
u_0274,204,1,fruit_lover
u_0274,2119,1,fruit_lover
u_0274,3498,1,fruit_lover
u_0274,2800,1,fruit_lover
u_0274,967,1,fruit_lover
u_0274,133,1,fruit_lover
u_0274,256,1,fruit_lover
u_0274,255,1,fruit_lover
u_0274,51,1,fruit_lover
u_0274,1011,1,fruit_lover
u_0274,2225,1,fruit_lover
u_0274,1166,1,fruit_lover
u_0274,1942,1,fruit_lover
u_0274,230,1,fruit_lover
u_0274,1259,1,fruit_lover
u_0274,452,1,fruit_lover
u_0274,2882,1,fruit_lover
u_0274,1864,1,fruit_lover
u_0274,283,1,fruit_lover
u_0274,3450,1,fruit_lover
u_0274,153,1,fruit_lover
u_0274,2256,1,fruit_lover
u_0274,225,1,fruit_lover
u_0274,2248,1,fruit_lover
u_0274,2160,1,fruit_lover
u_0274,155,1,fruit_lover
u_0274,334,1,fruit_lover
u_0274,1002,1,fruit_lover
u_0274,308,1,fruit_lover
u_0275,3475,1,snack_lover
u_0275,3389,1,snack_lover
u_0275,2887,1,snack_lover
u_0275,3443,1,snack_lover
u_0275,3312,1,snack_lover
u_0275,3886,1,snack_lover
u_0275,3668,1,snack_lover
u_0275,3259,1,snack_lover
u_0275,2692,1,snack_lover
u_0275,1353,1,snack_lover
u_0275,4235,1,snack_lover
u_0275,3863,1,snack_lover
u_0275,3605,1,snack_lover
u_0275,3751,1,snack_lover
u_0275,3081,1,snack_lover
u_0275,3362,1,snack_lover
u_0275,4556,1,snack_lover
u_0275,3169,1,snack_lover
u_0275,555,1,snack_lover
u_0275,4432,2,snack_lover
u_0275,3566,1,snack_lover
u_0275,3498,1,snack_lover
u_0275,3456,1,snack_lover
u_0275,4093,1,snack_lover
u_0275,2809,1,snack_lover
u_0275,3343,1,snack_lover
u_0275,3947,1,snack_lover
u_0275,4769,1,snack_lover
u_0275,2774,1,snack_lover
u_0275,2888,1,snack_lover
u_0276,483,1,gourmet
u_0276,1750,1,gourmet
u_0276,361,1,gourmet
u_0276,2152,1,gourmet
u_0276,1375,1,gourmet
u_0276,2061,1,gourmet
u_0276,130,1,gourmet
u_0276,177,1,gourmet
u_0276,2729,1,gourmet
u_0276,2072,1,gourmet
u_0276,2083,1,gourmet
u_0276,11,1,gourmet
u_0276,2087,1,gourmet
u_0276,2171,1,gourmet
u_0276,1177,1,gourmet
u_0276,2924,1,gourmet
u_0276,2944,1,gourmet
u_0276,2301,1,gourmet
u_0276,990,1,gourmet
u_0276,2526,1,gourmet
u_0276,1941,1,gourmet
u_0276,1253,1,gourmet
u_0276,736,1,gourmet
u_0276,974,1,gourmet
u_0276,3148,1,gourmet
u_0276,1521,1,gourmet
u_0276,3324,1,gourmet
u_0276,2634,1,gourmet
u_0276,286,1,gourmet
u_0276,1166,1,gourmet
u_0276,649,1,gourmet
u_0276,310,1,gourmet
u_0276,2054,1,gourmet
u_0276,878,1,gourmet
u_0276,266,1,gourmet
u_0276,1343,1,gourmet
u_0276,2515,1,gourmet
u_0276,4292,1,gourmet
u_0277,1491,1,household_stocker
u_0277,684,1,household_stocker
u_0277,3203,1,household_stocker
u_0277,2528,1,household_stocker
u_0277,1149,1,household_stocker
u_0277,1889,1,household_stocker
u_0277,726,1,household_stocker
u_0277,188,1,household_stocker
u_0277,3208,1,household_stocker
u_0277,2420,1,household_stocker
u_0277,3100,1,household_stocker
u_0277,832,1,household_stocker
u_0277,2763,1,household_stocker
u_0277,2838,1,household_stocker
u_0277,3116,1,household_stocker
u_0277,3009,1,household_stocker
u_0277,3047,1,household_stocker
u_0277,2915,1,household_stocker
u_0277,886,1,household_stocker
u_0277,1666,1,household_stocker
u_0277,776,1,household_stocker
u_0277,2911,1,household_stocker
u_0277,1355,1,household_stocker
u_0277,2742,1,household_stocker
u_0277,3129,1,household_stocker
u_0277,2894,1,household_stocker
u_0277,751,1,household_stocker
u_0277,2315,1,household_stocker
u_0277,1574,1,household_stocker
u_0277,1559,1,household_stocker
u_0278,4020,1,snack_lover
u_0278,2791,1,snack_lover
u_0278,3429,1,snack_lover
u_0278,359,1,snack_lover
u_0278,3893,1,snack_lover
u_0278,3020,1,snack_lover
u_0278,3348,1,snack_lover
u_0278,3322,1,snack_lover
u_0278,3241,1,snack_lover
u_0278,3833,1,snack_lover
u_0278,3738,1,snack_lover
u_0278,3597,1,snack_lover
u_0278,3529,1,snack_lover
u_0278,3413,1,snack_lover
u_0278,4187,1,snack_lover
u_0278,873,1,snack_lover
u_0278,3559,1,snack_lover
u_0278,3725,1,snack_lover
u_0278,3962,1,snack_lover
u_0278,3707,1,snack_lover
u_0278,4055,1,snack_lover
u_0278,3394,1,snack_lover
u_0278,3673,1,snack_lover
u_0278,3498,1,snack_lover
u_0278,4004,1,snack_lover
u_0278,4142,1,snack_lover
u_0278,3477,1,snack_lover
u_0278,3484,1,snack_lover
u_0278,4001,1,snack_lover
u_0278,3881,1,snack_lover
u_0278,3443,1,snack_lover
u_0278,2911,1,snack_lover
u_0279,1531,1,festival_shopper
u_0279,121,1,festival_shopper
u_0279,983,1,festival_shopper
u_0279,1865,1,festival_shopper
u_0279,1331,1,festival_shopper
u_0279,2293,1,festival_shopper
u_0279,442,1,festival_shopper
u_0279,300,1,festival_shopper
u_0279,2698,1,festival_shopper
u_0279,2925,1,festival_shopper
u_0279,296,1,festival_shopper
u_0279,853,1,festival_shopper
u_0279,271,1,festival_shopper
u_0279,921,1,festival_shopper
u_0279,556,1,festival_shopper
u_0279,2161,1,festival_shopper
u_0279,682,1,festival_shopper
u_0279,823,1,festival_shopper
u_0279,874,1,festival_shopper
u_0279,175,1,festival_shopper
u_0279,1665,1,festival_shopper
u_0279,2478,1,festival_shopper
u_0279,426,1,festival_shopper
u_0279,4537,1,festival_shopper
u_0280,3701,1,snack_lover
u_0280,4947,1,snack_lover
u_0280,3947,1,snack_lover
u_0280,3312,1,snack_lover
u_0280,3419,1,snack_lover
u_0280,4064,1,snack_lover
u_0280,3898,1,snack_lover
u_0280,3774,1,snack_lover
u_0280,4055,1,snack_lover
u_0280,3819,1,snack_lover
u_0280,2876,1,snack_lover
u_0280,3110,1,snack_lover
u_0280,4587,1,snack_lover
u_0280,4311,1,snack_lover
u_0280,1729,1,snack_lover
u_0280,3263,1,snack_lover
u_0280,4482,1,snack_lover
u_0280,3456,1,snack_lover
u_0280,2977,1,snack_lover
u_0280,3287,1,snack_lover
u_0280,347,1,snack_lover
u_0280,3058,1,snack_lover
u_0280,4120,1,snack_lover
u_0280,1017,1,snack_lover
u_0280,3873,1,snack_lover
u_0280,4334,1,snack_lover
u_0280,3532,1,snack_lover
u_0280,659,1,snack_lover
u_0280,1414,1,snack_lover
u_0280,3780,1,snack_lover
u_0280,3275,1,snack_lover
u_0280,4418,1,snack_lover
u_0280,3518,1,snack_lover
u_0280,4084,1,snack_lover
u_0280,3362,1,snack_lover
u_0280,3222,1,snack_lover
u_0280,3154,1,snack_lover
u_0280,4404,1,snack_lover
u_0280,3560,1,snack_lover
u_0280,3787,1,snack_lover
u_0280,2235,1,snack_lover
u_0280,3405,1,snack_lover
u_0281,3005,1,fruit_lover
u_0281,238,1,fruit_lover
u_0281,3014,1,fruit_lover
u_0281,1125,1,fruit_lover
u_0281,1330,1,fruit_lover
u_0281,230,1,fruit_lover
u_0281,3043,1,fruit_lover
u_0281,760,1,fruit_lover
u_0281,4189,1,fruit_lover
u_0281,2334,1,fruit_lover
u_0281,1937,1,fruit_lover
u_0281,422,1,fruit_lover
u_0281,2149,1,fruit_lover
u_0281,919,1,fruit_lover
u_0281,2226,1,fruit_lover
u_0281,148,1,fruit_lover
u_0281,1278,1,fruit_lover
u_0281,24,1,fruit_lover
u_0281,578,1,fruit_lover
u_0281,29,1,fruit_lover
u_0281,777,1,fruit_lover
u_0281,3116,1,fruit_lover
u_0281,2028,1,fruit_lover
u_0281,338,1,fruit_lover
u_0281,729,1,fruit_lover
u_0281,204,1,fruit_lover
u_0281,2207,1,fruit_lover
u_0282,42,1,breakfast_shopper
u_0282,2234,1,breakfast_shopper
u_0282,126,1,breakfast_shopper
u_0282,4359,1,breakfast_shopper
u_0282,4532,1,breakfast_shopper
u_0282,4504,1,breakfast_shopper
u_0282,208,1,breakfast_shopper
u_0282,364,1,breakfast_shopper
u_0282,214,1,breakfast_shopper
u_0282,3424,1,breakfast_shopper
u_0282,4342,1,breakfast_shopper
u_0282,4211,1,breakfast_shopper
u_0282,249,1,breakfast_shopper
u_0282,2418,1,breakfast_shopper
u_0282,2990,1,breakfast_shopper
u_0282,4455,1,breakfast_shopper
u_0282,737,1,breakfast_shopper
u_0282,4352,1,breakfast_shopper
u_0282,2406,1,breakfast_shopper
u_0282,4463,1,breakfast_shopper
u_0282,443,1,breakfast_shopper
u_0282,204,1,breakfast_shopper
u_0282,1227,1,breakfast_shopper
u_0282,4276,1,breakfast_shopper
u_0282,2389,1,breakfast_shopper
u_0282,3652,1,breakfast_shopper
u_0282,818,1,breakfast_shopper
u_0282,246,1,breakfast_shopper
u_0282,4163,1,breakfast_shopper
u_0282,4515,1,breakfast_shopper
u_0282,2343,1,breakfast_shopper
u_0282,301,1,breakfast_shopper
u_0282,363,1,breakfast_shopper
u_0282,3233,1,breakfast_shopper
u_0282,4589,1,breakfast_shopper
u_0282,49,1,breakfast_shopper
u_0282,2379,1,breakfast_shopper
u_0283,1923,1,gourmet
u_0283,3138,1,gourmet
u_0283,3070,1,gourmet
u_0283,3022,1,gourmet
u_0283,260,1,gourmet
u_0283,4254,1,gourmet
u_0283,2086,1,gourmet
u_0283,2988,1,gourmet
u_0283,2426,1,gourmet
u_0283,422,1,gourmet
u_0283,390,1,gourmet
u_0283,924,1,gourmet
u_0283,2414,1,gourmet
u_0283,210,1,gourmet
u_0283,2321,1,gourmet
u_0283,2313,1,gourmet
u_0283,631,1,gourmet
u_0283,2114,1,gourmet
u_0283,3782,1,gourmet
u_0283,1061,1,gourmet
u_0283,330,1,gourmet
u_0283,1909,1,gourmet
u_0283,1892,1,gourmet
u_0283,2142,1,gourmet
u_0283,440,1,gourmet
u_0283,3091,1,gourmet
u_0283,1504,1,gourmet
u_0283,2239,1,gourmet
u_0283,820,1,gourmet
u_0283,1822,1,gourmet
u_0283,3819,1,gourmet
u_0284,2403,1,veg_cook
u_0284,2029,1,veg_cook
u_0284,745,1,veg_cook
u_0284,324,1,veg_cook
u_0284,687,1,veg_cook
u_0284,3010,1,veg_cook
u_0284,2065,1,veg_cook
u_0284,905,1,veg_cook
u_0284,2273,1,veg_cook
u_0284,2517,1,veg_cook
u_0284,1317,1,veg_cook
u_0284,4601,1,veg_cook
u_0284,5001,1,veg_cook
u_0284,5007,1,veg_cook
u_0284,3631,1,veg_cook
u_0284,2306,1,veg_cook
u_0284,718,1,veg_cook
u_0284,953,1,veg_cook
u_0284,1333,1,veg_cook
u_0284,1219,1,veg_cook
u_0284,1777,1,veg_cook
u_0284,834,1,veg_cook
u_0284,937,1,veg_cook
u_0284,4131,1,veg_cook
u_0284,461,1,veg_cook
u_0284,579,1,veg_cook
u_0284,772,1,veg_cook
u_0284,1061,1,veg_cook
u_0284,1757,1,veg_cook
u_0284,1035,1,veg_cook
u_0284,570,1,veg_cook
u_0284,852,1,veg_cook
u_0284,2177,1,veg_cook
u_0284,608,1,veg_cook
u_0284,1549,1,veg_cook
u_0284,1555,1,veg_cook
u_0284,1469,1,veg_cook
u_0284,617,1,veg_cook
u_0284,849,1,veg_cook
u_0284,2870,1,veg_cook
u_0284,930,1,veg_cook
u_0284,1293,1,veg_cook
u_0284,2523,1,veg_cook
u_0285,2863,1,festival_shopper
u_0285,1762,1,festival_shopper
u_0285,1595,1,festival_shopper
u_0285,593,1,festival_shopper
u_0285,1832,1,festival_shopper
u_0285,1810,1,festival_shopper
u_0285,1402,1,festival_shopper
u_0285,1652,1,festival_shopper
u_0285,481,1,festival_shopper
u_0285,959,1,festival_shopper
u_0285,2486,1,festival_shopper
u_0285,245,1,festival_shopper
u_0285,884,1,festival_shopper
u_0285,83,1,festival_shopper
u_0285,2473,1,festival_shopper
u_0285,856,1,festival_shopper
u_0285,723,1,festival_shopper
u_0285,189,1,festival_shopper
u_0285,45,1,festival_shopper
u_0285,3068,1,festival_shopper
u_0285,1133,1,festival_shopper
u_0285,670,1,festival_shopper
u_0285,576,1,festival_shopper
u_0285,1765,2,festival_shopper
u_0285,2693,1,festival_shopper
u_0285,926,1,festival_shopper
u_0285,877,1,festival_shopper
u_0285,1578,1,festival_shopper
u_0285,1184,1,festival_shopper
u_0285,4086,1,festival_shopper
u_0285,203,1,festival_shopper
u_0285,1692,1,festival_shopper
u_0285,508,1,festival_shopper
u_0285,4527,1,festival_shopper
u_0285,1729,1,festival_shopper
u_0285,1362,1,festival_shopper
u_0285,289,1,festival_shopper
u_0285,2334,1,festival_shopper
u_0285,2449,1,festival_shopper
u_0285,1139,1,festival_shopper
u_0285,2071,1,festival_shopper
u_0285,4549,1,festival_shopper
u_0285,3145,1,festival_shopper
u_0286,451,1,festival_shopper
u_0286,1328,1,festival_shopper
u_0286,2788,1,festival_shopper
u_0286,3249,1,festival_shopper
u_0286,1019,1,festival_shopper
u_0286,1773,1,festival_shopper
u_0286,2325,1,festival_shopper
u_0286,1775,1,festival_shopper
u_0286,500,1,festival_shopper
u_0286,2743,1,festival_shopper
u_0286,1638,1,festival_shopper
u_0286,67,1,festival_shopper
u_0286,3027,1,festival_shopper
u_0286,1770,1,festival_shopper
u_0286,2966,1,festival_shopper
u_0286,2480,1,festival_shopper
u_0286,1436,1,festival_shopper
u_0286,1614,1,festival_shopper
u_0286,2189,1,festival_shopper
u_0286,2670,1,festival_shopper
u_0286,2545,1,festival_shopper
u_0286,1508,1,festival_shopper
u_0286,4313,1,festival_shopper
u_0286,1152,1,festival_shopper
u_0286,155,1,festival_shopper
u_0286,4035,1,festival_shopper
u_0286,1427,1,festival_shopper
u_0286,379,1,festival_shopper
u_0286,2360,1,festival_shopper
u_0286,181,1,festival_shopper
u_0286,1531,1,festival_shopper
u_0286,1668,1,festival_shopper
u_0286,2709,1,festival_shopper
u_0286,1480,1,festival_shopper
u_0286,255,1,festival_shopper
u_0286,1348,1,festival_shopper
u_0286,2587,1,festival_shopper
u_0286,1662,1,festival_shopper
u_0287,4104,1,snack_lover
u_0287,3543,1,snack_lover
u_0287,2941,1,snack_lover
u_0287,3650,1,snack_lover
u_0287,3575,1,snack_lover
u_0287,3078,1,snack_lover
u_0287,4281,1,snack_lover
u_0287,3328,1,snack_lover
u_0287,3345,1,snack_lover
u_0287,3183,1,snack_lover
u_0287,3504,1,snack_lover
u_0287,3534,1,snack_lover
u_0287,4083,1,snack_lover
u_0287,5035,1,snack_lover
u_0287,3294,1,snack_lover
u_0287,4013,1,snack_lover
u_0287,3042,1,snack_lover
u_0287,3494,1,snack_lover
u_0287,4353,1,snack_lover
u_0287,3346,1,snack_lover
u_0287,4124,1,snack_lover
u_0287,4207,1,snack_lover
u_0287,4183,1,snack_lover
u_0287,4333,1,snack_lover
u_0287,3620,1,snack_lover
u_0287,2078,1,snack_lover
u_0287,3567,1,snack_lover
u_0287,3245,1,snack_lover
u_0287,3840,1,snack_lover
u_0287,3487,1,snack_lover
u_0287,3749,1,snack_lover
u_0287,3551,1,snack_lover
u_0287,3756,1,snack_lover
u_0287,2795,1,snack_lover
u_0287,3151,1,snack_lover
u_0287,3439,1,snack_lover
u_0287,3554,1,snack_lover
u_0287,3227,1,snack_lover
u_0287,3832,1,snack_lover
u_0287,3553,1,snack_lover
u_0287,3827,1,snack_lover
u_0287,3875,1,snack_lover
u_0287,3478,1,snack_lover
u_0287,4109,1,snack_lover
u_0288,2498,1,breakfast_shopper
u_0288,4435,1,breakfast_shopper
u_0288,101,1,breakfast_shopper
u_0288,1166,1,breakfast_shopper
u_0288,1414,1,breakfast_shopper
u_0288,2728,1,breakfast_shopper
u_0288,3611,1,breakfast_shopper
u_0288,1685,1,breakfast_shopper
u_0288,72,1,breakfast_shopper
u_0288,4479,1,breakfast_shopper
u_0288,2688,1,breakfast_shopper
u_0288,4191,1,breakfast_shopper
u_0288,4567,1,breakfast_shopper
u_0288,28,1,breakfast_shopper
u_0288,4403,1,breakfast_shopper
u_0288,2345,1,breakfast_shopper
u_0288,240,1,breakfast_shopper
u_0288,4402,1,breakfast_shopper
u_0288,2596,1,breakfast_shopper
u_0288,4229,1,breakfast_shopper
u_0288,1646,1,breakfast_shopper
u_0288,2381,1,breakfast_shopper
u_0288,4366,1,breakfast_shopper
u_0288,3114,1,breakfast_shopper
u_0288,2623,1,breakfast_shopper
u_0288,2603,1,breakfast_shopper
u_0288,1347,1,breakfast_shopper
u_0288,4171,1,breakfast_shopper
u_0289,1247,1,veg_cook
u_0289,535,1,veg_cook
u_0289,2364,1,veg_cook
u_0289,830,1,veg_cook
u_0289,2525,1,veg_cook
u_0289,4243,1,veg_cook
u_0289,913,1,veg_cook
u_0289,2376,1,veg_cook
u_0289,1840,1,veg_cook
u_0289,2475,1,veg_cook
u_0289,3072,1,veg_cook
u_0289,785,1,veg_cook
u_0289,2678,1,veg_cook
u_0289,1568,1,veg_cook
u_0289,2089,2,veg_cook
u_0289,359,1,veg_cook
u_0289,866,1,veg_cook
u_0289,966,1,veg_cook
u_0289,502,1,veg_cook
u_0289,2114,1,veg_cook
u_0289,641,1,veg_cook
u_0289,2438,1,veg_cook
u_0289,4170,1,veg_cook
u_0289,1913,1,veg_cook
u_0289,511,1,veg_cook
u_0289,338,1,veg_cook
u_0289,3100,1,veg_cook
u_0289,2135,1,veg_cook
u_0289,601,1,veg_cook
u_0289,549,1,veg_cook
u_0289,237,1,veg_cook
u_0289,2477,1,veg_cook
u_0289,1950,1,veg_cook
u_0289,2992,1,veg_cook
u_0289,3128,1,veg_cook
u_0289,729,1,veg_cook
u_0289,1237,1,veg_cook
u_0289,2388,1,veg_cook
u_0289,4044,1,veg_cook
u_0289,2553,1,veg_cook
u_0289,1077,1,veg_cook
u_0290,354,1,fruit_lover
u_0290,2708,1,fruit_lover
u_0290,15,1,fruit_lover
u_0290,184,1,fruit_lover
u_0290,510,1,fruit_lover
u_0290,295,1,fruit_lover
u_0290,305,1,fruit_lover
u_0290,513,1,fruit_lover
u_0290,2506,1,fruit_lover
u_0290,560,1,fruit_lover
u_0290,149,1,fruit_lover
u_0290,2037,1,fruit_lover
u_0290,273,1,fruit_lover
u_0290,2188,1,fruit_lover
u_0290,1097,1,fruit_lover
u_0290,2788,1,fruit_lover
u_0290,1889,1,fruit_lover
u_0290,1066,1,fruit_lover
u_0290,1023,1,fruit_lover
u_0290,442,1,fruit_lover
u_0290,148,1,fruit_lover
u_0290,1207,1,fruit_lover
u_0290,271,1,fruit_lover
u_0290,444,1,fruit_lover
u_0290,89,1,fruit_lover
u_0290,280,1,fruit_lover
u_0290,987,1,fruit_lover
u_0290,2414,2,fruit_lover
u_0290,2175,1,fruit_lover
u_0291,1121,1,veg_cook
u_0291,551,1,veg_cook
u_0291,4685,1,veg_cook
u_0291,769,1,veg_cook
u_0291,3059,1,veg_cook
u_0291,475,1,veg_cook
u_0291,2411,1,veg_cook
u_0291,2372,1,veg_cook
u_0291,1149,1,veg_cook
u_0291,527,1,veg_cook
u_0291,884,1,veg_cook
u_0291,846,1,veg_cook
u_0291,753,1,veg_cook
u_0291,156,1,veg_cook
u_0291,152,1,veg_cook
u_0291,1269,1,veg_cook
u_0291,2011,1,veg_cook
u_0291,306,1,veg_cook
u_0291,2133,1,veg_cook
u_0291,848,1,veg_cook
u_0291,856,1,veg_cook
u_0291,873,1,veg_cook
u_0291,1861,1,veg_cook
u_0291,2518,1,veg_cook
u_0291,2771,1,veg_cook
u_0291,1511,1,veg_cook
u_0291,2549,1,veg_cook
u_0291,345,1,veg_cook
u_0291,3042,1,veg_cook
u_0291,2541,1,veg_cook
u_0291,2662,1,veg_cook
u_0291,2272,1,veg_cook
u_0291,585,1,veg_cook
u_0291,2660,1,veg_cook
u_0291,624,1,veg_cook
u_0291,1073,1,veg_cook
u_0291,3541,1,veg_cook
u_0292,3008,1,household_stocker
u_0292,280,1,household_stocker
u_0292,2629,1,household_stocker
u_0292,2266,1,household_stocker
u_0292,1885,1,household_stocker
u_0292,3065,1,household_stocker
u_0292,955,1,household_stocker
u_0292,541,1,household_stocker
u_0292,100,1,household_stocker
u_0292,3896,1,household_stocker
u_0292,3107,1,household_stocker
u_0292,2819,1,household_stocker
u_0292,3066,1,household_stocker
u_0292,3022,1,household_stocker
u_0292,3210,1,household_stocker
u_0292,3122,1,household_stocker
u_0292,2163,1,household_stocker
u_0292,49,1,household_stocker
u_0292,2902,1,household_stocker
u_0292,2668,1,household_stocker
u_0292,664,1,household_stocker
u_0292,623,1,household_stocker
u_0292,2402,1,household_stocker
u_0292,2609,1,household_stocker
u_0292,754,1,household_stocker
u_0292,2161,1,household_stocker
u_0292,173,1,household_stocker
u_0292,2252,1,household_stocker
u_0292,2541,1,household_stocker
u_0293,4439,1,fruit_lover
u_0293,570,1,fruit_lover
u_0293,4624,1,fruit_lover
u_0293,425,2,fruit_lover
u_0293,139,1,fruit_lover
u_0293,2144,1,fruit_lover
u_0293,899,1,fruit_lover
u_0293,1598,1,fruit_lover
u_0293,85,1,fruit_lover
u_0293,1336,1,fruit_lover
u_0293,3039,1,fruit_lover
u_0293,248,1,fruit_lover
u_0293,626,1,fruit_lover
u_0293,78,1,fruit_lover
u_0293,422,1,fruit_lover
u_0293,2587,1,fruit_lover
u_0293,1383,1,fruit_lover
u_0293,459,1,fruit_lover
u_0293,3213,1,fruit_lover
u_0293,544,1,fruit_lover
u_0293,738,1,fruit_lover
u_0293,2177,1,fruit_lover
u_0293,2178,1,fruit_lover
u_0293,2583,1,fruit_lover
u_0293,4159,1,fruit_lover
u_0293,1187,1,fruit_lover
u_0293,2670,1,fruit_lover
u_0293,1969,1,fruit_lover
u_0293,311,1,fruit_lover
u_0293,305,1,fruit_lover
u_0293,2182,1,fruit_lover
u_0293,1380,1,fruit_lover
u_0293,1114,1,fruit_lover
u_0293,2530,1,fruit_lover
u_0293,794,1,fruit_lover
u_0293,423,1,fruit_lover
u_0293,2678,1,fruit_lover
u_0293,1171,1,fruit_lover
u_0293,2483,1,fruit_lover
u_0294,3520,1,snack_lover
u_0294,3110,1,snack_lover
u_0294,3936,1,snack_lover
u_0294,1065,1,snack_lover
u_0294,2099,1,snack_lover
u_0294,3541,1,snack_lover
u_0294,3871,1,snack_lover
u_0294,3882,1,snack_lover
u_0294,2817,1,snack_lover
u_0294,3185,1,snack_lover
u_0294,3123,1,snack_lover
u_0294,2426,1,snack_lover
u_0294,4423,1,snack_lover
u_0294,4364,1,snack_lover
u_0294,4459,1,snack_lover
u_0294,3362,1,snack_lover
u_0294,3415,1,snack_lover
u_0294,3295,1,snack_lover
u_0294,4071,1,snack_lover
u_0294,3608,1,snack_lover
u_0294,4169,1,snack_lover
u_0294,3604,1,snack_lover
u_0294,3172,1,snack_lover
u_0294,3345,1,snack_lover
u_0294,3894,1,snack_lover
u_0294,3355,1,snack_lover
u_0294,3303,1,snack_lover
u_0294,3672,2,snack_lover
u_0294,4391,1,snack_lover
u_0294,2910,1,snack_lover
u_0294,4580,1,snack_lover
u_0294,2793,1,snack_lover
u_0294,4118,1,snack_lover
u_0294,4057,1,snack_lover
u_0294,3844,1,snack_lover
u_0294,4123,1,snack_lover
u_0294,4567,1,snack_lover
u_0294,3912,1,snack_lover
u_0295,2363,1,breakfast_shopper
u_0295,4205,1,breakfast_shopper
u_0295,3300,1,breakfast_shopper
u_0295,4366,1,breakfast_shopper
u_0295,3524,1,breakfast_shopper
u_0295,714,1,breakfast_shopper
u_0295,979,1,breakfast_shopper
u_0295,138,1,breakfast_shopper
u_0295,4422,1,breakfast_shopper
u_0295,2367,1,breakfast_shopper
u_0295,4278,1,breakfast_shopper
u_0295,4494,1,breakfast_shopper
u_0295,4470,1,breakfast_shopper
u_0295,3072,1,breakfast_shopper
u_0295,4908,1,breakfast_shopper
u_0295,4549,1,breakfast_shopper
u_0295,135,1,breakfast_shopper
u_0295,4547,1,breakfast_shopper
u_0295,4563,1,breakfast_shopper
u_0295,256,1,breakfast_shopper
u_0295,2343,1,breakfast_shopper
u_0295,2505,1,breakfast_shopper
u_0295,4181,1,breakfast_shopper
u_0295,777,1,breakfast_shopper
u_0295,2454,2,breakfast_shopper
u_0295,4498,1,breakfast_shopper
u_0295,2605,1,breakfast_shopper
u_0295,2694,1,breakfast_shopper
u_0295,1124,1,breakfast_shopper
u_0295,4310,1,breakfast_shopper
u_0295,3627,1,breakfast_shopper
u_0295,2483,1,breakfast_shopper
u_0295,2570,1,breakfast_shopper
u_0295,2507,1,breakfast_shopper
u_0295,2410,1,breakfast_shopper
u_0295,4376,1,breakfast_shopper
u_0295,4486,1,breakfast_shopper
u_0295,409,1,breakfast_shopper
u_0295,361,1,breakfast_shopper
u_0295,847,1,breakfast_shopper
u_0296,1527,1,festival_shopper
u_0296,3119,1,festival_shopper
u_0296,1155,1,festival_shopper
u_0296,811,1,festival_shopper
u_0296,961,1,festival_shopper
u_0296,2589,1,festival_shopper
u_0296,2108,1,festival_shopper
u_0296,1654,1,festival_shopper
u_0296,1285,1,festival_shopper
u_0296,2330,1,festival_shopper
u_0296,241,1,festival_shopper
u_0296,869,1,festival_shopper
u_0296,1140,1,festival_shopper
u_0296,726,1,festival_shopper
u_0296,2219,1,festival_shopper
u_0296,466,1,festival_shopper
u_0296,184,1,festival_shopper
u_0296,1794,1,festival_shopper
u_0296,1766,1,festival_shopper
u_0296,222,1,festival_shopper
u_0296,89,1,festival_shopper
u_0296,1715,1,festival_shopper
u_0296,69,1,festival_shopper
u_0296,1535,1,festival_shopper
u_0296,2547,1,festival_shopper
u_0296,1450,1,festival_shopper
u_0296,734,1,festival_shopper
u_0296,1195,1,festival_shopper
u_0296,636,1,festival_shopper
u_0296,3556,1,festival_shopper
u_0296,1227,1,festival_shopper
u_0296,3177,1,festival_shopper
u_0296,2381,1,festival_shopper
u_0296,1345,1,festival_shopper
u_0297,2641,1,household_stocker
u_0297,2428,1,household_stocker
u_0297,3181,1,household_stocker
u_0297,829,1,household_stocker
u_0297,1908,1,household_stocker
u_0297,2200,1,household_stocker
u_0297,2799,1,household_stocker
u_0297,4537,1,household_stocker
u_0297,4286,1,household_stocker
u_0297,2639,1,household_stocker
u_0297,3196,1,household_stocker
u_0297,1636,1,household_stocker
u_0297,2433,1,household_stocker
u_0297,1496,1,household_stocker
u_0297,1468,1,household_stocker
u_0297,1178,1,household_stocker
u_0297,1127,1,household_stocker
u_0297,4268,1,household_stocker
u_0297,2629,1,household_stocker
u_0297,4966,1,household_stocker
u_0297,2073,1,household_stocker
u_0297,2689,1,household_stocker
u_0297,113,1,household_stocker
u_0297,546,1,household_stocker
u_0297,604,1,household_stocker
u_0297,4565,1,household_stocker
u_0298,2459,1,breakfast_shopper
u_0298,3889,1,breakfast_shopper
u_0298,2754,1,breakfast_shopper
u_0298,4246,1,breakfast_shopper
u_0298,2606,1,breakfast_shopper
u_0298,2530,1,breakfast_shopper
u_0298,2318,1,breakfast_shopper
u_0298,4478,1,breakfast_shopper
u_0298,2664,1,breakfast_shopper
u_0298,2648,1,breakfast_shopper
u_0298,3612,1,breakfast_shopper
u_0298,2642,1,breakfast_shopper
u_0298,3337,1,breakfast_shopper
u_0298,373,1,breakfast_shopper
u_0298,3281,1,breakfast_shopper
u_0298,4411,1,breakfast_shopper
u_0298,4431,1,breakfast_shopper
u_0298,4166,1,breakfast_shopper
u_0298,387,1,breakfast_shopper
u_0298,76,1,breakfast_shopper
u_0298,868,1,breakfast_shopper
u_0298,1851,1,breakfast_shopper
u_0298,3825,1,breakfast_shopper
u_0298,2958,1,breakfast_shopper
u_0298,4425,1,breakfast_shopper
u_0298,4498,1,breakfast_shopper
u_0298,2592,1,breakfast_shopper
u_0298,313,1,breakfast_shopper
u_0298,2153,1,breakfast_shopper
u_0298,4323,1,breakfast_shopper
u_0298,4190,2,breakfast_shopper
u_0298,4165,1,breakfast_shopper
u_0298,3548,1,breakfast_shopper
u_0299,559,1,gourmet
u_0299,455,1,gourmet
u_0299,728,1,gourmet
u_0299,2719,1,gourmet
u_0299,394,1,gourmet
u_0299,2030,1,gourmet
u_0299,2119,1,gourmet
u_0299,672,1,gourmet
u_0299,131,1,gourmet
u_0299,979,1,gourmet
u_0299,2246,1,gourmet
u_0299,64,1,gourmet
u_0299,1157,1,gourmet
u_0299,3216,1,gourmet
u_0299,2478,1,gourmet
u_0299,2197,1,gourmet
u_0299,2268,1,gourmet
u_0299,226,1,gourmet
u_0299,199,1,gourmet
u_0299,4288,1,gourmet
u_0299,848,1,gourmet
u_0299,3185,1,gourmet
u_0299,794,1,gourmet
u_0299,2449,1,gourmet
u_0299,2608,1,gourmet
u_0299,2312,1,gourmet
u_0299,1979,1,gourmet
u_0299,309,1,gourmet
u_0299,1902,1,gourmet
u_0299,1868,1,gourmet
u_0299,2438,1,gourmet
u_0299,2356,1,gourmet
u_0299,2656,1,gourmet
u_0299,3037,1,gourmet
u_0299,4447,1,gourmet
u_0299,2392,1,gourmet
u_0300,673,1,veg_cook
u_0300,1678,1,veg_cook
u_0300,677,1,veg_cook
u_0300,1483,1,veg_cook
u_0300,2070,1,veg_cook
u_0300,903,1,veg_cook
u_0300,1149,1,veg_cook
u_0300,1350,1,veg_cook
u_0300,126,1,veg_cook
u_0300,164,1,veg_cook
u_0300,4652,1,veg_cook
u_0300,302,1,veg_cook
u_0300,898,1,veg_cook
u_0300,3661,1,veg_cook
u_0300,3218,1,veg_cook
u_0300,2567,1,veg_cook
u_0300,2235,1,veg_cook
u_0300,2511,1,veg_cook
u_0300,3747,1,veg_cook
u_0300,2490,1,veg_cook
u_0300,1119,1,veg_cook
u_0300,1850,1,veg_cook
u_0300,4946,1,veg_cook
u_0300,738,1,veg_cook
u_0300,382,1,veg_cook
u_0300,4826,1,veg_cook
u_0300,2336,1,veg_cook
u_0300,922,1,veg_cook
u_0300,1680,1,veg_cook
u_0300,1058,1,veg_cook
u_0300,3057,1,veg_cook
u_0300,1603,1,veg_cook
u_0300,602,1,veg_cook
u_0300,638,1,veg_cook
u_0301,1070,1,fruit_lover
u_0301,462,1,fruit_lover
u_0301,3002,1,fruit_lover
u_0301,1061,1,fruit_lover
u_0301,170,1,fruit_lover
u_0301,1609,1,fruit_lover
u_0301,814,1,fruit_lover
u_0301,198,1,fruit_lover
u_0301,253,1,fruit_lover
u_0301,360,1,fruit_lover
u_0301,1977,1,fruit_lover
u_0301,417,1,fruit_lover
u_0301,414,1,fruit_lover
u_0301,260,1,fruit_lover
u_0301,387,2,fruit_lover
u_0301,1725,1,fruit_lover
u_0301,2351,1,fruit_lover
u_0301,736,1,fruit_lover
u_0301,2890,1,fruit_lover
u_0301,2145,1,fruit_lover
u_0301,1245,1,fruit_lover
u_0301,1414,1,fruit_lover
u_0301,4499,1,fruit_lover
u_0301,662,1,fruit_lover
u_0301,2595,1,fruit_lover
u_0301,2950,1,fruit_lover
u_0301,1176,1,fruit_lover
u_0301,1431,1,fruit_lover
u_0301,4,1,fruit_lover
u_0301,15,1,fruit_lover
u_0301,2121,1,fruit_lover
u_0301,825,1,fruit_lover
u_0301,389,1,fruit_lover
u_0301,3293,1,fruit_lover
u_0301,2157,1,fruit_lover
u_0301,166,1,fruit_lover
u_0301,486,1,fruit_lover
u_0301,537,1,fruit_lover
u_0301,3314,1,fruit_lover
u_0301,1203,1,fruit_lover
u_0301,771,1,fruit_lover
u_0301,263,1,fruit_lover
u_0301,1304,1,fruit_lover
u_0301,694,1,fruit_lover
u_0301,1979,1,fruit_lover
u_0301,382,1,fruit_lover
u_0301,14,1,fruit_lover
u_0302,3000,1,snack_lover
u_0302,3327,1,snack_lover
u_0302,3165,1,snack_lover
u_0302,3819,1,snack_lover
u_0302,4056,1,snack_lover
u_0302,3228,1,snack_lover
u_0302,3128,1,snack_lover
u_0302,157,1,snack_lover
u_0302,3285,1,snack_lover
u_0302,3137,1,snack_lover
u_0302,3048,1,snack_lover
u_0302,3646,1,snack_lover
u_0302,3976,1,snack_lover
u_0302,3385,1,snack_lover
u_0302,3288,1,snack_lover
u_0302,3868,1,snack_lover
u_0302,2809,1,snack_lover
u_0302,3801,1,snack_lover
u_0302,4352,1,snack_lover
u_0302,3370,1,snack_lover
u_0302,2000,1,snack_lover
u_0302,3859,1,snack_lover
u_0302,4564,1,snack_lover
u_0302,4118,1,snack_lover
u_0302,3883,1,snack_lover
u_0302,3380,1,snack_lover
u_0302,3957,1,snack_lover
u_0303,33,1,fruit_lover
u_0303,1810,1,fruit_lover
u_0303,2281,1,fruit_lover
u_0303,486,1,fruit_lover
u_0303,2507,1,fruit_lover
u_0303,2095,1,fruit_lover
u_0303,3182,1,fruit_lover
u_0303,244,1,fruit_lover
u_0303,1064,1,fruit_lover
u_0303,53,1,fruit_lover
u_0303,1465,1,fruit_lover
u_0303,1160,1,fruit_lover
u_0303,2011,1,fruit_lover
u_0303,2475,1,fruit_lover
u_0303,192,1,fruit_lover
u_0303,1829,1,fruit_lover
u_0303,238,1,fruit_lover
u_0303,2176,1,fruit_lover
u_0303,2061,1,fruit_lover
u_0303,2471,1,fruit_lover
u_0303,1519,1,fruit_lover
u_0303,652,1,fruit_lover
u_0303,586,1,fruit_lover
u_0303,201,1,fruit_lover
u_0303,178,1,fruit_lover
u_0303,476,1,fruit_lover
u_0303,320,1,fruit_lover
u_0303,2389,1,fruit_lover
u_0303,2764,1,fruit_lover
u_0303,328,1,fruit_lover
u_0303,16,1,fruit_lover
u_0303,2757,1,fruit_lover
u_0303,299,1,fruit_lover
u_0303,4241,1,fruit_lover
u_0303,797,1,fruit_lover
u_0303,2996,1,fruit_lover
u_0303,4248,1,fruit_lover
u_0303,836,1,fruit_lover
u_0303,2043,1,fruit_lover
u_0303,2781,1,fruit_lover
u_0303,65,1,fruit_lover
u_0304,3045,1,household_stocker
u_0304,2823,1,household_stocker
u_0304,295,1,household_stocker
u_0304,1540,1,household_stocker
u_0304,2522,1,household_stocker
u_0304,190,1,household_stocker
u_0304,2675,1,household_stocker
u_0304,2908,1,household_stocker
u_0304,784,1,household_stocker
u_0304,1433,1,household_stocker
u_0304,3140,1,household_stocker
u_0304,92,1,household_stocker
u_0304,2378,1,household_stocker
u_0304,2773,1,household_stocker
u_0304,4443,1,household_stocker
u_0304,2596,1,household_stocker
u_0304,1212,1,household_stocker
u_0304,2892,1,household_stocker
u_0304,68,1,household_stocker
u_0304,517,1,household_stocker
u_0304,2952,1,household_stocker
u_0304,321,1,household_stocker
u_0304,149,1,household_stocker
u_0304,1965,1,household_stocker
u_0304,2434,1,household_stocker
u_0305,4287,1,snack_lover
u_0305,4033,1,snack_lover
u_0305,3575,1,snack_lover
u_0305,3508,1,snack_lover
u_0305,3977,1,snack_lover
u_0305,4096,1,snack_lover
u_0305,3310,1,snack_lover
u_0305,3990,1,snack_lover
u_0305,3890,1,snack_lover
u_0305,3896,1,snack_lover
u_0305,2964,1,snack_lover
u_0305,4060,1,snack_lover
u_0305,3808,1,snack_lover
u_0305,3311,1,snack_lover
u_0305,3256,1,snack_lover
u_0305,3616,2,snack_lover
u_0305,3831,1,snack_lover
u_0305,3495,1,snack_lover
u_0305,3484,1,snack_lover
u_0305,3686,1,snack_lover
u_0305,3860,1,snack_lover
u_0305,3611,1,snack_lover
u_0305,3246,1,snack_lover
u_0305,3259,1,snack_lover
u_0305,3351,1,snack_lover
u_0305,4517,1,snack_lover
u_0305,1752,1,snack_lover
u_0305,4229,1,snack_lover
u_0305,4038,1,snack_lover
u_0305,2372,1,snack_lover
u_0305,3965,1,snack_lover
u_0305,4140,1,snack_lover
u_0305,3722,1,snack_lover
u_0305,3369,1,snack_lover
u_0305,3814,1,snack_lover
u_0305,3451,1,snack_lover
u_0305,3997,1,snack_lover
u_0305,4053,1,snack_lover
u_0305,2960,1,snack_lover
u_0305,3164,1,snack_lover
u_0305,3033,1,snack_lover
u_0305,3302,1,snack_lover
u_0305,3055,1,snack_lover
u_0306,3918,1,snack_lover
u_0306,3565,1,snack_lover
u_0306,1138,1,snack_lover
u_0306,3811,1,snack_lover
u_0306,3768,1,snack_lover
u_0306,3068,1,snack_lover
u_0306,4277,1,snack_lover
u_0306,2815,1,snack_lover
u_0306,3047,1,snack_lover
u_0306,3836,1,snack_lover
u_0306,3749,1,snack_lover
u_0306,3971,1,snack_lover
u_0306,3394,1,snack_lover
u_0306,3997,1,snack_lover
u_0306,3996,1,snack_lover
u_0306,3558,1,snack_lover
u_0306,4187,1,snack_lover
u_0306,4091,1,snack_lover
u_0306,3581,1,snack_lover
u_0306,4332,1,snack_lover
u_0306,3407,1,snack_lover
u_0306,3546,1,snack_lover
u_0306,4595,1,snack_lover
u_0306,3822,1,snack_lover
u_0306,3538,1,snack_lover
u_0306,3279,1,snack_lover
u_0306,3280,1,snack_lover
u_0306,4836,1,snack_lover
u_0306,803,1,snack_lover
u_0306,3640,1,snack_lover
u_0306,4276,1,snack_lover
u_0306,3421,1,snack_lover
u_0306,4464,1,snack_lover
u_0306,1326,1,snack_lover
u_0306,3187,1,snack_lover
u_0307,676,1,household_stocker
u_0307,2715,1,household_stocker
u_0307,2945,1,household_stocker
u_0307,3188,1,household_stocker
u_0307,3084,1,household_stocker
u_0307,191,1,household_stocker
u_0307,239,1,household_stocker
u_0307,268,1,household_stocker
u_0307,372,1,household_stocker
u_0307,2718,1,household_stocker
u_0307,290,1,household_stocker
u_0307,761,1,household_stocker
u_0307,3154,1,household_stocker
u_0307,3061,1,household_stocker
u_0307,2998,1,household_stocker
u_0307,688,1,household_stocker
u_0307,2777,1,household_stocker
u_0307,1722,1,household_stocker
u_0307,168,1,household_stocker
u_0307,726,1,household_stocker
u_0307,4295,1,household_stocker
u_0307,2458,1,household_stocker
u_0307,2767,1,household_stocker
u_0307,1017,1,household_stocker
u_0307,2509,1,household_stocker
u_0307,2440,1,household_stocker
u_0307,2645,1,household_stocker
u_0307,655,1,household_stocker
u_0307,1066,1,household_stocker
u_0307,4356,1,household_stocker
u_0307,3124,1,household_stocker
u_0307,2188,1,household_stocker
u_0307,540,2,household_stocker
u_0308,1942,1,gourmet
u_0308,2091,1,gourmet
u_0308,2540,1,gourmet
u_0308,839,1,gourmet
u_0308,2167,1,gourmet
u_0308,1052,1,gourmet
u_0308,2912,1,gourmet
u_0308,3185,1,gourmet
u_0308,2295,1,gourmet
u_0308,1074,1,gourmet
u_0308,3195,1,gourmet
u_0308,796,1,gourmet
u_0308,1799,1,gourmet
u_0308,2611,1,gourmet
u_0308,657,1,gourmet
u_0308,1148,1,gourmet
u_0308,1896,1,gourmet
u_0308,2133,1,gourmet
u_0308,2320,1,gourmet
u_0308,1600,1,gourmet
u_0308,2142,1,gourmet
u_0308,2080,1,gourmet
u_0308,1927,1,gourmet
u_0308,2176,1,gourmet
u_0308,2075,1,gourmet
u_0308,2450,1,gourmet
u_0308,4051,1,gourmet
u_0308,2108,1,gourmet
u_0308,1989,1,gourmet
u_0308,343,1,gourmet
u_0308,2890,1,gourmet
u_0308,563,1,gourmet
u_0308,631,1,gourmet
u_0308,3066,1,gourmet
u_0308,2087,1,gourmet
u_0308,2356,1,gourmet
u_0308,2227,1,gourmet
u_0308,1537,1,gourmet
u_0308,2764,1,gourmet
u_0308,739,1,gourmet
u_0308,186,1,gourmet
u_0308,2269,1,gourmet
u_0308,1936,1,gourmet
u_0308,1288,1,gourmet
u_0308,2126,1,gourmet
u_0308,1990,1,gourmet
u_0308,328,1,gourmet
u_0308,4467,1,gourmet
u_0309,4787,1,festival_shopper
u_0309,1428,1,festival_shopper
u_0309,503,1,festival_shopper
u_0309,456,1,festival_shopper
u_0309,472,1,festival_shopper
u_0309,1740,1,festival_shopper
u_0309,2080,1,festival_shopper
u_0309,1816,1,festival_shopper
u_0309,725,1,festival_shopper
u_0309,1663,1,festival_shopper
u_0309,2479,1,festival_shopper
u_0309,2869,1,festival_shopper
u_0309,1466,1,festival_shopper
u_0309,1061,1,festival_shopper
u_0309,1306,1,festival_shopper
u_0309,1987,1,festival_shopper
u_0309,3147,1,festival_shopper
u_0309,196,1,festival_shopper
u_0309,1473,1,festival_shopper
u_0309,1609,1,festival_shopper
u_0309,1763,1,festival_shopper
u_0309,1627,1,festival_shopper
u_0309,1801,1,festival_shopper
u_0309,1850,1,festival_shopper
u_0309,2522,1,festival_shopper
u_0309,1661,1,festival_shopper
u_0309,3868,1,festival_shopper
u_0310,5053,1,fruit_lover
u_0310,1618,1,fruit_lover
u_0310,503,1,fruit_lover
u_0310,549,1,fruit_lover
u_0310,111,1,fruit_lover
u_0310,151,1,fruit_lover
u_0310,2469,1,fruit_lover
u_0310,488,1,fruit_lover
u_0310,139,1,fruit_lover
u_0310,2038,1,fruit_lover
u_0310,154,2,fruit_lover
u_0310,1983,1,fruit_lover
u_0310,133,1,fruit_lover
u_0310,586,1,fruit_lover
u_0310,4042,1,fruit_lover
u_0310,99,1,fruit_lover
u_0310,848,1,fruit_lover
u_0310,696,1,fruit_lover
u_0310,4,1,fruit_lover
u_0310,1971,1,fruit_lover
u_0310,32,1,fruit_lover
u_0310,2343,1,fruit_lover
u_0310,3273,1,fruit_lover
u_0310,76,1,fruit_lover
u_0310,2921,1,fruit_lover
u_0310,506,1,fruit_lover
u_0310,2295,1,fruit_lover
u_0310,2293,1,fruit_lover
u_0310,2334,1,fruit_lover
u_0310,226,1,fruit_lover
u_0310,1010,1,fruit_lover
u_0310,2076,1,fruit_lover
u_0310,1628,1,fruit_lover
u_0310,1503,1,fruit_lover
u_0310,750,1,fruit_lover
u_0311,1535,1,festival_shopper
u_0311,1107,1,festival_shopper
u_0311,704,1,festival_shopper
u_0311,654,1,festival_shopper
u_0311,344,1,festival_shopper
u_0311,1764,1,festival_shopper
u_0311,1536,1,festival_shopper
u_0311,310,1,festival_shopper
u_0311,1830,1,festival_shopper
u_0311,66,1,festival_shopper
u_0311,799,1,festival_shopper
u_0311,1482,1,festival_shopper
u_0311,1438,1,festival_shopper
u_0311,1696,1,festival_shopper
u_0311,1542,1,festival_shopper
u_0311,1763,1,festival_shopper
u_0311,121,1,festival_shopper
u_0311,692,1,festival_shopper
u_0311,4459,1,festival_shopper
u_0311,9,1,festival_shopper
u_0311,1196,1,festival_shopper
u_0311,1493,1,festival_shopper
u_0311,1183,1,festival_shopper
u_0311,1214,1,festival_shopper
u_0311,1496,1,festival_shopper
u_0311,730,1,festival_shopper
u_0311,1149,1,festival_shopper
u_0311,1762,1,festival_shopper
u_0311,2294,1,festival_shopper
u_0311,2308,1,festival_shopper
u_0311,3394,1,festival_shopper
u_0311,28,1,festival_shopper
u_0311,895,1,festival_shopper
u_0311,3675,1,festival_shopper
u_0311,1382,1,festival_shopper
u_0311,2900,1,festival_shopper
u_0311,1199,1,festival_shopper
u_0311,1694,1,festival_shopper
u_0311,3014,1,festival_shopper
u_0312,3519,1,snack_lover
u_0312,3712,1,snack_lover
u_0312,1660,1,snack_lover
u_0312,771,1,snack_lover
u_0312,3336,1,snack_lover
u_0312,4412,1,snack_lover
u_0312,4508,2,snack_lover
u_0312,3520,1,snack_lover
u_0312,2869,1,snack_lover
u_0312,2903,1,snack_lover
u_0312,964,1,snack_lover
u_0312,3347,1,snack_lover
u_0312,3329,1,snack_lover
u_0312,4962,1,snack_lover
u_0312,4369,1,snack_lover
u_0312,272,1,snack_lover
u_0312,3446,1,snack_lover
u_0312,3343,1,snack_lover
u_0312,3392,1,snack_lover
u_0312,3724,1,snack_lover
u_0312,3537,1,snack_lover
u_0312,4365,1,snack_lover
u_0312,3332,1,snack_lover
u_0312,4545,1,snack_lover
u_0312,3659,1,snack_lover
u_0312,3830,1,snack_lover
u_0312,2922,1,snack_lover
u_0312,2,1,snack_lover
u_0312,3586,1,snack_lover
u_0312,403,1,snack_lover
u_0312,3545,1,snack_lover
u_0312,4219,1,snack_lover
u_0312,2094,1,snack_lover
u_0312,3697,1,snack_lover
u_0312,3644,1,snack_lover
u_0312,3553,1,snack_lover
u_0312,3851,1,snack_lover
u_0312,3026,1,snack_lover
u_0312,2877,1,snack_lover
u_0312,3831,1,snack_lover
u_0312,3258,1,snack_lover
u_0312,1621,1,snack_lover
u_0312,2960,1,snack_lover
u_0313,1191,1,veg_cook
u_0313,945,1,veg_cook
u_0313,435,1,veg_cook
u_0313,2030,1,veg_cook
u_0313,554,1,veg_cook
u_0313,865,1,veg_cook
u_0313,526,1,veg_cook
u_0313,660,1,veg_cook
u_0313,5024,1,veg_cook
u_0313,1888,1,veg_cook
u_0313,705,1,veg_cook
u_0313,1694,1,veg_cook
u_0313,2924,1,veg_cook
u_0313,580,1,veg_cook
u_0313,679,1,veg_cook
u_0313,2726,1,veg_cook
u_0313,3068,1,veg_cook
u_0313,2276,1,veg_cook
u_0313,1912,1,veg_cook
u_0313,469,1,veg_cook
u_0313,1236,1,veg_cook
u_0313,691,1,veg_cook
u_0313,2024,1,veg_cook
u_0313,1350,1,veg_cook
u_0313,1021,1,veg_cook
u_0313,1144,1,veg_cook
u_0314,3505,1,snack_lover
u_0314,3950,1,snack_lover
u_0314,3929,1,snack_lover
u_0314,4088,1,snack_lover
u_0314,4533,1,snack_lover
u_0314,3642,1,snack_lover
u_0314,3564,1,snack_lover
u_0314,3330,1,snack_lover
u_0314,4525,1,snack_lover
u_0314,757,1,snack_lover
u_0314,3722,1,snack_lover
u_0314,3346,1,snack_lover
u_0314,3411,1,snack_lover
u_0314,1766,1,snack_lover
u_0314,3443,1,snack_lover
u_0314,756,1,snack_lover
u_0314,3521,1,snack_lover
u_0314,3345,1,snack_lover
u_0314,3957,1,snack_lover
u_0314,2841,1,snack_lover
u_0314,1748,1,snack_lover
u_0314,4521,1,snack_lover
u_0314,3753,1,snack_lover
u_0314,3484,1,snack_lover
u_0314,4482,1,snack_lover
u_0314,3741,1,snack_lover
u_0314,3041,1,snack_lover
u_0314,3463,1,snack_lover
u_0314,3971,1,snack_lover
u_0314,3483,1,snack_lover
u_0314,3500,1,snack_lover
u_0314,3328,1,snack_lover
u_0314,3715,1,snack_lover
u_0315,3929,1,snack_lover
u_0315,3226,1,snack_lover
u_0315,3600,1,snack_lover
u_0315,2983,1,snack_lover
u_0315,2902,1,snack_lover
u_0315,3587,1,snack_lover
u_0315,3266,1,snack_lover
u_0315,2898,1,snack_lover
u_0315,4237,1,snack_lover
u_0315,4059,1,snack_lover
u_0315,4273,1,snack_lover
u_0315,1099,1,snack_lover
u_0315,4488,1,snack_lover
u_0315,3299,1,snack_lover
u_0315,4511,1,snack_lover
u_0315,3666,1,snack_lover
u_0315,3722,1,snack_lover
u_0315,4786,1,snack_lover
u_0315,3965,1,snack_lover
u_0315,3853,1,snack_lover
u_0315,2776,1,snack_lover
u_0315,3386,1,snack_lover
u_0315,1675,1,snack_lover
u_0315,3358,1,snack_lover
u_0315,3719,1,snack_lover
u_0315,3320,1,snack_lover
u_0315,4371,1,snack_lover
u_0315,3733,1,snack_lover
u_0315,4150,1,snack_lover
u_0315,4063,1,snack_lover
u_0315,2710,1,snack_lover
u_0315,3906,1,snack_lover
u_0315,76,1,snack_lover
u_0315,3123,1,snack_lover
u_0315,3567,1,snack_lover
u_0315,3290,1,snack_lover
u_0315,4830,1,snack_lover
u_0315,2793,1,snack_lover
u_0315,3777,1,snack_lover
u_0315,3946,1,snack_lover
u_0316,4593,1,snack_lover
u_0316,158,1,snack_lover
u_0316,2582,1,snack_lover
u_0316,3735,1,snack_lover
u_0316,3207,1,snack_lover
u_0316,4299,1,snack_lover
u_0316,3646,1,snack_lover
u_0316,3307,1,snack_lover
u_0316,1116,1,snack_lover
u_0316,3637,1,snack_lover
u_0316,3634,1,snack_lover
u_0316,1494,1,snack_lover
u_0316,3407,1,snack_lover
u_0316,3327,1,snack_lover
u_0316,3317,1,snack_lover
u_0316,2965,1,snack_lover
u_0316,2373,1,snack_lover
u_0316,3891,1,snack_lover
u_0316,1782,1,snack_lover
u_0316,4575,1,snack_lover
u_0316,4314,1,snack_lover
u_0316,4519,1,snack_lover
u_0316,4399,2,snack_lover
u_0316,2936,1,snack_lover
u_0316,3809,1,snack_lover
u_0316,3873,1,snack_lover
u_0317,203,1,fruit_lover
u_0317,1939,1,fruit_lover
u_0317,1391,1,fruit_lover
u_0317,3159,1,fruit_lover
u_0317,251,1,fruit_lover
u_0317,266,1,fruit_lover
u_0317,2251,1,fruit_lover
u_0317,869,1,fruit_lover
u_0317,1971,1,fruit_lover
u_0317,3164,1,fruit_lover
u_0317,1311,1,fruit_lover
u_0317,385,1,fruit_lover
u_0317,2276,1,fruit_lover
u_0317,2491,1,fruit_lover
u_0317,330,1,fruit_lover
u_0317,2327,1,fruit_lover
u_0317,2111,1,fruit_lover
u_0317,1228,1,fruit_lover
u_0317,206,1,fruit_lover
u_0317,18,1,fruit_lover
u_0317,1994,1,fruit_lover
u_0317,0,1,fruit_lover
u_0317,441,1,fruit_lover
u_0317,1267,1,fruit_lover
u_0317,2633,1,fruit_lover
u_0317,772,1,fruit_lover
u_0317,35,1,fruit_lover
u_0317,1274,1,fruit_lover
u_0317,1624,1,fruit_lover
u_0317,598,1,fruit_lover
u_0317,4894,1,fruit_lover
u_0317,2014,1,fruit_lover
u_0317,328,1,fruit_lover
u_0317,1373,1,fruit_lover
u_0317,352,1,fruit_lover
u_0317,1430,1,fruit_lover
u_0317,788,1,fruit_lover
u_0317,1167,1,fruit_lover
u_0317,2037,1,fruit_lover
u_0318,3137,1,breakfast_shopper
u_0318,567,1,breakfast_shopper
u_0318,3226,1,breakfast_shopper
u_0318,1039,1,breakfast_shopper
u_0318,2384,1,breakfast_shopper
u_0318,4178,1,breakfast_shopper
u_0318,739,1,breakfast_shopper
u_0318,1542,1,breakfast_shopper
u_0318,398,1,breakfast_shopper
u_0318,862,1,breakfast_shopper
u_0318,2586,1,breakfast_shopper
u_0318,3274,1,breakfast_shopper
u_0318,1383,1,breakfast_shopper
u_0318,2708,1,breakfast_shopper
u_0318,4151,1,breakfast_shopper
u_0318,4255,1,breakfast_shopper
u_0318,1828,1,breakfast_shopper
u_0318,3521,1,breakfast_shopper
u_0318,390,1,breakfast_shopper
u_0318,4535,1,breakfast_shopper
u_0318,4448,1,breakfast_shopper
u_0318,2532,1,breakfast_shopper
u_0318,2648,1,breakfast_shopper
u_0318,2783,1,breakfast_shopper
u_0318,2664,1,breakfast_shopper
u_0318,2204,1,breakfast_shopper
u_0318,608,1,breakfast_shopper
u_0318,4297,1,breakfast_shopper
u_0318,2399,1,breakfast_shopper
u_0318,2599,1,breakfast_shopper
u_0318,4574,1,breakfast_shopper
u_0319,2909,1,snack_lover
u_0319,4403,1,snack_lover
u_0319,3557,1,snack_lover
u_0319,343,1,snack_lover
u_0319,3552,1,snack_lover
u_0319,3884,1,snack_lover
u_0319,3664,1,snack_lover
u_0319,3620,1,snack_lover
u_0319,4586,1,snack_lover
u_0319,4382,1,snack_lover
u_0319,3615,1,snack_lover
u_0319,3134,1,snack_lover
u_0319,4075,1,snack_lover
u_0319,3234,1,snack_lover
u_0319,3953,1,snack_lover
u_0319,3842,1,snack_lover
u_0319,4519,1,snack_lover
u_0319,4625,1,snack_lover
u_0319,3372,1,snack_lover
u_0319,292,1,snack_lover
u_0319,2798,1,snack_lover
u_0319,3040,1,snack_lover
u_0319,4347,1,snack_lover
u_0319,3366,1,snack_lover
u_0319,4118,1,snack_lover
u_0319,1624,1,snack_lover
u_0319,3386,1,snack_lover
u_0319,4219,1,snack_lover
u_0319,3334,1,snack_lover
u_0319,3817,1,snack_lover
u_0319,3057,1,snack_lover
u_0319,3593,1,snack_lover
u_0319,4074,1,snack_lover
u_0319,1785,1,snack_lover
u_0319,4252,1,snack_lover
u_0319,4087,1,snack_lover
u_0320,2907,1,gourmet
u_0320,1064,1,gourmet
u_0320,1193,1,gourmet
u_0320,2422,1,gourmet
u_0320,1993,1,gourmet
u_0320,4527,1,gourmet
u_0320,2493,1,gourmet
u_0320,2405,1,gourmet
u_0320,867,1,gourmet
u_0320,2268,1,gourmet
u_0320,2599,1,gourmet
u_0320,2994,1,gourmet
u_0320,4694,1,gourmet
u_0320,1402,1,gourmet
u_0320,2059,1,gourmet
u_0320,2427,1,gourmet
u_0320,366,1,gourmet
u_0320,164,1,gourmet
u_0320,132,1,gourmet
u_0320,2203,2,gourmet
u_0320,56,1,gourmet
u_0320,54,1,gourmet
u_0320,1882,1,gourmet
u_0320,1944,1,gourmet
u_0320,534,1,gourmet
u_0320,1060,1,gourmet
u_0320,599,1,gourmet
u_0320,2005,1,gourmet
u_0320,895,1,gourmet
u_0320,170,1,gourmet
u_0320,1764,1,gourmet
u_0320,21,1,gourmet
u_0320,1334,1,gourmet
u_0320,2924,1,gourmet
u_0320,1439,1,gourmet
u_0320,1907,1,gourmet
u_0320,2159,1,gourmet
u_0320,384,1,gourmet
u_0320,2049,1,gourmet
u_0320,2533,1,gourmet
u_0320,2323,1,gourmet
u_0320,2491,1,gourmet
u_0321,775,1,veg_cook
u_0321,481,1,veg_cook
u_0321,285,1,veg_cook
u_0321,917,1,veg_cook
u_0321,3088,1,veg_cook
u_0321,2044,1,veg_cook
u_0321,1216,1,veg_cook
u_0321,379,1,veg_cook
u_0321,2071,1,veg_cook
u_0321,1396,1,veg_cook
u_0321,1959,1,veg_cook
u_0321,430,1,veg_cook
u_0321,1315,1,veg_cook
u_0321,2252,1,veg_cook
u_0321,2774,1,veg_cook
u_0321,1108,1,veg_cook
u_0321,1926,1,veg_cook
u_0321,801,1,veg_cook
u_0321,3607,1,veg_cook
u_0321,847,1,veg_cook
u_0321,1080,1,veg_cook
u_0321,1016,1,veg_cook
u_0321,1255,1,veg_cook
u_0321,2386,1,veg_cook
u_0321,1045,1,veg_cook
u_0321,3087,1,veg_cook
u_0321,577,1,veg_cook
u_0321,592,1,veg_cook
u_0321,800,1,veg_cook
u_0321,4360,1,veg_cook
u_0321,3859,1,veg_cook
u_0321,609,1,veg_cook
u_0321,1225,1,veg_cook
u_0321,574,1,veg_cook
u_0321,2092,1,veg_cook
u_0321,554,1,veg_cook
u_0321,680,1,veg_cook
u_0321,1224,1,veg_cook
u_0321,2354,1,veg_cook
u_0321,668,1,veg_cook
u_0321,618,1,veg_cook
u_0321,2494,1,veg_cook
u_0321,2375,1,veg_cook
u_0321,3095,1,veg_cook
u_0322,433,1,fruit_lover
u_0322,719,1,fruit_lover
u_0322,2024,1,fruit_lover
u_0322,2303,1,fruit_lover
u_0322,165,1,fruit_lover
u_0322,2228,1,fruit_lover
u_0322,1964,1,fruit_lover
u_0322,1753,1,fruit_lover
u_0322,2642,1,fruit_lover
u_0322,317,1,fruit_lover
u_0322,2255,1,fruit_lover
u_0322,4020,1,fruit_lover
u_0322,263,1,fruit_lover
u_0322,4483,1,fruit_lover
u_0322,4167,1,fruit_lover
u_0322,254,1,fruit_lover
u_0322,1136,1,fruit_lover
u_0322,2590,1,fruit_lover
u_0322,2377,1,fruit_lover
u_0322,2710,1,fruit_lover
u_0322,864,1,fruit_lover
u_0322,1990,1,fruit_lover
u_0322,343,1,fruit_lover
u_0322,341,1,fruit_lover
u_0322,616,1,fruit_lover
u_0322,2379,1,fruit_lover
u_0322,4062,1,fruit_lover
u_0322,360,1,fruit_lover
u_0322,1545,1,fruit_lover
u_0322,199,1,fruit_lover
u_0322,387,1,fruit_lover
u_0322,176,1,fruit_lover
u_0322,181,1,fruit_lover
u_0322,75,1,fruit_lover
u_0322,76,1,fruit_lover
u_0322,197,1,fruit_lover
u_0322,158,1,fruit_lover
u_0322,237,1,fruit_lover
u_0322,4671,1,fruit_lover
u_0322,4926,1,fruit_lover
u_0322,1686,1,fruit_lover
u_0322,2190,1,fruit_lover
u_0322,2253,1,fruit_lover
u_0322,761,1,fruit_lover
u_0323,3393,1,snack_lover
u_0323,3387,1,snack_lover
u_0323,3524,1,snack_lover
u_0323,3335,2,snack_lover
u_0323,1289,1,snack_lover
u_0323,3255,1,snack_lover
u_0323,3902,1,snack_lover
u_0323,722,1,snack_lover
u_0323,4449,1,snack_lover
u_0323,4116,1,snack_lover
u_0323,3910,1,snack_lover
u_0323,3832,1,snack_lover
u_0323,3341,1,snack_lover
u_0323,3871,1,snack_lover
u_0323,4195,1,snack_lover
u_0323,4345,1,snack_lover
u_0323,3809,1,snack_lover
u_0323,3653,1,snack_lover
u_0323,2830,1,snack_lover
u_0323,3257,1,snack_lover
u_0323,3165,1,snack_lover
u_0323,3078,1,snack_lover
u_0323,4357,1,snack_lover
u_0323,3423,1,snack_lover
u_0323,4214,1,snack_lover
u_0323,3205,1,snack_lover
u_0323,3903,1,snack_lover
u_0323,2827,1,snack_lover
u_0323,4461,1,snack_lover
u_0323,3325,1,snack_lover
u_0323,1578,1,snack_lover
u_0323,3978,1,snack_lover
u_0323,3408,1,snack_lover
u_0323,492,1,snack_lover
u_0323,4437,1,snack_lover
u_0323,3138,1,snack_lover
u_0323,3155,1,snack_lover
u_0323,3139,1,snack_lover
u_0323,3120,1,snack_lover
u_0323,1531,1,snack_lover
u_0323,3555,1,snack_lover
u_0323,3631,1,snack_lover
u_0323,3732,1,snack_lover
u_0324,4111,1,breakfast_shopper
u_0324,3593,1,breakfast_shopper
u_0324,1890,1,breakfast_shopper
u_0324,2468,1,breakfast_shopper
u_0324,2290,1,breakfast_shopper
u_0324,3640,1,breakfast_shopper
u_0324,391,1,breakfast_shopper
u_0324,3967,1,breakfast_shopper
u_0324,4298,1,breakfast_shopper
u_0324,4572,1,breakfast_shopper
u_0324,4315,1,breakfast_shopper
u_0324,706,1,breakfast_shopper
u_0324,4475,1,breakfast_shopper
u_0324,4396,1,breakfast_shopper
u_0324,226,1,breakfast_shopper
u_0324,4147,1,breakfast_shopper
u_0324,4831,1,breakfast_shopper
u_0324,4566,1,breakfast_shopper
u_0324,2647,1,breakfast_shopper
u_0324,885,1,breakfast_shopper
u_0324,360,1,breakfast_shopper
u_0324,239,1,breakfast_shopper
u_0324,605,1,breakfast_shopper
u_0324,59,1,breakfast_shopper
u_0324,329,1,breakfast_shopper
u_0325,794,1,fruit_lover
u_0325,968,1,fruit_lover
u_0325,633,1,fruit_lover
u_0325,461,1,fruit_lover
u_0325,182,1,fruit_lover
u_0325,2845,1,fruit_lover
u_0325,1063,1,fruit_lover
u_0325,321,1,fruit_lover
u_0325,2026,1,fruit_lover
u_0325,1781,1,fruit_lover
u_0325,2157,1,fruit_lover
u_0325,971,1,fruit_lover
u_0325,227,1,fruit_lover
u_0325,1865,1,fruit_lover
u_0325,295,1,fruit_lover
u_0325,1207,1,fruit_lover
u_0325,340,1,fruit_lover
u_0325,4962,1,fruit_lover
u_0325,2484,1,fruit_lover
u_0325,3020,1,fruit_lover
u_0325,2339,1,fruit_lover
u_0325,610,1,fruit_lover
u_0325,2909,1,fruit_lover
u_0325,391,1,fruit_lover
u_0325,1936,1,fruit_lover
u_0325,2411,1,fruit_lover
u_0325,581,1,fruit_lover
u_0325,1245,1,fruit_lover
u_0325,2147,1,fruit_lover
u_0325,749,1,fruit_lover
u_0325,930,1,fruit_lover
u_0325,2349,1,fruit_lover
u_0325,454,1,fruit_lover
u_0325,781,1,fruit_lover
u_0325,1182,1,fruit_lover
u_0325,332,1,fruit_lover
u_0325,3775,1,fruit_lover
u_0325,636,1,fruit_lover
u_0325,103,1,fruit_lover
u_0325,2753,1,fruit_lover
u_0325,2519,1,fruit_lover
u_0325,2203,1,fruit_lover
u_0325,4785,1,fruit_lover
u_0325,854,1,fruit_lover
u_0325,878,1,fruit_lover
u_0325,1617,1,fruit_lover
u_0325,1920,1,fruit_lover
u_0326,2012,1,household_stocker
u_0326,4563,1,household_stocker
u_0326,2644,1,household_stocker
u_0326,2543,1,household_stocker
u_0326,608,1,household_stocker
u_0326,1689,1,household_stocker
u_0326,3018,1,household_stocker
u_0326,1817,1,household_stocker
u_0326,2701,1,household_stocker
u_0326,2478,1,household_stocker
u_0326,3277,1,household_stocker
u_0326,307,1,household_stocker
u_0326,3152,1,household_stocker
u_0326,2685,1,household_stocker
u_0326,3067,1,household_stocker
u_0326,282,1,household_stocker
u_0326,376,1,household_stocker
u_0326,2614,1,household_stocker
u_0326,1071,1,household_stocker
u_0326,427,1,household_stocker
u_0326,3116,1,household_stocker
u_0326,2783,1,household_stocker
u_0326,3070,2,household_stocker
u_0326,3043,1,household_stocker
u_0326,806,1,household_stocker
u_0326,745,1,household_stocker
u_0326,3173,1,household_stocker
u_0326,3178,1,household_stocker
u_0326,2272,1,household_stocker
u_0327,3470,1,snack_lover
u_0327,3818,1,snack_lover
u_0327,4322,1,snack_lover
u_0327,3429,1,snack_lover
u_0327,2293,1,snack_lover
u_0327,3838,1,snack_lover
u_0327,822,1,snack_lover
u_0327,1939,1,snack_lover
u_0327,2883,1,snack_lover
u_0327,290,1,snack_lover
u_0327,3575,1,snack_lover
u_0327,3679,1,snack_lover
u_0327,3564,1,snack_lover
u_0327,3411,1,snack_lover
u_0327,3209,1,snack_lover
u_0327,3855,1,snack_lover
u_0327,3800,1,snack_lover
u_0327,3376,1,snack_lover
u_0327,3831,1,snack_lover
u_0327,3175,1,snack_lover
u_0327,3059,1,snack_lover
u_0327,4173,1,snack_lover
u_0327,4320,1,snack_lover
u_0327,3397,1,snack_lover
u_0327,4453,1,snack_lover
u_0327,3786,1,snack_lover
u_0327,3816,1,snack_lover
u_0327,4171,1,snack_lover
u_0327,2786,1,snack_lover
u_0327,3338,1,snack_lover
u_0327,3727,1,snack_lover
u_0327,4197,1,snack_lover
u_0327,4248,1,snack_lover
u_0327,3808,1,snack_lover
u_0327,3897,1,snack_lover
u_0327,4143,1,snack_lover
u_0327,4250,2,snack_lover
u_0328,2716,1,household_stocker
u_0328,2270,1,household_stocker
u_0328,3058,1,household_stocker
u_0328,2815,1,household_stocker
u_0328,621,1,household_stocker
u_0328,3149,1,household_stocker
u_0328,2788,1,household_stocker
u_0328,3049,1,household_stocker
u_0328,2417,1,household_stocker
u_0328,306,1,household_stocker
u_0328,702,1,household_stocker
u_0328,3144,1,household_stocker
u_0328,126,1,household_stocker
u_0328,2371,1,household_stocker
u_0328,195,1,household_stocker
u_0328,129,1,household_stocker
u_0328,2862,1,household_stocker
u_0328,2873,1,household_stocker
u_0328,1844,1,household_stocker
u_0328,3179,1,household_stocker
u_0328,2386,1,household_stocker
u_0328,1099,1,household_stocker
u_0328,2789,1,household_stocker
u_0328,1446,1,household_stocker
u_0328,814,1,household_stocker
u_0328,1974,1,household_stocker
u_0328,823,1,household_stocker
u_0328,3050,1,household_stocker
u_0328,2763,1,household_stocker
u_0328,2872,1,household_stocker
u_0328,1345,1,household_stocker
u_0328,674,1,household_stocker
u_0328,2310,1,household_stocker
u_0328,2637,1,household_stocker
u_0329,4755,1,gourmet
u_0329,57,1,gourmet
u_0329,3510,1,gourmet
u_0329,2320,1,gourmet
u_0329,2487,1,gourmet
u_0329,2196,1,gourmet
u_0329,2724,1,gourmet
u_0329,118,1,gourmet
u_0329,2193,1,gourmet
u_0329,152,1,gourmet
u_0329,311,1,gourmet
u_0329,1906,1,gourmet
u_0329,411,1,gourmet
u_0329,2899,1,gourmet
u_0329,147,1,gourmet
u_0329,1756,1,gourmet
u_0329,2309,1,gourmet
u_0329,593,1,gourmet
u_0329,1920,1,gourmet
u_0329,2518,1,gourmet
u_0329,1119,1,gourmet
u_0329,1855,1,gourmet
u_0329,1671,1,gourmet
u_0329,150,1,gourmet
u_0329,489,1,gourmet
u_0329,2278,1,gourmet
u_0329,4474,1,gourmet
u_0329,907,1,gourmet
u_0329,3320,1,gourmet
u_0329,2501,1,gourmet
u_0329,37,1,gourmet
u_0329,1832,1,gourmet
u_0329,2787,1,gourmet
u_0329,880,1,gourmet
u_0329,579,1,gourmet
u_0329,1250,1,gourmet
u_0330,398,1,festival_shopper
u_0330,1344,1,festival_shopper
u_0330,330,1,festival_shopper
u_0330,1250,1,festival_shopper
u_0330,885,1,festival_shopper
u_0330,1391,1,festival_shopper
u_0330,2236,1,festival_shopper
u_0330,2651,1,festival_shopper
u_0330,1469,1,festival_shopper
u_0330,2272,1,festival_shopper
u_0330,875,1,festival_shopper
u_0330,1758,1,festival_shopper
u_0330,1726,1,festival_shopper
u_0330,45,1,festival_shopper
u_0330,1802,1,festival_shopper
u_0330,1400,1,festival_shopper
u_0330,602,1,festival_shopper
u_0330,1724,1,festival_shopper
u_0330,1068,1,festival_shopper
u_0330,2096,1,festival_shopper
u_0330,1728,1,festival_shopper
u_0330,2187,1,festival_shopper
u_0330,1797,1,festival_shopper
u_0330,221,1,festival_shopper
u_0331,1310,1,veg_cook
u_0331,1117,1,veg_cook
u_0331,2332,1,veg_cook
u_0331,1664,1,veg_cook
u_0331,2135,1,veg_cook
u_0331,1052,1,veg_cook
u_0331,2145,1,veg_cook
u_0331,608,1,veg_cook
u_0331,3134,1,veg_cook
u_0331,2425,1,veg_cook
u_0331,505,1,veg_cook
u_0331,1205,1,veg_cook
u_0331,1325,1,veg_cook
u_0331,1886,1,veg_cook
u_0331,1078,1,veg_cook
u_0331,1061,1,veg_cook
u_0331,113,1,veg_cook
u_0331,662,1,veg_cook
u_0331,547,1,veg_cook
u_0331,578,1,veg_cook
u_0331,477,1,veg_cook
u_0331,3168,1,veg_cook
u_0331,2689,1,veg_cook
u_0331,1008,1,veg_cook
u_0331,938,1,veg_cook
u_0331,1152,1,veg_cook
u_0331,4170,1,veg_cook
u_0331,1593,1,veg_cook
u_0331,672,1,veg_cook
u_0331,902,1,veg_cook
u_0331,1245,1,veg_cook
u_0331,2207,1,veg_cook
u_0331,566,1,veg_cook
u_0331,1432,1,veg_cook
u_0331,2004,1,veg_cook
u_0331,2582,1,veg_cook
u_0331,2547,1,veg_cook
u_0331,941,1,veg_cook
u_0331,1353,1,veg_cook
u_0331,1199,1,veg_cook
u_0331,990,1,veg_cook
u_0331,1361,1,veg_cook
u_0331,2943,1,veg_cook
u_0331,2562,1,veg_cook
u_0332,3781,1,snack_lover
u_0332,3430,1,snack_lover
u_0332,841,1,snack_lover
u_0332,3454,1,snack_lover
u_0332,295,1,snack_lover
u_0332,3322,1,snack_lover
u_0332,3523,1,snack_lover
u_0332,4246,1,snack_lover
u_0332,4541,1,snack_lover
u_0332,4354,1,snack_lover
u_0332,4188,1,snack_lover
u_0332,3476,1,snack_lover
u_0332,3003,1,snack_lover
u_0332,4502,1,snack_lover
u_0332,2316,1,snack_lover
u_0332,4255,1,snack_lover
u_0332,3379,1,snack_lover
u_0332,3391,1,snack_lover
u_0332,4784,1,snack_lover
u_0332,130,1,snack_lover
u_0332,4057,1,snack_lover
u_0332,2903,1,snack_lover
u_0332,3687,1,snack_lover
u_0332,3407,1,snack_lover
u_0332,3546,1,snack_lover
u_0332,4304,1,snack_lover
u_0332,4302,1,snack_lover
u_0332,3251,1,snack_lover
u_0332,4007,1,snack_lover
u_0332,3441,1,snack_lover
u_0332,2870,1,snack_lover
u_0332,1917,1,snack_lover
u_0332,3573,1,snack_lover
u_0332,3283,1,snack_lover
u_0332,3515,1,snack_lover
u_0332,3337,1,snack_lover
u_0332,301,1,snack_lover
u_0332,3291,1,snack_lover
u_0332,3770,1,snack_lover
u_0332,3821,1,snack_lover
u_0332,2878,1,snack_lover
u_0332,376,1,snack_lover
u_0332,4306,1,snack_lover
u_0332,2969,1,snack_lover
u_0333,3078,1,snack_lover
u_0333,4104,1,snack_lover
u_0333,4273,1,snack_lover
u_0333,3090,1,snack_lover
u_0333,3632,1,snack_lover
u_0333,4234,1,snack_lover
u_0333,3491,1,snack_lover
u_0333,3258,1,snack_lover
u_0333,3025,1,snack_lover
u_0333,1344,1,snack_lover
u_0333,3524,1,snack_lover
u_0333,4042,1,snack_lover
u_0333,4040,1,snack_lover
u_0333,1289,1,snack_lover
u_0333,3675,1,snack_lover
u_0333,3785,1,snack_lover
u_0333,3727,1,snack_lover
u_0333,3550,1,snack_lover
u_0333,3319,1,snack_lover
u_0333,3461,1,snack_lover
u_0333,3693,1,snack_lover
u_0333,3755,1,snack_lover
u_0333,3741,1,snack_lover
u_0333,3585,1,snack_lover
u_0334,2962,1,fruit_lover
u_0334,3025,1,fruit_lover
u_0334,76,1,fruit_lover
u_0334,34,1,fruit_lover
u_0334,2764,1,fruit_lover
u_0334,2322,1,fruit_lover
u_0334,98,1,fruit_lover
u_0334,148,1,fruit_lover
u_0334,2432,1,fruit_lover
u_0334,160,1,fruit_lover
u_0334,1915,1,fruit_lover
u_0334,286,1,fruit_lover
u_0334,4908,1,fruit_lover
u_0334,2863,1,fruit_lover
u_0334,1170,1,fruit_lover
u_0334,755,1,fruit_lover
u_0334,467,1,fruit_lover
u_0334,355,1,fruit_lover
u_0334,2058,1,fruit_lover
u_0334,334,1,fruit_lover
u_0334,1019,1,fruit_lover
u_0334,327,1,fruit_lover
u_0334,2745,1,fruit_lover
u_0334,1909,1,fruit_lover
u_0335,3547,1,snack_lover
u_0335,4338,1,snack_lover
u_0335,3871,1,snack_lover
u_0335,2923,1,snack_lover
u_0335,3422,1,snack_lover
u_0335,3892,1,snack_lover
u_0335,3821,1,snack_lover
u_0335,2582,1,snack_lover
u_0335,4120,1,snack_lover
u_0335,3574,1,snack_lover
u_0335,4113,1,snack_lover
u_0335,3548,1,snack_lover
u_0335,3195,1,snack_lover
u_0335,371,1,snack_lover
u_0335,3527,1,snack_lover
u_0335,3120,1,snack_lover
u_0335,3371,1,snack_lover
u_0335,3229,1,snack_lover
u_0335,3581,1,snack_lover
u_0335,3393,1,snack_lover
u_0335,916,1,snack_lover
u_0335,3680,1,snack_lover
u_0335,3486,1,snack_lover
u_0335,4344,1,snack_lover
u_0335,4369,1,snack_lover
u_0335,3440,1,snack_lover
u_0335,3288,1,snack_lover
u_0335,3787,1,snack_lover
u_0335,1016,1,snack_lover
u_0335,2920,1,snack_lover
u_0335,3484,1,snack_lover
u_0335,3579,1,snack_lover
u_0335,3685,1,snack_lover
u_0335,3664,1,snack_lover
u_0335,2377,1,snack_lover
u_0335,1427,1,snack_lover
u_0335,3703,1,snack_lover
u_0335,4312,1,snack_lover
u_0335,4516,1,snack_lover
u_0336,2276,1,veg_cook
u_0336,861,1,veg_cook
u_0336,782,1,veg_cook
u_0336,1371,1,veg_cook
u_0336,469,1,veg_cook
u_0336,1325,1,veg_cook
u_0336,604,1,veg_cook
u_0336,3058,1,veg_cook
u_0336,1483,1,veg_cook
u_0336,1880,1,veg_cook
u_0336,1063,1,veg_cook
u_0336,4449,1,veg_cook
u_0336,489,1,veg_cook
u_0336,103,1,veg_cook
u_0336,503,1,veg_cook
u_0336,1700,1,veg_cook
u_0336,1648,1,veg_cook
u_0336,913,1,veg_cook
u_0336,3013,1,veg_cook
u_0336,2813,1,veg_cook
u_0336,2586,1,veg_cook
u_0336,1877,1,veg_cook
u_0336,1283,1,veg_cook
u_0336,2495,1,veg_cook
u_0336,1568,1,veg_cook
u_0336,2246,1,veg_cook
u_0337,2854,1,household_stocker
u_0337,256,1,household_stocker
u_0337,1110,1,household_stocker
u_0337,736,1,household_stocker
u_0337,35,1,household_stocker
u_0337,1460,1,household_stocker
u_0337,1214,1,household_stocker
u_0337,2864,1,household_stocker
u_0337,2528,1,household_stocker
u_0337,240,1,household_stocker
u_0337,180,1,household_stocker
u_0337,1890,1,household_stocker
u_0337,2412,1,household_stocker
u_0337,2963,1,household_stocker
u_0337,908,1,household_stocker
u_0337,2333,1,household_stocker
u_0337,278,1,household_stocker
u_0337,2738,1,household_stocker
u_0337,3194,1,household_stocker
u_0337,724,1,household_stocker
u_0337,1269,1,household_stocker
u_0337,375,1,household_stocker
u_0337,3642,1,household_stocker
u_0337,3179,1,household_stocker
u_0337,4484,1,household_stocker
u_0337,2604,1,household_stocker
u_0337,4391,1,household_stocker
u_0337,638,1,household_stocker
u_0337,2425,1,household_stocker
u_0337,2441,1,household_stocker
u_0337,1008,1,household_stocker
u_0337,2391,1,household_stocker
u_0337,4837,1,household_stocker
u_0337,2803,1,household_stocker
u_0337,571,1,household_stocker
u_0338,1097,1,gourmet
u_0338,3166,1,gourmet
u_0338,1152,1,gourmet
u_0338,2964,1,gourmet
u_0338,4035,1,gourmet
u_0338,333,1,gourmet
u_0338,1846,1,gourmet
u_0338,525,1,gourmet
u_0338,429,1,gourmet
u_0338,2384,1,gourmet
u_0338,2929,1,gourmet
u_0338,2530,1,gourmet
u_0338,2153,1,gourmet
u_0338,1668,1,gourmet
u_0338,693,1,gourmet
u_0338,223,1,gourmet
u_0338,2279,1,gourmet
u_0338,896,1,gourmet
u_0338,1594,1,gourmet
u_0338,4006,1,gourmet
u_0338,4036,1,gourmet
u_0338,2188,1,gourmet
u_0338,1939,1,gourmet
u_0338,2260,1,gourmet
u_0338,2105,1,gourmet
u_0338,2298,1,gourmet
u_0338,2230,1,gourmet
u_0338,2053,1,gourmet
u_0338,545,1,gourmet
u_0338,686,1,gourmet
u_0338,994,1,gourmet
u_0338,2178,1,gourmet
u_0338,1001,1,gourmet
u_0338,2627,1,gourmet
u_0338,1944,1,gourmet
u_0338,2120,1,gourmet
u_0338,2425,1,gourmet
u_0338,1517,1,gourmet
u_0338,900,1,gourmet
u_0338,1752,1,gourmet
u_0338,1919,1,gourmet
u_0338,3074,1,gourmet
u_0338,78,1,gourmet
u_0338,1964,1,gourmet
u_0338,987,1,gourmet
u_0338,1923,1,gourmet
u_0338,535,1,gourmet
u_0339,2601,1,breakfast_shopper
u_0339,2427,1,breakfast_shopper
u_0339,487,1,breakfast_shopper
u_0339,640,1,breakfast_shopper
u_0339,2640,1,breakfast_shopper
u_0339,616,1,breakfast_shopper
u_0339,2677,1,breakfast_shopper
u_0339,4475,1,breakfast_shopper
u_0339,4532,1,breakfast_shopper
u_0339,586,1,breakfast_shopper
u_0339,2666,1,breakfast_shopper
u_0339,443,1,breakfast_shopper
u_0339,219,1,breakfast_shopper
u_0339,4551,1,breakfast_shopper
u_0339,115,1,breakfast_shopper
u_0339,2697,1,breakfast_shopper
u_0339,4811,1,breakfast_shopper
u_0339,2702,1,breakfast_shopper
u_0339,4443,1,breakfast_shopper
u_0339,4389,1,breakfast_shopper
u_0339,4362,1,breakfast_shopper
u_0339,1589,1,breakfast_shopper
u_0339,2478,1,breakfast_shopper
u_0339,4596,1,breakfast_shopper
u_0339,2476,1,breakfast_shopper
u_0339,2310,1,breakfast_shopper
u_0339,2649,1,breakfast_shopper
u_0339,4257,1,breakfast_shopper
u_0339,3234,1,breakfast_shopper
u_0340,4369,1,veg_cook
u_0340,2410,1,veg_cook
u_0340,153,1,veg_cook
u_0340,526,1,veg_cook
u_0340,716,1,veg_cook
u_0340,1851,1,veg_cook
u_0340,1026,1,veg_cook
u_0340,694,1,veg_cook
u_0340,1347,1,veg_cook
u_0340,2615,1,veg_cook
u_0340,2609,1,veg_cook
u_0340,2127,1,veg_cook
u_0340,2153,1,veg_cook
u_0340,549,1,veg_cook
u_0340,2635,1,veg_cook
u_0340,1918,1,veg_cook
u_0340,2191,1,veg_cook
u_0340,2662,1,veg_cook
u_0340,1009,1,veg_cook
u_0340,683,1,veg_cook
u_0340,1092,1,veg_cook
u_0340,2466,1,veg_cook
u_0340,2228,1,veg_cook
u_0340,1890,1,veg_cook
u_0340,2820,1,veg_cook
u_0340,415,1,veg_cook
u_0340,1322,1,veg_cook
u_0340,206,1,veg_cook
u_0340,3326,1,veg_cook
u_0340,2340,1,veg_cook
u_0340,750,1,veg_cook
u_0341,3201,1,household_stocker
u_0341,4767,1,household_stocker
u_0341,2924,1,household_stocker
u_0341,1631,1,household_stocker
u_0341,773,1,household_stocker
u_0341,2656,1,household_stocker
u_0341,3392,1,household_stocker
u_0341,2590,1,household_stocker
u_0341,3176,1,household_stocker
u_0341,4808,1,household_stocker
u_0341,3033,1,household_stocker
u_0341,2193,1,household_stocker
u_0341,3041,1,household_stocker
u_0341,1050,1,household_stocker
u_0341,2847,1,household_stocker
u_0341,352,1,household_stocker
u_0341,3029,1,household_stocker
u_0341,3144,1,household_stocker
u_0341,3207,1,household_stocker
u_0341,1183,1,household_stocker
u_0341,2886,1,household_stocker
u_0341,456,1,household_stocker
u_0341,2789,1,household_stocker
u_0341,2954,1,household_stocker
u_0341,3052,1,household_stocker
u_0341,396,1,household_stocker
u_0341,3523,1,household_stocker
u_0341,829,1,household_stocker
u_0341,2227,1,household_stocker
u_0341,3385,1,household_stocker
u_0341,345,1,household_stocker
u_0341,28,1,household_stocker
u_0341,1763,1,household_stocker
u_0341,2385,1,household_stocker
u_0341,160,1,household_stocker
u_0341,3202,1,household_stocker
u_0341,3094,1,household_stocker
u_0341,825,1,household_stocker
u_0341,2714,1,household_stocker
u_0341,2956,1,household_stocker
u_0341,2944,1,household_stocker
u_0341,879,1,household_stocker
u_0341,1271,1,household_stocker
u_0341,2520,1,household_stocker
u_0342,2400,1,breakfast_shopper
u_0342,130,1,breakfast_shopper
u_0342,4539,1,breakfast_shopper
u_0342,4575,1,breakfast_shopper
u_0342,4247,1,breakfast_shopper
u_0342,1030,1,breakfast_shopper
u_0342,157,1,breakfast_shopper
u_0342,2648,1,breakfast_shopper
u_0342,4576,1,breakfast_shopper
u_0342,4153,1,breakfast_shopper
u_0342,1300,1,breakfast_shopper
u_0342,4298,1,breakfast_shopper
u_0342,506,1,breakfast_shopper
u_0342,2681,1,breakfast_shopper
u_0342,4382,1,breakfast_shopper
u_0342,2689,1,breakfast_shopper
u_0342,4496,1,breakfast_shopper
u_0342,2546,1,breakfast_shopper
u_0342,2618,1,breakfast_shopper
u_0342,4210,1,breakfast_shopper
u_0342,3539,1,breakfast_shopper
u_0342,341,1,breakfast_shopper
u_0342,2545,1,breakfast_shopper
u_0342,2625,1,breakfast_shopper
u_0342,2707,1,breakfast_shopper
u_0342,4265,1,breakfast_shopper
u_0342,2682,1,breakfast_shopper
u_0342,438,1,breakfast_shopper
u_0342,59,1,breakfast_shopper
u_0342,3325,1,breakfast_shopper
u_0342,1633,1,breakfast_shopper
u_0342,42,1,breakfast_shopper
u_0342,4391,1,breakfast_shopper
u_0342,2632,2,breakfast_shopper
u_0342,2759,1,breakfast_shopper
u_0342,2440,1,breakfast_shopper
u_0342,3699,1,breakfast_shopper
u_0342,4172,1,breakfast_shopper
u_0342,537,1,breakfast_shopper
u_0342,4431,1,breakfast_shopper
u_0342,624,1,breakfast_shopper
u_0342,246,1,breakfast_shopper
u_0342,4196,1,breakfast_shopper
u_0342,4416,1,breakfast_shopper
u_0342,1888,1,breakfast_shopper
u_0342,3596,1,breakfast_shopper
u_0342,427,1,breakfast_shopper
u_0343,2664,1,breakfast_shopper
u_0343,4380,1,breakfast_shopper
u_0343,2384,1,breakfast_shopper
u_0343,3340,1,breakfast_shopper
u_0343,4555,1,breakfast_shopper
u_0343,409,1,breakfast_shopper
u_0343,3428,1,breakfast_shopper
u_0343,4429,1,breakfast_shopper
u_0343,2399,1,breakfast_shopper
u_0343,1979,1,breakfast_shopper
u_0343,3524,1,breakfast_shopper
u_0343,4203,1,breakfast_shopper
u_0343,4491,1,breakfast_shopper
u_0343,380,1,breakfast_shopper
u_0343,2673,1,breakfast_shopper
u_0343,4494,1,breakfast_shopper
u_0343,808,1,breakfast_shopper
u_0343,3310,1,breakfast_shopper
u_0343,4180,1,breakfast_shopper
u_0343,4421,1,breakfast_shopper
u_0343,3335,1,breakfast_shopper
u_0343,4153,1,breakfast_shopper
u_0343,290,1,breakfast_shopper
u_0343,763,1,breakfast_shopper
u_0343,4317,1,breakfast_shopper
u_0343,2343,1,breakfast_shopper
u_0343,4372,1,breakfast_shopper
u_0343,2336,1,breakfast_shopper
u_0343,3348,1,breakfast_shopper
u_0343,3411,1,breakfast_shopper
u_0343,2881,1,breakfast_shopper
u_0343,4208,1,breakfast_shopper
u_0343,489,1,breakfast_shopper
u_0343,403,1,breakfast_shopper
u_0343,4151,1,breakfast_shopper
u_0343,1596,1,breakfast_shopper
u_0343,4281,1,breakfast_shopper
u_0343,2638,1,breakfast_shopper
u_0343,393,1,breakfast_shopper
u_0343,4575,1,breakfast_shopper
u_0343,638,1,breakfast_shopper
u_0343,4553,1,breakfast_shopper
u_0343,2688,1,breakfast_shopper
u_0343,4335,1,breakfast_shopper
u_0343,4483,1,breakfast_shopper
u_0343,2351,1,breakfast_shopper
u_0343,4427,1,breakfast_shopper
u_0343,4938,1,breakfast_shopper
u_0344,2230,1,fruit_lover
u_0344,1078,1,fruit_lover
u_0344,347,1,fruit_lover
u_0344,3989,1,fruit_lover
u_0344,205,1,fruit_lover
u_0344,48,1,fruit_lover
u_0344,89,1,fruit_lover
u_0344,3217,1,fruit_lover
u_0344,2702,1,fruit_lover
u_0344,146,1,fruit_lover
u_0344,379,1,fruit_lover
u_0344,875,1,fruit_lover
u_0344,3101,1,fruit_lover
u_0344,3980,1,fruit_lover
u_0344,450,1,fruit_lover
u_0344,1345,1,fruit_lover
u_0344,695,1,fruit_lover
u_0344,902,1,fruit_lover
u_0344,251,1,fruit_lover
u_0344,262,1,fruit_lover
u_0344,206,1,fruit_lover
u_0344,444,1,fruit_lover
u_0344,336,1,fruit_lover
u_0344,291,1,fruit_lover
u_0344,2438,1,fruit_lover
u_0344,1422,1,fruit_lover
u_0344,4103,1,fruit_lover
u_0344,167,1,fruit_lover
u_0344,330,1,fruit_lover
u_0344,560,1,fruit_lover
u_0344,2650,1,fruit_lover
u_0344,2491,1,fruit_lover
u_0345,2204,1,festival_shopper
u_0345,192,1,festival_shopper
u_0345,346,1,festival_shopper
u_0345,172,1,festival_shopper
u_0345,197,1,festival_shopper
u_0345,4333,1,festival_shopper
u_0345,2564,1,festival_shopper
u_0345,2108,1,festival_shopper
u_0345,2243,1,festival_shopper
u_0345,2750,1,festival_shopper
u_0345,4169,1,festival_shopper
u_0345,2718,1,festival_shopper
u_0345,1572,1,festival_shopper
u_0345,1044,1,festival_shopper
u_0345,1059,1,festival_shopper
u_0345,152,1,festival_shopper
u_0345,2647,1,festival_shopper
u_0345,1891,1,festival_shopper
u_0345,1489,1,festival_shopper
u_0345,678,1,festival_shopper
u_0345,70,1,festival_shopper
u_0345,137,1,festival_shopper
u_0345,774,1,festival_shopper
u_0345,757,1,festival_shopper
u_0346,430,1,festival_shopper
u_0346,4593,1,festival_shopper
u_0346,3122,1,festival_shopper
u_0346,1830,1,festival_shopper
u_0346,1620,1,festival_shopper
u_0346,3272,1,festival_shopper
u_0346,853,1,festival_shopper
u_0346,2764,1,festival_shopper
u_0346,548,1,festival_shopper
u_0346,702,1,festival_shopper
u_0346,2733,1,festival_shopper
u_0346,2492,1,festival_shopper
u_0346,1661,1,festival_shopper
u_0346,760,1,festival_shopper
u_0346,1523,1,festival_shopper
u_0346,2280,1,festival_shopper
u_0346,1388,1,festival_shopper
u_0346,1853,1,festival_shopper
u_0346,3595,1,festival_shopper
u_0346,3010,1,festival_shopper
u_0346,2801,1,festival_shopper
u_0346,2537,1,festival_shopper
u_0346,2927,1,festival_shopper
u_0346,1602,1,festival_shopper
u_0347,3456,1,snack_lover
u_0347,3703,1,snack_lover
u_0347,2851,1,snack_lover
u_0347,3331,1,snack_lover
u_0347,3761,1,snack_lover
u_0347,3591,1,snack_lover
u_0347,4117,1,snack_lover
u_0347,3296,1,snack_lover
u_0347,3931,1,snack_lover
u_0347,3102,1,snack_lover
u_0347,3476,1,snack_lover
u_0347,2879,1,snack_lover
u_0347,3406,1,snack_lover
u_0347,3726,1,snack_lover
u_0347,4045,1,snack_lover
u_0347,2799,1,snack_lover
u_0347,3523,1,snack_lover
u_0347,3511,1,snack_lover
u_0347,3366,1,snack_lover
u_0347,2681,1,snack_lover
u_0347,4383,1,snack_lover
u_0347,3521,1,snack_lover
u_0347,3713,1,snack_lover
u_0347,1982,1,snack_lover
u_0347,3584,1,snack_lover
u_0347,4156,1,snack_lover
u_0347,3118,1,snack_lover
u_0347,3699,1,snack_lover
u_0347,3595,1,snack_lover
u_0347,3364,1,snack_lover
u_0347,3707,1,snack_lover
u_0347,2951,1,snack_lover
u_0347,3629,1,snack_lover
u_0347,3627,1,snack_lover
u_0347,3328,1,snack_lover
u_0347,4715,1,snack_lover
u_0347,2934,1,snack_lover
u_0347,4113,1,snack_lover
u_0347,4016,1,snack_lover
u_0347,3631,1,snack_lover
u_0347,2892,1,snack_lover
u_0347,3851,1,snack_lover
u_0347,4259,1,snack_lover
u_0347,3766,1,snack_lover
u_0347,4027,1,snack_lover
u_0347,3729,1,snack_lover
u_0348,1866,1,gourmet
u_0348,2081,1,gourmet
u_0348,627,1,gourmet
u_0348,695,1,gourmet
u_0348,2647,1,gourmet
u_0348,742,2,gourmet
u_0348,2234,1,gourmet
u_0348,420,1,gourmet
u_0348,4691,1,gourmet
u_0348,1273,1,gourmet
u_0348,2739,1,gourmet
u_0348,3162,1,gourmet
u_0348,1456,1,gourmet
u_0348,2203,1,gourmet
u_0348,4001,1,gourmet
u_0348,2267,1,gourmet
u_0348,48,1,gourmet
u_0348,2715,1,gourmet
u_0348,251,1,gourmet
u_0348,2818,1,gourmet
u_0348,2608,1,gourmet
u_0348,582,1,gourmet
u_0348,2531,1,gourmet
u_0348,2498,1,gourmet
u_0348,2032,1,gourmet
u_0348,562,1,gourmet
u_0348,3107,1,gourmet
u_0348,3073,1,gourmet
u_0348,1388,1,gourmet
u_0348,377,1,gourmet
u_0348,2465,1,gourmet
u_0348,46,1,gourmet
u_0348,5059,1,gourmet
u_0348,2638,1,gourmet
u_0348,429,1,gourmet
u_0348,2632,1,gourmet
u_0348,2967,1,gourmet
u_0348,886,1,gourmet
u_0348,2213,1,gourmet
u_0348,1856,1,gourmet
u_0349,769,1,veg_cook
u_0349,2295,1,veg_cook
u_0349,888,1,veg_cook
u_0349,1926,1,veg_cook
u_0349,579,1,veg_cook
u_0349,418,1,veg_cook
u_0349,565,1,veg_cook
u_0349,1522,1,veg_cook
u_0349,1851,1,veg_cook
u_0349,2202,1,veg_cook
u_0349,4009,1,veg_cook
u_0349,905,1,veg_cook
u_0349,460,2,veg_cook
u_0349,519,1,veg_cook
u_0349,1057,1,veg_cook
u_0349,628,1,veg_cook
u_0349,2379,1,veg_cook
u_0349,491,1,veg_cook
u_0349,1208,1,veg_cook
u_0349,3358,1,veg_cook
u_0349,2233,1,veg_cook
u_0349,4089,1,veg_cook
u_0349,2249,1,veg_cook
u_0349,3809,1,veg_cook
u_0349,3179,1,veg_cook
u_0349,1139,1,veg_cook
u_0349,4604,1,veg_cook
u_0350,1620,1,festival_shopper
u_0350,1353,1,festival_shopper
u_0350,1631,1,festival_shopper
u_0350,3950,1,festival_shopper
u_0350,2701,1,festival_shopper
u_0350,4359,1,festival_shopper
u_0350,445,1,festival_shopper
u_0350,1668,1,festival_shopper
u_0350,556,1,festival_shopper
u_0350,494,1,festival_shopper
u_0350,1457,1,festival_shopper
u_0350,2421,1,festival_shopper
u_0350,212,1,festival_shopper
u_0350,744,1,festival_shopper
u_0350,1680,1,festival_shopper
u_0350,1460,1,festival_shopper
u_0350,1414,1,festival_shopper
u_0350,27,1,festival_shopper
u_0350,3953,1,festival_shopper
u_0350,680,1,festival_shopper
u_0350,779,1,festival_shopper
u_0350,1301,1,festival_shopper
u_0350,2137,1,festival_shopper
u_0350,305,2,festival_shopper
u_0350,3003,1,festival_shopper
u_0350,403,1,festival_shopper
u_0350,940,1,festival_shopper
u_0351,2535,1,gourmet
u_0351,2407,1,gourmet
u_0351,2044,1,gourmet
u_0351,1704,1,gourmet
u_0351,997,1,gourmet
u_0351,2197,1,gourmet
u_0351,1239,1,gourmet
u_0351,2768,1,gourmet
u_0351,2245,1,gourmet
u_0351,4057,1,gourmet
u_0351,2283,1,gourmet
u_0351,2650,1,gourmet
u_0351,1913,1,gourmet
u_0351,751,1,gourmet
u_0351,2163,1,gourmet
u_0351,691,1,gourmet
u_0351,804,1,gourmet
u_0351,2571,1,gourmet
u_0351,2381,1,gourmet
u_0351,417,1,gourmet
u_0351,203,1,gourmet
u_0351,481,1,gourmet
u_0351,585,1,gourmet
u_0351,2983,1,gourmet
u_0351,1112,1,gourmet
u_0351,1768,1,gourmet
u_0351,1166,1,gourmet
u_0351,676,1,gourmet
u_0351,4742,1,gourmet
u_0351,1871,1,gourmet
u_0351,806,1,gourmet
u_0351,2714,1,gourmet
u_0351,1984,1,gourmet
u_0351,2478,1,gourmet
u_0351,2306,1,gourmet
u_0351,2807,1,gourmet
u_0351,2537,1,gourmet
u_0351,2775,1,gourmet
u_0351,475,1,gourmet
u_0351,458,1,gourmet
u_0351,246,1,gourmet
u_0351,1667,1,gourmet
u_0351,1364,1,gourmet
u_0351,1240,1,gourmet
u_0351,1523,1,gourmet
u_0351,2382,1,gourmet
u_0352,3408,1,snack_lover
u_0352,3506,1,snack_lover
u_0352,1595,1,snack_lover
u_0352,3429,1,snack_lover
u_0352,3750,1,snack_lover
u_0352,3982,1,snack_lover
u_0352,3902,1,snack_lover
u_0352,4920,1,snack_lover
u_0352,3870,1,snack_lover
u_0352,3198,1,snack_lover
u_0352,3596,1,snack_lover
u_0352,4102,1,snack_lover
u_0352,4516,1,snack_lover
u_0352,3512,1,snack_lover
u_0352,3136,1,snack_lover
u_0352,2971,1,snack_lover
u_0352,4328,1,snack_lover
u_0352,4124,1,snack_lover
u_0352,1480,1,snack_lover
u_0352,2844,1,snack_lover
u_0352,2951,1,snack_lover
u_0352,3308,1,snack_lover
u_0352,3351,1,snack_lover
u_0352,3937,1,snack_lover
u_0352,3944,1,snack_lover
u_0352,3915,1,snack_lover
u_0352,3613,1,snack_lover
u_0352,3347,1,snack_lover
u_0352,1709,1,snack_lover
u_0352,3461,1,snack_lover
u_0352,2876,1,snack_lover
u_0352,3925,1,snack_lover
u_0352,4459,1,snack_lover
u_0352,3705,1,snack_lover
u_0352,3279,1,snack_lover
u_0352,3374,1,snack_lover
u_0352,4258,1,snack_lover
u_0352,3643,1,snack_lover
u_0352,3325,1,snack_lover
u_0352,4416,1,snack_lover
u_0352,3840,1,snack_lover
u_0352,3706,1,snack_lover
u_0352,3319,1,snack_lover
u_0352,3779,1,snack_lover
u_0352,2944,1,snack_lover
u_0352,3602,1,snack_lover
u_0352,4541,1,snack_lover
u_0352,3246,1,snack_lover
u_0353,52,1,breakfast_shopper
u_0353,2517,1,breakfast_shopper
u_0353,4581,1,breakfast_shopper
u_0353,680,1,breakfast_shopper
u_0353,2480,1,breakfast_shopper
u_0353,1883,1,breakfast_shopper
u_0353,106,1,breakfast_shopper
u_0353,690,1,breakfast_shopper
u_0353,423,1,breakfast_shopper
u_0353,3321,1,breakfast_shopper
u_0353,4446,1,breakfast_shopper
u_0353,4218,1,breakfast_shopper
u_0353,4433,1,breakfast_shopper
u_0353,4529,1,breakfast_shopper
u_0353,4490,1,breakfast_shopper
u_0353,2314,1,breakfast_shopper
u_0353,3786,1,breakfast_shopper
u_0353,4513,1,breakfast_shopper
u_0353,2364,1,breakfast_shopper
u_0353,2620,1,breakfast_shopper
u_0353,4421,1,breakfast_shopper
u_0353,4055,1,breakfast_shopper
u_0353,2551,1,breakfast_shopper
u_0353,179,1,breakfast_shopper
u_0353,793,1,breakfast_shopper
u_0353,869,1,breakfast_shopper
u_0353,2580,1,breakfast_shopper
u_0353,209,1,breakfast_shopper
u_0353,3540,1,breakfast_shopper
u_0353,797,1,breakfast_shopper
u_0353,1549,1,breakfast_shopper
u_0353,274,1,breakfast_shopper
u_0353,4231,1,breakfast_shopper
u_0353,3322,1,breakfast_shopper
u_0353,4234,1,breakfast_shopper
u_0353,736,1,breakfast_shopper
u_0353,2122,1,breakfast_shopper
u_0353,4292,1,breakfast_shopper
u_0353,4307,1,breakfast_shopper
u_0354,107,1,veg_cook
u_0354,4101,1,veg_cook
u_0354,2183,1,veg_cook
u_0354,1799,1,veg_cook
u_0354,516,1,veg_cook
u_0354,693,1,veg_cook
u_0354,2303,1,veg_cook
u_0354,3160,1,veg_cook
u_0354,2429,1,veg_cook
u_0354,2229,1,veg_cook
u_0354,777,1,veg_cook
u_0354,2616,1,veg_cook
u_0354,3038,1,veg_cook
u_0354,1170,1,veg_cook
u_0354,2465,1,veg_cook
u_0354,1885,1,veg_cook
u_0354,496,1,veg_cook
u_0354,521,1,veg_cook
u_0354,2515,1,veg_cook
u_0354,1548,1,veg_cook
u_0354,3101,1,veg_cook
u_0354,4776,1,veg_cook
u_0354,4936,1,veg_cook
u_0354,1134,1,veg_cook
u_0354,2644,1,veg_cook
u_0354,4,1,veg_cook
u_0354,542,1,veg_cook
u_0354,227,1,veg_cook
u_0354,2011,1,veg_cook
u_0354,497,1,veg_cook
u_0354,1354,1,veg_cook
u_0354,1310,1,veg_cook
u_0354,715,1,veg_cook
u_0354,687,1,veg_cook
u_0354,1509,1,veg_cook
u_0355,907,1,festival_shopper
u_0355,2599,1,festival_shopper
u_0355,2688,1,festival_shopper
u_0355,1581,1,festival_shopper
u_0355,1396,1,festival_shopper
u_0355,1023,1,festival_shopper
u_0355,2830,1,festival_shopper
u_0355,1511,2,festival_shopper
u_0355,2272,1,festival_shopper
u_0355,395,1,festival_shopper
u_0355,3469,1,festival_shopper
u_0355,777,1,festival_shopper
u_0355,1749,1,festival_shopper
u_0355,2979,1,festival_shopper
u_0355,1051,1,festival_shopper
u_0355,1569,1,festival_shopper
u_0355,383,1,festival_shopper
u_0355,3373,1,festival_shopper
u_0355,2411,1,festival_shopper
u_0355,2970,1,festival_shopper
u_0355,341,1,festival_shopper
u_0355,2997,1,festival_shopper
u_0355,537,1,festival_shopper
u_0355,1836,1,festival_shopper
u_0355,2969,1,festival_shopper
u_0355,2343,1,festival_shopper
u_0355,2334,1,festival_shopper
u_0355,577,1,festival_shopper
u_0355,647,1,festival_shopper
u_0355,1432,1,festival_shopper
u_0355,2662,1,festival_shopper
u_0355,824,1,festival_shopper
u_0355,821,1,festival_shopper
u_0355,104,1,festival_shopper
u_0355,4630,1,festival_shopper
u_0355,3279,1,festival_shopper
u_0355,1512,1,festival_shopper
u_0355,912,1,festival_shopper
u_0355,2432,1,festival_shopper
u_0355,2773,1,festival_shopper
u_0355,2398,1,festival_shopper
u_0355,583,1,festival_shopper
u_0355,820,1,festival_shopper
u_0355,861,1,festival_shopper
u_0356,3382,1,snack_lover
u_0356,2765,1,snack_lover
u_0356,4120,1,snack_lover
u_0356,3332,1,snack_lover
u_0356,3918,1,snack_lover
u_0356,4145,1,snack_lover
u_0356,4468,1,snack_lover
u_0356,4036,1,snack_lover
u_0356,2793,1,snack_lover
u_0356,4122,1,snack_lover
u_0356,3640,1,snack_lover
u_0356,3372,1,snack_lover
u_0356,3770,1,snack_lover
u_0356,4167,1,snack_lover
u_0356,3533,1,snack_lover
u_0356,2970,1,snack_lover
u_0356,4881,1,snack_lover
u_0356,3999,1,snack_lover
u_0356,3666,1,snack_lover
u_0356,3509,1,snack_lover
u_0356,4434,1,snack_lover
u_0356,3460,1,snack_lover
u_0356,3247,1,snack_lover
u_0356,4213,1,snack_lover
u_0356,3985,1,snack_lover
u_0356,3349,1,snack_lover
u_0356,3347,1,snack_lover
u_0356,4037,1,snack_lover
u_0356,4180,1,snack_lover
u_0356,4929,1,snack_lover
u_0356,3712,1,snack_lover
u_0356,3573,1,snack_lover
u_0356,4325,1,snack_lover
u_0356,3115,1,snack_lover
u_0356,4078,1,snack_lover
u_0356,1558,1,snack_lover
u_0356,3808,1,snack_lover
u_0356,3005,1,snack_lover
u_0356,1424,1,snack_lover
u_0356,3910,1,snack_lover
u_0356,4001,1,snack_lover
u_0356,1218,1,snack_lover
u_0357,558,1,festival_shopper
u_0357,857,1,festival_shopper
u_0357,1988,1,festival_shopper
u_0357,1459,1,festival_shopper
u_0357,909,1,festival_shopper
u_0357,1288,1,festival_shopper
u_0357,872,1,festival_shopper
u_0357,1554,1,festival_shopper
u_0357,2483,1,festival_shopper
u_0357,2687,1,festival_shopper
u_0357,3,1,festival_shopper
u_0357,316,2,festival_shopper
u_0357,4958,1,festival_shopper
u_0357,940,1,festival_shopper
u_0357,2541,1,festival_shopper
u_0357,1672,1,festival_shopper
u_0357,1799,1,festival_shopper
u_0357,2955,1,festival_shopper
u_0357,976,1,festival_shopper
u_0357,2645,1,festival_shopper
u_0357,770,1,festival_shopper
u_0357,1591,2,festival_shopper
u_0357,4401,1,festival_shopper
u_0357,2906,1,festival_shopper
u_0357,1416,1,festival_shopper
u_0357,3140,1,festival_shopper
u_0357,2931,1,festival_shopper
u_0357,1756,1,festival_shopper
u_0357,274,1,festival_shopper
u_0357,1603,1,festival_shopper
u_0357,1812,1,festival_shopper
u_0357,2973,1,festival_shopper
u_0357,609,1,festival_shopper
u_0357,1631,1,festival_shopper
u_0357,1579,1,festival_shopper
u_0357,1559,1,festival_shopper
u_0357,2562,1,festival_shopper
u_0357,1480,1,festival_shopper
u_0357,532,1,festival_shopper
u_0357,2377,1,festival_shopper
u_0357,380,1,festival_shopper
u_0357,4595,1,festival_shopper
u_0357,1448,1,festival_shopper
u_0357,538,1,festival_shopper
u_0358,2290,1,fruit_lover
u_0358,1325,1,fruit_lover
u_0358,35,1,fruit_lover
u_0358,2285,1,fruit_lover
u_0358,657,1,fruit_lover
u_0358,1087,1,fruit_lover
u_0358,791,1,fruit_lover
u_0358,364,1,fruit_lover
u_0358,508,1,fruit_lover
u_0358,29,1,fruit_lover
u_0358,2473,1,fruit_lover
u_0358,273,1,fruit_lover
u_0358,3432,1,fruit_lover
u_0358,1187,1,fruit_lover
u_0358,3186,1,fruit_lover
u_0358,505,1,fruit_lover
u_0358,205,1,fruit_lover
u_0358,479,1,fruit_lover
u_0358,1330,1,fruit_lover
u_0358,693,1,fruit_lover
u_0358,1296,1,fruit_lover
u_0358,647,1,fruit_lover
u_0358,2383,1,fruit_lover
u_0358,280,1,fruit_lover
u_0358,618,1,fruit_lover
u_0358,859,1,fruit_lover
u_0358,1949,1,fruit_lover
u_0358,262,1,fruit_lover
u_0358,36,1,fruit_lover
u_0358,2265,1,fruit_lover
u_0358,552,1,fruit_lover
u_0358,3100,1,fruit_lover
u_0358,2016,1,fruit_lover
u_0358,62,1,fruit_lover
u_0358,1895,1,fruit_lover
u_0358,571,1,fruit_lover
u_0358,2689,1,fruit_lover
u_0358,97,1,fruit_lover
u_0358,501,1,fruit_lover
u_0358,382,1,fruit_lover
u_0358,1800,1,fruit_lover
u_0358,30,1,fruit_lover
u_0358,1224,1,fruit_lover
u_0358,923,1,fruit_lover
u_0359,270,1,fruit_lover
u_0359,4799,1,fruit_lover
u_0359,1158,1,fruit_lover
u_0359,177,1,fruit_lover
u_0359,2287,1,fruit_lover
u_0359,2930,1,fruit_lover
u_0359,322,2,fruit_lover
u_0359,1980,1,fruit_lover
u_0359,983,1,fruit_lover
u_0359,2730,1,fruit_lover
u_0359,61,1,fruit_lover
u_0359,1869,1,fruit_lover
u_0359,433,1,fruit_lover
u_0359,1637,1,fruit_lover
u_0359,672,1,fruit_lover
u_0359,4447,1,fruit_lover
u_0359,1891,1,fruit_lover
u_0359,3055,1,fruit_lover
u_0359,4114,1,fruit_lover
u_0359,2091,1,fruit_lover
u_0359,16,1,fruit_lover
u_0359,1489,1,fruit_lover
u_0359,324,1,fruit_lover
u_0360,2962,1,household_stocker
u_0360,3099,1,household_stocker
u_0360,2689,1,household_stocker
u_0360,1363,1,household_stocker
u_0360,2600,1,household_stocker
u_0360,3868,1,household_stocker
u_0360,245,1,household_stocker
u_0360,34,1,household_stocker
u_0360,2335,1,household_stocker
u_0360,5003,1,household_stocker
u_0360,2402,1,household_stocker
u_0360,2901,1,household_stocker
u_0360,2619,1,household_stocker
u_0360,504,1,household_stocker
u_0360,2710,1,household_stocker
u_0360,2573,1,household_stocker
u_0360,3123,1,household_stocker
u_0360,2565,1,household_stocker
u_0360,2807,1,household_stocker
u_0360,2801,1,household_stocker
u_0360,3214,1,household_stocker
u_0360,468,1,household_stocker
u_0360,3067,1,household_stocker
u_0360,2499,1,household_stocker
u_0360,2747,1,household_stocker
u_0360,3752,1,household_stocker
u_0360,206,1,household_stocker
u_0360,3105,1,household_stocker
u_0360,782,1,household_stocker
u_0360,2752,1,household_stocker
u_0360,899,1,household_stocker
u_0360,2920,1,household_stocker
u_0360,791,1,household_stocker
u_0361,1491,1,fruit_lover
u_0361,378,1,fruit_lover
u_0361,1392,1,fruit_lover
u_0361,3434,1,fruit_lover
u_0361,1578,1,fruit_lover
u_0361,829,1,fruit_lover
u_0361,94,1,fruit_lover
u_0361,2914,1,fruit_lover
u_0361,3226,1,fruit_lover
u_0361,210,1,fruit_lover
u_0361,2721,1,fruit_lover
u_0361,2465,1,fruit_lover
u_0361,1193,1,fruit_lover
u_0361,897,1,fruit_lover
u_0361,965,1,fruit_lover
u_0361,163,1,fruit_lover
u_0361,1378,1,fruit_lover
u_0361,2124,1,fruit_lover
u_0361,292,1,fruit_lover
u_0361,3014,1,fruit_lover
u_0361,1490,1,fruit_lover
u_0361,231,1,fruit_lover
u_0361,15,1,fruit_lover
u_0361,728,1,fruit_lover
u_0361,1162,1,fruit_lover
u_0361,90,1,fruit_lover
u_0361,1151,1,fruit_lover
u_0361,2567,1,fruit_lover
u_0361,2503,1,fruit_lover
u_0361,1902,1,fruit_lover
u_0361,2931,1,fruit_lover
u_0361,99,1,fruit_lover
u_0361,2644,1,fruit_lover
u_0361,2069,1,fruit_lover
u_0361,2189,1,fruit_lover
u_0361,1704,1,fruit_lover
u_0361,407,1,fruit_lover
u_0361,236,1,fruit_lover
u_0361,2355,1,fruit_lover
u_0361,2196,1,fruit_lover
u_0362,1765,1,gourmet
u_0362,1874,1,gourmet
u_0362,1198,1,gourmet
u_0362,976,1,gourmet
u_0362,972,1,gourmet
u_0362,41,1,gourmet
u_0362,2268,1,gourmet
u_0362,2617,1,gourmet
u_0362,2655,1,gourmet
u_0362,1496,1,gourmet
u_0362,1498,1,gourmet
u_0362,97,1,gourmet
u_0362,915,1,gourmet
u_0362,1154,1,gourmet
u_0362,1418,1,gourmet
u_0362,5002,1,gourmet
u_0362,2336,1,gourmet
u_0362,1506,1,gourmet
u_0362,1040,1,gourmet
u_0362,2867,1,gourmet
u_0362,864,1,gourmet
u_0362,539,1,gourmet
u_0362,2350,1,gourmet
u_0362,1203,1,gourmet
u_0362,2057,1,gourmet
u_0362,2058,1,gourmet
u_0362,1828,1,gourmet
u_0362,2113,1,gourmet
u_0363,706,1,veg_cook
u_0363,2903,1,veg_cook
u_0363,1344,1,veg_cook
u_0363,747,1,veg_cook
u_0363,610,1,veg_cook
u_0363,1978,1,veg_cook
u_0363,901,1,veg_cook
u_0363,555,1,veg_cook
u_0363,621,1,veg_cook
u_0363,724,1,veg_cook
u_0363,2580,1,veg_cook
u_0363,911,1,veg_cook
u_0363,1939,1,veg_cook
u_0363,1972,1,veg_cook
u_0363,1309,1,veg_cook
u_0363,792,1,veg_cook
u_0363,1854,1,veg_cook
u_0363,1381,1,veg_cook
u_0363,708,1,veg_cook
u_0363,524,1,veg_cook
u_0363,613,1,veg_cook
u_0363,2666,1,veg_cook
u_0363,4684,1,veg_cook
u_0363,1296,1,veg_cook
u_0363,1075,1,veg_cook
u_0363,509,1,veg_cook
u_0363,2594,1,veg_cook
u_0363,1946,1,veg_cook
u_0363,1948,1,veg_cook
u_0363,751,1,veg_cook
u_0363,1192,1,veg_cook
u_0363,848,1,veg_cook
u_0363,426,1,veg_cook
u_0363,1160,1,veg_cook
u_0363,2486,1,veg_cook
u_0363,1826,1,veg_cook
u_0363,1017,1,veg_cook
u_0363,717,1,veg_cook
u_0363,2052,1,veg_cook
u_0363,828,1,veg_cook
u_0363,519,1,veg_cook
u_0363,2068,1,veg_cook
u_0363,2653,1,veg_cook
u_0363,2751,1,veg_cook
u_0363,2327,1,veg_cook
u_0364,1110,1,fruit_lover
u_0364,972,1,fruit_lover
u_0364,1446,1,fruit_lover
u_0364,615,1,fruit_lover
u_0364,890,1,fruit_lover
u_0364,324,1,fruit_lover
u_0364,2257,1,fruit_lover
u_0364,480,1,fruit_lover
u_0364,965,1,fruit_lover
u_0364,1842,1,fruit_lover
u_0364,1094,1,fruit_lover
u_0364,898,1,fruit_lover
u_0364,140,1,fruit_lover
u_0364,3160,1,fruit_lover
u_0364,2577,1,fruit_lover
u_0364,1363,1,fruit_lover
u_0364,1887,1,fruit_lover
u_0364,1015,1,fruit_lover
u_0364,1888,1,fruit_lover
u_0364,2702,1,fruit_lover
u_0364,224,1,fruit_lover
u_0364,2002,1,fruit_lover
u_0364,1342,1,fruit_lover
u_0364,2211,1,fruit_lover
u_0364,4782,1,fruit_lover
u_0364,287,1,fruit_lover
u_0364,1130,1,fruit_lover
u_0364,186,1,fruit_lover
u_0364,607,1,fruit_lover
u_0364,440,1,fruit_lover
u_0364,2156,1,fruit_lover
u_0364,275,1,fruit_lover
u_0364,136,2,fruit_lover
u_0364,2895,1,fruit_lover
u_0364,3039,1,fruit_lover
u_0364,710,1,fruit_lover
u_0364,4205,1,fruit_lover
u_0364,1716,1,fruit_lover
u_0364,285,1,fruit_lover
u_0364,3106,1,fruit_lover
u_0364,1981,1,fruit_lover
u_0364,458,1,fruit_lover
u_0364,64,1,fruit_lover
u_0364,848,1,fruit_lover
u_0364,2325,1,fruit_lover
u_0364,609,1,fruit_lover
u_0364,2170,1,fruit_lover
u_0365,3262,1,snack_lover
u_0365,4010,1,snack_lover
u_0365,3753,1,snack_lover
u_0365,4520,1,snack_lover
u_0365,2770,1,snack_lover
u_0365,3232,1,snack_lover
u_0365,4353,1,snack_lover
u_0365,4535,1,snack_lover
u_0365,3476,1,snack_lover
u_0365,3968,1,snack_lover
u_0365,3981,1,snack_lover
u_0365,3257,1,snack_lover
u_0365,3572,1,snack_lover
u_0365,2865,1,snack_lover
u_0365,3219,1,snack_lover
u_0365,965,1,snack_lover
u_0365,3651,1,snack_lover
u_0365,3536,1,snack_lover
u_0365,4133,1,snack_lover
u_0365,3853,1,snack_lover
u_0365,2824,1,snack_lover
u_0365,4299,1,snack_lover
u_0365,3735,1,snack_lover
u_0365,4109,1,snack_lover
u_0365,4286,1,snack_lover
u_0365,4204,1,snack_lover
u_0365,782,1,snack_lover
u_0365,3342,1,snack_lover
u_0365,20,1,snack_lover
u_0365,261,1,snack_lover
u_0365,4111,1,snack_lover
u_0365,661,1,snack_lover
u_0365,3562,1,snack_lover
u_0365,3915,1,snack_lover
u_0365,4333,1,snack_lover
u_0365,4135,1,snack_lover
u_0365,3243,1,snack_lover
u_0365,1563,1,snack_lover
u_0365,959,1,snack_lover
u_0366,2083,1,veg_cook
u_0366,2256,1,veg_cook
u_0366,2167,1,veg_cook
u_0366,4306,1,veg_cook
u_0366,896,1,veg_cook
u_0366,2750,1,veg_cook
u_0366,83,1,veg_cook
u_0366,686,1,veg_cook
u_0366,2458,1,veg_cook
u_0366,2389,1,veg_cook
u_0366,4661,1,veg_cook
u_0366,797,1,veg_cook
u_0366,903,1,veg_cook
u_0366,1257,1,veg_cook
u_0366,2090,1,veg_cook
u_0366,106,1,veg_cook
u_0366,1209,1,veg_cook
u_0366,2309,1,veg_cook
u_0366,876,1,veg_cook
u_0366,2628,1,veg_cook
u_0366,2166,1,veg_cook
u_0366,1264,1,veg_cook
u_0366,3597,1,veg_cook
u_0366,1016,1,veg_cook
u_0367,201,1,fruit_lover
u_0367,1016,1,fruit_lover
u_0367,2118,1,fruit_lover
u_0367,760,1,fruit_lover
u_0367,1178,1,fruit_lover
u_0367,142,1,fruit_lover
u_0367,112,1,fruit_lover
u_0367,263,1,fruit_lover
u_0367,356,1,fruit_lover
u_0367,89,1,fruit_lover
u_0367,522,1,fruit_lover
u_0367,3054,1,fruit_lover
u_0367,255,1,fruit_lover
u_0367,897,1,fruit_lover
u_0367,1453,1,fruit_lover
u_0367,1545,1,fruit_lover
u_0367,38,1,fruit_lover
u_0367,3077,1,fruit_lover
u_0367,166,1,fruit_lover
u_0367,1032,1,fruit_lover
u_0367,121,1,fruit_lover
u_0367,2610,1,fruit_lover
u_0367,3177,1,fruit_lover
u_0367,172,1,fruit_lover
u_0367,2072,1,fruit_lover
u_0367,2615,1,fruit_lover
u_0367,2609,1,fruit_lover
u_0367,1329,1,fruit_lover
u_0367,2187,1,fruit_lover
u_0367,1899,1,fruit_lover
u_0367,1742,1,fruit_lover
u_0367,2367,1,fruit_lover
u_0367,353,1,fruit_lover
u_0367,256,1,fruit_lover
u_0367,163,1,fruit_lover
u_0367,4669,1,fruit_lover
u_0367,133,1,fruit_lover
u_0367,1373,1,fruit_lover
u_0367,394,1,fruit_lover
u_0367,104,1,fruit_lover
u_0367,2948,1,fruit_lover
u_0367,251,1,fruit_lover
u_0367,2287,1,fruit_lover
u_0368,4296,1,breakfast_shopper
u_0368,752,1,breakfast_shopper
u_0368,2365,1,breakfast_shopper
u_0368,346,1,breakfast_shopper
u_0368,2979,1,breakfast_shopper
u_0368,18,1,breakfast_shopper
u_0368,4276,1,breakfast_shopper
u_0368,742,1,breakfast_shopper
u_0368,4250,1,breakfast_shopper
u_0368,603,1,breakfast_shopper
u_0368,4470,1,breakfast_shopper
u_0368,332,2,breakfast_shopper
u_0368,2513,1,breakfast_shopper
u_0368,2637,1,breakfast_shopper
u_0368,4569,1,breakfast_shopper
u_0368,3402,1,breakfast_shopper
u_0368,3573,1,breakfast_shopper
u_0368,3588,1,breakfast_shopper
u_0368,2742,1,breakfast_shopper
u_0368,4282,1,breakfast_shopper
u_0368,4435,1,breakfast_shopper
u_0368,4232,1,breakfast_shopper
u_0368,4376,1,breakfast_shopper
u_0368,4500,1,breakfast_shopper
u_0368,4203,1,breakfast_shopper
u_0368,2647,1,breakfast_shopper
u_0368,4447,1,breakfast_shopper
u_0368,455,1,breakfast_shopper
u_0368,4486,1,breakfast_shopper
u_0368,4429,1,breakfast_shopper
u_0368,2571,1,breakfast_shopper
u_0368,709,1,breakfast_shopper
u_0368,130,1,breakfast_shopper
u_0368,145,1,breakfast_shopper
u_0368,4759,1,breakfast_shopper
u_0368,278,1,breakfast_shopper
u_0368,4409,1,breakfast_shopper
u_0368,39,1,breakfast_shopper
u_0368,2366,1,breakfast_shopper
u_0368,661,1,breakfast_shopper
u_0368,4156,1,breakfast_shopper
u_0368,2737,1,breakfast_shopper
u_0368,4145,1,breakfast_shopper
u_0368,3466,1,breakfast_shopper
u_0368,705,1,breakfast_shopper
u_0368,2662,1,breakfast_shopper
u_0369,713,1,veg_cook
u_0369,976,1,veg_cook
u_0369,1982,1,veg_cook
u_0369,2209,1,veg_cook
u_0369,2419,1,veg_cook
u_0369,969,1,veg_cook
u_0369,2072,1,veg_cook
u_0369,3225,1,veg_cook
u_0369,463,1,veg_cook
u_0369,1918,1,veg_cook
u_0369,718,1,veg_cook
u_0369,1212,1,veg_cook
u_0369,3034,1,veg_cook
u_0369,691,1,veg_cook
u_0369,2535,1,veg_cook
u_0369,2980,1,veg_cook
u_0369,1899,1,veg_cook
u_0369,917,1,veg_cook
u_0369,502,1,veg_cook
u_0369,2623,1,veg_cook
u_0369,1221,1,veg_cook
u_0369,478,1,veg_cook
u_0369,701,1,veg_cook
u_0369,49,1,veg_cook
u_0369,695,1,veg_cook
u_0369,2590,1,veg_cook
u_0369,792,1,veg_cook
u_0369,1810,1,veg_cook
u_0369,919,1,veg_cook
u_0369,2017,1,veg_cook
u_0369,4970,1,veg_cook
u_0369,2573,1,veg_cook
u_0369,1375,1,veg_cook
u_0370,4064,1,snack_lover
u_0370,3649,1,snack_lover
u_0370,3015,1,snack_lover
u_0370,4567,1,snack_lover
u_0370,4967,1,snack_lover
u_0370,3952,1,snack_lover
u_0370,3893,1,snack_lover
u_0370,1328,1,snack_lover
u_0370,3394,1,snack_lover
u_0370,4580,1,snack_lover
u_0370,3389,1,snack_lover
u_0370,3502,1,snack_lover
u_0370,3603,1,snack_lover
u_0370,4102,1,snack_lover
u_0370,4043,1,snack_lover
u_0370,3334,1,snack_lover
u_0370,3743,1,snack_lover
u_0370,2876,1,snack_lover
u_0370,3693,1,snack_lover
u_0370,3344,1,snack_lover
u_0370,4777,1,snack_lover
u_0370,4388,1,snack_lover
u_0370,4321,1,snack_lover
u_0370,4400,1,snack_lover
u_0370,1626,1,snack_lover
u_0371,336,1,gourmet
u_0371,2559,1,gourmet
u_0371,2248,1,gourmet
u_0371,1137,1,gourmet
u_0371,2941,1,gourmet
u_0371,3749,1,gourmet
u_0371,2291,1,gourmet
u_0371,0,1,gourmet
u_0371,120,1,gourmet
u_0371,2811,1,gourmet
u_0371,2298,1,gourmet
u_0371,3179,1,gourmet
u_0371,274,1,gourmet
u_0371,231,1,gourmet
u_0371,1896,1,gourmet
u_0371,3122,1,gourmet
u_0371,1005,1,gourmet
u_0371,2520,1,gourmet
u_0371,1973,1,gourmet
u_0371,1941,1,gourmet
u_0371,52,1,gourmet
u_0371,1920,1,gourmet
u_0371,1184,1,gourmet
u_0371,3729,1,gourmet
u_0371,1883,1,gourmet
u_0371,2275,1,gourmet
u_0371,2160,1,gourmet
u_0371,2210,1,gourmet
u_0371,2201,1,gourmet
u_0371,2773,1,gourmet
u_0371,2148,1,gourmet
u_0371,2373,1,gourmet
u_0372,3087,1,household_stocker
u_0372,2335,1,household_stocker
u_0372,4486,1,household_stocker
u_0372,1027,1,household_stocker
u_0372,79,1,household_stocker
u_0372,2506,1,household_stocker
u_0372,2668,1,household_stocker
u_0372,2604,1,household_stocker
u_0372,2846,1,household_stocker
u_0372,956,1,household_stocker
u_0372,1569,1,household_stocker
u_0372,979,1,household_stocker
u_0372,1204,1,household_stocker
u_0372,2892,1,household_stocker
u_0372,2547,1,household_stocker
u_0372,2831,1,household_stocker
u_0372,246,1,household_stocker
u_0372,3213,1,household_stocker
u_0372,3200,1,household_stocker
u_0372,712,1,household_stocker
u_0372,1639,1,household_stocker
u_0372,2761,1,household_stocker
u_0372,468,1,household_stocker
u_0372,603,1,household_stocker
u_0372,364,1,household_stocker
u_0372,453,1,household_stocker
u_0372,2433,1,household_stocker
u_0372,3170,1,household_stocker
u_0372,2730,1,household_stocker
u_0372,3059,1,household_stocker
u_0372,1006,1,household_stocker
u_0372,2610,1,household_stocker
u_0372,2874,1,household_stocker
u_0372,1726,1,household_stocker
u_0373,2301,1,household_stocker
u_0373,1488,1,household_stocker
u_0373,2730,1,household_stocker
u_0373,1013,1,household_stocker
u_0373,3196,1,household_stocker
u_0373,2827,1,household_stocker
u_0373,1466,1,household_stocker
u_0373,986,1,household_stocker
u_0373,2788,1,household_stocker
u_0373,3585,1,household_stocker
u_0373,159,1,household_stocker
u_0373,90,1,household_stocker
u_0373,2471,1,household_stocker
u_0373,2372,1,household_stocker
u_0373,2749,1,household_stocker
u_0373,2559,1,household_stocker
u_0373,1591,1,household_stocker
u_0373,2337,1,household_stocker
u_0373,3123,1,household_stocker
u_0373,2895,1,household_stocker
u_0373,3731,1,household_stocker
u_0373,771,1,household_stocker
u_0373,2867,1,household_stocker
u_0373,3083,1,household_stocker
u_0373,358,1,household_stocker
u_0373,690,1,household_stocker
u_0373,3180,1,household_stocker
u_0373,3116,1,household_stocker
u_0373,2371,1,household_stocker
u_0373,2507,1,household_stocker
u_0373,2315,1,household_stocker
u_0373,94,1,household_stocker
u_0373,175,1,household_stocker
u_0373,2849,1,household_stocker
u_0373,1667,1,household_stocker
u_0373,850,1,household_stocker
u_0373,2921,1,household_stocker
u_0373,350,1,household_stocker
u_0373,973,1,household_stocker
u_0373,1417,1,household_stocker
u_0373,781,1,household_stocker
u_0373,856,1,household_stocker
u_0373,2711,1,household_stocker
u_0373,2898,1,household_stocker
u_0373,290,1,household_stocker
u_0373,2390,1,household_stocker
u_0373,349,1,household_stocker
u_0373,2862,1,household_stocker
u_0374,3681,1,snack_lover
u_0374,4163,1,snack_lover
u_0374,4434,1,snack_lover
u_0374,3608,1,snack_lover
u_0374,4114,1,snack_lover
u_0374,4037,1,snack_lover
u_0374,3843,1,snack_lover
u_0374,168,1,snack_lover
u_0374,1074,1,snack_lover
u_0374,3905,1,snack_lover
u_0374,3090,1,snack_lover
u_0374,4522,1,snack_lover
u_0374,3234,1,snack_lover
u_0374,3279,1,snack_lover
u_0374,3617,1,snack_lover
u_0374,3282,1,snack_lover
u_0374,3906,1,snack_lover
u_0374,3668,1,snack_lover
u_0374,3920,1,snack_lover
u_0374,4069,1,snack_lover
u_0374,2857,1,snack_lover
u_0374,3512,1,snack_lover
u_0374,4205,1,snack_lover
u_0374,2988,1,snack_lover
u_0374,3519,1,snack_lover
u_0374,3598,1,snack_lover
u_0374,4355,1,snack_lover
u_0374,3809,1,snack_lover
u_0374,3468,1,snack_lover
u_0374,3330,1,snack_lover
u_0374,3345,1,snack_lover
u_0374,3627,1,snack_lover
u_0374,2820,1,snack_lover
u_0374,3037,1,snack_lover
u_0374,3640,1,snack_lover
u_0374,3376,1,snack_lover
u_0374,4038,1,snack_lover
u_0374,3897,1,snack_lover
u_0375,1920,1,veg_cook
u_0375,2314,1,veg_cook
u_0375,26,1,veg_cook
u_0375,1247,1,veg_cook
u_0375,733,1,veg_cook
u_0375,527,1,veg_cook
u_0375,2110,1,veg_cook
u_0375,2414,1,veg_cook
u_0375,2943,1,veg_cook
u_0375,1845,1,veg_cook
u_0375,1171,1,veg_cook
u_0375,3180,1,veg_cook
u_0375,508,1,veg_cook
u_0375,4530,1,veg_cook
u_0375,1274,1,veg_cook
u_0375,1874,1,veg_cook
u_0375,1566,1,veg_cook
u_0375,2420,1,veg_cook
u_0375,2130,1,veg_cook
u_0375,2329,1,veg_cook
u_0375,632,1,veg_cook
u_0375,878,1,veg_cook
u_0375,732,2,veg_cook
u_0375,2063,1,veg_cook
u_0375,3066,1,veg_cook
u_0375,723,1,veg_cook
u_0375,789,1,veg_cook
u_0375,997,1,veg_cook
u_0375,811,1,veg_cook
u_0375,1227,1,veg_cook
u_0375,3133,1,veg_cook
u_0375,2235,1,veg_cook
u_0375,2593,1,veg_cook
u_0375,887,1,veg_cook
u_0375,1870,1,veg_cook
u_0375,1859,1,veg_cook
u_0375,636,1,veg_cook
u_0375,125,1,veg_cook
u_0375,886,1,veg_cook
u_0375,1823,1,veg_cook
u_0376,1904,1,veg_cook
u_0376,1691,1,veg_cook
u_0376,1217,1,veg_cook
u_0376,2182,1,veg_cook
u_0376,2860,1,veg_cook
u_0376,1849,1,veg_cook
u_0376,573,1,veg_cook
u_0376,1546,1,veg_cook
u_0376,1465,1,veg_cook
u_0376,412,1,veg_cook
u_0376,2833,1,veg_cook
u_0376,1113,1,veg_cook
u_0376,2982,1,veg_cook
u_0376,2524,1,veg_cook
u_0376,481,1,veg_cook
u_0376,1901,1,veg_cook
u_0376,1003,1,veg_cook
u_0376,991,1,veg_cook
u_0376,2986,1,veg_cook
u_0376,499,1,veg_cook
u_0376,1262,1,veg_cook
u_0376,1037,1,veg_cook
u_0376,1376,1,veg_cook
u_0376,2202,1,veg_cook
u_0376,2913,1,veg_cook
u_0376,4750,1,veg_cook
u_0376,3314,1,veg_cook
u_0376,1600,1,veg_cook
u_0376,1263,1,veg_cook
u_0376,511,1,veg_cook
u_0376,1915,1,veg_cook
u_0376,2125,1,veg_cook
u_0376,81,1,veg_cook
u_0376,4680,1,veg_cook
u_0376,3188,1,veg_cook
u_0376,618,1,veg_cook
u_0377,4685,1,household_stocker
u_0377,438,1,household_stocker
u_0377,2692,1,household_stocker
u_0377,1941,1,household_stocker
u_0377,2686,1,household_stocker
u_0377,2969,1,household_stocker
u_0377,2851,1,household_stocker
u_0377,2474,1,household_stocker
u_0377,2631,1,household_stocker
u_0377,687,1,household_stocker
u_0377,3121,1,household_stocker
u_0377,127,1,household_stocker
u_0377,168,1,household_stocker
u_0377,3125,1,household_stocker
u_0377,588,1,household_stocker
u_0377,2483,1,household_stocker
u_0377,10,1,household_stocker
u_0377,1012,1,household_stocker
u_0377,2687,1,household_stocker
u_0377,2858,1,household_stocker
u_0377,1700,1,household_stocker
u_0377,2509,1,household_stocker
u_0377,2534,1,household_stocker
u_0377,302,1,household_stocker
u_0377,2398,1,household_stocker
u_0377,2838,1,household_stocker
u_0378,3160,1,household_stocker
u_0378,3097,1,household_stocker
u_0378,1651,1,household_stocker
u_0378,3581,1,household_stocker
u_0378,1316,1,household_stocker
u_0378,3060,2,household_stocker
u_0378,337,1,household_stocker
u_0378,2736,1,household_stocker
u_0378,4044,1,household_stocker
u_0378,3194,1,household_stocker
u_0378,2758,1,household_stocker
u_0378,3012,1,household_stocker
u_0378,231,1,household_stocker
u_0378,3046,1,household_stocker
u_0378,3011,1,household_stocker
u_0378,1351,1,household_stocker
u_0378,424,1,household_stocker
u_0378,2121,1,household_stocker
u_0378,631,1,household_stocker
u_0378,580,1,household_stocker
u_0378,2873,1,household_stocker
u_0378,3340,1,household_stocker
u_0378,929,1,household_stocker
u_0378,3172,1,household_stocker
u_0378,2978,1,household_stocker
u_0378,2687,1,household_stocker
u_0378,3120,1,household_stocker
u_0378,2345,1,household_stocker
u_0378,2956,1,household_stocker
u_0378,2684,1,household_stocker
u_0378,2584,1,household_stocker
u_0378,335,1,household_stocker
u_0378,2911,1,household_stocker
u_0378,5034,1,household_stocker
u_0378,3678,1,household_stocker
u_0378,652,1,household_stocker
u_0378,372,1,household_stocker
u_0378,2958,1,household_stocker
u_0378,2709,1,household_stocker
u_0378,676,1,household_stocker
u_0378,173,1,household_stocker
u_0378,2342,1,household_stocker
u_0378,349,1,household_stocker
u_0378,2398,1,household_stocker
u_0378,2920,1,household_stocker
u_0378,2311,1,household_stocker
u_0379,1940,1,gourmet
u_0379,703,1,gourmet
u_0379,2167,1,gourmet
u_0379,376,1,gourmet
u_0379,2025,1,gourmet
u_0379,2226,1,gourmet
u_0379,2402,1,gourmet
u_0379,2356,1,gourmet
u_0379,1960,1,gourmet
u_0379,2023,1,gourmet
u_0379,1373,1,gourmet
u_0379,2913,1,gourmet
u_0379,2129,1,gourmet
u_0379,591,1,gourmet
u_0379,1878,1,gourmet
u_0379,101,1,gourmet
u_0379,1888,1,gourmet
u_0379,1965,1,gourmet
u_0379,11,1,gourmet
u_0379,3433,1,gourmet
u_0379,2099,1,gourmet
u_0379,1073,1,gourmet
u_0379,2753,1,gourmet
u_0379,126,1,gourmet
u_0379,2261,1,gourmet
u_0379,740,1,gourmet
u_0379,279,1,gourmet
u_0379,4190,1,gourmet
u_0379,59,1,gourmet
u_0379,34,1,gourmet
u_0379,1651,1,gourmet
u_0379,841,2,gourmet
u_0379,501,1,gourmet
u_0379,1862,1,gourmet
u_0379,3177,1,gourmet
u_0379,2203,1,gourmet
u_0379,198,1,gourmet
u_0379,2441,1,gourmet
u_0379,2869,1,gourmet
u_0379,2542,1,gourmet
u_0379,2367,1,gourmet
u_0380,2965,1,household_stocker
u_0380,434,1,household_stocker
u_0380,3969,1,household_stocker
u_0380,3198,1,household_stocker
u_0380,2304,1,household_stocker
u_0380,1,1,household_stocker
u_0380,2654,1,household_stocker
u_0380,3023,1,household_stocker
u_0380,155,1,household_stocker
u_0380,835,1,household_stocker
u_0380,2191,1,household_stocker
u_0380,2684,1,household_stocker
u_0380,2548,1,household_stocker
u_0380,2351,1,household_stocker
u_0380,2133,1,household_stocker
u_0380,2337,1,household_stocker
u_0380,2990,1,household_stocker
u_0380,3132,1,household_stocker
u_0380,1721,1,household_stocker
u_0380,65,1,household_stocker
u_0380,1895,1,household_stocker
u_0380,194,1,household_stocker
u_0380,2989,1,household_stocker
u_0380,1967,1,household_stocker
u_0380,3042,1,household_stocker
u_0380,62,1,household_stocker
u_0380,3105,1,household_stocker
u_0380,971,1,household_stocker
u_0380,3219,1,household_stocker
u_0381,198,1,festival_shopper
u_0381,561,1,festival_shopper
u_0381,1606,1,festival_shopper
u_0381,2817,1,festival_shopper
u_0381,2958,1,festival_shopper
u_0381,4691,1,festival_shopper
u_0381,2762,1,festival_shopper
u_0381,814,1,festival_shopper
u_0381,324,1,festival_shopper
u_0381,3527,1,festival_shopper
u_0381,1622,1,festival_shopper
u_0381,2635,1,festival_shopper
u_0381,1690,1,festival_shopper
u_0381,1195,1,festival_shopper
u_0381,2616,1,festival_shopper
u_0381,771,1,festival_shopper
u_0381,594,1,festival_shopper
u_0381,768,1,festival_shopper
u_0381,199,1,festival_shopper
u_0381,2438,1,festival_shopper
u_0381,675,1,festival_shopper
u_0381,338,1,festival_shopper
u_0381,1455,1,festival_shopper
u_0381,1373,1,festival_shopper
u_0381,2697,1,festival_shopper
u_0381,368,1,festival_shopper
u_0381,2524,1,festival_shopper
u_0381,2936,1,festival_shopper
u_0381,612,1,festival_shopper
u_0381,882,1,festival_shopper
u_0382,1708,1,fruit_lover
u_0382,371,1,fruit_lover
u_0382,1563,1,fruit_lover
u_0382,837,1,fruit_lover
u_0382,2737,1,fruit_lover
u_0382,303,1,fruit_lover
u_0382,2167,1,fruit_lover
u_0382,1199,1,fruit_lover
u_0382,385,1,fruit_lover
u_0382,77,1,fruit_lover
u_0382,2122,1,fruit_lover
u_0382,4707,1,fruit_lover
u_0382,3679,1,fruit_lover
u_0382,721,1,fruit_lover
u_0382,631,1,fruit_lover
u_0382,117,1,fruit_lover
u_0382,2099,1,fruit_lover
u_0382,2444,1,fruit_lover
u_0382,1110,1,fruit_lover
u_0382,2860,1,fruit_lover
u_0382,213,1,fruit_lover
u_0382,4978,1,fruit_lover
u_0382,191,1,fruit_lover
u_0382,444,1,fruit_lover
u_0382,90,1,fruit_lover
u_0382,76,1,fruit_lover
u_0382,3242,1,fruit_lover
u_0382,166,1,fruit_lover
u_0382,72,1,fruit_lover
u_0382,225,1,fruit_lover
u_0382,2699,1,fruit_lover
u_0382,308,1,fruit_lover
u_0382,1806,1,fruit_lover
u_0382,3109,1,fruit_lover
u_0382,2100,1,fruit_lover
u_0382,662,1,fruit_lover
u_0383,2881,1,snack_lover
u_0383,2337,1,snack_lover
u_0383,3445,1,snack_lover
u_0383,3862,1,snack_lover
u_0383,3308,1,snack_lover
u_0383,2783,1,snack_lover
u_0383,3487,1,snack_lover
u_0383,3265,1,snack_lover
u_0383,3309,1,snack_lover
u_0383,1136,1,snack_lover
u_0383,1506,1,snack_lover
u_0383,3575,1,snack_lover
u_0383,4102,1,snack_lover
u_0383,3853,1,snack_lover
u_0383,3498,1,snack_lover
u_0383,4498,1,snack_lover
u_0383,3819,1,snack_lover
u_0383,3753,1,snack_lover
u_0383,3978,1,snack_lover
u_0383,3276,1,snack_lover
u_0383,3717,1,snack_lover
u_0383,2486,1,snack_lover
u_0383,3098,1,snack_lover
u_0383,3637,1,snack_lover
u_0384,285,1,breakfast_shopper
u_0384,4359,1,breakfast_shopper
u_0384,2571,1,breakfast_shopper
u_0384,4267,1,breakfast_shopper
u_0384,4452,1,breakfast_shopper
u_0384,757,1,breakfast_shopper
u_0384,2407,1,breakfast_shopper
u_0384,234,1,breakfast_shopper
u_0384,841,1,breakfast_shopper
u_0384,4534,1,breakfast_shopper
u_0384,4478,1,breakfast_shopper
u_0384,4247,1,breakfast_shopper
u_0384,2692,1,breakfast_shopper
u_0384,2303,1,breakfast_shopper
u_0384,2377,1,breakfast_shopper
u_0384,4147,1,breakfast_shopper
u_0384,2473,1,breakfast_shopper
u_0384,286,1,breakfast_shopper
u_0384,4421,1,breakfast_shopper
u_0384,946,1,breakfast_shopper
u_0384,3297,1,breakfast_shopper
u_0384,2628,1,breakfast_shopper
u_0384,2456,1,breakfast_shopper
u_0384,4352,1,breakfast_shopper
u_0384,2644,1,breakfast_shopper
u_0384,4553,1,breakfast_shopper
u_0385,4080,1,snack_lover
u_0385,3586,1,snack_lover
u_0385,3766,1,snack_lover
u_0385,2381,1,snack_lover
u_0385,3522,1,snack_lover
u_0385,4494,1,snack_lover
u_0385,3055,1,snack_lover
u_0385,4064,1,snack_lover
u_0385,3340,1,snack_lover
u_0385,4049,1,snack_lover
u_0385,4503,1,snack_lover
u_0385,2574,1,snack_lover
u_0385,3734,1,snack_lover
u_0385,3512,1,snack_lover
u_0385,4395,1,snack_lover
u_0385,3484,1,snack_lover
u_0385,3739,1,snack_lover
u_0385,3880,1,snack_lover
u_0385,3640,1,snack_lover
u_0385,1610,1,snack_lover
u_0385,3949,1,snack_lover
u_0385,3295,1,snack_lover
u_0385,2833,1,snack_lover
u_0385,3752,1,snack_lover
u_0385,3534,1,snack_lover
u_0386,2357,1,gourmet
u_0386,1241,1,gourmet
u_0386,1909,1,gourmet
u_0386,3710,1,gourmet
u_0386,3686,1,gourmet
u_0386,691,1,gourmet
u_0386,751,1,gourmet
u_0386,2585,1,gourmet
u_0386,1441,1,gourmet
u_0386,1930,1,gourmet
u_0386,1944,1,gourmet
u_0386,1853,1,gourmet
u_0386,476,1,gourmet
u_0386,4762,1,gourmet
u_0386,542,1,gourmet
u_0386,491,2,gourmet
u_0386,866,1,gourmet
u_0386,1716,1,gourmet
u_0386,4293,1,gourmet
u_0386,3729,1,gourmet
u_0386,1451,1,gourmet
u_0386,3215,1,gourmet
u_0386,2533,1,gourmet
u_0386,1015,1,gourmet
u_0386,850,1,gourmet
u_0386,2203,1,gourmet
u_0386,1861,1,gourmet
u_0386,3029,1,gourmet
u_0386,1315,1,gourmet
u_0386,2257,1,gourmet
u_0386,1892,1,gourmet
u_0386,1659,1,gourmet
u_0386,4240,1,gourmet
u_0386,2278,1,gourmet
u_0387,435,1,festival_shopper
u_0387,3415,1,festival_shopper
u_0387,1675,1,festival_shopper
u_0387,1762,1,festival_shopper
u_0387,800,1,festival_shopper
u_0387,423,1,festival_shopper
u_0387,1791,1,festival_shopper
u_0387,3908,1,festival_shopper
u_0387,688,1,festival_shopper
u_0387,4162,1,festival_shopper
u_0387,1747,1,festival_shopper
u_0387,554,1,festival_shopper
u_0387,549,1,festival_shopper
u_0387,432,1,festival_shopper
u_0387,1461,1,festival_shopper
u_0387,1401,1,festival_shopper
u_0387,2361,1,festival_shopper
u_0387,1732,1,festival_shopper
u_0387,4776,1,festival_shopper
u_0387,817,1,festival_shopper
u_0387,1637,1,festival_shopper
u_0387,3121,1,festival_shopper
u_0387,1572,1,festival_shopper
u_0387,1340,1,festival_shopper
u_0387,276,1,festival_shopper
u_0387,221,1,festival_shopper
u_0387,934,1,festival_shopper
u_0387,1671,1,festival_shopper
u_0387,2297,1,festival_shopper
u_0387,1423,1,festival_shopper
u_0387,2582,1,festival_shopper
u_0387,250,1,festival_shopper
u_0387,1596,1,festival_shopper
u_0387,385,1,festival_shopper
u_0387,592,1,festival_shopper
u_0387,48,1,festival_shopper
u_0388,2426,1,gourmet
u_0388,2599,1,gourmet
u_0388,2214,1,gourmet
u_0388,49,1,gourmet
u_0388,600,1,gourmet
u_0388,2296,1,gourmet
u_0388,2286,1,gourmet
u_0388,1221,1,gourmet
u_0388,1872,1,gourmet
u_0388,1308,1,gourmet
u_0388,961,1,gourmet
u_0388,2036,1,gourmet
u_0388,448,1,gourmet
u_0388,614,1,gourmet
u_0388,241,1,gourmet
u_0388,2935,1,gourmet
u_0388,1961,1,gourmet
u_0388,3461,1,gourmet
u_0388,341,1,gourmet
u_0388,2114,1,gourmet
u_0388,2690,1,gourmet
u_0388,2128,1,gourmet
u_0388,2104,1,gourmet
u_0388,969,1,gourmet
u_0388,1906,1,gourmet
u_0389,645,1,veg_cook
u_0389,882,1,veg_cook
u_0389,765,1,veg_cook
u_0389,824,1,veg_cook
u_0389,2135,1,veg_cook
u_0389,888,1,veg_cook
u_0389,794,1,veg_cook
u_0389,1881,1,veg_cook
u_0389,3127,1,veg_cook
u_0389,728,1,veg_cook
u_0389,17,1,veg_cook
u_0389,969,1,veg_cook
u_0389,1243,1,veg_cook
u_0389,80,1,veg_cook
u_0389,4724,1,veg_cook
u_0389,579,1,veg_cook
u_0389,934,1,veg_cook
u_0389,365,1,veg_cook
u_0389,3424,1,veg_cook
u_0389,2063,1,veg_cook
u_0389,1733,1,veg_cook
u_0389,2162,1,veg_cook
u_0389,2571,1,veg_cook
u_0389,1088,1,veg_cook
u_0389,641,1,veg_cook
u_0389,1056,1,veg_cook
u_0389,463,1,veg_cook
u_0389,1920,1,veg_cook
u_0390,2266,1,veg_cook
u_0390,990,1,veg_cook
u_0390,230,1,veg_cook
u_0390,3255,1,veg_cook
u_0390,2926,1,veg_cook
u_0390,898,1,veg_cook
u_0390,175,1,veg_cook
u_0390,646,1,veg_cook
u_0390,3780,1,veg_cook
u_0390,461,1,veg_cook
u_0390,784,1,veg_cook
u_0390,683,1,veg_cook
u_0390,1093,1,veg_cook
u_0390,1499,1,veg_cook
u_0390,596,1,veg_cook
u_0390,823,1,veg_cook
u_0390,1083,1,veg_cook
u_0390,1152,1,veg_cook
u_0390,4170,1,veg_cook
u_0390,1138,1,veg_cook
u_0390,1280,1,veg_cook
u_0390,1050,1,veg_cook
u_0390,539,1,veg_cook
u_0390,519,1,veg_cook
u_0390,684,1,veg_cook
u_0390,795,1,veg_cook
u_0390,858,1,veg_cook
u_0390,1061,1,veg_cook
u_0390,2517,1,veg_cook
u_0390,1089,1,veg_cook
u_0390,1292,1,veg_cook
u_0390,416,1,veg_cook
u_0390,3955,1,veg_cook
u_0390,961,1,veg_cook
u_0390,575,1,veg_cook
u_0390,3066,1,veg_cook
u_0390,532,1,veg_cook
u_0390,2604,1,veg_cook
u_0390,1217,1,veg_cook
u_0390,927,1,veg_cook
u_0391,2550,1,fruit_lover
u_0391,2513,1,fruit_lover
u_0391,2603,1,fruit_lover
u_0391,3468,1,fruit_lover
u_0391,7,1,fruit_lover
u_0391,86,1,fruit_lover
u_0391,623,1,fruit_lover
u_0391,114,1,fruit_lover
u_0391,1941,1,fruit_lover
u_0391,121,1,fruit_lover
u_0391,784,1,fruit_lover
u_0391,132,1,fruit_lover
u_0391,108,1,fruit_lover
u_0391,864,1,fruit_lover
u_0391,1775,1,fruit_lover
u_0391,1942,1,fruit_lover
u_0391,2923,1,fruit_lover
u_0391,723,1,fruit_lover
u_0391,1518,1,fruit_lover
u_0391,279,1,fruit_lover
u_0391,353,1,fruit_lover
u_0391,2628,1,fruit_lover
u_0391,2016,1,fruit_lover
u_0391,3759,1,fruit_lover
u_0391,2229,1,fruit_lover
u_0391,3103,1,fruit_lover
u_0391,29,1,fruit_lover
u_0391,4520,1,fruit_lover
u_0391,276,1,fruit_lover
u_0391,4324,1,fruit_lover
u_0392,3138,1,veg_cook
u_0392,2261,1,veg_cook
u_0392,2190,1,veg_cook
u_0392,3151,1,veg_cook
u_0392,2160,1,veg_cook
u_0392,1035,1,veg_cook
u_0392,899,1,veg_cook
u_0392,748,1,veg_cook
u_0392,1262,1,veg_cook
u_0392,646,1,veg_cook
u_0392,479,1,veg_cook
u_0392,553,1,veg_cook
u_0392,620,1,veg_cook
u_0392,1894,1,veg_cook
u_0392,3578,1,veg_cook
u_0392,1050,1,veg_cook
u_0392,1075,1,veg_cook
u_0392,775,1,veg_cook
u_0392,2547,1,veg_cook
u_0392,2637,1,veg_cook
u_0392,818,1,veg_cook
u_0392,275,1,veg_cook
u_0392,2328,1,veg_cook
u_0392,462,1,veg_cook
u_0393,2232,1,gourmet
u_0393,2004,1,gourmet
u_0393,2089,1,gourmet
u_0393,2176,1,gourmet
u_0393,2136,2,gourmet
u_0393,560,1,gourmet
u_0393,266,1,gourmet
u_0393,1897,1,gourmet
u_0393,416,1,gourmet
u_0393,1396,1,gourmet
u_0393,2733,1,gourmet
u_0393,1854,1,gourmet
u_0393,698,1,gourmet
u_0393,55,1,gourmet
u_0393,2315,1,gourmet
u_0393,3630,1,gourmet
u_0393,2326,1,gourmet
u_0393,2960,1,gourmet
u_0393,129,1,gourmet
u_0393,1842,1,gourmet
u_0393,2455,1,gourmet
u_0393,2447,1,gourmet
u_0393,2042,1,gourmet
u_0393,1079,1,gourmet
u_0393,2182,1,gourmet
u_0393,659,1,gourmet
u_0393,4891,1,gourmet
u_0393,1576,1,gourmet
u_0393,695,1,gourmet
u_0393,1979,1,gourmet
u_0393,2019,1,gourmet
u_0393,4744,1,gourmet
u_0393,1480,1,gourmet
u_0393,3144,1,gourmet
u_0393,4920,1,gourmet
u_0394,1857,1,fruit_lover
u_0394,94,1,fruit_lover
u_0394,1018,1,fruit_lover
u_0394,171,1,fruit_lover
u_0394,609,1,fruit_lover
u_0394,845,1,fruit_lover
u_0394,2011,1,fruit_lover
u_0394,372,1,fruit_lover
u_0394,1094,1,fruit_lover
u_0394,294,1,fruit_lover
u_0394,273,1,fruit_lover
u_0394,2528,1,fruit_lover
u_0394,1955,1,fruit_lover
u_0394,167,1,fruit_lover
u_0394,321,1,fruit_lover
u_0394,442,1,fruit_lover
u_0394,2559,1,fruit_lover
u_0394,375,1,fruit_lover
u_0394,2597,1,fruit_lover
u_0394,306,1,fruit_lover
u_0394,71,1,fruit_lover
u_0394,89,1,fruit_lover
u_0394,374,1,fruit_lover
u_0394,3149,1,fruit_lover
u_0394,2720,1,fruit_lover
u_0394,403,1,fruit_lover
u_0394,4935,1,fruit_lover
u_0394,2570,1,fruit_lover
u_0394,1986,1,fruit_lover
u_0394,1606,1,fruit_lover
u_0394,1427,1,fruit_lover
u_0394,3032,1,fruit_lover
u_0394,699,1,fruit_lover
u_0394,754,1,fruit_lover
u_0394,3689,1,fruit_lover
u_0394,325,1,fruit_lover
u_0394,1423,1,fruit_lover
u_0394,2749,1,fruit_lover
u_0394,218,1,fruit_lover
u_0394,1356,1,fruit_lover
u_0394,4813,1,fruit_lover
u_0394,379,1,fruit_lover
u_0394,446,1,fruit_lover
u_0395,967,1,gourmet
u_0395,4859,1,gourmet
u_0395,2267,1,gourmet
u_0395,299,1,gourmet
u_0395,1515,1,gourmet
u_0395,3953,1,gourmet
u_0395,2422,1,gourmet
u_0395,561,1,gourmet
u_0395,2157,1,gourmet
u_0395,1919,1,gourmet
u_0395,149,1,gourmet
u_0395,2081,1,gourmet
u_0395,3154,1,gourmet
u_0395,4803,1,gourmet
u_0395,113,1,gourmet
u_0395,690,1,gourmet
u_0395,755,1,gourmet
u_0395,2625,1,gourmet
u_0395,2187,1,gourmet
u_0395,1859,1,gourmet
u_0395,4119,1,gourmet
u_0395,1873,1,gourmet
u_0395,1111,1,gourmet
u_0395,4108,1,gourmet
u_0395,1735,1,gourmet
u_0395,175,1,gourmet
u_0395,2927,1,gourmet
u_0395,2087,1,gourmet
u_0395,441,1,gourmet
u_0395,2353,1,gourmet
u_0395,884,1,gourmet
u_0395,1887,1,gourmet
u_0395,1049,1,gourmet
u_0395,2052,1,gourmet
u_0395,3505,1,gourmet
u_0395,164,1,gourmet
u_0395,335,2,gourmet
u_0395,2495,1,gourmet
u_0395,1992,1,gourmet
u_0395,1188,1,gourmet
u_0396,2990,1,snack_lover
u_0396,3776,1,snack_lover
u_0396,4101,1,snack_lover
u_0396,3423,1,snack_lover
u_0396,3628,1,snack_lover
u_0396,4507,1,snack_lover
u_0396,3261,1,snack_lover
u_0396,3367,1,snack_lover
u_0396,3360,1,snack_lover
u_0396,3383,1,snack_lover
u_0396,3515,1,snack_lover
u_0396,2792,1,snack_lover
u_0396,3873,1,snack_lover
u_0396,4592,1,snack_lover
u_0396,2981,1,snack_lover
u_0396,3869,1,snack_lover
u_0396,3993,1,snack_lover
u_0396,3097,1,snack_lover
u_0396,3239,1,snack_lover
u_0396,4134,2,snack_lover
u_0396,3138,1,snack_lover
u_0396,4119,1,snack_lover
u_0396,2873,1,snack_lover
u_0396,3034,1,snack_lover
u_0396,4236,1,snack_lover
u_0396,3357,1,snack_lover
u_0396,1042,1,snack_lover
u_0397,2687,1,household_stocker
u_0397,1944,1,household_stocker
u_0397,2915,1,household_stocker
u_0397,2389,1,household_stocker
u_0397,2822,1,household_stocker
u_0397,400,1,household_stocker
u_0397,1432,1,household_stocker
u_0397,3199,1,household_stocker
u_0397,3037,1,household_stocker
u_0397,3057,1,household_stocker
u_0397,3597,1,household_stocker
u_0397,2699,1,household_stocker
u_0397,405,1,household_stocker
u_0397,2556,1,household_stocker
u_0397,3167,1,household_stocker
u_0397,3080,1,household_stocker
u_0397,2603,1,household_stocker
u_0397,3105,1,household_stocker
u_0397,2780,1,household_stocker
u_0397,3211,1,household_stocker
u_0397,2602,1,household_stocker
u_0397,572,1,household_stocker
u_0397,395,1,household_stocker
u_0397,2775,1,household_stocker
u_0397,2973,1,household_stocker
u_0398,5,1,fruit_lover
u_0398,1021,1,fruit_lover
u_0398,2140,1,fruit_lover
u_0398,730,1,fruit_lover
u_0398,50,1,fruit_lover
u_0398,724,1,fruit_lover
u_0398,2002,1,fruit_lover
u_0398,2881,1,fruit_lover
u_0398,3071,1,fruit_lover
u_0398,2678,1,fruit_lover
u_0398,345,1,fruit_lover
u_0398,1481,1,fruit_lover
u_0398,1947,1,fruit_lover
u_0398,975,1,fruit_lover
u_0398,647,1,fruit_lover
u_0398,1004,1,fruit_lover
u_0398,3040,1,fruit_lover
u_0398,1954,1,fruit_lover
u_0398,381,1,fruit_lover
u_0398,383,1,fruit_lover
u_0398,2149,1,fruit_lover
u_0398,2024,1,fruit_lover
u_0398,1445,1,fruit_lover
u_0398,158,1,fruit_lover
u_0398,173,1,fruit_lover
u_0398,1327,1,fruit_lover
u_0398,986,1,fruit_lover
u_0398,2410,1,fruit_lover
u_0398,2665,1,fruit_lover
u_0398,903,1,fruit_lover
u_0398,979,1,fruit_lover
u_0398,2380,1,fruit_lover
u_0399,2488,1,breakfast_shopper
u_0399,575,1,breakfast_shopper
u_0399,83,1,breakfast_shopper
u_0399,2418,1,breakfast_shopper
u_0399,2359,1,breakfast_shopper
u_0399,5001,1,breakfast_shopper
u_0399,2621,1,breakfast_shopper
u_0399,4341,1,breakfast_shopper
u_0399,4150,1,breakfast_shopper
u_0399,2674,1,breakfast_shopper
u_0399,4237,1,breakfast_shopper
u_0399,4331,2,breakfast_shopper
u_0399,2026,1,breakfast_shopper
u_0399,4552,1,breakfast_shopper
u_0399,173,1,breakfast_shopper
u_0399,4221,1,breakfast_shopper
u_0399,4439,1,breakfast_shopper
u_0399,4556,1,breakfast_shopper
u_0399,37,1,breakfast_shopper
u_0399,4242,1,breakfast_shopper
u_0399,4592,1,breakfast_shopper
u_0399,362,1,breakfast_shopper
u_0399,127,1,breakfast_shopper
u_0399,800,1,breakfast_shopper
u_0399,3446,1,breakfast_shopper
u_0399,138,1,breakfast_shopper
u_0399,4410,1,breakfast_shopper
u_0399,2521,1,breakfast_shopper
u_0399,3830,1,breakfast_shopper
u_0399,4209,1,breakfast_shopper
u_0399,629,1,breakfast_shopper
u_0399,4560,1,breakfast_shopper
u_0399,181,1,breakfast_shopper
u_0399,312,1,breakfast_shopper
u_0399,4334,1,breakfast_shopper
u_0399,4320,1,breakfast_shopper
u_0400,3497,1,breakfast_shopper
u_0400,4534,1,breakfast_shopper
u_0400,4285,1,breakfast_shopper
u_0400,3253,1,breakfast_shopper
u_0400,4194,1,breakfast_shopper
u_0400,2544,1,breakfast_shopper
u_0400,3484,1,breakfast_shopper
u_0400,4525,1,breakfast_shopper
u_0400,2355,1,breakfast_shopper
u_0400,4545,1,breakfast_shopper
u_0400,2689,1,breakfast_shopper
u_0400,4521,1,breakfast_shopper
u_0400,1541,1,breakfast_shopper
u_0400,4593,1,breakfast_shopper
u_0400,2739,1,breakfast_shopper
u_0400,2397,1,breakfast_shopper
u_0400,23,1,breakfast_shopper
u_0400,4182,1,breakfast_shopper
u_0400,494,1,breakfast_shopper
u_0400,3384,1,breakfast_shopper
u_0400,2603,1,breakfast_shopper
u_0400,4170,1,breakfast_shopper
u_0400,2405,1,breakfast_shopper
u_0400,120,1,breakfast_shopper
u_0400,3330,1,breakfast_shopper
u_0400,4504,1,breakfast_shopper
u_0401,4152,1,snack_lover
u_0401,2992,1,snack_lover
u_0401,3665,1,snack_lover
u_0401,1779,1,snack_lover
u_0401,4360,1,snack_lover
u_0401,4270,1,snack_lover
u_0401,3523,1,snack_lover
u_0401,833,1,snack_lover
u_0401,1768,1,snack_lover
u_0401,3684,1,snack_lover
u_0401,3664,1,snack_lover
u_0401,3191,1,snack_lover
u_0401,1812,1,snack_lover
u_0401,3706,1,snack_lover
u_0401,3278,1,snack_lover
u_0401,3357,1,snack_lover
u_0401,2905,1,snack_lover
u_0401,154,1,snack_lover
u_0401,3924,1,snack_lover
u_0401,3312,1,snack_lover
u_0401,4108,1,snack_lover
u_0401,3394,1,snack_lover
u_0401,3215,1,snack_lover
u_0401,3476,1,snack_lover
u_0401,4384,1,snack_lover
u_0401,3614,1,snack_lover
u_0401,1732,1,snack_lover
u_0401,2965,1,snack_lover
u_0402,733,1,festival_shopper
u_0402,313,1,festival_shopper
u_0402,675,1,festival_shopper
u_0402,1040,1,festival_shopper
u_0402,1692,1,festival_shopper
u_0402,1708,1,festival_shopper
u_0402,4218,1,festival_shopper
u_0402,1545,1,festival_shopper
u_0402,327,1,festival_shopper
u_0402,221,1,festival_shopper
u_0402,2329,1,festival_shopper
u_0402,2322,1,festival_shopper
u_0402,792,1,festival_shopper
u_0402,2596,1,festival_shopper
u_0402,1614,1,festival_shopper
u_0402,1782,1,festival_shopper
u_0402,2670,1,festival_shopper
u_0402,937,1,festival_shopper
u_0402,572,1,festival_shopper
u_0402,2395,1,festival_shopper
u_0402,242,1,festival_shopper
u_0402,713,1,festival_shopper
u_0402,914,1,festival_shopper
u_0402,1637,1,festival_shopper
u_0402,4566,1,festival_shopper
u_0402,1627,1,festival_shopper
u_0402,1453,1,festival_shopper
u_0402,411,1,festival_shopper
u_0402,1753,1,festival_shopper
u_0402,1843,1,festival_shopper
u_0402,3022,1,festival_shopper
u_0402,1528,1,festival_shopper
u_0402,2957,1,festival_shopper
u_0402,1757,1,festival_shopper
u_0402,1139,1,festival_shopper
u_0402,407,1,festival_shopper
u_0402,14,1,festival_shopper
u_0402,1340,1,festival_shopper
u_0402,786,1,festival_shopper
u_0402,2515,1,festival_shopper
u_0402,2896,1,festival_shopper
u_0402,866,1,festival_shopper
u_0402,1717,1,festival_shopper
u_0402,774,1,festival_shopper
u_0402,1468,1,festival_shopper
u_0403,186,1,fruit_lover
u_0403,2,1,fruit_lover
u_0403,616,1,fruit_lover
u_0403,2231,1,fruit_lover
u_0403,1376,1,fruit_lover
u_0403,3124,1,fruit_lover
u_0403,1444,1,fruit_lover
u_0403,457,1,fruit_lover
u_0403,1217,1,fruit_lover
u_0403,3089,1,fruit_lover
u_0403,2006,1,fruit_lover
u_0403,701,1,fruit_lover
u_0403,1,1,fruit_lover
u_0403,2239,1,fruit_lover
u_0403,33,1,fruit_lover
u_0403,895,1,fruit_lover
u_0403,37,1,fruit_lover
u_0403,3539,1,fruit_lover
u_0403,231,1,fruit_lover
u_0403,241,1,fruit_lover
u_0403,3408,1,fruit_lover
u_0403,940,1,fruit_lover
u_0403,82,1,fruit_lover
u_0403,590,1,fruit_lover
u_0403,2778,1,fruit_lover
u_0403,162,1,fruit_lover
u_0403,1961,1,fruit_lover
u_0403,2824,1,fruit_lover
u_0403,1967,1,fruit_lover
u_0403,785,1,fruit_lover
u_0403,72,1,fruit_lover
u_0403,957,1,fruit_lover
u_0403,1468,1,fruit_lover
u_0403,4560,1,fruit_lover
u_0403,651,1,fruit_lover
u_0403,1359,1,fruit_lover
u_0403,784,1,fruit_lover
u_0403,2490,1,fruit_lover
u_0403,39,1,fruit_lover
u_0403,2142,1,fruit_lover
u_0403,3369,1,fruit_lover
u_0403,2731,1,fruit_lover
u_0403,826,1,fruit_lover
u_0403,1767,1,fruit_lover
u_0403,81,1,fruit_lover
u_0404,3371,1,snack_lover
u_0404,3382,1,snack_lover
u_0404,3101,1,snack_lover
u_0404,3409,1,snack_lover
u_0404,3265,1,snack_lover
u_0404,3260,1,snack_lover
u_0404,4051,1,snack_lover
u_0404,2819,1,snack_lover
u_0404,3623,1,snack_lover
u_0404,4048,1,snack_lover
u_0404,3863,1,snack_lover
u_0404,3916,1,snack_lover
u_0404,4546,2,snack_lover
u_0404,652,1,snack_lover
u_0404,3642,1,snack_lover
u_0404,2778,1,snack_lover
u_0404,4457,1,snack_lover
u_0404,4354,1,snack_lover
u_0404,4112,1,snack_lover
u_0404,1943,1,snack_lover
u_0404,1579,1,snack_lover
u_0404,3814,1,snack_lover
u_0404,3822,1,snack_lover
u_0404,4127,1,snack_lover
u_0404,3531,1,snack_lover
u_0404,3609,1,snack_lover
u_0404,556,1,snack_lover
u_0404,3666,1,snack_lover
u_0404,4367,1,snack_lover
u_0404,2881,1,snack_lover
u_0404,4217,1,snack_lover
u_0404,3397,1,snack_lover
u_0404,4153,1,snack_lover
u_0404,2797,1,snack_lover
u_0404,3825,1,snack_lover
u_0404,2106,1,snack_lover
u_0404,1322,1,snack_lover
u_0404,3688,1,snack_lover
u_0404,3170,1,snack_lover
u_0404,4413,1,snack_lover
u_0404,4573,1,snack_lover
u_0404,2183,1,snack_lover
u_0404,3345,1,snack_lover
u_0404,3924,1,snack_lover
u_0405,3840,1,snack_lover
u_0405,3490,1,snack_lover
u_0405,3817,2,snack_lover
u_0405,3343,1,snack_lover
u_0405,3414,1,snack_lover
u_0405,3934,1,snack_lover
u_0405,3324,1,snack_lover
u_0405,3766,1,snack_lover
u_0405,3718,1,snack_lover
u_0405,3289,1,snack_lover
u_0405,3467,1,snack_lover
u_0405,4166,1,snack_lover
u_0405,3255,1,snack_lover
u_0405,3325,1,snack_lover
u_0405,3480,1,snack_lover
u_0405,3918,1,snack_lover
u_0405,4925,1,snack_lover
u_0405,143,1,snack_lover
u_0405,3683,1,snack_lover
u_0405,3205,1,snack_lover
u_0405,3357,1,snack_lover
u_0405,3612,1,snack_lover
u_0405,2857,1,snack_lover
u_0406,867,1,veg_cook
u_0406,1354,1,veg_cook
u_0406,800,1,veg_cook
u_0406,2778,1,veg_cook
u_0406,638,1,veg_cook
u_0406,1953,2,veg_cook
u_0406,121,1,veg_cook
u_0406,573,1,veg_cook
u_0406,1053,1,veg_cook
u_0406,639,1,veg_cook
u_0406,863,1,veg_cook
u_0406,496,1,veg_cook
u_0406,1858,1,veg_cook
u_0406,694,1,veg_cook
u_0406,1402,1,veg_cook
u_0406,1000,1,veg_cook
u_0406,1898,1,veg_cook
u_0406,479,1,veg_cook
u_0406,1175,1,veg_cook
u_0406,2798,1,veg_cook
u_0406,1613,1,veg_cook
u_0406,3394,1,veg_cook
u_0406,3077,1,veg_cook
u_0406,768,1,veg_cook
u_0406,1505,1,veg_cook
u_0406,605,1,veg_cook
u_0406,1184,1,veg_cook
u_0406,1344,1,veg_cook
u_0406,2500,1,veg_cook
u_0406,1095,1,veg_cook
u_0406,784,1,veg_cook
u_0406,1366,1,veg_cook
u_0406,972,1,veg_cook
u_0406,2297,1,veg_cook
u_0406,513,1,veg_cook
u_0406,567,1,veg_cook
u_0406,2117,1,veg_cook
u_0406,1873,1,veg_cook
u_0406,1305,1,veg_cook
u_0406,515,1,veg_cook
u_0406,2669,1,veg_cook
u_0406,696,1,veg_cook
u_0406,2769,1,veg_cook
u_0406,1010,1,veg_cook
u_0406,2105,1,veg_cook
u_0406,2569,1,veg_cook
u_0407,3124,1,snack_lover
u_0407,3971,1,snack_lover
u_0407,3967,1,snack_lover
u_0407,4104,1,snack_lover
u_0407,4489,1,snack_lover
u_0407,3946,1,snack_lover
u_0407,3077,1,snack_lover
u_0407,4169,1,snack_lover
u_0407,4268,1,snack_lover
u_0407,3579,1,snack_lover
u_0407,4509,1,snack_lover
u_0407,276,1,snack_lover
u_0407,3677,1,snack_lover
u_0407,4665,1,snack_lover
u_0407,3881,1,snack_lover
u_0407,3464,1,snack_lover
u_0407,2731,1,snack_lover
u_0407,3870,1,snack_lover
u_0407,3915,1,snack_lover
u_0407,4584,1,snack_lover
u_0407,2989,1,snack_lover
u_0407,3855,1,snack_lover
u_0407,4429,1,snack_lover
u_0407,3202,1,snack_lover
u_0407,138,1,snack_lover
u_0407,4075,1,snack_lover
u_0407,695,1,snack_lover
u_0407,2856,1,snack_lover
u_0407,3457,1,snack_lover
u_0407,3831,1,snack_lover
u_0408,2638,1,veg_cook
u_0408,655,1,veg_cook
u_0408,1235,1,veg_cook
u_0408,1154,1,veg_cook
u_0408,2550,1,veg_cook
u_0408,2707,1,veg_cook
u_0408,907,1,veg_cook
u_0408,2372,1,veg_cook
u_0408,646,1,veg_cook
u_0408,2456,1,veg_cook
u_0408,15,1,veg_cook
u_0408,2322,1,veg_cook
u_0408,2272,1,veg_cook
u_0408,844,1,veg_cook
u_0408,2454,1,veg_cook
u_0408,2545,1,veg_cook
u_0408,1317,1,veg_cook
u_0408,3159,1,veg_cook
u_0408,3066,1,veg_cook
u_0408,1647,1,veg_cook
u_0408,4364,1,veg_cook
u_0408,3429,1,veg_cook
u_0408,506,1,veg_cook
u_0408,1870,1,veg_cook
u_0408,2970,1,veg_cook
u_0408,2022,1,veg_cook
u_0408,625,1,veg_cook
u_0408,1988,1,veg_cook
u_0408,1032,1,veg_cook
u_0408,2088,1,veg_cook
u_0408,795,1,veg_cook
u_0408,1255,1,veg_cook
u_0408,2263,1,veg_cook
u_0408,945,1,veg_cook
u_0409,1130,1,household_stocker
u_0409,1623,1,household_stocker
u_0409,2956,1,household_stocker
u_0409,2761,1,household_stocker
u_0409,2982,1,household_stocker
u_0409,2767,1,household_stocker
u_0409,482,1,household_stocker
u_0409,2832,1,household_stocker
u_0409,1818,1,household_stocker
u_0409,378,1,household_stocker
u_0409,2533,1,household_stocker
u_0409,519,1,household_stocker
u_0409,2559,1,household_stocker
u_0409,1052,1,household_stocker
u_0409,390,1,household_stocker
u_0409,2021,1,household_stocker
u_0409,3084,1,household_stocker
u_0409,2709,1,household_stocker
u_0409,1753,1,household_stocker
u_0409,3202,1,household_stocker
u_0409,2594,1,household_stocker
u_0409,2619,1,household_stocker
u_0409,2772,1,household_stocker
u_0409,3137,1,household_stocker
u_0409,1165,1,household_stocker
u_0409,2554,1,household_stocker
u_0409,2234,1,household_stocker
u_0409,1636,1,household_stocker
u_0409,573,1,household_stocker
u_0409,890,1,household_stocker
u_0409,2819,1,household_stocker
u_0410,2385,1,fruit_lover
u_0410,1603,1,fruit_lover
u_0410,1049,1,fruit_lover
u_0410,1838,1,fruit_lover
u_0410,170,1,fruit_lover
u_0410,2121,1,fruit_lover
u_0410,160,1,fruit_lover
u_0410,1763,1,fruit_lover
u_0410,714,1,fruit_lover
u_0410,1685,1,fruit_lover
u_0410,4065,1,fruit_lover
u_0410,184,1,fruit_lover
u_0410,332,1,fruit_lover
u_0410,2903,1,fruit_lover
u_0410,809,1,fruit_lover
u_0410,2189,1,fruit_lover
u_0410,2319,1,fruit_lover
u_0410,1432,1,fruit_lover
u_0410,262,1,fruit_lover
u_0410,1695,1,fruit_lover
u_0410,3713,1,fruit_lover
u_0410,2312,1,fruit_lover
u_0410,168,1,fruit_lover
u_0410,159,1,fruit_lover
u_0410,1332,1,fruit_lover
u_0410,4460,1,fruit_lover
u_0410,3093,1,fruit_lover
u_0410,613,1,fruit_lover
u_0410,2813,1,fruit_lover
u_0410,183,1,fruit_lover
u_0410,605,1,fruit_lover
u_0410,1857,1,fruit_lover
u_0410,318,1,fruit_lover
u_0410,1770,1,fruit_lover
u_0410,1908,1,fruit_lover
u_0410,292,1,fruit_lover
u_0411,2513,1,household_stocker
u_0411,3195,1,household_stocker
u_0411,2796,1,household_stocker
u_0411,2595,1,household_stocker
u_0411,2554,1,household_stocker
u_0411,2618,1,household_stocker
u_0411,687,1,household_stocker
u_0411,2486,1,household_stocker
u_0411,1123,1,household_stocker
u_0411,1392,1,household_stocker
u_0411,132,1,household_stocker
u_0411,1226,1,household_stocker
u_0411,2718,1,household_stocker
u_0411,2860,1,household_stocker
u_0411,465,1,household_stocker
u_0411,1686,1,household_stocker
u_0411,1474,1,household_stocker
u_0411,2916,1,household_stocker
u_0411,2921,1,household_stocker
u_0411,764,1,household_stocker
u_0411,1929,1,household_stocker
u_0411,36,1,household_stocker
u_0411,2061,1,household_stocker
u_0411,943,1,household_stocker
u_0411,2832,1,household_stocker
u_0411,2814,1,household_stocker
u_0411,484,1,household_stocker
u_0411,1074,1,household_stocker
u_0411,358,1,household_stocker
u_0412,4095,1,gourmet
u_0412,4929,1,gourmet
u_0412,2663,1,gourmet
u_0412,2221,1,gourmet
u_0412,2823,1,gourmet
u_0412,914,1,gourmet
u_0412,2266,1,gourmet
u_0412,1273,1,gourmet
u_0412,2234,1,gourmet
u_0412,1954,1,gourmet
u_0412,2283,1,gourmet
u_0412,2005,1,gourmet
u_0412,2173,1,gourmet
u_0412,718,1,gourmet
u_0412,2282,1,gourmet
u_0412,2525,1,gourmet
u_0412,2087,1,gourmet
u_0412,766,1,gourmet
u_0412,997,1,gourmet
u_0412,415,1,gourmet
u_0412,114,1,gourmet
u_0412,607,1,gourmet
u_0412,2719,1,gourmet
u_0412,2017,1,gourmet
u_0413,2485,1,breakfast_shopper
u_0413,2575,1,breakfast_shopper
u_0413,578,1,breakfast_shopper
u_0413,2663,1,breakfast_shopper
u_0413,706,1,breakfast_shopper
u_0413,4863,1,breakfast_shopper
u_0413,4433,1,breakfast_shopper
u_0413,4340,1,breakfast_shopper
u_0413,2421,1,breakfast_shopper
u_0413,4183,1,breakfast_shopper
u_0413,2516,1,breakfast_shopper
u_0413,2448,1,breakfast_shopper
u_0413,3225,1,breakfast_shopper
u_0413,2672,1,breakfast_shopper
u_0413,4749,1,breakfast_shopper
u_0413,2028,1,breakfast_shopper
u_0413,4709,1,breakfast_shopper
u_0413,372,1,breakfast_shopper
u_0413,3341,1,breakfast_shopper
u_0413,2810,1,breakfast_shopper
u_0413,4134,1,breakfast_shopper
u_0413,1221,1,breakfast_shopper
u_0413,3395,1,breakfast_shopper
u_0413,4265,1,breakfast_shopper
u_0413,394,1,breakfast_shopper
u_0413,2758,1,breakfast_shopper
u_0413,4345,1,breakfast_shopper
u_0413,4632,1,breakfast_shopper
u_0413,4208,1,breakfast_shopper
u_0413,121,1,breakfast_shopper
u_0413,4389,1,breakfast_shopper
u_0413,307,1,breakfast_shopper
u_0413,585,1,breakfast_shopper
u_0413,143,1,breakfast_shopper
u_0413,3632,1,breakfast_shopper
u_0413,4176,1,breakfast_shopper
u_0413,4521,1,breakfast_shopper
u_0413,169,1,breakfast_shopper
u_0413,411,1,breakfast_shopper
u_0413,68,1,breakfast_shopper
u_0414,19,1,breakfast_shopper
u_0414,4547,1,breakfast_shopper
u_0414,4437,1,breakfast_shopper
u_0414,3580,1,breakfast_shopper
u_0414,3551,1,breakfast_shopper
u_0414,4157,1,breakfast_shopper
u_0414,267,1,breakfast_shopper
u_0414,4509,1,breakfast_shopper
u_0414,4538,1,breakfast_shopper
u_0414,4250,1,breakfast_shopper
u_0414,48,1,breakfast_shopper
u_0414,4521,1,breakfast_shopper
u_0414,5035,1,breakfast_shopper
u_0414,3330,1,breakfast_shopper
u_0414,4450,1,breakfast_shopper
u_0414,2681,1,breakfast_shopper
u_0414,2665,1,breakfast_shopper
u_0414,2362,1,breakfast_shopper
u_0414,2639,1,breakfast_shopper
u_0414,4177,1,breakfast_shopper
u_0414,3433,1,breakfast_shopper
u_0414,3215,1,breakfast_shopper
u_0414,2612,1,breakfast_shopper
u_0414,171,1,breakfast_shopper
u_0414,2337,1,breakfast_shopper
u_0414,605,1,breakfast_shopper
u_0414,3458,1,breakfast_shopper
u_0414,532,1,breakfast_shopper
u_0414,383,1,breakfast_shopper
u_0414,2302,1,breakfast_shopper
u_0414,246,1,breakfast_shopper
u_0414,3305,1,breakfast_shopper
u_0414,2498,1,breakfast_shopper
u_0414,295,1,breakfast_shopper
u_0414,183,1,breakfast_shopper
u_0414,153,1,breakfast_shopper
u_0414,4368,1,breakfast_shopper
u_0414,2474,1,breakfast_shopper
u_0414,783,1,breakfast_shopper
u_0414,3484,1,breakfast_shopper
u_0414,192,1,breakfast_shopper
u_0414,669,1,breakfast_shopper
u_0414,4166,1,breakfast_shopper
u_0414,579,1,breakfast_shopper
u_0414,2330,1,breakfast_shopper
u_0414,4165,1,breakfast_shopper
u_0414,4502,1,breakfast_shopper
u_0415,828,1,household_stocker
u_0415,223,1,household_stocker
u_0415,2427,1,household_stocker
u_0415,2877,1,household_stocker
u_0415,3137,2,household_stocker
u_0415,199,1,household_stocker
u_0415,2434,1,household_stocker
u_0415,2630,2,household_stocker
u_0415,1390,1,household_stocker
u_0415,2847,1,household_stocker
u_0415,398,1,household_stocker
u_0415,2864,1,household_stocker
u_0415,2613,1,household_stocker
u_0415,1834,1,household_stocker
u_0415,415,1,household_stocker
u_0415,4383,1,household_stocker
u_0415,1312,1,household_stocker
u_0415,3859,1,household_stocker
u_0415,3046,1,household_stocker
u_0415,3201,1,household_stocker
u_0415,2793,1,household_stocker
u_0415,2857,1,household_stocker
u_0415,4989,1,household_stocker
u_0415,2936,1,household_stocker
u_0415,1948,1,household_stocker
u_0415,106,1,household_stocker
u_0415,4203,1,household_stocker
u_0415,2588,1,household_stocker
u_0415,646,1,household_stocker
u_0415,2927,1,household_stocker
u_0415,681,1,household_stocker
u_0415,2409,1,household_stocker
u_0415,1050,1,household_stocker
u_0415,2818,1,household_stocker
u_0416,3151,1,gourmet
u_0416,737,1,gourmet
u_0416,3102,1,gourmet
u_0416,613,1,gourmet
u_0416,339,1,gourmet
u_0416,275,1,gourmet
u_0416,207,1,gourmet
u_0416,1918,1,gourmet
u_0416,1042,1,gourmet
u_0416,1887,1,gourmet
u_0416,2897,1,gourmet
u_0416,4114,1,gourmet
u_0416,4189,1,gourmet
u_0416,2155,1,gourmet
u_0416,1724,1,gourmet
u_0416,4358,1,gourmet
u_0416,2021,1,gourmet
u_0416,2065,1,gourmet
u_0416,2045,1,gourmet
u_0416,2251,1,gourmet
u_0416,2372,1,gourmet
u_0416,2275,1,gourmet
u_0416,2998,1,gourmet
u_0416,2701,1,gourmet
u_0416,3604,1,gourmet
u_0416,76,1,gourmet
u_0416,3095,1,gourmet
u_0416,2379,1,gourmet
u_0416,1618,1,gourmet
u_0416,2152,1,gourmet
u_0416,2554,1,gourmet
u_0416,2115,1,gourmet
u_0416,488,1,gourmet
u_0416,1939,1,gourmet
u_0416,760,1,gourmet
u_0416,2724,1,gourmet
u_0417,794,1,veg_cook
u_0417,764,1,veg_cook
u_0417,540,1,veg_cook
u_0417,1114,1,veg_cook
u_0417,2040,1,veg_cook
u_0417,908,1,veg_cook
u_0417,2958,1,veg_cook
u_0417,566,1,veg_cook
u_0417,851,1,veg_cook
u_0417,878,1,veg_cook
u_0417,2950,1,veg_cook
u_0417,1597,1,veg_cook
u_0417,2525,1,veg_cook
u_0417,805,1,veg_cook
u_0417,475,1,veg_cook
u_0417,2256,1,veg_cook
u_0417,936,1,veg_cook
u_0417,1168,1,veg_cook
u_0417,775,1,veg_cook
u_0417,2260,1,veg_cook
u_0417,1636,1,veg_cook
u_0417,214,1,veg_cook
u_0417,790,1,veg_cook
u_0417,558,1,veg_cook
u_0417,2016,1,veg_cook
u_0417,987,1,veg_cook
u_0417,1233,1,veg_cook
u_0417,3095,2,veg_cook
u_0417,490,1,veg_cook
u_0417,1037,1,veg_cook
u_0418,4145,1,breakfast_shopper
u_0418,4181,1,breakfast_shopper
u_0418,110,1,breakfast_shopper
u_0418,4556,1,breakfast_shopper
u_0418,1378,1,breakfast_shopper
u_0418,2618,1,breakfast_shopper
u_0418,899,1,breakfast_shopper
u_0418,2387,1,breakfast_shopper
u_0418,4367,1,breakfast_shopper
u_0418,4220,1,breakfast_shopper
u_0418,3409,1,breakfast_shopper
u_0418,1677,1,breakfast_shopper
u_0418,266,1,breakfast_shopper
u_0418,116,1,breakfast_shopper
u_0418,4330,1,breakfast_shopper
u_0418,2421,1,breakfast_shopper
u_0418,2298,1,breakfast_shopper
u_0418,2538,1,breakfast_shopper
u_0418,2528,1,breakfast_shopper
u_0418,2526,1,breakfast_shopper
u_0418,2617,1,breakfast_shopper
u_0418,4166,1,breakfast_shopper
u_0418,4206,1,breakfast_shopper
u_0418,4410,1,breakfast_shopper
u_0418,3080,1,breakfast_shopper
u_0418,4510,1,breakfast_shopper
u_0418,388,1,breakfast_shopper
u_0418,3815,1,breakfast_shopper
u_0418,653,1,breakfast_shopper
u_0418,3368,1,breakfast_shopper
u_0418,4593,1,breakfast_shopper
u_0418,4416,1,breakfast_shopper
u_0419,3677,1,breakfast_shopper
u_0419,227,1,breakfast_shopper
u_0419,1327,1,breakfast_shopper
u_0419,2605,1,breakfast_shopper
u_0419,3449,1,breakfast_shopper
u_0419,2334,1,breakfast_shopper
u_0419,1731,1,breakfast_shopper
u_0419,861,1,breakfast_shopper
u_0419,2410,1,breakfast_shopper
u_0419,4186,1,breakfast_shopper
u_0419,4256,1,breakfast_shopper
u_0419,546,1,breakfast_shopper
u_0419,96,1,breakfast_shopper
u_0419,234,1,breakfast_shopper
u_0419,2434,1,breakfast_shopper
u_0419,1929,1,breakfast_shopper
u_0419,4329,1,breakfast_shopper
u_0419,2658,1,breakfast_shopper
u_0419,2408,1,breakfast_shopper
u_0419,3180,1,breakfast_shopper
u_0419,490,1,breakfast_shopper
u_0419,4307,1,breakfast_shopper
u_0419,2347,1,breakfast_shopper
u_0419,4453,1,breakfast_shopper
u_0420,2777,1,fruit_lover
u_0420,420,1,fruit_lover
u_0420,599,1,fruit_lover
u_0420,2401,1,fruit_lover
u_0420,2557,1,fruit_lover
u_0420,2264,1,fruit_lover
u_0420,594,1,fruit_lover
u_0420,190,1,fruit_lover
u_0420,2745,1,fruit_lover
u_0420,3117,1,fruit_lover
u_0420,1371,1,fruit_lover
u_0420,40,1,fruit_lover
u_0420,178,1,fruit_lover
u_0420,2270,1,fruit_lover
u_0420,2373,1,fruit_lover
u_0420,1940,1,fruit_lover
u_0420,924,1,fruit_lover
u_0420,984,1,fruit_lover
u_0420,3118,1,fruit_lover
u_0420,272,1,fruit_lover
u_0420,2579,1,fruit_lover
u_0420,1995,1,fruit_lover
u_0420,456,1,fruit_lover
u_0420,84,1,fruit_lover
u_0420,3201,1,fruit_lover
u_0420,4820,1,fruit_lover
u_0420,1792,1,fruit_lover
u_0420,1107,1,fruit_lover
u_0420,758,1,fruit_lover
u_0420,692,1,fruit_lover
u_0420,785,1,fruit_lover
u_0420,3064,1,fruit_lover
u_0420,3304,1,fruit_lover
u_0420,1147,1,fruit_lover
u_0420,880,1,fruit_lover
u_0420,2041,1,fruit_lover
u_0420,206,1,fruit_lover
u_0420,452,1,fruit_lover
u_0420,938,1,fruit_lover
u_0421,1202,1,gourmet
u_0421,2091,1,gourmet
u_0421,1787,1,gourmet
u_0421,505,1,gourmet
u_0421,1947,1,gourmet
u_0421,2472,1,gourmet
u_0421,1248,1,gourmet
u_0421,2264,1,gourmet
u_0421,2402,1,gourmet
u_0421,2429,1,gourmet
u_0421,2626,1,gourmet
u_0421,1768,1,gourmet
u_0421,812,1,gourmet
u_0421,1320,1,gourmet
u_0421,414,1,gourmet
u_0421,690,1,gourmet
u_0421,2486,1,gourmet
u_0421,278,1,gourmet
u_0421,2063,1,gourmet
u_0421,3044,1,gourmet
u_0421,1313,1,gourmet
u_0421,93,1,gourmet
u_0421,510,1,gourmet
u_0421,3038,1,gourmet
u_0421,2576,1,gourmet
u_0421,2039,1,gourmet
u_0421,416,1,gourmet
u_0421,1082,1,gourmet
u_0421,1030,1,gourmet
u_0421,846,1,gourmet
u_0422,2164,1,gourmet
u_0422,2659,1,gourmet
u_0422,2149,1,gourmet
u_0422,3626,1,gourmet
u_0422,1964,1,gourmet
u_0422,1922,1,gourmet
u_0422,2705,1,gourmet
u_0422,2097,1,gourmet
u_0422,760,1,gourmet
u_0422,2039,1,gourmet
u_0422,2448,1,gourmet
u_0422,1675,1,gourmet
u_0422,2329,1,gourmet
u_0422,364,1,gourmet
u_0422,1121,1,gourmet
u_0422,4452,1,gourmet
u_0422,2206,1,gourmet
u_0422,332,1,gourmet
u_0422,661,1,gourmet
u_0422,4790,1,gourmet
u_0422,2272,1,gourmet
u_0422,119,1,gourmet
u_0422,466,1,gourmet
u_0422,3684,1,gourmet
u_0422,2313,1,gourmet
u_0422,1840,1,gourmet
u_0422,1106,1,gourmet
u_0422,317,1,gourmet
u_0422,2178,1,gourmet
u_0422,373,1,gourmet
u_0422,994,1,gourmet
u_0422,943,1,gourmet
u_0422,2123,1,gourmet
u_0422,581,1,gourmet
u_0422,1445,1,gourmet
u_0422,737,1,gourmet
u_0422,1928,1,gourmet
u_0422,107,1,gourmet
u_0422,1293,1,gourmet
u_0422,160,1,gourmet
u_0423,1923,1,household_stocker
u_0423,145,1,household_stocker
u_0423,1143,1,household_stocker
u_0423,3178,1,household_stocker
u_0423,2728,1,household_stocker
u_0423,2781,1,household_stocker
u_0423,2839,1,household_stocker
u_0423,3090,1,household_stocker
u_0423,1967,1,household_stocker
u_0423,22,1,household_stocker
u_0423,3023,1,household_stocker
u_0423,3200,1,household_stocker
u_0423,2726,1,household_stocker
u_0423,855,1,household_stocker
u_0423,494,1,household_stocker
u_0423,2806,1,household_stocker
u_0423,583,1,household_stocker
u_0423,2535,1,household_stocker
u_0423,319,1,household_stocker
u_0423,3001,1,household_stocker
u_0423,1198,2,household_stocker
u_0423,254,1,household_stocker
u_0423,2564,1,household_stocker
u_0423,2446,1,household_stocker
u_0423,2980,1,household_stocker
u_0423,1689,1,household_stocker
u_0423,2613,1,household_stocker
u_0423,1349,1,household_stocker
u_0423,1978,1,household_stocker
u_0423,2633,1,household_stocker
u_0423,3217,1,household_stocker
u_0423,2449,1,household_stocker
u_0424,3212,1,household_stocker
u_0424,3102,1,household_stocker
u_0424,182,1,household_stocker
u_0424,2087,1,household_stocker
u_0424,1977,1,household_stocker
u_0424,4263,1,household_stocker
u_0424,2927,1,household_stocker
u_0424,2665,1,household_stocker
u_0424,385,1,household_stocker
u_0424,678,1,household_stocker
u_0424,1006,1,household_stocker
u_0424,1987,1,household_stocker
u_0424,3000,1,household_stocker
u_0424,1459,1,household_stocker
u_0424,1911,1,household_stocker
u_0424,2960,1,household_stocker
u_0424,169,1,household_stocker
u_0424,3045,1,household_stocker
u_0424,1027,1,household_stocker
u_0424,915,1,household_stocker
u_0424,2921,1,household_stocker
u_0424,3103,1,household_stocker
u_0424,3883,1,household_stocker
u_0424,4177,1,household_stocker
u_0425,27,1,fruit_lover
u_0425,1488,1,fruit_lover
u_0425,983,1,fruit_lover
u_0425,2143,1,fruit_lover
u_0425,2541,1,fruit_lover
u_0425,2766,1,fruit_lover
u_0425,1284,1,fruit_lover
u_0425,1025,1,fruit_lover
u_0425,93,1,fruit_lover
u_0425,149,1,fruit_lover
u_0425,635,1,fruit_lover
u_0425,254,1,fruit_lover
u_0425,4114,1,fruit_lover
u_0425,53,1,fruit_lover
u_0425,2155,1,fruit_lover
u_0425,2308,1,fruit_lover
u_0425,1139,1,fruit_lover
u_0425,74,1,fruit_lover
u_0425,153,1,fruit_lover
u_0425,1101,1,fruit_lover
u_0425,287,1,fruit_lover
u_0425,203,1,fruit_lover
u_0425,442,1,fruit_lover
u_0425,2499,1,fruit_lover
u_0425,422,1,fruit_lover
u_0425,1168,1,fruit_lover
u_0425,1946,1,fruit_lover
u_0425,2420,1,fruit_lover
u_0425,18,1,fruit_lover
u_0425,2374,1,fruit_lover
u_0425,400,1,fruit_lover
u_0425,393,1,fruit_lover
u_0425,1641,1,fruit_lover
u_0425,809,1,fruit_lover
u_0425,335,1,fruit_lover
u_0425,1378,1,fruit_lover
u_0425,134,1,fruit_lover
u_0425,188,1,fruit_lover
u_0425,2505,1,fruit_lover
u_0425,778,1,fruit_lover
u_0425,2629,1,fruit_lover
u_0426,791,1,festival_shopper
u_0426,423,1,festival_shopper
u_0426,242,1,festival_shopper
u_0426,1406,1,festival_shopper
u_0426,528,1,festival_shopper
u_0426,666,1,festival_shopper
u_0426,324,1,festival_shopper
u_0426,415,1,festival_shopper
u_0426,3465,1,festival_shopper
u_0426,268,1,festival_shopper
u_0426,2629,1,festival_shopper
u_0426,365,1,festival_shopper
u_0426,105,1,festival_shopper
u_0426,908,1,festival_shopper
u_0426,1716,1,festival_shopper
u_0426,1580,1,festival_shopper
u_0426,1749,1,festival_shopper
u_0426,1019,1,festival_shopper
u_0426,3596,1,festival_shopper
u_0426,662,1,festival_shopper
u_0426,2137,1,festival_shopper
u_0426,799,1,festival_shopper
u_0426,1065,1,festival_shopper
u_0426,2967,1,festival_shopper
u_0426,1530,1,festival_shopper
u_0426,1766,1,festival_shopper
u_0426,531,1,festival_shopper
u_0426,2398,1,festival_shopper
u_0426,243,1,festival_shopper
u_0427,715,1,breakfast_shopper
u_0427,2574,1,breakfast_shopper
u_0427,4357,2,breakfast_shopper
u_0427,2301,1,breakfast_shopper
u_0427,2622,1,breakfast_shopper
u_0427,845,1,breakfast_shopper
u_0427,2988,1,breakfast_shopper
u_0427,4204,1,breakfast_shopper
u_0427,4329,1,breakfast_shopper
u_0427,699,1,breakfast_shopper
u_0427,316,1,breakfast_shopper
u_0427,4500,1,breakfast_shopper
u_0427,742,1,breakfast_shopper
u_0427,2531,1,breakfast_shopper
u_0427,1503,1,breakfast_shopper
u_0427,4534,1,breakfast_shopper
u_0427,4347,1,breakfast_shopper
u_0427,540,1,breakfast_shopper
u_0427,2476,1,breakfast_shopper
u_0427,594,1,breakfast_shopper
u_0427,4432,1,breakfast_shopper
u_0427,2693,1,breakfast_shopper
u_0427,4546,1,breakfast_shopper
u_0428,2524,1,veg_cook
u_0428,590,1,veg_cook
u_0428,1849,1,veg_cook
u_0428,2581,1,veg_cook
u_0428,2275,1,veg_cook
u_0428,1334,1,veg_cook
u_0428,959,1,veg_cook
u_0428,538,1,veg_cook
u_0428,1367,1,veg_cook
u_0428,1507,1,veg_cook
u_0428,822,1,veg_cook
u_0428,969,1,veg_cook
u_0428,918,1,veg_cook
u_0428,767,1,veg_cook
u_0428,495,1,veg_cook
u_0428,637,1,veg_cook
u_0428,2457,1,veg_cook
u_0428,1210,1,veg_cook
u_0428,1885,1,veg_cook
u_0428,1994,1,veg_cook
u_0428,758,1,veg_cook
u_0428,2184,1,veg_cook
u_0428,2525,1,veg_cook
u_0428,2658,1,veg_cook
u_0428,2260,1,veg_cook
u_0428,1875,1,veg_cook
u_0428,515,1,veg_cook
u_0428,616,1,veg_cook
u_0428,646,1,veg_cook
u_0428,1886,1,veg_cook
u_0428,1062,1,veg_cook
u_0428,128,1,veg_cook
u_0428,778,1,veg_cook
u_0428,2508,1,veg_cook
u_0428,1866,1,veg_cook
u_0428,769,1,veg_cook
u_0428,1201,1,veg_cook
u_0428,2302,1,veg_cook
u_0429,349,1,festival_shopper
u_0429,378,1,festival_shopper
u_0429,1788,1,festival_shopper
u_0429,595,1,festival_shopper
u_0429,1440,1,festival_shopper
u_0429,3858,1,festival_shopper
u_0429,439,1,festival_shopper
u_0429,4087,1,festival_shopper
u_0429,496,1,festival_shopper
u_0429,2734,1,festival_shopper
u_0429,448,1,festival_shopper
u_0429,371,1,festival_shopper
u_0429,2631,1,festival_shopper
u_0429,11,1,festival_shopper
u_0429,144,1,festival_shopper
u_0429,1602,1,festival_shopper
u_0429,2112,1,festival_shopper
u_0429,1557,1,festival_shopper
u_0429,1777,1,festival_shopper
u_0429,1225,1,festival_shopper
u_0429,850,1,festival_shopper
u_0429,188,1,festival_shopper
u_0429,1140,1,festival_shopper
u_0429,1266,1,festival_shopper
u_0429,2119,1,festival_shopper
u_0429,1379,1,festival_shopper
u_0429,230,1,festival_shopper
u_0429,1688,1,festival_shopper
u_0429,1613,1,festival_shopper
u_0429,247,1,festival_shopper
u_0429,2652,1,festival_shopper
u_0429,779,1,festival_shopper
u_0429,1971,1,festival_shopper
u_0429,3821,1,festival_shopper
u_0429,2743,1,festival_shopper
u_0429,2516,1,festival_shopper
u_0429,334,1,festival_shopper
u_0429,156,1,festival_shopper
u_0429,963,1,festival_shopper
u_0429,2379,1,festival_shopper
u_0429,1348,1,festival_shopper
u_0429,1805,1,festival_shopper
u_0429,1012,1,festival_shopper
u_0429,1715,1,festival_shopper
u_0429,1780,1,festival_shopper
u_0430,3470,1,snack_lover
u_0430,3913,1,snack_lover
u_0430,3854,1,snack_lover
u_0430,3823,1,snack_lover
u_0430,3032,1,snack_lover
u_0430,3522,1,snack_lover
u_0430,4162,1,snack_lover
u_0430,3581,1,snack_lover
u_0430,812,1,snack_lover
u_0430,2342,1,snack_lover
u_0430,3883,2,snack_lover
u_0430,4038,1,snack_lover
u_0430,3946,1,snack_lover
u_0430,3492,1,snack_lover
u_0430,1672,1,snack_lover
u_0430,4084,1,snack_lover
u_0430,3656,1,snack_lover
u_0430,3293,1,snack_lover
u_0430,4718,1,snack_lover
u_0430,2883,1,snack_lover
u_0430,3731,1,snack_lover
u_0430,4032,1,snack_lover
u_0430,3587,1,snack_lover
u_0430,3882,1,snack_lover
u_0430,3761,1,snack_lover
u_0430,4472,1,snack_lover
u_0430,3462,1,snack_lover
u_0430,3325,1,snack_lover
u_0431,3909,1,snack_lover
u_0431,3351,1,snack_lover
u_0431,3775,1,snack_lover
u_0431,3947,1,snack_lover
u_0431,312,1,snack_lover
u_0431,3326,1,snack_lover
u_0431,3487,1,snack_lover
u_0431,2725,1,snack_lover
u_0431,1636,1,snack_lover
u_0431,2792,1,snack_lover
u_0431,4565,1,snack_lover
u_0431,4097,1,snack_lover
u_0431,4424,1,snack_lover
u_0431,4781,1,snack_lover
u_0431,3617,1,snack_lover
u_0431,4288,1,snack_lover
u_0431,3915,1,snack_lover
u_0431,3280,1,snack_lover
u_0431,4765,1,snack_lover
u_0431,4473,1,snack_lover
u_0431,2894,1,snack_lover
u_0431,3942,1,snack_lover
u_0431,3290,1,snack_lover
u_0431,3257,1,snack_lover
u_0431,4458,1,snack_lover
u_0431,1189,1,snack_lover
u_0431,3340,1,snack_lover
u_0431,3241,1,snack_lover
u_0431,4168,1,snack_lover
u_0431,4108,1,snack_lover
u_0431,3803,1,snack_lover
u_0431,2868,1,snack_lover
u_0431,2030,1,snack_lover
u_0431,4056,1,snack_lover
u_0431,4491,1,snack_lover
u_0431,3679,1,snack_lover
u_0431,3548,1,snack_lover
u_0432,2387,1,gourmet
u_0432,2153,1,gourmet
u_0432,2097,1,gourmet
u_0432,4349,1,gourmet
u_0432,2125,1,gourmet
u_0432,1857,1,gourmet
u_0432,339,1,gourmet
u_0432,684,1,gourmet
u_0432,2171,1,gourmet
u_0432,2099,1,gourmet
u_0432,224,1,gourmet
u_0432,371,1,gourmet
u_0432,2598,1,gourmet
u_0432,2294,1,gourmet
u_0432,2091,1,gourmet
u_0432,2539,1,gourmet
u_0432,2163,1,gourmet
u_0432,2939,1,gourmet
u_0432,2697,1,gourmet
u_0432,1113,1,gourmet
u_0432,2830,1,gourmet
u_0432,495,1,gourmet
u_0432,2263,1,gourmet
u_0432,2559,1,gourmet
u_0432,148,1,gourmet
u_0432,994,1,gourmet
u_0432,2271,1,gourmet
u_0432,4247,1,gourmet
u_0433,2937,1,household_stocker
u_0433,2217,1,household_stocker
u_0433,3150,1,household_stocker
u_0433,646,1,household_stocker
u_0433,2931,1,household_stocker
u_0433,1027,1,household_stocker
u_0433,3050,1,household_stocker
u_0433,3093,1,household_stocker
u_0433,2537,1,household_stocker
u_0433,1281,1,household_stocker
u_0433,2707,1,household_stocker
u_0433,2543,1,household_stocker
u_0433,916,1,household_stocker
u_0433,3974,1,household_stocker
u_0433,2848,1,household_stocker
u_0433,171,1,household_stocker
u_0433,3866,1,household_stocker
u_0433,2694,1,household_stocker
u_0433,2454,1,household_stocker
u_0433,1355,1,household_stocker
u_0433,2928,1,household_stocker
u_0433,3036,1,household_stocker
u_0433,2336,1,household_stocker
u_0433,577,1,household_stocker
u_0433,3032,1,household_stocker
u_0433,2605,1,household_stocker
u_0434,111,1,fruit_lover
u_0434,170,1,fruit_lover
u_0434,56,1,fruit_lover
u_0434,794,1,fruit_lover
u_0434,105,1,fruit_lover
u_0434,2575,1,fruit_lover
u_0434,2007,1,fruit_lover
u_0434,114,1,fruit_lover
u_0434,4535,1,fruit_lover
u_0434,3603,1,fruit_lover
u_0434,742,1,fruit_lover
u_0434,143,1,fruit_lover
u_0434,3692,1,fruit_lover
u_0434,2817,1,fruit_lover
u_0434,1208,1,fruit_lover
u_0434,1200,1,fruit_lover
u_0434,635,1,fruit_lover
u_0434,827,1,fruit_lover
u_0434,810,1,fruit_lover
u_0434,470,1,fruit_lover
u_0434,99,1,fruit_lover
u_0434,644,1,fruit_lover
u_0434,231,1,fruit_lover
u_0434,146,1,fruit_lover
u_0434,263,1,fruit_lover
u_0434,4299,1,fruit_lover
u_0434,162,1,fruit_lover
u_0434,116,1,fruit_lover
u_0435,1725,1,veg_cook
u_0435,1649,1,veg_cook
u_0435,756,1,veg_cook
u_0435,4100,1,veg_cook
u_0435,2577,1,veg_cook
u_0435,774,1,veg_cook
u_0435,2127,1,veg_cook
u_0435,1860,1,veg_cook
u_0435,1248,1,veg_cook
u_0435,857,1,veg_cook
u_0435,848,1,veg_cook
u_0435,1343,1,veg_cook
u_0435,571,1,veg_cook
u_0435,4654,1,veg_cook
u_0435,1961,1,veg_cook
u_0435,2658,1,veg_cook
u_0435,4429,1,veg_cook
u_0435,2300,1,veg_cook
u_0435,983,1,veg_cook
u_0435,1862,1,veg_cook
u_0435,722,1,veg_cook
u_0435,852,1,veg_cook
u_0435,1236,1,veg_cook
u_0435,2526,1,veg_cook
u_0435,612,1,veg_cook
u_0435,2051,1,veg_cook
u_0435,2515,1,veg_cook
u_0435,1174,1,veg_cook
u_0435,1025,1,veg_cook
u_0435,2737,1,veg_cook
u_0435,1151,1,veg_cook
u_0435,843,1,veg_cook
u_0435,3026,1,veg_cook
u_0435,1858,1,veg_cook
u_0435,2267,1,veg_cook
u_0435,931,1,veg_cook
u_0435,868,1,veg_cook
u_0436,4136,1,snack_lover
u_0436,3395,1,snack_lover
u_0436,2493,1,snack_lover
u_0436,4584,1,snack_lover
u_0436,4367,1,snack_lover
u_0436,3663,1,snack_lover
u_0436,3890,1,snack_lover
u_0436,4022,2,snack_lover
u_0436,4308,1,snack_lover
u_0436,3008,1,snack_lover
u_0436,3332,1,snack_lover
u_0436,1039,1,snack_lover
u_0436,3820,1,snack_lover
u_0436,3734,1,snack_lover
u_0436,3208,1,snack_lover
u_0436,4077,1,snack_lover
u_0436,3786,1,snack_lover
u_0436,3429,1,snack_lover
u_0436,3632,1,snack_lover
u_0436,3660,1,snack_lover
u_0436,3543,1,snack_lover
u_0436,2932,1,snack_lover
u_0436,3335,1,snack_lover
u_0436,4568,1,snack_lover
u_0436,3643,1,snack_lover
u_0436,3393,1,snack_lover
u_0436,1370,1,snack_lover
u_0436,3936,1,snack_lover
u_0436,4249,1,snack_lover
u_0437,4530,1,snack_lover
u_0437,1470,1,snack_lover
u_0437,772,1,snack_lover
u_0437,3970,1,snack_lover
u_0437,4146,1,snack_lover
u_0437,3330,1,snack_lover
u_0437,3309,1,snack_lover
u_0437,4405,1,snack_lover
u_0437,3308,1,snack_lover
u_0437,4303,1,snack_lover
u_0437,364,1,snack_lover
u_0437,2792,1,snack_lover
u_0437,3306,1,snack_lover
u_0437,3628,1,snack_lover
u_0437,2408,1,snack_lover
u_0437,3718,1,snack_lover
u_0437,3708,1,snack_lover
u_0437,4477,1,snack_lover
u_0437,733,1,snack_lover
u_0437,3337,1,snack_lover
u_0437,3659,1,snack_lover
u_0437,4581,1,snack_lover
u_0437,3329,1,snack_lover
u_0437,2846,1,snack_lover
u_0437,2931,1,snack_lover
u_0437,4109,1,snack_lover
u_0437,3232,1,snack_lover
u_0437,3326,1,snack_lover
u_0437,4454,1,snack_lover
u_0438,2882,1,gourmet
u_0438,1966,1,gourmet
u_0438,528,1,gourmet
u_0438,2300,1,gourmet
u_0438,2448,1,gourmet
u_0438,2122,1,gourmet
u_0438,2202,1,gourmet
u_0438,1923,1,gourmet
u_0438,1364,1,gourmet
u_0438,301,1,gourmet
u_0438,2240,1,gourmet
u_0438,2227,1,gourmet
u_0438,2574,1,gourmet
u_0438,707,1,gourmet
u_0438,1843,1,gourmet
u_0438,665,1,gourmet
u_0438,2035,1,gourmet
u_0438,1209,1,gourmet
u_0438,1894,1,gourmet
u_0438,3630,1,gourmet
u_0438,1653,1,gourmet
u_0438,525,1,gourmet
u_0438,1874,1,gourmet
u_0438,3113,1,gourmet
u_0438,3585,1,gourmet
u_0438,1835,1,gourmet
u_0438,2260,1,gourmet
u_0439,3200,1,snack_lover
u_0439,3910,1,snack_lover
u_0439,4427,1,snack_lover
u_0439,1012,1,snack_lover
u_0439,4358,1,snack_lover
u_0439,3138,1,snack_lover
u_0439,3805,1,snack_lover
u_0439,4117,1,snack_lover
u_0439,4233,1,snack_lover
u_0439,4145,1,snack_lover
u_0439,4137,1,snack_lover
u_0439,3613,1,snack_lover
u_0439,4530,1,snack_lover
u_0439,4034,1,snack_lover
u_0439,4538,1,snack_lover
u_0439,3803,1,snack_lover
u_0439,765,1,snack_lover
u_0439,3638,1,snack_lover
u_0439,2753,1,snack_lover
u_0439,3688,1,snack_lover
u_0439,3305,1,snack_lover
u_0439,3060,1,snack_lover
u_0439,854,1,snack_lover
u_0439,3351,1,snack_lover
u_0439,3289,1,snack_lover
u_0439,2769,1,snack_lover
u_0439,3440,1,snack_lover
u_0439,4351,1,snack_lover
u_0439,3561,1,snack_lover
u_0439,4399,1,snack_lover
u_0439,2799,1,snack_lover
u_0439,3815,1,snack_lover
u_0439,3285,1,snack_lover
u_0439,4543,1,snack_lover
u_0439,3865,1,snack_lover
u_0439,1181,1,snack_lover
u_0439,3369,1,snack_lover
u_0440,803,1,festival_shopper
u_0440,2369,1,festival_shopper
u_0440,1541,1,festival_shopper
u_0440,1564,1,festival_shopper
u_0440,3519,1,festival_shopper
u_0440,2397,1,festival_shopper
u_0440,1585,1,festival_shopper
u_0440,2523,1,festival_shopper
u_0440,573,1,festival_shopper
u_0440,1133,1,festival_shopper
u_0440,1827,1,festival_shopper
u_0440,3,1,festival_shopper
u_0440,273,1,festival_shopper
u_0440,669,1,festival_shopper
u_0440,2417,1,festival_shopper
u_0440,745,1,festival_shopper
u_0440,796,1,festival_shopper
u_0440,1789,1,festival_shopper
u_0440,2770,1,festival_shopper
u_0440,1893,1,festival_shopper
u_0440,2591,1,festival_shopper
u_0440,1530,1,festival_shopper
u_0440,2459,1,festival_shopper
u_0440,988,1,festival_shopper
u_0440,1700,1,festival_shopper
u_0440,432,1,festival_shopper
u_0440,345,1,festival_shopper
u_0440,1197,1,festival_shopper
u_0440,925,1,festival_shopper
u_0440,1735,1,festival_shopper
u_0440,1821,1,festival_shopper
u_0440,696,1,festival_shopper
u_0440,1442,1,festival_shopper
u_0440,1226,1,festival_shopper
u_0440,2495,1,festival_shopper
u_0440,162,1,festival_shopper
u_0440,3982,1,festival_shopper
u_0440,1430,1,festival_shopper
u_0440,1534,1,festival_shopper
u_0440,114,1,festival_shopper
u_0440,1396,1,festival_shopper
u_0440,4850,1,festival_shopper
u_0441,4290,1,breakfast_shopper
u_0441,2340,1,breakfast_shopper
u_0441,4256,1,breakfast_shopper
u_0441,137,1,breakfast_shopper
u_0441,4400,1,breakfast_shopper
u_0441,234,1,breakfast_shopper
u_0441,3686,1,breakfast_shopper
u_0441,119,1,breakfast_shopper
u_0441,4227,1,breakfast_shopper
u_0441,4674,1,breakfast_shopper
u_0441,530,1,breakfast_shopper
u_0441,4452,1,breakfast_shopper
u_0441,199,1,breakfast_shopper
u_0441,2334,1,breakfast_shopper
u_0441,4144,1,breakfast_shopper
u_0441,725,1,breakfast_shopper
u_0441,425,1,breakfast_shopper
u_0441,402,1,breakfast_shopper
u_0441,2745,1,breakfast_shopper
u_0441,4338,1,breakfast_shopper
u_0441,4955,1,breakfast_shopper
u_0441,4580,1,breakfast_shopper
u_0441,3294,1,breakfast_shopper
u_0441,4530,1,breakfast_shopper
u_0441,4557,1,breakfast_shopper
u_0441,2351,1,breakfast_shopper
u_0441,2651,1,breakfast_shopper
u_0441,4292,1,breakfast_shopper
u_0442,246,1,festival_shopper
u_0442,2355,1,festival_shopper
u_0442,1102,1,festival_shopper
u_0442,209,1,festival_shopper
u_0442,1734,1,festival_shopper
u_0442,1233,1,festival_shopper
u_0442,2733,1,festival_shopper
u_0442,2523,1,festival_shopper
u_0442,797,1,festival_shopper
u_0442,1581,1,festival_shopper
u_0442,18,1,festival_shopper
u_0442,2709,1,festival_shopper
u_0442,14,1,festival_shopper
u_0442,2713,1,festival_shopper
u_0442,2605,1,festival_shopper
u_0442,137,1,festival_shopper
u_0442,332,2,festival_shopper
u_0442,2284,1,festival_shopper
u_0442,1592,1,festival_shopper
u_0442,509,1,festival_shopper
u_0442,1132,1,festival_shopper
u_0442,1673,1,festival_shopper
u_0442,3246,1,festival_shopper
u_0442,1298,1,festival_shopper
u_0442,612,1,festival_shopper
u_0443,1482,1,festival_shopper
u_0443,1519,1,festival_shopper
u_0443,1259,1,festival_shopper
u_0443,4897,1,festival_shopper
u_0443,1875,1,festival_shopper
u_0443,1914,1,festival_shopper
u_0443,1438,1,festival_shopper
u_0443,2743,1,festival_shopper
u_0443,3200,1,festival_shopper
u_0443,1361,1,festival_shopper
u_0443,1134,1,festival_shopper
u_0443,3224,1,festival_shopper
u_0443,3487,1,festival_shopper
u_0443,445,1,festival_shopper
u_0443,404,1,festival_shopper
u_0443,141,1,festival_shopper
u_0443,2032,1,festival_shopper
u_0443,577,1,festival_shopper
u_0443,3384,1,festival_shopper
u_0443,964,1,festival_shopper
u_0443,2378,1,festival_shopper
u_0443,1018,1,festival_shopper
u_0443,203,1,festival_shopper
u_0443,1767,1,festival_shopper
u_0443,627,1,festival_shopper
u_0443,1009,1,festival_shopper
u_0443,2649,1,festival_shopper
u_0443,2576,1,festival_shopper
u_0443,2839,1,festival_shopper
u_0443,1489,1,festival_shopper
u_0443,2322,1,festival_shopper
u_0443,1729,1,festival_shopper
u_0443,2723,1,festival_shopper
u_0443,4241,1,festival_shopper
u_0443,320,1,festival_shopper
u_0443,1795,1,festival_shopper
u_0444,4855,1,breakfast_shopper
u_0444,565,1,breakfast_shopper
u_0444,4531,1,breakfast_shopper
u_0444,647,1,breakfast_shopper
u_0444,4958,1,breakfast_shopper
u_0444,4287,1,breakfast_shopper
u_0444,2588,1,breakfast_shopper
u_0444,1118,1,breakfast_shopper
u_0444,494,1,breakfast_shopper
u_0444,1878,1,breakfast_shopper
u_0444,4559,1,breakfast_shopper
u_0444,2353,1,breakfast_shopper
u_0444,28,1,breakfast_shopper
u_0444,2635,1,breakfast_shopper
u_0444,4472,1,breakfast_shopper
u_0444,4552,1,breakfast_shopper
u_0444,2541,1,breakfast_shopper
u_0444,3329,1,breakfast_shopper
u_0444,2704,1,breakfast_shopper
u_0444,4435,1,breakfast_shopper
u_0444,58,1,breakfast_shopper
u_0444,63,1,breakfast_shopper
u_0444,1638,1,breakfast_shopper
u_0444,3490,1,breakfast_shopper
u_0444,2322,1,breakfast_shopper
u_0444,4121,1,breakfast_shopper
u_0445,730,1,veg_cook
u_0445,1516,1,veg_cook
u_0445,3163,1,veg_cook
u_0445,1127,1,veg_cook
u_0445,2710,1,veg_cook
u_0445,1292,1,veg_cook
u_0445,1168,1,veg_cook
u_0445,2448,1,veg_cook
u_0445,1983,1,veg_cook
u_0445,505,1,veg_cook
u_0445,2553,1,veg_cook
u_0445,2669,1,veg_cook
u_0445,874,1,veg_cook
u_0445,3673,1,veg_cook
u_0445,2392,1,veg_cook
u_0445,1270,1,veg_cook
u_0445,4400,1,veg_cook
u_0445,4126,1,veg_cook
u_0445,561,1,veg_cook
u_0445,733,1,veg_cook
u_0445,886,1,veg_cook
u_0445,1126,1,veg_cook
u_0445,585,1,veg_cook
u_0445,3662,1,veg_cook
u_0445,738,1,veg_cook
u_0445,1838,1,veg_cook
u_0445,2538,1,veg_cook
u_0445,1872,1,veg_cook
u_0445,1892,1,veg_cook
u_0445,501,1,veg_cook
u_0445,2415,1,veg_cook
u_0445,2611,2,veg_cook
u_0445,604,1,veg_cook
u_0445,248,1,veg_cook
u_0445,2581,1,veg_cook
u_0445,866,1,veg_cook
u_0445,3910,1,veg_cook
u_0445,893,1,veg_cook
u_0445,896,1,veg_cook
u_0445,1096,1,veg_cook
u_0445,1941,1,veg_cook
u_0445,2228,1,veg_cook
u_0445,1057,1,veg_cook
u_0446,878,1,household_stocker
u_0446,2598,1,household_stocker
u_0446,3046,1,household_stocker
u_0446,3107,1,household_stocker
u_0446,1158,1,household_stocker
u_0446,3201,1,household_stocker
u_0446,189,1,household_stocker
u_0446,2801,1,household_stocker
u_0446,2896,1,household_stocker
u_0446,3060,1,household_stocker
u_0446,175,1,household_stocker
u_0446,2955,1,household_stocker
u_0446,3121,1,household_stocker
u_0446,2354,1,household_stocker
u_0446,2502,1,household_stocker
u_0446,1058,1,household_stocker
u_0446,585,1,household_stocker
u_0446,2313,1,household_stocker
u_0446,1178,1,household_stocker
u_0446,3131,1,household_stocker
u_0446,904,1,household_stocker
u_0446,2949,1,household_stocker
u_0446,3187,1,household_stocker
u_0446,3048,1,household_stocker
u_0446,3156,1,household_stocker
u_0446,3298,1,household_stocker
u_0446,2911,2,household_stocker
u_0446,2652,1,household_stocker
u_0446,2769,1,household_stocker
u_0446,2189,1,household_stocker
u_0446,3212,1,household_stocker
u_0446,11,2,household_stocker
u_0446,3052,1,household_stocker
u_0446,255,1,household_stocker
u_0446,2377,1,household_stocker
u_0446,3261,1,household_stocker
u_0446,734,1,household_stocker
u_0446,3099,1,household_stocker
u_0446,2837,1,household_stocker
u_0446,3487,1,household_stocker
u_0446,2768,1,household_stocker
u_0446,2442,1,household_stocker
u_0446,2810,1,household_stocker
u_0447,675,1,fruit_lover
u_0447,73,1,fruit_lover
u_0447,218,1,fruit_lover
u_0447,1215,1,fruit_lover
u_0447,625,1,fruit_lover
u_0447,2497,1,fruit_lover
u_0447,4182,1,fruit_lover
u_0447,455,1,fruit_lover
u_0447,2670,1,fruit_lover
u_0447,1016,1,fruit_lover
u_0447,1057,1,fruit_lover
u_0447,635,1,fruit_lover
u_0447,1355,1,fruit_lover
u_0447,696,1,fruit_lover
u_0447,825,1,fruit_lover
u_0447,288,1,fruit_lover
u_0447,1041,1,fruit_lover
u_0447,66,1,fruit_lover
u_0447,439,1,fruit_lover
u_0447,2380,1,fruit_lover
u_0447,793,1,fruit_lover
u_0447,1887,1,fruit_lover
u_0447,983,1,fruit_lover
u_0447,2238,1,fruit_lover
u_0447,440,1,fruit_lover
u_0447,1964,1,fruit_lover
u_0447,92,1,fruit_lover
u_0447,1234,1,fruit_lover
u_0447,148,1,fruit_lover
u_0447,153,1,fruit_lover
u_0447,113,1,fruit_lover
u_0447,2600,1,fruit_lover
u_0448,2208,1,fruit_lover
u_0448,136,1,fruit_lover
u_0448,2721,1,fruit_lover
u_0448,383,1,fruit_lover
u_0448,2606,1,fruit_lover
u_0448,2191,1,fruit_lover
u_0448,454,1,fruit_lover
u_0448,2035,1,fruit_lover
u_0448,2187,1,fruit_lover
u_0448,243,1,fruit_lover
u_0448,881,1,fruit_lover
u_0448,879,1,fruit_lover
u_0448,4550,1,fruit_lover
u_0448,420,1,fruit_lover
u_0448,2038,1,fruit_lover
u_0448,330,1,fruit_lover
u_0448,4608,1,fruit_lover
u_0448,2511,1,fruit_lover
u_0448,1103,1,fruit_lover
u_0448,227,1,fruit_lover
u_0448,2291,1,fruit_lover
u_0448,557,1,fruit_lover
u_0448,294,1,fruit_lover
u_0448,373,1,fruit_lover
u_0448,825,1,fruit_lover
u_0448,2391,1,fruit_lover
u_0448,256,1,fruit_lover
u_0448,547,1,fruit_lover
u_0448,35,1,fruit_lover
u_0448,142,1,fruit_lover
u_0448,2460,1,fruit_lover
u_0448,693,1,fruit_lover
u_0448,2443,1,fruit_lover
u_0448,4799,1,fruit_lover
u_0448,1495,1,fruit_lover
u_0448,3219,1,fruit_lover
u_0448,28,1,fruit_lover
u_0448,2175,1,fruit_lover
u_0448,1188,1,fruit_lover
u_0448,657,1,fruit_lover
u_0448,1275,1,fruit_lover
u_0449,1382,1,festival_shopper
u_0449,2558,1,festival_shopper
u_0449,535,1,festival_shopper
u_0449,547,1,festival_shopper
u_0449,3194,1,festival_shopper
u_0449,17,1,festival_shopper
u_0449,1034,1,festival_shopper
u_0449,68,1,festival_shopper
u_0449,4144,1,festival_shopper
u_0449,2305,1,festival_shopper
u_0449,1629,1,festival_shopper
u_0449,643,1,festival_shopper
u_0449,2452,1,festival_shopper
u_0449,911,1,festival_shopper
u_0449,690,1,festival_shopper
u_0449,1466,1,festival_shopper
u_0449,1356,1,festival_shopper
u_0449,450,1,festival_shopper
u_0449,1685,1,festival_shopper
u_0449,1976,1,festival_shopper
u_0449,2740,1,festival_shopper
u_0449,1759,1,festival_shopper
u_0449,379,1,festival_shopper
u_0449,1438,1,festival_shopper
u_0450,5056,1,gourmet
u_0450,282,1,gourmet
u_0450,1914,1,gourmet
u_0450,2248,1,gourmet
u_0450,1848,1,gourmet
u_0450,1981,1,gourmet
u_0450,733,1,gourmet
u_0450,2265,1,gourmet
u_0450,1803,1,gourmet
u_0450,4545,1,gourmet
u_0450,2112,1,gourmet
u_0450,2668,1,gourmet
u_0450,2602,1,gourmet
u_0450,2219,1,gourmet
u_0450,1285,1,gourmet
u_0450,68,1,gourmet
u_0450,732,1,gourmet
u_0450,1997,1,gourmet
u_0450,2924,1,gourmet
u_0450,2107,1,gourmet
u_0450,1353,1,gourmet
u_0450,183,1,gourmet
u_0450,1112,1,gourmet
u_0450,4208,1,gourmet
u_0450,1881,1,gourmet
u_0450,1938,2,gourmet
u_0450,87,1,gourmet
u_0450,2448,1,gourmet
u_0450,2754,1,gourmet
u_0450,4370,1,gourmet
u_0450,263,1,gourmet
u_0450,2954,1,gourmet
u_0451,2150,1,veg_cook
u_0451,2588,1,veg_cook
u_0451,543,1,veg_cook
u_0451,539,1,veg_cook
u_0451,589,1,veg_cook
u_0451,2500,1,veg_cook
u_0451,2775,1,veg_cook
u_0451,2730,1,veg_cook
u_0451,3114,1,veg_cook
u_0451,663,1,veg_cook
u_0451,1758,1,veg_cook
u_0451,1161,1,veg_cook
u_0451,1460,1,veg_cook
u_0451,821,1,veg_cook
u_0451,472,1,veg_cook
u_0451,661,1,veg_cook
u_0451,4055,1,veg_cook
u_0451,2280,1,veg_cook
u_0451,842,1,veg_cook
u_0451,433,1,veg_cook
u_0451,2137,1,veg_cook
u_0451,2329,1,veg_cook
u_0451,1147,1,veg_cook
u_0451,3769,1,veg_cook
u_0451,850,1,veg_cook
u_0451,599,1,veg_cook
u_0451,3762,1,veg_cook
u_0451,1109,1,veg_cook
u_0451,1979,1,veg_cook
u_0451,1003,1,veg_cook
u_0451,597,1,veg_cook
u_0451,100,1,veg_cook
u_0451,4749,1,veg_cook
u_0451,560,1,veg_cook
u_0451,2155,1,veg_cook
u_0451,665,1,veg_cook
u_0451,1118,1,veg_cook
u_0451,724,1,veg_cook
u_0451,584,1,veg_cook
u_0451,529,1,veg_cook
u_0451,1780,1,veg_cook
u_0451,2567,1,veg_cook
u_0451,4920,1,veg_cook
u_0451,5045,1,veg_cook
u_0452,580,1,veg_cook
u_0452,2407,1,veg_cook
u_0452,1169,1,veg_cook
u_0452,2,1,veg_cook
u_0452,1981,1,veg_cook
u_0452,765,1,veg_cook
u_0452,4913,1,veg_cook
u_0452,2161,1,veg_cook
u_0452,2192,1,veg_cook
u_0452,2382,1,veg_cook
u_0452,974,1,veg_cook
u_0452,1105,1,veg_cook
u_0452,2046,1,veg_cook
u_0452,2687,1,veg_cook
u_0452,3842,1,veg_cook
u_0452,495,2,veg_cook
u_0452,1826,1,veg_cook
u_0452,116,1,veg_cook
u_0452,2057,1,veg_cook
u_0452,95,1,veg_cook
u_0452,1251,1,veg_cook
u_0452,2089,1,veg_cook
u_0452,1366,1,veg_cook
u_0452,2680,1,veg_cook
u_0452,786,1,veg_cook
u_0452,3579,1,veg_cook
u_0452,912,1,veg_cook
u_0452,660,1,veg_cook
u_0452,2265,1,veg_cook
u_0452,1339,1,veg_cook
u_0452,3609,1,veg_cook
u_0452,1626,1,veg_cook
u_0452,4755,1,veg_cook
u_0452,871,1,veg_cook
u_0452,812,1,veg_cook
u_0452,3071,1,veg_cook
u_0452,624,1,veg_cook
u_0452,915,2,veg_cook
u_0452,886,1,veg_cook
u_0452,966,1,veg_cook
u_0452,680,1,veg_cook
u_0452,2704,2,veg_cook
u_0452,1190,1,veg_cook
u_0452,2126,1,veg_cook
u_0452,2311,1,veg_cook
u_0453,1138,1,gourmet
u_0453,1480,1,gourmet
u_0453,253,1,gourmet
u_0453,273,1,gourmet
u_0453,2723,1,gourmet
u_0453,478,1,gourmet
u_0453,2204,1,gourmet
u_0453,1875,1,gourmet
u_0453,1306,1,gourmet
u_0453,2105,1,gourmet
u_0453,780,1,gourmet
u_0453,1865,1,gourmet
u_0453,390,1,gourmet
u_0453,924,1,gourmet
u_0453,2253,1,gourmet
u_0453,1041,1,gourmet
u_0453,203,1,gourmet
u_0453,2351,1,gourmet
u_0453,1728,1,gourmet
u_0453,4771,1,gourmet
u_0453,2127,1,gourmet
u_0453,1962,1,gourmet
u_0453,2254,1,gourmet
u_0453,760,1,gourmet
u_0453,2069,1,gourmet
u_0453,2218,1,gourmet
u_0453,412,1,gourmet
u_0453,1915,1,gourmet
u_0453,1820,1,gourmet
u_0453,516,1,gourmet
u_0453,2012,1,gourmet
u_0453,4745,1,gourmet
u_0453,2209,1,gourmet
u_0453,2349,1,gourmet
u_0453,937,1,gourmet
u_0453,799,1,gourmet
u_0453,4880,1,gourmet
u_0453,2100,1,gourmet
u_0453,494,1,gourmet
u_0453,2156,1,gourmet
u_0453,823,1,gourmet
u_0453,256,1,gourmet
u_0454,3451,1,snack_lover
u_0454,3283,1,snack_lover
u_0454,4047,1,snack_lover
u_0454,2783,1,snack_lover
u_0454,4009,1,snack_lover
u_0454,4245,1,snack_lover
u_0454,4003,1,snack_lover
u_0454,3806,1,snack_lover
u_0454,2869,1,snack_lover
u_0454,3776,1,snack_lover
u_0454,4089,1,snack_lover
u_0454,4784,1,snack_lover
u_0454,3467,1,snack_lover
u_0454,3987,1,snack_lover
u_0454,3494,1,snack_lover
u_0454,3291,1,snack_lover
u_0454,3041,1,snack_lover
u_0454,4035,1,snack_lover
u_0454,3402,1,snack_lover
u_0454,4590,1,snack_lover
u_0454,4576,1,snack_lover
u_0454,3480,1,snack_lover
u_0454,3782,1,snack_lover
u_0454,749,1,snack_lover
u_0454,4949,1,snack_lover
u_0454,1578,1,snack_lover
u_0454,3239,1,snack_lover
u_0454,3472,1,snack_lover
u_0454,4180,1,snack_lover
u_0455,4114,1,snack_lover
u_0455,3577,1,snack_lover
u_0455,3647,1,snack_lover
u_0455,3485,1,snack_lover
u_0455,4308,1,snack_lover
u_0455,3666,1,snack_lover
u_0455,4392,1,snack_lover
u_0455,3880,1,snack_lover
u_0455,3739,1,snack_lover
u_0455,3885,1,snack_lover
u_0455,3006,1,snack_lover
u_0455,3961,1,snack_lover
u_0455,3949,1,snack_lover
u_0455,3581,1,snack_lover
u_0455,4037,1,snack_lover
u_0455,810,1,snack_lover
u_0455,3604,2,snack_lover
u_0455,3944,1,snack_lover
u_0455,4354,1,snack_lover
u_0455,3571,1,snack_lover
u_0455,3740,1,snack_lover
u_0455,4275,1,snack_lover
u_0455,3249,2,snack_lover
u_0455,3498,1,snack_lover
u_0455,3609,1,snack_lover
u_0455,3351,1,snack_lover
u_0455,1615,1,snack_lover
u_0456,2683,1,gourmet
u_0456,2014,1,gourmet
u_0456,2060,1,gourmet
u_0456,2231,2,gourmet
u_0456,1729,1,gourmet
u_0456,2233,1,gourmet
u_0456,340,1,gourmet
u_0456,2055,1,gourmet
u_0456,2104,1,gourmet
u_0456,4779,1,gourmet
u_0456,2299,1,gourmet
u_0456,1875,1,gourmet
u_0456,2943,1,gourmet
u_0456,1917,1,gourmet
u_0456,1054,1,gourmet
u_0456,2527,1,gourmet
u_0456,1505,1,gourmet
u_0456,925,1,gourmet
u_0456,2281,1,gourmet
u_0456,2396,1,gourmet
u_0456,1950,1,gourmet
u_0456,4773,1,gourmet
u_0456,2851,1,gourmet
u_0456,915,1,gourmet
u_0456,510,1,gourmet
u_0456,905,1,gourmet
u_0456,1978,1,gourmet
u_0456,2501,1,gourmet
u_0456,598,1,gourmet
u_0456,2046,1,gourmet
u_0456,300,1,gourmet
u_0456,1980,1,gourmet
u_0456,3487,1,gourmet
u_0456,1861,1,gourmet
u_0456,962,1,gourmet
u_0456,2331,1,gourmet
u_0456,2240,1,gourmet
u_0456,464,1,gourmet
u_0456,2750,1,gourmet
u_0456,2440,1,gourmet
u_0456,823,1,gourmet
u_0456,418,1,gourmet
u_0456,2505,1,gourmet
u_0457,686,1,gourmet
u_0457,2008,1,gourmet
u_0457,239,1,gourmet
u_0457,2888,1,gourmet
u_0457,2683,1,gourmet
u_0457,2799,1,gourmet
u_0457,786,1,gourmet
u_0457,2273,1,gourmet
u_0457,2634,1,gourmet
u_0457,2345,1,gourmet
u_0457,1549,1,gourmet
u_0457,466,1,gourmet
u_0457,300,1,gourmet
u_0457,994,1,gourmet
u_0457,4125,1,gourmet
u_0457,587,1,gourmet
u_0457,1104,1,gourmet
u_0457,3636,1,gourmet
u_0457,2052,1,gourmet
u_0457,397,1,gourmet
u_0457,2254,1,gourmet
u_0457,2443,1,gourmet
u_0457,465,1,gourmet
u_0457,2105,1,gourmet
u_0457,896,1,gourmet
u_0457,272,1,gourmet
u_0457,2113,1,gourmet
u_0457,226,1,gourmet
u_0457,2083,1,gourmet
u_0457,4164,1,gourmet
u_0457,2012,2,gourmet
u_0457,1994,1,gourmet
u_0457,567,1,gourmet
u_0457,259,1,gourmet
u_0457,2565,1,gourmet
u_0457,1384,1,gourmet
u_0457,693,1,gourmet
u_0457,2367,1,gourmet
u_0458,91,1,veg_cook
u_0458,597,1,veg_cook
u_0458,1199,1,veg_cook
u_0458,2249,1,veg_cook
u_0458,607,1,veg_cook
u_0458,945,1,veg_cook
u_0458,3181,1,veg_cook
u_0458,596,1,veg_cook
u_0458,2784,1,veg_cook
u_0458,2233,1,veg_cook
u_0458,1000,1,veg_cook
u_0458,1847,1,veg_cook
u_0458,1637,1,veg_cook
u_0458,1176,1,veg_cook
u_0458,2439,1,veg_cook
u_0458,2450,1,veg_cook
u_0458,616,1,veg_cook
u_0458,2381,1,veg_cook
u_0458,1280,1,veg_cook
u_0458,888,1,veg_cook
u_0458,525,1,veg_cook
u_0458,830,1,veg_cook
u_0458,2168,1,veg_cook
u_0458,2367,1,veg_cook
u_0458,3064,1,veg_cook
u_0458,3183,1,veg_cook
u_0458,1069,1,veg_cook
u_0459,3164,1,breakfast_shopper
u_0459,4447,1,breakfast_shopper
u_0459,2532,1,breakfast_shopper
u_0459,238,1,breakfast_shopper
u_0459,4225,1,breakfast_shopper
u_0459,4571,1,breakfast_shopper
u_0459,661,1,breakfast_shopper
u_0459,4351,1,breakfast_shopper
u_0459,2700,1,breakfast_shopper
u_0459,4517,1,breakfast_shopper
u_0459,708,1,breakfast_shopper
u_0459,2663,1,breakfast_shopper
u_0459,179,1,breakfast_shopper
u_0459,361,1,breakfast_shopper
u_0459,4216,1,breakfast_shopper
u_0459,4245,1,breakfast_shopper
u_0459,4267,1,breakfast_shopper
u_0459,4281,1,breakfast_shopper
u_0459,762,1,breakfast_shopper
u_0459,4475,1,breakfast_shopper
u_0459,4193,1,breakfast_shopper
u_0459,4512,1,breakfast_shopper
u_0459,362,1,breakfast_shopper
u_0459,2483,1,breakfast_shopper
u_0459,515,1,breakfast_shopper
u_0459,2934,1,breakfast_shopper
u_0459,648,1,breakfast_shopper
u_0459,2489,1,breakfast_shopper
u_0459,3400,1,breakfast_shopper
u_0459,4440,1,breakfast_shopper
u_0459,2210,1,breakfast_shopper
u_0459,2634,1,breakfast_shopper
u_0459,586,1,breakfast_shopper
u_0459,2996,1,breakfast_shopper
u_0459,4220,1,breakfast_shopper
u_0459,4257,1,breakfast_shopper
u_0459,70,1,breakfast_shopper
u_0459,3375,1,breakfast_shopper
u_0459,97,1,breakfast_shopper
u_0459,2756,1,breakfast_shopper
u_0460,2375,1,gourmet
u_0460,997,1,gourmet
u_0460,4194,1,gourmet
u_0460,2850,1,gourmet
u_0460,656,1,gourmet
u_0460,2668,1,gourmet
u_0460,1267,1,gourmet
u_0460,2946,1,gourmet
u_0460,1113,1,gourmet
u_0460,1369,1,gourmet
u_0460,1964,1,gourmet
u_0460,831,1,gourmet
u_0460,2288,1,gourmet
u_0460,2179,1,gourmet
u_0460,135,1,gourmet
u_0460,2226,1,gourmet
u_0460,2417,1,gourmet
u_0460,2075,1,gourmet
u_0460,1255,1,gourmet
u_0460,1854,1,gourmet
u_0460,91,1,gourmet
u_0460,72,1,gourmet
u_0460,2382,1,gourmet
u_0460,1383,1,gourmet
u_0460,2205,1,gourmet
u_0460,2247,1,gourmet
u_0460,2282,1,gourmet
u_0460,276,1,gourmet
u_0460,556,1,gourmet
u_0460,187,1,gourmet
u_0460,2049,1,gourmet
u_0461,43,1,household_stocker
u_0461,2680,1,household_stocker
u_0461,2876,1,household_stocker
u_0461,2249,1,household_stocker
u_0461,2881,1,household_stocker
u_0461,652,1,household_stocker
u_0461,3827,1,household_stocker
u_0461,2709,1,household_stocker
u_0461,1264,1,household_stocker
u_0461,2359,1,household_stocker
u_0461,3012,1,household_stocker
u_0461,1138,1,household_stocker
u_0461,2466,1,household_stocker
u_0461,3116,1,household_stocker
u_0461,3047,1,household_stocker
u_0461,3110,1,household_stocker
u_0461,1060,1,household_stocker
u_0461,2829,1,household_stocker
u_0461,2426,1,household_stocker
u_0461,2991,1,household_stocker
u_0461,3118,1,household_stocker
u_0461,1233,1,household_stocker
u_0461,2932,1,household_stocker
u_0461,2908,1,household_stocker
u_0461,1759,1,household_stocker
u_0461,2517,1,household_stocker
u_0461,298,1,household_stocker
u_0461,2324,1,household_stocker
u_0461,3106,1,household_stocker
u_0461,1076,1,household_stocker
u_0461,843,1,household_stocker
u_0461,2238,1,household_stocker
u_0461,3150,1,household_stocker
u_0461,2525,1,household_stocker
u_0461,2598,1,household_stocker
u_0461,2451,1,household_stocker
u_0461,353,1,household_stocker
u_0461,1938,1,household_stocker
u_0461,926,1,household_stocker
u_0462,3399,1,gourmet
u_0462,553,1,gourmet
u_0462,529,1,gourmet
u_0462,16,1,gourmet
u_0462,1972,1,gourmet
u_0462,2300,1,gourmet
u_0462,32,1,gourmet
u_0462,738,1,gourmet
u_0462,30,1,gourmet
u_0462,3142,1,gourmet
u_0462,2830,1,gourmet
u_0462,1050,1,gourmet
u_0462,759,1,gourmet
u_0462,637,1,gourmet
u_0462,2190,1,gourmet
u_0462,394,1,gourmet
u_0462,2185,1,gourmet
u_0462,723,1,gourmet
u_0462,195,1,gourmet
u_0462,1932,1,gourmet
u_0462,1288,1,gourmet
u_0462,406,1,gourmet
u_0462,739,1,gourmet
u_0462,2826,1,gourmet
u_0462,2325,1,gourmet
u_0462,2240,1,gourmet
u_0462,275,1,gourmet
u_0462,3735,1,gourmet
u_0462,956,1,gourmet
u_0462,1264,1,gourmet
u_0462,781,1,gourmet
u_0462,1016,1,gourmet
u_0462,50,1,gourmet
u_0462,1928,1,gourmet
u_0462,494,1,gourmet
u_0462,688,1,gourmet
u_0462,480,1,gourmet
u_0463,120,1,household_stocker
u_0463,2197,1,household_stocker
u_0463,602,1,household_stocker
u_0463,2819,1,household_stocker
u_0463,1012,1,household_stocker
u_0463,1880,1,household_stocker
u_0463,2821,1,household_stocker
u_0463,1332,1,household_stocker
u_0463,192,1,household_stocker
u_0463,1218,1,household_stocker
u_0463,2550,1,household_stocker
u_0463,2533,1,household_stocker
u_0463,1663,1,household_stocker
u_0463,429,1,household_stocker
u_0463,1995,1,household_stocker
u_0463,3097,1,household_stocker
u_0463,59,1,household_stocker
u_0463,2709,1,household_stocker
u_0463,408,1,household_stocker
u_0463,2601,1,household_stocker
u_0463,3040,1,household_stocker
u_0463,3020,1,household_stocker
u_0463,3143,1,household_stocker
u_0463,3135,1,household_stocker
u_0463,2744,1,household_stocker
u_0463,956,1,household_stocker
u_0463,3328,1,household_stocker
u_0463,382,1,household_stocker
u_0463,2861,1,household_stocker
u_0464,3013,1,household_stocker
u_0464,2484,1,household_stocker
u_0464,182,1,household_stocker
u_0464,3095,1,household_stocker
u_0464,3618,1,household_stocker
u_0464,90,1,household_stocker
u_0464,834,1,household_stocker
u_0464,3150,1,household_stocker
u_0464,769,1,household_stocker
u_0464,2764,1,household_stocker
u_0464,2867,1,household_stocker
u_0464,2616,1,household_stocker
u_0464,2948,1,household_stocker
u_0464,2490,1,household_stocker
u_0464,2733,1,household_stocker
u_0464,885,1,household_stocker
u_0464,1143,1,household_stocker
u_0464,5000,1,household_stocker
u_0464,2705,1,household_stocker
u_0464,1675,1,household_stocker
u_0464,2850,1,household_stocker
u_0464,4227,1,household_stocker
u_0464,3120,1,household_stocker
u_0464,1631,1,household_stocker
u_0464,3827,1,household_stocker
u_0464,158,1,household_stocker
u_0464,3198,1,household_stocker
u_0464,1433,1,household_stocker
u_0464,312,1,household_stocker
u_0464,3138,1,household_stocker
u_0464,2784,1,household_stocker
u_0464,1461,1,household_stocker
u_0465,4191,1,breakfast_shopper
u_0465,4438,1,breakfast_shopper
u_0465,487,1,breakfast_shopper
u_0465,2669,1,breakfast_shopper
u_0465,2508,1,breakfast_shopper
u_0465,4337,1,breakfast_shopper
u_0465,4776,1,breakfast_shopper
u_0465,4631,1,breakfast_shopper
u_0465,4463,1,breakfast_shopper
u_0465,4560,1,breakfast_shopper
u_0465,4192,1,breakfast_shopper
u_0465,2209,1,breakfast_shopper
u_0465,4637,1,breakfast_shopper
u_0465,22,1,breakfast_shopper
u_0465,109,1,breakfast_shopper
u_0465,2578,1,breakfast_shopper
u_0465,2548,1,breakfast_shopper
u_0465,4358,1,breakfast_shopper
u_0465,4546,1,breakfast_shopper
u_0465,4561,2,breakfast_shopper
u_0465,4805,1,breakfast_shopper
u_0465,552,1,breakfast_shopper
u_0465,2399,1,breakfast_shopper
u_0465,2615,1,breakfast_shopper
u_0465,2468,1,breakfast_shopper
u_0466,674,1,veg_cook
u_0466,918,1,veg_cook
u_0466,3043,1,veg_cook
u_0466,2218,1,veg_cook
u_0466,1216,1,veg_cook
u_0466,2313,1,veg_cook
u_0466,2397,1,veg_cook
u_0466,1090,1,veg_cook
u_0466,561,1,veg_cook
u_0466,2080,1,veg_cook
u_0466,1027,1,veg_cook
u_0466,3173,1,veg_cook
u_0466,2247,1,veg_cook
u_0466,1174,1,veg_cook
u_0466,4435,1,veg_cook
u_0466,1358,1,veg_cook
u_0466,2604,1,veg_cook
u_0466,724,1,veg_cook
u_0466,1087,1,veg_cook
u_0466,2976,1,veg_cook
u_0466,978,1,veg_cook
u_0466,780,1,veg_cook
u_0466,811,1,veg_cook
u_0466,2833,1,veg_cook
u_0466,1941,1,veg_cook
u_0466,365,1,veg_cook
u_0466,774,1,veg_cook
u_0466,4916,1,veg_cook
u_0466,1971,1,veg_cook
u_0466,3946,1,veg_cook
u_0466,712,1,veg_cook
u_0466,1462,1,veg_cook
u_0466,2296,1,veg_cook
u_0466,1135,1,veg_cook
u_0466,2489,1,veg_cook
u_0466,1225,1,veg_cook
u_0466,2148,1,veg_cook
u_0466,4576,1,veg_cook
u_0466,2886,1,veg_cook
u_0466,1205,1,veg_cook
u_0466,1757,1,veg_cook
u_0466,2707,1,veg_cook
u_0466,1199,1,veg_cook
u_0466,602,1,veg_cook
u_0466,2169,1,veg_cook
u_0466,945,1,veg_cook
u_0467,2009,1,gourmet
u_0467,1559,1,gourmet
u_0467,2719,1,gourmet
u_0467,235,1,gourmet
u_0467,1906,1,gourmet
u_0467,1226,1,gourmet
u_0467,2499,1,gourmet
u_0467,2038,1,gourmet
u_0467,2019,1,gourmet
u_0467,31,1,gourmet
u_0467,3100,1,gourmet
u_0467,2556,1,gourmet
u_0467,458,1,gourmet
u_0467,2868,1,gourmet
u_0467,2168,1,gourmet
u_0467,1878,1,gourmet
u_0467,2246,1,gourmet
u_0467,412,1,gourmet
u_0467,3716,1,gourmet
u_0467,361,1,gourmet
u_0467,2800,1,gourmet
u_0467,1918,1,gourmet
u_0467,1932,1,gourmet
u_0467,481,1,gourmet
u_0467,3047,1,gourmet
u_0467,2498,1,gourmet
u_0467,690,1,gourmet
u_0467,546,1,gourmet
u_0467,2070,1,gourmet
u_0467,1181,1,gourmet
u_0467,1290,1,gourmet
u_0467,2318,1,gourmet
u_0467,1944,1,gourmet
u_0467,2021,1,gourmet
u_0467,641,1,gourmet
u_0467,728,1,gourmet
u_0467,2824,1,gourmet
u_0467,297,1,gourmet
u_0467,3137,1,gourmet
u_0467,2044,1,gourmet
u_0467,663,1,gourmet
u_0468,2009,1,gourmet
u_0468,2130,1,gourmet
u_0468,3869,1,gourmet
u_0468,153,1,gourmet
u_0468,2777,1,gourmet
u_0468,1861,1,gourmet
u_0468,444,1,gourmet
u_0468,1792,1,gourmet
u_0468,3085,1,gourmet
u_0468,1858,1,gourmet
u_0468,510,1,gourmet
u_0468,2502,1,gourmet
u_0468,401,1,gourmet
u_0468,131,1,gourmet
u_0468,348,1,gourmet
u_0468,361,1,gourmet
u_0468,573,1,gourmet
u_0468,1924,1,gourmet
u_0468,1690,1,gourmet
u_0468,3023,1,gourmet
u_0468,1952,1,gourmet
u_0468,1962,1,gourmet
u_0468,310,1,gourmet
u_0468,1885,1,gourmet
u_0468,503,1,gourmet
u_0468,2737,1,gourmet
u_0468,959,1,gourmet
u_0468,31,1,gourmet
u_0468,2721,1,gourmet
u_0468,4592,1,gourmet
u_0468,2023,1,gourmet
u_0468,5020,1,gourmet
u_0468,967,1,gourmet
u_0468,2244,1,gourmet
u_0468,303,1,gourmet
u_0468,2036,1,gourmet
u_0469,4485,1,breakfast_shopper
u_0469,4227,1,breakfast_shopper
u_0469,3473,1,breakfast_shopper
u_0469,687,1,breakfast_shopper
u_0469,2622,2,breakfast_shopper
u_0469,42,1,breakfast_shopper
u_0469,4570,1,breakfast_shopper
u_0469,3600,1,breakfast_shopper
u_0469,4272,1,breakfast_shopper
u_0469,3381,1,breakfast_shopper
u_0469,1293,1,breakfast_shopper
u_0469,2995,1,breakfast_shopper
u_0469,3534,1,breakfast_shopper
u_0469,2416,1,breakfast_shopper
u_0469,305,1,breakfast_shopper
u_0469,4266,1,breakfast_shopper
u_0469,4594,1,breakfast_shopper
u_0469,2653,1,breakfast_shopper
u_0469,4740,1,breakfast_shopper
u_0469,1629,1,breakfast_shopper
u_0469,4275,1,breakfast_shopper
u_0469,4161,1,breakfast_shopper
u_0469,4461,1,breakfast_shopper
u_0469,2643,1,breakfast_shopper
u_0469,705,1,breakfast_shopper
u_0469,5034,1,breakfast_shopper
u_0469,2746,1,breakfast_shopper
u_0469,4474,1,breakfast_shopper
u_0469,217,1,breakfast_shopper
u_0469,1274,1,breakfast_shopper
u_0469,2351,1,breakfast_shopper
u_0469,4348,1,breakfast_shopper
u_0469,4405,1,breakfast_shopper
u_0469,3291,1,breakfast_shopper
u_0469,4197,1,breakfast_shopper
u_0469,645,1,breakfast_shopper
u_0469,2758,1,breakfast_shopper
u_0469,2734,1,breakfast_shopper
u_0469,2537,1,breakfast_shopper
u_0469,4607,1,breakfast_shopper
u_0470,1458,1,festival_shopper
u_0470,4614,1,festival_shopper
u_0470,3198,1,festival_shopper
u_0470,2684,1,festival_shopper
u_0470,792,1,festival_shopper
u_0470,876,1,festival_shopper
u_0470,1072,1,festival_shopper
u_0470,3582,1,festival_shopper
u_0470,3949,1,festival_shopper
u_0470,1398,1,festival_shopper
u_0470,2071,1,festival_shopper
u_0470,743,1,festival_shopper
u_0470,2407,1,festival_shopper
u_0470,1068,1,festival_shopper
u_0470,1497,1,festival_shopper
u_0470,258,1,festival_shopper
u_0470,1973,1,festival_shopper
u_0470,735,1,festival_shopper
u_0470,2822,1,festival_shopper
u_0470,318,1,festival_shopper
u_0470,454,1,festival_shopper
u_0470,1902,1,festival_shopper
u_0470,463,1,festival_shopper
u_0470,863,1,festival_shopper
u_0470,1028,1,festival_shopper
u_0470,1196,1,festival_shopper
u_0470,1437,1,festival_shopper
u_0470,2491,1,festival_shopper
u_0470,946,1,festival_shopper
u_0470,1289,1,festival_shopper
u_0470,1696,1,festival_shopper
u_0470,1505,1,festival_shopper
u_0470,1471,1,festival_shopper
u_0470,759,1,festival_shopper
u_0470,1670,1,festival_shopper
u_0470,1504,1,festival_shopper
u_0470,3017,1,festival_shopper
u_0470,91,1,festival_shopper
u_0470,384,1,festival_shopper
u_0470,2915,1,festival_shopper
u_0470,235,1,festival_shopper
u_0470,308,1,festival_shopper
u_0471,1508,1,festival_shopper
u_0471,2436,1,festival_shopper
u_0471,1638,1,festival_shopper
u_0471,2524,1,festival_shopper
u_0471,542,1,festival_shopper
u_0471,3778,1,festival_shopper
u_0471,3684,1,festival_shopper
u_0471,1671,1,festival_shopper
u_0471,1426,1,festival_shopper
u_0471,2216,1,festival_shopper
u_0471,1804,1,festival_shopper
u_0471,1486,1,festival_shopper
u_0471,3155,1,festival_shopper
u_0471,179,1,festival_shopper
u_0471,1332,1,festival_shopper
u_0471,2806,1,festival_shopper
u_0471,2624,1,festival_shopper
u_0471,585,1,festival_shopper
u_0471,537,1,festival_shopper
u_0471,189,1,festival_shopper
u_0471,637,1,festival_shopper
u_0471,2783,1,festival_shopper
u_0471,2594,1,festival_shopper
u_0471,2673,1,festival_shopper
u_0471,1396,1,festival_shopper
u_0471,2681,1,festival_shopper
u_0471,2713,1,festival_shopper
u_0471,348,1,festival_shopper
u_0472,4368,1,breakfast_shopper
u_0472,2396,1,breakfast_shopper
u_0472,2692,1,breakfast_shopper
u_0472,3637,1,breakfast_shopper
u_0472,4487,1,breakfast_shopper
u_0472,4189,1,breakfast_shopper
u_0472,688,1,breakfast_shopper
u_0472,3235,1,breakfast_shopper
u_0472,247,1,breakfast_shopper
u_0472,4237,1,breakfast_shopper
u_0472,32,1,breakfast_shopper
u_0472,2563,1,breakfast_shopper
u_0472,4295,1,breakfast_shopper
u_0472,4566,1,breakfast_shopper
u_0472,4217,1,breakfast_shopper
u_0472,3522,1,breakfast_shopper
u_0472,263,1,breakfast_shopper
u_0472,830,1,breakfast_shopper
u_0472,4988,1,breakfast_shopper
u_0472,4172,1,breakfast_shopper
u_0472,216,1,breakfast_shopper
u_0472,4195,1,breakfast_shopper
u_0472,4446,1,breakfast_shopper
u_0472,491,1,breakfast_shopper
u_0472,4562,1,breakfast_shopper
u_0472,852,1,breakfast_shopper
u_0472,4179,2,breakfast_shopper
u_0472,4210,2,breakfast_shopper
u_0472,3568,1,breakfast_shopper
u_0472,12,1,breakfast_shopper
u_0472,2363,1,breakfast_shopper
u_0472,2502,1,breakfast_shopper
u_0472,2410,1,breakfast_shopper
u_0472,4204,1,breakfast_shopper
u_0472,2115,1,breakfast_shopper
u_0472,2357,1,breakfast_shopper
u_0472,750,1,breakfast_shopper
u_0472,4351,1,breakfast_shopper
u_0472,4291,1,breakfast_shopper
u_0473,1204,1,veg_cook
u_0473,869,1,veg_cook
u_0473,1363,1,veg_cook
u_0473,1465,1,veg_cook
u_0473,1295,1,veg_cook
u_0473,717,1,veg_cook
u_0473,1120,1,veg_cook
u_0473,2635,1,veg_cook
u_0473,3986,1,veg_cook
u_0473,875,1,veg_cook
u_0473,27,1,veg_cook
u_0473,2590,1,veg_cook
u_0473,1191,1,veg_cook
u_0473,558,1,veg_cook
u_0473,2692,1,veg_cook
u_0473,2048,1,veg_cook
u_0473,597,2,veg_cook
u_0473,2194,1,veg_cook
u_0473,2374,1,veg_cook
u_0473,667,1,veg_cook
u_0473,1734,1,veg_cook
u_0473,1096,1,veg_cook
u_0473,728,1,veg_cook
u_0473,288,1,veg_cook
u_0473,554,1,veg_cook
u_0473,521,1,veg_cook
u_0474,260,1,veg_cook
u_0474,2803,1,veg_cook
u_0474,1332,1,veg_cook
u_0474,1007,1,veg_cook
u_0474,2055,1,veg_cook
u_0474,3136,1,veg_cook
u_0474,1246,1,veg_cook
u_0474,2267,1,veg_cook
u_0474,1160,1,veg_cook
u_0474,2346,1,veg_cook
u_0474,517,1,veg_cook
u_0474,1958,1,veg_cook
u_0474,1159,1,veg_cook
u_0474,2669,1,veg_cook
u_0474,3525,1,veg_cook
u_0474,1344,1,veg_cook
u_0474,2747,1,veg_cook
u_0474,695,1,veg_cook
u_0474,3599,1,veg_cook
u_0474,11,1,veg_cook
u_0474,3673,1,veg_cook
u_0474,1270,1,veg_cook
u_0474,223,1,veg_cook
u_0474,671,1,veg_cook
u_0474,2641,1,veg_cook
u_0474,1917,1,veg_cook
u_0474,2232,1,veg_cook
u_0474,559,1,veg_cook
u_0474,2430,1,veg_cook
u_0474,3430,1,veg_cook
u_0474,767,1,veg_cook
u_0474,847,1,veg_cook
u_0474,3962,1,veg_cook
u_0474,970,1,veg_cook
u_0474,3519,1,veg_cook
u_0474,927,1,veg_cook
u_0474,987,1,veg_cook
u_0475,1594,1,festival_shopper
u_0475,1359,1,festival_shopper
u_0475,2304,1,festival_shopper
u_0475,245,1,festival_shopper
u_0475,1577,1,festival_shopper
u_0475,4314,1,festival_shopper
u_0475,1040,1,festival_shopper
u_0475,1535,1,festival_shopper
u_0475,5006,1,festival_shopper
u_0475,593,1,festival_shopper
u_0475,1994,1,festival_shopper
u_0475,2599,1,festival_shopper
u_0475,4081,1,festival_shopper
u_0475,1074,1,festival_shopper
u_0475,2506,1,festival_shopper
u_0475,1503,1,festival_shopper
u_0475,917,1,festival_shopper
u_0475,1375,1,festival_shopper
u_0475,892,1,festival_shopper
u_0475,1327,1,festival_shopper
u_0475,2779,1,festival_shopper
u_0475,2406,1,festival_shopper
u_0475,1507,1,festival_shopper
u_0475,1721,1,festival_shopper
u_0476,4871,1,fruit_lover
u_0476,1227,1,fruit_lover
u_0476,521,1,fruit_lover
u_0476,85,1,fruit_lover
u_0476,180,1,fruit_lover
u_0476,2408,1,fruit_lover
u_0476,166,1,fruit_lover
u_0476,2684,1,fruit_lover
u_0476,1968,1,fruit_lover
u_0476,2888,1,fruit_lover
u_0476,386,1,fruit_lover
u_0476,1161,1,fruit_lover
u_0476,192,1,fruit_lover
u_0476,2157,1,fruit_lover
u_0476,2051,1,fruit_lover
u_0476,805,1,fruit_lover
u_0476,252,1,fruit_lover
u_0476,1089,1,fruit_lover
u_0476,214,1,fruit_lover
u_0476,2138,1,fruit_lover
u_0476,548,1,fruit_lover
u_0476,1521,1,fruit_lover
u_0476,235,1,fruit_lover
u_0476,261,1,fruit_lover
u_0476,314,1,fruit_lover
u_0476,2619,1,fruit_lover
u_0476,177,1,fruit_lover
u_0477,2490,1,fruit_lover
u_0477,2383,1,fruit_lover
u_0477,2411,1,fruit_lover
u_0477,122,1,fruit_lover
u_0477,415,1,fruit_lover
u_0477,558,1,fruit_lover
u_0477,81,1,fruit_lover
u_0477,208,1,fruit_lover
u_0477,3441,1,fruit_lover
u_0477,2801,1,fruit_lover
u_0477,2101,1,fruit_lover
u_0477,2585,1,fruit_lover
u_0477,2531,1,fruit_lover
u_0477,224,1,fruit_lover
u_0477,1231,1,fruit_lover
u_0477,1017,1,fruit_lover
u_0477,831,1,fruit_lover
u_0477,2297,1,fruit_lover
u_0477,79,2,fruit_lover
u_0477,2413,1,fruit_lover
u_0477,1218,1,fruit_lover
u_0477,74,1,fruit_lover
u_0477,405,1,fruit_lover
u_0477,397,1,fruit_lover
u_0477,1776,1,fruit_lover
u_0477,2640,1,fruit_lover
u_0477,448,1,fruit_lover
u_0477,1079,1,fruit_lover
u_0477,1368,1,fruit_lover
u_0478,3093,1,fruit_lover
u_0478,253,1,fruit_lover
u_0478,3176,1,fruit_lover
u_0478,2487,1,fruit_lover
u_0478,543,1,fruit_lover
u_0478,4099,1,fruit_lover
u_0478,550,1,fruit_lover
u_0478,339,1,fruit_lover
u_0478,2041,1,fruit_lover
u_0478,1349,1,fruit_lover
u_0478,631,1,fruit_lover
u_0478,3660,1,fruit_lover
u_0478,590,1,fruit_lover
u_0478,2267,1,fruit_lover
u_0478,1540,1,fruit_lover
u_0478,2133,1,fruit_lover
u_0478,2199,1,fruit_lover
u_0478,2156,1,fruit_lover
u_0478,2616,1,fruit_lover
u_0478,109,1,fruit_lover
u_0478,1849,1,fruit_lover
u_0478,2277,1,fruit_lover
u_0478,2,1,fruit_lover
u_0478,178,1,fruit_lover
u_0478,232,1,fruit_lover
u_0478,1030,1,fruit_lover
u_0478,1835,1,fruit_lover
u_0478,778,1,fruit_lover
u_0478,421,1,fruit_lover
u_0478,1914,1,fruit_lover
u_0478,396,1,fruit_lover
u_0478,686,1,fruit_lover
u_0479,2561,1,household_stocker
u_0479,2474,1,household_stocker
u_0479,877,2,household_stocker
u_0479,206,1,household_stocker
u_0479,733,1,household_stocker
u_0479,662,1,household_stocker
u_0479,2604,1,household_stocker
u_0479,2934,1,household_stocker
u_0479,3017,1,household_stocker
u_0479,1579,1,household_stocker
u_0479,2673,1,household_stocker
u_0479,738,1,household_stocker
u_0479,2520,1,household_stocker
u_0479,1133,1,household_stocker
u_0479,248,1,household_stocker
u_0479,457,1,household_stocker
u_0479,2322,1,household_stocker
u_0479,2806,1,household_stocker
u_0479,2644,1,household_stocker
u_0479,402,1,household_stocker
u_0479,2867,1,household_stocker
u_0479,2959,1,household_stocker
u_0479,1698,1,household_stocker
u_0479,2452,1,household_stocker
u_0479,3111,1,household_stocker
u_0479,659,1,household_stocker
u_0479,3705,1,household_stocker
u_0479,1915,1,household_stocker
u_0480,4171,1,snack_lover
u_0480,3427,1,snack_lover
u_0480,4487,1,snack_lover
u_0480,3846,1,snack_lover
u_0480,3234,1,snack_lover
u_0480,3311,1,snack_lover
u_0480,4259,1,snack_lover
u_0480,1152,1,snack_lover
u_0480,3684,1,snack_lover
u_0480,4359,1,snack_lover
u_0480,4012,1,snack_lover
u_0480,3351,1,snack_lover
u_0480,2778,1,snack_lover
u_0480,2965,1,snack_lover
u_0480,4219,1,snack_lover
u_0480,3199,1,snack_lover
u_0480,3223,1,snack_lover
u_0480,3947,1,snack_lover
u_0480,2463,1,snack_lover
u_0480,2784,1,snack_lover
u_0480,3276,1,snack_lover
u_0480,4414,1,snack_lover
u_0480,4150,1,snack_lover
u_0480,2123,1,snack_lover
u_0480,3153,1,snack_lover
u_0480,3255,1,snack_lover
u_0480,3357,1,snack_lover
u_0480,3140,1,snack_lover
u_0480,2799,1,snack_lover
u_0480,3997,1,snack_lover
u_0480,3419,1,snack_lover
u_0480,3768,1,snack_lover
u_0480,3908,1,snack_lover
u_0480,3010,1,snack_lover
u_0480,3289,1,snack_lover
u_0481,1931,1,fruit_lover
u_0481,2347,1,fruit_lover
u_0481,1291,1,fruit_lover
u_0481,807,1,fruit_lover
u_0481,3045,1,fruit_lover
u_0481,116,1,fruit_lover
u_0481,1484,1,fruit_lover
u_0481,1788,1,fruit_lover
u_0481,2109,1,fruit_lover
u_0481,3732,1,fruit_lover
u_0481,1890,1,fruit_lover
u_0481,51,1,fruit_lover
u_0481,2131,1,fruit_lover
u_0481,368,1,fruit_lover
u_0481,239,1,fruit_lover
u_0481,3145,1,fruit_lover
u_0481,3999,1,fruit_lover
u_0481,2980,1,fruit_lover
u_0481,3897,1,fruit_lover
u_0481,1057,2,fruit_lover
u_0481,148,1,fruit_lover
u_0481,2170,1,fruit_lover
u_0481,587,1,fruit_lover
u_0481,98,1,fruit_lover
u_0481,667,1,fruit_lover
u_0481,2289,1,fruit_lover
u_0481,2801,1,fruit_lover
u_0481,2154,1,fruit_lover
u_0481,1980,1,fruit_lover
u_0481,349,1,fruit_lover
u_0481,2466,1,fruit_lover
u_0481,1071,1,fruit_lover
u_0481,1565,1,fruit_lover
u_0481,224,1,fruit_lover
u_0481,229,1,fruit_lover
u_0481,2670,1,fruit_lover
u_0481,2715,1,fruit_lover
u_0481,1986,1,fruit_lover
u_0481,25,1,fruit_lover
u_0481,4837,1,fruit_lover
u_0481,834,1,fruit_lover
u_0481,1759,1,fruit_lover
u_0481,210,1,fruit_lover
u_0482,597,2,festival_shopper
u_0482,1454,1,festival_shopper
u_0482,375,1,festival_shopper
u_0482,1639,1,festival_shopper
u_0482,1188,1,festival_shopper
u_0482,1818,1,festival_shopper
u_0482,19,1,festival_shopper
u_0482,2365,1,festival_shopper
u_0482,2520,1,festival_shopper
u_0482,1485,1,festival_shopper
u_0482,1661,1,festival_shopper
u_0482,1482,1,festival_shopper
u_0482,1594,1,festival_shopper
u_0482,808,1,festival_shopper
u_0482,1755,1,festival_shopper
u_0482,281,1,festival_shopper
u_0482,1622,1,festival_shopper
u_0482,497,1,festival_shopper
u_0482,847,1,festival_shopper
u_0482,3987,1,festival_shopper
u_0482,2816,1,festival_shopper
u_0482,1493,1,festival_shopper
u_0482,1214,1,festival_shopper
u_0482,1729,1,festival_shopper
u_0483,3555,1,breakfast_shopper
u_0483,2532,1,breakfast_shopper
u_0483,5004,1,breakfast_shopper
u_0483,5036,1,breakfast_shopper
u_0483,2527,1,breakfast_shopper
u_0483,3636,1,breakfast_shopper
u_0483,4550,1,breakfast_shopper
u_0483,4187,1,breakfast_shopper
u_0483,811,1,breakfast_shopper
u_0483,383,1,breakfast_shopper
u_0483,2717,1,breakfast_shopper
u_0483,4474,1,breakfast_shopper
u_0483,769,1,breakfast_shopper
u_0483,2403,1,breakfast_shopper
u_0483,4169,1,breakfast_shopper
u_0483,4460,1,breakfast_shopper
u_0483,3853,1,breakfast_shopper
u_0483,4343,1,breakfast_shopper
u_0483,4692,1,breakfast_shopper
u_0483,382,1,breakfast_shopper
u_0483,424,1,breakfast_shopper
u_0483,4547,1,breakfast_shopper
u_0483,4258,1,breakfast_shopper
u_0483,4316,2,breakfast_shopper
u_0483,4567,1,breakfast_shopper
u_0483,267,1,breakfast_shopper
u_0483,4392,1,breakfast_shopper
u_0483,4145,1,breakfast_shopper
u_0483,2495,1,breakfast_shopper
u_0483,2691,1,breakfast_shopper
u_0483,4192,1,breakfast_shopper
u_0483,4400,1,breakfast_shopper
u_0483,1002,1,breakfast_shopper
u_0483,2529,1,breakfast_shopper
u_0483,2648,1,breakfast_shopper
u_0483,460,1,breakfast_shopper
u_0484,1881,1,fruit_lover
u_0484,3132,1,fruit_lover
u_0484,0,1,fruit_lover
u_0484,2209,1,fruit_lover
u_0484,393,1,fruit_lover
u_0484,264,1,fruit_lover
u_0484,6,1,fruit_lover
u_0484,2756,1,fruit_lover
u_0484,90,1,fruit_lover
u_0484,268,1,fruit_lover
u_0484,1871,1,fruit_lover
u_0484,212,1,fruit_lover
u_0484,1102,1,fruit_lover
u_0484,1250,1,fruit_lover
u_0484,480,1,fruit_lover
u_0484,526,1,fruit_lover
u_0484,2952,1,fruit_lover
u_0484,175,1,fruit_lover
u_0484,376,1,fruit_lover
u_0484,2026,1,fruit_lover
u_0484,142,1,fruit_lover
u_0484,296,1,fruit_lover
u_0484,43,1,fruit_lover
u_0484,211,1,fruit_lover
u_0484,1986,1,fruit_lover
u_0484,1253,1,fruit_lover
u_0484,323,1,fruit_lover
u_0484,3329,1,fruit_lover
u_0484,395,1,fruit_lover
u_0484,190,1,fruit_lover
u_0484,2753,1,fruit_lover
u_0484,159,1,fruit_lover
u_0484,622,1,fruit_lover
u_0484,4889,1,fruit_lover
u_0484,453,1,fruit_lover
u_0484,2358,1,fruit_lover
u_0484,2046,1,fruit_lover
u_0484,853,1,fruit_lover
u_0484,431,1,fruit_lover
u_0484,174,1,fruit_lover
u_0484,46,1,fruit_lover
u_0484,154,1,fruit_lover
u_0485,3067,1,household_stocker
u_0485,3036,1,household_stocker
u_0485,2310,1,household_stocker
u_0485,2326,1,household_stocker
u_0485,145,1,household_stocker
u_0485,1047,1,household_stocker
u_0485,290,1,household_stocker
u_0485,2780,1,household_stocker
u_0485,1905,1,household_stocker
u_0485,2631,1,household_stocker
u_0485,3132,1,household_stocker
u_0485,1254,1,household_stocker
u_0485,2525,1,household_stocker
u_0485,864,1,household_stocker
u_0485,2812,1,household_stocker
u_0485,2467,1,household_stocker
u_0485,2727,1,household_stocker
u_0485,2333,1,household_stocker
u_0485,1629,1,household_stocker
u_0485,2968,1,household_stocker
u_0485,2040,1,household_stocker
u_0485,2403,1,household_stocker
u_0485,2827,1,household_stocker
u_0485,548,1,household_stocker
u_0485,3102,1,household_stocker
u_0485,2789,1,household_stocker
u_0485,1258,1,household_stocker
u_0485,5026,1,household_stocker
u_0485,2864,1,household_stocker
u_0486,3611,1,household_stocker
u_0486,2790,1,household_stocker
u_0486,3168,1,household_stocker
u_0486,344,1,household_stocker
u_0486,3037,1,household_stocker
u_0486,1986,1,household_stocker
u_0486,3176,1,household_stocker
u_0486,2309,1,household_stocker
u_0486,4008,1,household_stocker
u_0486,543,1,household_stocker
u_0486,2927,1,household_stocker
u_0486,2861,1,household_stocker
u_0486,2781,1,household_stocker
u_0486,2698,1,household_stocker
u_0486,567,1,household_stocker
u_0486,2979,1,household_stocker
u_0486,3117,1,household_stocker
u_0486,2649,1,household_stocker
u_0486,3202,1,household_stocker
u_0486,1147,1,household_stocker
u_0486,2534,1,household_stocker
u_0486,207,1,household_stocker
u_0486,99,1,household_stocker
u_0486,762,1,household_stocker
u_0486,230,1,household_stocker
u_0486,1515,1,household_stocker
u_0487,2835,1,household_stocker
u_0487,3077,1,household_stocker
u_0487,1283,1,household_stocker
u_0487,2683,1,household_stocker
u_0487,2872,1,household_stocker
u_0487,595,1,household_stocker
u_0487,2799,1,household_stocker
u_0487,4535,1,household_stocker
u_0487,1380,1,household_stocker
u_0487,3145,1,household_stocker
u_0487,4979,1,household_stocker
u_0487,2663,1,household_stocker
u_0487,2142,1,household_stocker
u_0487,3194,1,household_stocker
u_0487,782,1,household_stocker
u_0487,2798,1,household_stocker
u_0487,2040,1,household_stocker
u_0487,3002,1,household_stocker
u_0487,1520,1,household_stocker
u_0487,3129,1,household_stocker
u_0487,3057,1,household_stocker
u_0487,1111,1,household_stocker
u_0487,2265,1,household_stocker
u_0487,1357,1,household_stocker
u_0487,893,1,household_stocker
u_0487,4841,1,household_stocker
u_0487,1594,1,household_stocker
u_0487,49,1,household_stocker
u_0487,3016,1,household_stocker
u_0487,99,1,household_stocker
u_0487,2393,1,household_stocker
u_0487,2694,1,household_stocker
u_0488,2274,1,veg_cook
u_0488,777,1,veg_cook
u_0488,923,1,veg_cook
u_0488,1273,1,veg_cook
u_0488,3605,1,veg_cook
u_0488,531,1,veg_cook
u_0488,4582,1,veg_cook
u_0488,1187,1,veg_cook
u_0488,1497,1,veg_cook
u_0488,1044,1,veg_cook
u_0488,383,1,veg_cook
u_0488,1366,1,veg_cook
u_0488,4771,1,veg_cook
u_0488,2810,1,veg_cook
u_0488,958,1,veg_cook
u_0488,2336,1,veg_cook
u_0488,1188,1,veg_cook
u_0488,1262,1,veg_cook
u_0488,2880,1,veg_cook
u_0488,688,1,veg_cook
u_0488,738,1,veg_cook
u_0488,2556,1,veg_cook
u_0488,725,1,veg_cook
u_0488,1064,1,veg_cook
u_0488,2071,1,veg_cook
u_0488,1942,1,veg_cook
u_0488,2448,1,veg_cook
u_0488,1643,1,veg_cook
u_0488,635,1,veg_cook
u_0488,4913,1,veg_cook
u_0488,951,1,veg_cook
u_0488,980,1,veg_cook
u_0488,1092,1,veg_cook
u_0488,617,1,veg_cook
u_0488,2758,1,veg_cook
u_0488,2088,1,veg_cook
u_0488,1374,1,veg_cook
u_0488,2017,1,veg_cook
u_0488,535,1,veg_cook
u_0488,2791,1,veg_cook
u_0488,1455,1,veg_cook
u_0489,4269,1,breakfast_shopper
u_0489,2331,1,breakfast_shopper
u_0489,721,1,breakfast_shopper
u_0489,4363,1,breakfast_shopper
u_0489,4348,1,breakfast_shopper
u_0489,3678,1,breakfast_shopper
u_0489,4481,1,breakfast_shopper
u_0489,339,1,breakfast_shopper
u_0489,152,1,breakfast_shopper
u_0489,3580,1,breakfast_shopper
u_0489,4324,1,breakfast_shopper
u_0489,296,1,breakfast_shopper
u_0489,4487,1,breakfast_shopper
u_0489,4294,1,breakfast_shopper
u_0489,4596,1,breakfast_shopper
u_0489,4365,1,breakfast_shopper
u_0489,388,1,breakfast_shopper
u_0489,4528,1,breakfast_shopper
u_0489,4496,1,breakfast_shopper
u_0489,1967,1,breakfast_shopper
u_0489,4492,1,breakfast_shopper
u_0489,4411,1,breakfast_shopper
u_0489,2324,1,breakfast_shopper
u_0489,821,1,breakfast_shopper
u_0490,3153,1,festival_shopper
u_0490,1770,1,festival_shopper
u_0490,938,1,festival_shopper
u_0490,1861,1,festival_shopper
u_0490,2970,1,festival_shopper
u_0490,1909,1,festival_shopper
u_0490,1878,1,festival_shopper
u_0490,363,1,festival_shopper
u_0490,624,1,festival_shopper
u_0490,3799,1,festival_shopper
u_0490,50,1,festival_shopper
u_0490,223,1,festival_shopper
u_0490,861,1,festival_shopper
u_0490,358,1,festival_shopper
u_0490,2069,1,festival_shopper
u_0490,1462,1,festival_shopper
u_0490,1606,1,festival_shopper
u_0490,330,1,festival_shopper
u_0490,464,1,festival_shopper
u_0490,146,1,festival_shopper
u_0490,2509,1,festival_shopper
u_0490,1726,1,festival_shopper
u_0490,159,1,festival_shopper
u_0490,2401,1,festival_shopper
u_0490,513,1,festival_shopper
u_0490,2102,1,festival_shopper
u_0490,787,1,festival_shopper
u_0490,2426,1,festival_shopper
u_0491,4035,1,gourmet
u_0491,884,1,gourmet
u_0491,231,1,gourmet
u_0491,2085,1,gourmet
u_0491,2709,1,gourmet
u_0491,1671,1,gourmet
u_0491,2499,1,gourmet
u_0491,2373,1,gourmet
u_0491,1301,1,gourmet
u_0491,2370,1,gourmet
u_0491,43,1,gourmet
u_0491,576,1,gourmet
u_0491,3066,1,gourmet
u_0491,4196,1,gourmet
u_0491,2405,1,gourmet
u_0491,2579,1,gourmet
u_0491,2009,1,gourmet
u_0491,569,1,gourmet
u_0491,2246,1,gourmet
u_0491,1850,1,gourmet
u_0491,2558,1,gourmet
u_0491,542,1,gourmet
u_0491,1307,1,gourmet
u_0491,2509,1,gourmet
u_0491,513,1,gourmet
u_0491,1681,1,gourmet
u_0491,2749,1,gourmet
u_0491,2187,1,gourmet
u_0491,458,1,gourmet
u_0491,650,1,gourmet
u_0491,2644,1,gourmet
u_0491,1997,1,gourmet
u_0491,541,1,gourmet
u_0491,1079,1,gourmet
u_0491,590,1,gourmet
u_0491,609,1,gourmet
u_0491,2136,1,gourmet
u_0491,2244,1,gourmet
u_0491,79,1,gourmet
u_0491,1907,1,gourmet
u_0491,120,1,gourmet
u_0491,2073,1,gourmet
u_0491,1891,1,gourmet
u_0491,803,1,gourmet
u_0492,4133,1,snack_lover
u_0492,2904,1,snack_lover
u_0492,4064,1,snack_lover
u_0492,3701,1,snack_lover
u_0492,4184,1,snack_lover
u_0492,4021,1,snack_lover
u_0492,3595,1,snack_lover
u_0492,4393,1,snack_lover
u_0492,3900,1,snack_lover
u_0492,4072,1,snack_lover
u_0492,2837,1,snack_lover
u_0492,3821,1,snack_lover
u_0492,3999,1,snack_lover
u_0492,3703,1,snack_lover
u_0492,2230,1,snack_lover
u_0492,4009,1,snack_lover
u_0492,3944,1,snack_lover
u_0492,3794,1,snack_lover
u_0492,4470,1,snack_lover
u_0492,3471,1,snack_lover
u_0492,873,1,snack_lover
u_0492,3493,1,snack_lover
u_0492,3310,1,snack_lover
u_0492,4389,1,snack_lover
u_0493,2491,1,household_stocker
u_0493,2271,1,household_stocker
u_0493,3105,1,household_stocker
u_0493,4805,1,household_stocker
u_0493,2710,1,household_stocker
u_0493,4899,1,household_stocker
u_0493,2779,1,household_stocker
u_0493,1123,1,household_stocker
u_0493,3039,1,household_stocker
u_0493,3102,1,household_stocker
u_0493,2171,1,household_stocker
u_0493,3131,1,household_stocker
u_0493,698,1,household_stocker
u_0493,3204,1,household_stocker
u_0493,2408,1,household_stocker
u_0493,2615,1,household_stocker
u_0493,3141,1,household_stocker
u_0493,1625,1,household_stocker
u_0493,2461,1,household_stocker
u_0493,3086,1,household_stocker
u_0493,2521,1,household_stocker
u_0493,2687,1,household_stocker
u_0493,2986,1,household_stocker
u_0493,2793,1,household_stocker
u_0493,2740,1,household_stocker
u_0493,1037,1,household_stocker
u_0493,2415,1,household_stocker
u_0493,2613,1,household_stocker
u_0493,25,1,household_stocker
u_0493,2713,1,household_stocker
u_0493,2102,1,household_stocker
u_0493,3136,1,household_stocker
u_0493,719,1,household_stocker
u_0493,3831,1,household_stocker
u_0493,2745,1,household_stocker
u_0493,3170,1,household_stocker
u_0493,2448,1,household_stocker
u_0493,2656,1,household_stocker
u_0493,336,1,household_stocker
u_0493,2418,1,household_stocker
u_0494,1167,1,gourmet
u_0494,2145,1,gourmet
u_0494,136,1,gourmet
u_0494,701,1,gourmet
u_0494,474,1,gourmet
u_0494,2641,1,gourmet
u_0494,2744,1,gourmet
u_0494,443,1,gourmet
u_0494,3086,1,gourmet
u_0494,2171,1,gourmet
u_0494,2233,1,gourmet
u_0494,2522,1,gourmet
u_0494,1862,1,gourmet
u_0494,511,1,gourmet
u_0494,3986,1,gourmet
u_0494,2078,1,gourmet
u_0494,2398,1,gourmet
u_0494,3194,1,gourmet
u_0494,2844,1,gourmet
u_0494,332,1,gourmet
u_0494,2106,1,gourmet
u_0494,3234,1,gourmet
u_0494,388,1,gourmet
u_0494,2170,1,gourmet
u_0494,1031,1,gourmet
u_0494,1278,1,gourmet
u_0494,2998,1,gourmet
u_0494,2926,1,gourmet
u_0494,1879,1,gourmet
u_0494,2312,1,gourmet
u_0494,2000,1,gourmet
u_0494,4919,1,gourmet
u_0494,61,1,gourmet
u_0494,1054,1,gourmet
u_0494,421,1,gourmet
u_0494,1945,1,gourmet
u_0494,2495,1,gourmet
u_0494,2195,1,gourmet
u_0494,1021,1,gourmet
u_0494,909,1,gourmet
u_0494,1851,1,gourmet
u_0494,3,1,gourmet
u_0494,663,1,gourmet
u_0494,883,1,gourmet
u_0494,1061,1,gourmet
u_0494,1889,1,gourmet
u_0494,2016,1,gourmet
u_0494,1664,1,gourmet
u_0495,2462,1,gourmet
u_0495,3175,1,gourmet
u_0495,144,1,gourmet
u_0495,366,1,gourmet
u_0495,1952,1,gourmet
u_0495,2472,1,gourmet
u_0495,2575,1,gourmet
u_0495,2538,1,gourmet
u_0495,1851,1,gourmet
u_0495,2662,1,gourmet
u_0495,500,1,gourmet
u_0495,662,1,gourmet
u_0495,3170,1,gourmet
u_0495,1496,1,gourmet
u_0495,2349,1,gourmet
u_0495,2091,1,gourmet
u_0495,1929,1,gourmet
u_0495,803,1,gourmet
u_0495,2601,1,gourmet
u_0495,1845,1,gourmet
u_0495,2862,1,gourmet
u_0495,2248,1,gourmet
u_0495,2068,1,gourmet
u_0495,1837,1,gourmet
u_0495,1696,1,gourmet
u_0495,1314,1,gourmet
u_0495,2961,1,gourmet
u_0495,2751,1,gourmet
u_0495,1287,1,gourmet
u_0495,1296,1,gourmet
u_0495,2194,1,gourmet
u_0495,3430,1,gourmet
u_0495,2629,1,gourmet
u_0495,2893,1,gourmet
u_0495,2550,1,gourmet
u_0495,770,1,gourmet
u_0495,2697,1,gourmet
u_0495,816,1,gourmet
u_0495,80,1,gourmet
u_0495,4300,1,gourmet
u_0495,1480,1,gourmet
u_0495,1268,1,gourmet
u_0495,636,1,gourmet
u_0495,1070,1,gourmet
u_0496,2163,1,gourmet
u_0496,2002,1,gourmet
u_0496,31,1,gourmet
u_0496,663,1,gourmet
u_0496,435,1,gourmet
u_0496,2232,1,gourmet
u_0496,620,1,gourmet
u_0496,2136,1,gourmet
u_0496,372,1,gourmet
u_0496,1595,1,gourmet
u_0496,1733,1,gourmet
u_0496,291,1,gourmet
u_0496,2018,1,gourmet
u_0496,272,1,gourmet
u_0496,4153,1,gourmet
u_0496,1413,1,gourmet
u_0496,385,1,gourmet
u_0496,1843,1,gourmet
u_0496,708,1,gourmet
u_0496,1315,1,gourmet
u_0496,630,1,gourmet
u_0496,1889,1,gourmet
u_0496,4165,1,gourmet
u_0496,2459,1,gourmet
u_0496,1142,1,gourmet
u_0496,2008,1,gourmet
u_0496,2013,1,gourmet
u_0496,2683,1,gourmet
u_0496,636,1,gourmet
u_0496,1688,1,gourmet
u_0496,1893,1,gourmet
u_0496,2208,1,gourmet
u_0496,1997,1,gourmet
u_0496,2297,1,gourmet
u_0496,4902,1,gourmet
u_0496,1941,1,gourmet
u_0496,1165,1,gourmet
u_0496,2194,1,gourmet
u_0496,221,1,gourmet
u_0496,2643,1,gourmet
u_0496,2509,1,gourmet
u_0496,2113,1,gourmet
u_0496,1381,1,gourmet
u_0496,2159,1,gourmet
u_0496,2566,1,gourmet
u_0496,234,1,gourmet
u_0496,1708,1,gourmet
u_0497,3954,1,household_stocker
u_0497,3672,1,household_stocker
u_0497,2654,1,household_stocker
u_0497,2984,1,household_stocker
u_0497,3112,1,household_stocker
u_0497,258,1,household_stocker
u_0497,2907,1,household_stocker
u_0497,2562,1,household_stocker
u_0497,723,1,household_stocker
u_0497,2931,1,household_stocker
u_0497,2892,1,household_stocker
u_0497,1234,1,household_stocker
u_0497,1248,1,household_stocker
u_0497,2265,1,household_stocker
u_0497,2260,1,household_stocker
u_0497,4086,1,household_stocker
u_0497,1370,1,household_stocker
u_0497,160,1,household_stocker
u_0497,43,1,household_stocker
u_0497,2990,1,household_stocker
u_0497,2844,1,household_stocker
u_0497,3007,1,household_stocker
u_0497,2023,1,household_stocker
u_0497,4913,1,household_stocker
u_0497,265,1,household_stocker
u_0497,2344,1,household_stocker
u_0497,1295,1,household_stocker
u_0497,468,1,household_stocker
u_0498,3075,1,breakfast_shopper
u_0498,1815,1,breakfast_shopper
u_0498,864,1,breakfast_shopper
u_0498,3354,1,breakfast_shopper
u_0498,4260,1,breakfast_shopper
u_0498,2397,1,breakfast_shopper
u_0498,161,1,breakfast_shopper
u_0498,2392,1,breakfast_shopper
u_0498,2717,1,breakfast_shopper
u_0498,2645,1,breakfast_shopper
u_0498,552,1,breakfast_shopper
u_0498,3280,1,breakfast_shopper
u_0498,3375,1,breakfast_shopper
u_0498,4476,1,breakfast_shopper
u_0498,4522,1,breakfast_shopper
u_0498,2636,1,breakfast_shopper
u_0498,2509,1,breakfast_shopper
u_0498,4344,1,breakfast_shopper
u_0498,2433,1,breakfast_shopper
u_0498,4420,1,breakfast_shopper
u_0498,4185,1,breakfast_shopper
u_0498,2598,1,breakfast_shopper
u_0498,2550,1,breakfast_shopper
u_0498,3538,1,breakfast_shopper
u_0498,2589,1,breakfast_shopper
u_0498,4472,1,breakfast_shopper
u_0498,2323,1,breakfast_shopper
u_0498,524,1,breakfast_shopper
u_0498,2541,1,breakfast_shopper
u_0498,538,1,breakfast_shopper
u_0498,916,1,breakfast_shopper
u_0498,4251,1,breakfast_shopper
u_0498,4558,1,breakfast_shopper
u_0498,193,1,breakfast_shopper
u_0498,796,1,breakfast_shopper
u_0498,2707,1,breakfast_shopper
u_0498,823,1,breakfast_shopper
u_0498,434,1,breakfast_shopper
u_0499,3266,1,snack_lover
u_0499,3121,1,snack_lover
u_0499,4111,1,snack_lover
u_0499,3568,1,snack_lover
u_0499,2924,1,snack_lover
u_0499,3406,1,snack_lover
u_0499,3486,1,snack_lover
u_0499,471,1,snack_lover
u_0499,2553,1,snack_lover
u_0499,4361,1,snack_lover
u_0499,3311,1,snack_lover
u_0499,4532,1,snack_lover
u_0499,2371,1,snack_lover
u_0499,3694,1,snack_lover
u_0499,3513,1,snack_lover
u_0499,3678,1,snack_lover
u_0499,3397,1,snack_lover
u_0499,4135,1,snack_lover
u_0499,3248,1,snack_lover
u_0499,3743,1,snack_lover
u_0499,3163,1,snack_lover
u_0499,3444,1,snack_lover
u_0499,3012,1,snack_lover
u_0499,3369,1,snack_lover
u_0500,2655,1,fruit_lover
u_0500,290,1,fruit_lover
u_0500,2238,1,fruit_lover
u_0500,1881,1,fruit_lover
u_0500,144,1,fruit_lover
u_0500,161,1,fruit_lover
u_0500,690,1,fruit_lover
u_0500,214,2,fruit_lover
u_0500,233,1,fruit_lover
u_0500,1499,1,fruit_lover
u_0500,1994,1,fruit_lover
u_0500,427,1,fruit_lover
u_0500,287,1,fruit_lover
u_0500,114,1,fruit_lover
u_0500,356,1,fruit_lover
u_0500,1778,1,fruit_lover
u_0500,1827,1,fruit_lover
u_0500,1438,1,fruit_lover
u_0500,243,1,fruit_lover
u_0500,2554,1,fruit_lover
u_0500,1189,1,fruit_lover
u_0500,309,1,fruit_lover
u_0500,1109,1,fruit_lover
u_0500,2723,1,fruit_lover
u_0500,588,1,fruit_lover
u_0500,4248,1,fruit_lover
u_0500,423,1,fruit_lover
u_0500,2416,1,fruit_lover
u_0500,323,1,fruit_lover
u_0500,4694,1,fruit_lover
u_0500,60,1,fruit_lover
u_0500,2509,1,fruit_lover
u_0500,2003,1,fruit_lover
u_0500,3894,1,fruit_lover
u_0500,1003,1,fruit_lover
u_0500,2501,1,fruit_lover
u_0500,3214,1,fruit_lover
u_0500,46,1,fruit_lover
u_0500,1096,1,fruit_lover
u_0500,2020,1,fruit_lover
u_0500,4010,1,fruit_lover
u_0500,93,1,fruit_lover
u_0501,1433,1,festival_shopper
u_0501,1929,1,festival_shopper
u_0501,4426,1,festival_shopper
u_0501,140,1,festival_shopper
u_0501,2055,1,festival_shopper
u_0501,1833,1,festival_shopper
u_0501,1432,1,festival_shopper
u_0501,1659,1,festival_shopper
u_0501,181,1,festival_shopper
u_0501,2303,1,festival_shopper
u_0501,2617,1,festival_shopper
u_0501,1555,1,festival_shopper
u_0501,2638,1,festival_shopper
u_0501,12,1,festival_shopper
u_0501,1594,1,festival_shopper
u_0501,1408,1,festival_shopper
u_0501,49,1,festival_shopper
u_0501,2705,1,festival_shopper
u_0501,780,1,festival_shopper
u_0501,748,1,festival_shopper
u_0501,1627,1,festival_shopper
u_0501,804,1,festival_shopper
u_0501,3014,1,festival_shopper
u_0501,2446,1,festival_shopper
u_0501,811,1,festival_shopper
u_0501,1441,1,festival_shopper
u_0501,0,1,festival_shopper
u_0501,2216,1,festival_shopper
u_0501,254,1,festival_shopper
u_0501,2215,1,festival_shopper
u_0501,77,1,festival_shopper
u_0501,907,1,festival_shopper
u_0501,2720,1,festival_shopper
u_0501,344,1,festival_shopper
u_0501,1506,1,festival_shopper
u_0501,4517,1,festival_shopper
u_0501,2644,1,festival_shopper
u_0501,946,1,festival_shopper
u_0501,791,1,festival_shopper
u_0501,1619,1,festival_shopper
u_0501,1373,1,festival_shopper
u_0501,1649,1,festival_shopper
u_0501,716,1,festival_shopper
u_0501,364,1,festival_shopper
u_0501,321,1,festival_shopper
u_0501,639,1,festival_shopper
u_0501,864,1,festival_shopper
u_0501,1379,1,festival_shopper
u_0502,38,1,festival_shopper
u_0502,432,1,festival_shopper
u_0502,1406,1,festival_shopper
u_0502,3173,1,festival_shopper
u_0502,1987,1,festival_shopper
u_0502,436,1,festival_shopper
u_0502,1148,1,festival_shopper
u_0502,106,1,festival_shopper
u_0502,2511,1,festival_shopper
u_0502,2938,1,festival_shopper
u_0502,1656,1,festival_shopper
u_0502,2621,1,festival_shopper
u_0502,650,1,festival_shopper
u_0502,645,1,festival_shopper
u_0502,4457,1,festival_shopper
u_0502,543,1,festival_shopper
u_0502,39,1,festival_shopper
u_0502,2580,1,festival_shopper
u_0502,1620,1,festival_shopper
u_0502,2478,1,festival_shopper
u_0502,1885,1,festival_shopper
u_0502,955,1,festival_shopper
u_0502,817,1,festival_shopper
u_0502,83,1,festival_shopper
u_0502,112,1,festival_shopper
u_0502,1494,1,festival_shopper
u_0502,2387,1,festival_shopper
u_0502,708,1,festival_shopper
u_0502,4919,1,festival_shopper
u_0502,1667,1,festival_shopper
u_0502,1482,1,festival_shopper
u_0502,2628,1,festival_shopper
u_0502,1442,1,festival_shopper
u_0502,3557,1,festival_shopper
u_0502,2832,1,festival_shopper
u_0502,65,1,festival_shopper
u_0503,4029,1,snack_lover
u_0503,4339,1,snack_lover
u_0503,4090,1,snack_lover
u_0503,3596,1,snack_lover
u_0503,3846,1,snack_lover
u_0503,3594,1,snack_lover
u_0503,3125,1,snack_lover
u_0503,3769,1,snack_lover
u_0503,4185,1,snack_lover
u_0503,3623,1,snack_lover
u_0503,3324,1,snack_lover
u_0503,3321,1,snack_lover
u_0503,3804,1,snack_lover
u_0503,3561,1,snack_lover
u_0503,3873,1,snack_lover
u_0503,3565,1,snack_lover
u_0503,3956,1,snack_lover
u_0503,1064,1,snack_lover
u_0503,4270,1,snack_lover
u_0503,4110,1,snack_lover
u_0503,3507,1,snack_lover
u_0503,4625,1,snack_lover
u_0503,2627,1,snack_lover
u_0503,3144,1,snack_lover
u_0503,3431,1,snack_lover
u_0503,3948,1,snack_lover
u_0503,3934,1,snack_lover
u_0503,3906,1,snack_lover
u_0503,3563,1,snack_lover
u_0503,3238,1,snack_lover
u_0503,3467,1,snack_lover
u_0503,3243,1,snack_lover
u_0503,3320,1,snack_lover
u_0503,3964,1,snack_lover
u_0503,4386,1,snack_lover
u_0503,3768,1,snack_lover
u_0504,3495,1,snack_lover
u_0504,2770,1,snack_lover
u_0504,2781,1,snack_lover
u_0504,4326,1,snack_lover
u_0504,4015,1,snack_lover
u_0504,3021,1,snack_lover
u_0504,3629,1,snack_lover
u_0504,3756,1,snack_lover
u_0504,3914,1,snack_lover
u_0504,1551,1,snack_lover
u_0504,3052,1,snack_lover
u_0504,2854,1,snack_lover
u_0504,3451,1,snack_lover
u_0504,4123,1,snack_lover
u_0504,1981,1,snack_lover
u_0504,3343,1,snack_lover
u_0504,3282,1,snack_lover
u_0504,4110,1,snack_lover
u_0504,4312,1,snack_lover
u_0504,3588,1,snack_lover
u_0504,3539,1,snack_lover
u_0504,2560,1,snack_lover
u_0504,3748,1,snack_lover
u_0504,3184,1,snack_lover
u_0504,3578,1,snack_lover
u_0504,2964,1,snack_lover
u_0504,3162,1,snack_lover
u_0504,3415,1,snack_lover
u_0504,3536,1,snack_lover
u_0504,4201,1,snack_lover
u_0504,3206,1,snack_lover
u_0504,1050,1,snack_lover
u_0504,3324,1,snack_lover
u_0504,3572,1,snack_lover
u_0504,4385,1,snack_lover
u_0504,3642,1,snack_lover
u_0504,3355,1,snack_lover
u_0505,1006,1,fruit_lover
u_0505,294,2,fruit_lover
u_0505,340,1,fruit_lover
u_0505,618,1,fruit_lover
u_0505,552,1,fruit_lover
u_0505,2986,1,fruit_lover
u_0505,4140,1,fruit_lover
u_0505,2560,1,fruit_lover
u_0505,2076,1,fruit_lover
u_0505,265,1,fruit_lover
u_0505,545,1,fruit_lover
u_0505,355,1,fruit_lover
u_0505,16,1,fruit_lover
u_0505,2522,1,fruit_lover
u_0505,1144,1,fruit_lover
u_0505,572,1,fruit_lover
u_0505,1982,1,fruit_lover
u_0505,2172,1,fruit_lover
u_0505,1845,1,fruit_lover
u_0505,441,1,fruit_lover
u_0505,37,1,fruit_lover
u_0505,102,1,fruit_lover
u_0505,96,1,fruit_lover
u_0505,2707,1,fruit_lover
u_0505,189,1,fruit_lover
u_0505,2489,1,fruit_lover
u_0505,56,1,fruit_lover
u_0506,879,1,gourmet
u_0506,281,1,gourmet
u_0506,2690,1,gourmet
u_0506,2230,1,gourmet
u_0506,3196,1,gourmet
u_0506,2606,1,gourmet
u_0506,1861,1,gourmet
u_0506,2156,1,gourmet
u_0506,3019,1,gourmet
u_0506,2053,1,gourmet
u_0506,838,1,gourmet
u_0506,1468,1,gourmet
u_0506,2671,1,gourmet
u_0506,2231,1,gourmet
u_0506,747,1,gourmet
u_0506,2249,1,gourmet
u_0506,507,1,gourmet
u_0506,184,1,gourmet
u_0506,160,1,gourmet
u_0506,1311,1,gourmet
u_0506,2363,1,gourmet
u_0506,1351,1,gourmet
u_0506,1670,1,gourmet
u_0506,2491,1,gourmet
u_0506,761,1,gourmet
u_0506,93,1,gourmet
u_0506,345,1,gourmet
u_0506,1210,1,gourmet
u_0506,3915,1,gourmet
u_0506,1899,1,gourmet
u_0506,1915,1,gourmet
u_0506,3347,1,gourmet
u_0506,2832,1,gourmet
u_0507,1421,1,household_stocker
u_0507,1734,1,household_stocker
u_0507,3006,1,household_stocker
u_0507,2858,1,household_stocker
u_0507,2853,1,household_stocker
u_0507,2507,1,household_stocker
u_0507,2734,1,household_stocker
u_0507,3175,1,household_stocker
u_0507,449,1,household_stocker
u_0507,3142,1,household_stocker
u_0507,2935,1,household_stocker
u_0507,2134,1,household_stocker
u_0507,2815,1,household_stocker
u_0507,4084,1,household_stocker
u_0507,2909,1,household_stocker
u_0507,4037,1,household_stocker
u_0507,2479,1,household_stocker
u_0507,1956,1,household_stocker
u_0507,3001,1,household_stocker
u_0507,3111,1,household_stocker
u_0507,3134,1,household_stocker
u_0507,3020,1,household_stocker
u_0507,311,1,household_stocker
u_0507,560,1,household_stocker
u_0507,1173,1,household_stocker
u_0507,2836,1,household_stocker
u_0507,2944,1,household_stocker
u_0507,1893,1,household_stocker
u_0507,3068,1,household_stocker
u_0507,3113,1,household_stocker
u_0507,1751,1,household_stocker
u_0507,4558,1,household_stocker
u_0507,57,1,household_stocker
u_0507,2519,1,household_stocker
u_0507,2810,1,household_stocker
u_0508,654,1,veg_cook
u_0508,412,1,veg_cook
u_0508,73,1,veg_cook
u_0508,996,1,veg_cook
u_0508,2181,1,veg_cook
u_0508,1339,1,veg_cook
u_0508,897,1,veg_cook
u_0508,38,1,veg_cook
u_0508,2479,1,veg_cook
u_0508,1294,1,veg_cook
u_0508,1200,1,veg_cook
u_0508,2268,1,veg_cook
u_0508,851,1,veg_cook
u_0508,912,1,veg_cook
u_0508,876,1,veg_cook
u_0508,3864,1,veg_cook
u_0508,514,1,veg_cook
u_0508,1875,1,veg_cook
u_0508,1912,1,veg_cook
u_0508,1088,1,veg_cook
u_0508,2113,1,veg_cook
u_0508,713,1,veg_cook
u_0508,3292,1,veg_cook
u_0508,1072,1,veg_cook
u_0508,2068,1,veg_cook
u_0508,2474,1,veg_cook
u_0508,926,1,veg_cook
u_0508,966,1,veg_cook
u_0508,4750,1,veg_cook
u_0508,1373,1,veg_cook
u_0508,512,1,veg_cook
u_0508,1463,1,veg_cook
u_0508,1094,1,veg_cook
u_0508,2421,1,veg_cook
u_0508,1621,1,veg_cook
u_0508,2399,1,veg_cook
u_0508,2180,1,veg_cook
u_0509,275,1,fruit_lover
u_0509,127,1,fruit_lover
u_0509,1317,1,fruit_lover
u_0509,4599,1,fruit_lover
u_0509,4790,1,fruit_lover
u_0509,489,1,fruit_lover
u_0509,2826,1,fruit_lover
u_0509,222,1,fruit_lover
u_0509,132,1,fruit_lover
u_0509,3739,1,fruit_lover
u_0509,430,1,fruit_lover
u_0509,214,1,fruit_lover
u_0509,4433,1,fruit_lover
u_0509,3702,1,fruit_lover
u_0509,2141,1,fruit_lover
u_0509,383,1,fruit_lover
u_0509,664,1,fruit_lover
u_0509,389,1,fruit_lover
u_0509,1931,1,fruit_lover
u_0509,2030,1,fruit_lover
u_0509,143,1,fruit_lover
u_0509,2761,1,fruit_lover
u_0509,1970,1,fruit_lover
u_0509,2698,1,fruit_lover
u_0509,1688,1,fruit_lover
u_0509,296,1,fruit_lover
u_0509,2505,1,fruit_lover
u_0509,1396,1,fruit_lover
u_0510,2328,1,breakfast_shopper
u_0510,4359,1,breakfast_shopper
u_0510,768,1,breakfast_shopper
u_0510,4404,1,breakfast_shopper
u_0510,4541,1,breakfast_shopper
u_0510,3371,1,breakfast_shopper
u_0510,2338,1,breakfast_shopper
u_0510,4592,1,breakfast_shopper
u_0510,2469,1,breakfast_shopper
u_0510,4487,1,breakfast_shopper
u_0510,4740,1,breakfast_shopper
u_0510,4152,1,breakfast_shopper
u_0510,175,1,breakfast_shopper
u_0510,4479,1,breakfast_shopper
u_0510,4550,1,breakfast_shopper
u_0510,826,1,breakfast_shopper
u_0510,279,1,breakfast_shopper
u_0510,544,1,breakfast_shopper
u_0510,4237,1,breakfast_shopper
u_0510,3094,1,breakfast_shopper
u_0510,128,1,breakfast_shopper
u_0510,2743,1,breakfast_shopper
u_0510,2392,1,breakfast_shopper
u_0510,4388,1,breakfast_shopper
u_0510,2426,1,breakfast_shopper
u_0510,2364,1,breakfast_shopper
u_0510,3619,1,breakfast_shopper
u_0510,2339,1,breakfast_shopper
u_0510,4452,1,breakfast_shopper
u_0510,219,1,breakfast_shopper
u_0510,88,1,breakfast_shopper
u_0510,2588,1,breakfast_shopper
u_0510,674,1,breakfast_shopper
u_0510,4301,1,breakfast_shopper
u_0510,4569,1,breakfast_shopper
u_0510,284,1,breakfast_shopper
u_0510,4269,1,breakfast_shopper
u_0510,2303,1,breakfast_shopper
u_0510,49,1,breakfast_shopper
u_0511,4435,1,snack_lover
u_0511,1875,1,snack_lover
u_0511,3669,1,snack_lover
u_0511,4514,1,snack_lover
u_0511,3778,1,snack_lover
u_0511,3039,1,snack_lover
u_0511,3036,1,snack_lover
u_0511,3449,1,snack_lover
u_0511,3874,1,snack_lover
u_0511,3129,1,snack_lover
u_0511,3932,1,snack_lover
u_0511,2832,1,snack_lover
u_0511,3482,1,snack_lover
u_0511,3854,1,snack_lover
u_0511,3848,1,snack_lover
u_0511,4270,1,snack_lover
u_0511,3508,1,snack_lover
u_0511,935,1,snack_lover
u_0511,3667,1,snack_lover
u_0511,3343,1,snack_lover
u_0511,1669,1,snack_lover
u_0511,4504,1,snack_lover
u_0511,3596,1,snack_lover
u_0511,2695,1,snack_lover
u_0511,3834,1,snack_lover
u_0511,3779,1,snack_lover
u_0511,3844,1,snack_lover
u_0511,4415,1,snack_lover
u_0512,156,1,festival_shopper
u_0512,1029,1,festival_shopper
u_0512,2798,1,festival_shopper
u_0512,1200,1,festival_shopper
u_0512,1366,1,festival_shopper
u_0512,1577,1,festival_shopper
u_0512,996,1,festival_shopper
u_0512,3134,1,festival_shopper
u_0512,2515,1,festival_shopper
u_0512,2066,1,festival_shopper
u_0512,3186,1,festival_shopper
u_0512,1296,1,festival_shopper
u_0512,525,1,festival_shopper
u_0512,477,1,festival_shopper
u_0512,1669,1,festival_shopper
u_0512,52,1,festival_shopper
u_0512,421,1,festival_shopper
u_0512,1693,1,festival_shopper
u_0512,545,1,festival_shopper
u_0512,615,1,festival_shopper
u_0512,2731,1,festival_shopper
u_0512,1180,1,festival_shopper
u_0512,1672,1,festival_shopper
u_0512,1599,1,festival_shopper
u_0512,1382,1,festival_shopper
u_0512,399,1,festival_shopper
u_0512,1208,1,festival_shopper
u_0512,1498,1,festival_shopper
u_0512,2947,1,festival_shopper
u_0512,2836,1,festival_shopper
u_0512,1749,1,festival_shopper
u_0512,485,1,festival_shopper
u_0512,1907,1,festival_shopper
u_0513,1618,1,gourmet
u_0513,414,1,gourmet
u_0513,776,1,gourmet
u_0513,1860,1,gourmet
u_0513,2017,1,gourmet
u_0513,826,1,gourmet
u_0513,2184,1,gourmet
u_0513,962,1,gourmet
u_0513,1851,1,gourmet
u_0513,348,1,gourmet
u_0513,2273,1,gourmet
u_0513,981,1,gourmet
u_0513,2282,1,gourmet
u_0513,2188,1,gourmet
u_0513,1842,1,gourmet
u_0513,2586,1,gourmet
u_0513,1981,1,gourmet
u_0513,2202,1,gourmet
u_0513,583,1,gourmet
u_0513,1846,1,gourmet
u_0513,2034,1,gourmet
u_0513,2558,1,gourmet
u_0513,1121,1,gourmet
u_0513,2322,1,gourmet
u_0513,393,1,gourmet
u_0513,2687,1,gourmet
u_0513,1937,1,gourmet
u_0513,3997,1,gourmet
u_0513,2258,1,gourmet
u_0513,2365,1,gourmet
u_0513,1262,1,gourmet
u_0513,2073,1,gourmet
u_0514,2842,1,household_stocker
u_0514,2987,1,household_stocker
u_0514,716,1,household_stocker
u_0514,713,1,household_stocker
u_0514,3163,1,household_stocker
u_0514,1930,1,household_stocker
u_0514,895,1,household_stocker
u_0514,2003,1,household_stocker
u_0514,3212,2,household_stocker
u_0514,1845,1,household_stocker
u_0514,1142,1,household_stocker
u_0514,480,1,household_stocker
u_0514,1701,1,household_stocker
u_0514,2993,1,household_stocker
u_0514,2862,1,household_stocker
u_0514,2381,1,household_stocker
u_0514,3116,1,household_stocker
u_0514,2044,1,household_stocker
u_0514,3156,1,household_stocker
u_0514,3011,1,household_stocker
u_0514,2378,1,household_stocker
u_0514,250,1,household_stocker
u_0514,409,1,household_stocker
u_0515,1728,1,fruit_lover
u_0515,2213,1,fruit_lover
u_0515,277,1,fruit_lover
u_0515,823,1,fruit_lover
u_0515,289,1,fruit_lover
u_0515,2953,1,fruit_lover
u_0515,634,1,fruit_lover
u_0515,1909,1,fruit_lover
u_0515,646,1,fruit_lover
u_0515,2160,1,fruit_lover
u_0515,528,1,fruit_lover
u_0515,2269,1,fruit_lover
u_0515,73,1,fruit_lover
u_0515,3152,1,fruit_lover
u_0515,875,1,fruit_lover
u_0515,2538,1,fruit_lover
u_0515,3642,1,fruit_lover
u_0515,3887,1,fruit_lover
u_0515,2138,1,fruit_lover
u_0515,997,1,fruit_lover
u_0515,2430,1,fruit_lover
u_0515,1881,1,fruit_lover
u_0515,2703,1,fruit_lover
u_0515,190,1,fruit_lover
u_0515,414,1,fruit_lover
u_0515,2410,1,fruit_lover
u_0515,4222,1,fruit_lover
u_0515,161,1,fruit_lover
u_0515,394,1,fruit_lover
u_0515,339,1,fruit_lover
u_0515,2608,1,fruit_lover
u_0515,195,1,fruit_lover
u_0515,2622,1,fruit_lover
u_0515,1313,1,fruit_lover
u_0515,3423,1,fruit_lover
u_0515,712,1,fruit_lover
u_0515,4641,1,fruit_lover
u_0515,62,1,fruit_lover
u_0515,265,1,fruit_lover
u_0515,3868,1,fruit_lover
u_0515,3043,1,fruit_lover
u_0515,1989,1,fruit_lover
u_0515,1808,1,fruit_lover
u_0515,2841,1,fruit_lover
u_0516,2243,1,gourmet
u_0516,1371,1,gourmet
u_0516,734,1,gourmet
u_0516,2005,1,gourmet
u_0516,1998,1,gourmet
u_0516,906,1,gourmet
u_0516,191,1,gourmet
u_0516,1400,1,gourmet
u_0516,930,1,gourmet
u_0516,1994,1,gourmet
u_0516,899,1,gourmet
u_0516,2660,1,gourmet
u_0516,2543,1,gourmet
u_0516,2142,1,gourmet
u_0516,381,1,gourmet
u_0516,728,1,gourmet
u_0516,2533,1,gourmet
u_0516,117,1,gourmet
u_0516,794,1,gourmet
u_0516,278,1,gourmet
u_0516,1119,1,gourmet
u_0516,1616,1,gourmet
u_0516,1972,1,gourmet
u_0516,2351,1,gourmet
u_0516,2090,1,gourmet
u_0516,1962,1,gourmet
u_0516,1554,1,gourmet
u_0516,2587,1,gourmet
u_0516,1850,1,gourmet
u_0517,418,1,breakfast_shopper
u_0517,4543,1,breakfast_shopper
u_0517,413,1,breakfast_shopper
u_0517,4359,1,breakfast_shopper
u_0517,2359,1,breakfast_shopper
u_0517,2548,1,breakfast_shopper
u_0517,2213,1,breakfast_shopper
u_0517,2367,1,breakfast_shopper
u_0517,4424,1,breakfast_shopper
u_0517,1920,1,breakfast_shopper
u_0517,4295,1,breakfast_shopper
u_0517,406,1,breakfast_shopper
u_0517,4497,1,breakfast_shopper
u_0517,4413,1,breakfast_shopper
u_0517,2323,1,breakfast_shopper
u_0517,4562,1,breakfast_shopper
u_0517,3367,1,breakfast_shopper
u_0517,535,1,breakfast_shopper
u_0517,603,1,breakfast_shopper
u_0517,3497,1,breakfast_shopper
u_0517,4379,1,breakfast_shopper
u_0517,904,1,breakfast_shopper
u_0517,2598,1,breakfast_shopper
u_0517,4376,1,breakfast_shopper
u_0517,1492,1,breakfast_shopper
u_0517,569,1,breakfast_shopper
u_0517,2550,1,breakfast_shopper
u_0517,2593,1,breakfast_shopper
u_0517,891,1,breakfast_shopper
u_0517,2758,1,breakfast_shopper
u_0517,4291,1,breakfast_shopper
u_0517,401,1,breakfast_shopper
u_0517,4515,1,breakfast_shopper
u_0517,4386,1,breakfast_shopper
u_0517,531,1,breakfast_shopper
u_0517,3735,1,breakfast_shopper
u_0517,651,1,breakfast_shopper
u_0517,1694,1,breakfast_shopper
u_0517,2557,1,breakfast_shopper
u_0517,704,1,breakfast_shopper
u_0517,4478,1,breakfast_shopper
u_0517,264,1,breakfast_shopper
u_0517,4251,1,breakfast_shopper
u_0517,63,1,breakfast_shopper
u_0518,3895,1,snack_lover
u_0518,1747,1,snack_lover
u_0518,3340,1,snack_lover
u_0518,2898,1,snack_lover
u_0518,1336,1,snack_lover
u_0518,3970,1,snack_lover
u_0518,911,1,snack_lover
u_0518,2949,1,snack_lover
u_0518,4001,1,snack_lover
u_0518,207,1,snack_lover
u_0518,3620,1,snack_lover
u_0518,3937,1,snack_lover
u_0518,4595,1,snack_lover
u_0518,3901,1,snack_lover
u_0518,4365,1,snack_lover
u_0518,4218,1,snack_lover
u_0518,3739,1,snack_lover
u_0518,3554,1,snack_lover
u_0518,4582,1,snack_lover
u_0518,464,1,snack_lover
u_0518,3305,1,snack_lover
u_0518,4949,1,snack_lover
u_0518,2996,1,snack_lover
u_0518,3227,1,snack_lover
u_0518,3423,1,snack_lover
u_0518,3072,1,snack_lover
u_0518,4087,1,snack_lover
u_0518,4066,1,snack_lover
u_0518,3857,1,snack_lover
u_0518,3544,1,snack_lover
u_0518,2044,1,snack_lover
u_0518,3254,1,snack_lover
u_0518,4798,1,snack_lover
u_0518,4136,1,snack_lover
u_0518,3492,1,snack_lover
u_0518,3505,1,snack_lover
u_0518,4430,1,snack_lover
u_0518,3472,1,snack_lover
u_0518,3491,1,snack_lover
u_0518,3853,1,snack_lover
u_0518,3598,1,snack_lover
u_0518,3242,1,snack_lover
u_0518,3617,1,snack_lover
u_0518,3251,1,snack_lover
u_0518,3207,1,snack_lover
u_0518,4199,1,snack_lover
u_0518,4352,1,snack_lover
u_0518,3436,1,snack_lover
u_0519,3445,1,snack_lover
u_0519,3197,1,snack_lover
u_0519,3854,1,snack_lover
u_0519,3421,1,snack_lover
u_0519,3259,1,snack_lover
u_0519,3675,1,snack_lover
u_0519,3679,1,snack_lover
u_0519,3583,1,snack_lover
u_0519,311,1,snack_lover
u_0519,3174,1,snack_lover
u_0519,4855,1,snack_lover
u_0519,3040,1,snack_lover
u_0519,3341,1,snack_lover
u_0519,3265,1,snack_lover
u_0519,3403,1,snack_lover
u_0519,3619,1,snack_lover
u_0519,4025,1,snack_lover
u_0519,3894,1,snack_lover
u_0519,3079,1,snack_lover
u_0519,3312,1,snack_lover
u_0519,3262,1,snack_lover
u_0519,3570,1,snack_lover
u_0519,4075,1,snack_lover
u_0519,3844,1,snack_lover
u_0520,542,1,veg_cook
u_0520,924,1,veg_cook
u_0520,4186,1,veg_cook
u_0520,741,1,veg_cook
u_0520,84,1,veg_cook
u_0520,3616,1,veg_cook
u_0520,829,1,veg_cook
u_0520,533,1,veg_cook
u_0520,3147,1,veg_cook
u_0520,658,1,veg_cook
u_0520,952,1,veg_cook
u_0520,1282,1,veg_cook
u_0520,4082,1,veg_cook
u_0520,1041,1,veg_cook
u_0520,1354,1,veg_cook
u_0520,810,1,veg_cook
u_0520,764,1,veg_cook
u_0520,1010,1,veg_cook
u_0520,4423,1,veg_cook
u_0520,2515,1,veg_cook
u_0520,1232,1,veg_cook
u_0520,475,1,veg_cook
u_0520,3403,1,veg_cook
u_0520,1451,1,veg_cook
u_0520,2941,1,veg_cook
u_0520,2211,1,veg_cook
u_0520,1089,1,veg_cook
u_0520,779,1,veg_cook
u_0520,1983,1,veg_cook
u_0520,771,1,veg_cook
u_0520,1312,1,veg_cook
u_0520,70,1,veg_cook
u_0520,76,1,veg_cook
u_0520,2288,1,veg_cook
u_0520,2929,1,veg_cook
u_0520,2420,1,veg_cook
u_0520,257,1,veg_cook
u_0520,725,1,veg_cook
u_0520,1070,1,veg_cook
u_0520,892,1,veg_cook
u_0520,1538,1,veg_cook
u_0520,1247,1,veg_cook
u_0520,2677,1,veg_cook
u_0520,1122,1,veg_cook
u_0520,1358,1,veg_cook
u_0521,3217,1,snack_lover
u_0521,3653,1,snack_lover
u_0521,3125,1,snack_lover
u_0521,3312,1,snack_lover
u_0521,4224,1,snack_lover
u_0521,2212,1,snack_lover
u_0521,3468,1,snack_lover
u_0521,2291,1,snack_lover
u_0521,3424,1,snack_lover
u_0521,1697,1,snack_lover
u_0521,2911,1,snack_lover
u_0521,910,1,snack_lover
u_0521,4589,1,snack_lover
u_0521,4037,1,snack_lover
u_0521,3810,1,snack_lover
u_0521,2972,1,snack_lover
u_0521,3280,1,snack_lover
u_0521,1071,1,snack_lover
u_0521,3919,1,snack_lover
u_0521,3715,1,snack_lover
u_0521,3955,1,snack_lover
u_0521,3100,1,snack_lover
u_0521,3405,1,snack_lover
u_0521,3535,1,snack_lover
u_0521,3884,1,snack_lover
u_0521,1080,1,snack_lover
u_0521,3356,1,snack_lover
u_0521,4068,1,snack_lover
u_0521,3998,1,snack_lover
u_0521,4164,1,snack_lover
u_0521,3622,1,snack_lover
u_0521,3868,1,snack_lover
u_0521,3337,1,snack_lover
u_0521,3487,1,snack_lover
u_0521,3861,1,snack_lover
u_0521,3406,1,snack_lover
u_0521,3540,1,snack_lover
u_0521,2988,1,snack_lover
u_0521,3512,1,snack_lover
u_0522,1700,1,festival_shopper
u_0522,271,1,festival_shopper
u_0522,1471,1,festival_shopper
u_0522,820,1,festival_shopper
u_0522,373,1,festival_shopper
u_0522,350,1,festival_shopper
u_0522,699,1,festival_shopper
u_0522,384,1,festival_shopper
u_0522,1726,1,festival_shopper
u_0522,408,1,festival_shopper
u_0522,1109,1,festival_shopper
u_0522,2542,1,festival_shopper
u_0522,2563,1,festival_shopper
u_0522,27,1,festival_shopper
u_0522,1833,1,festival_shopper
u_0522,1506,1,festival_shopper
u_0522,119,1,festival_shopper
u_0522,71,1,festival_shopper
u_0522,522,1,festival_shopper
u_0522,2466,1,festival_shopper
u_0522,54,1,festival_shopper
u_0522,1435,1,festival_shopper
u_0522,1674,1,festival_shopper
u_0522,3877,1,festival_shopper
u_0522,2261,1,festival_shopper
u_0522,48,1,festival_shopper
u_0522,1630,1,festival_shopper
u_0523,2897,1,household_stocker
u_0523,2359,1,household_stocker
u_0523,2991,1,household_stocker
u_0523,2585,1,household_stocker
u_0523,3208,1,household_stocker
u_0523,2577,1,household_stocker
u_0523,2369,1,household_stocker
u_0523,3080,1,household_stocker
u_0523,752,1,household_stocker
u_0523,2912,1,household_stocker
u_0523,2555,1,household_stocker
u_0523,2907,1,household_stocker
u_0523,2805,1,household_stocker
u_0523,2362,1,household_stocker
u_0523,3036,1,household_stocker
u_0523,3011,1,household_stocker
u_0523,3966,1,household_stocker
u_0523,3097,1,household_stocker
u_0523,2928,1,household_stocker
u_0523,539,1,household_stocker
u_0523,2872,1,household_stocker
u_0523,2355,1,household_stocker
u_0523,2340,1,household_stocker
u_0523,3186,1,household_stocker
u_0523,1764,1,household_stocker
u_0523,2754,1,household_stocker
u_0523,2279,1,household_stocker
u_0523,97,1,household_stocker
u_0523,3214,1,household_stocker
u_0523,2652,1,household_stocker
u_0523,2023,1,household_stocker
u_0523,2727,1,household_stocker
u_0523,2467,1,household_stocker
u_0523,2968,1,household_stocker
u_0523,3789,1,household_stocker
u_0523,544,1,household_stocker
u_0523,2604,1,household_stocker
u_0523,3167,1,household_stocker
u_0523,671,1,household_stocker
u_0523,3005,1,household_stocker
u_0523,3611,1,household_stocker
u_0523,2770,1,household_stocker
u_0523,229,1,household_stocker
u_0523,173,1,household_stocker
u_0524,2526,1,gourmet
u_0524,3008,1,gourmet
u_0524,1974,1,gourmet
u_0524,2211,1,gourmet
u_0524,2341,1,gourmet
u_0524,2501,1,gourmet
u_0524,819,1,gourmet
u_0524,1874,1,gourmet
u_0524,2287,1,gourmet
u_0524,4523,1,gourmet
u_0524,1787,1,gourmet
u_0524,376,1,gourmet
u_0524,2147,1,gourmet
u_0524,1911,1,gourmet
u_0524,1405,1,gourmet
u_0524,291,1,gourmet
u_0524,2924,1,gourmet
u_0524,651,1,gourmet
u_0524,2976,1,gourmet
u_0524,2116,1,gourmet
u_0524,2362,1,gourmet
u_0524,578,1,gourmet
u_0524,3521,1,gourmet
u_0524,1415,1,gourmet
u_0524,465,1,gourmet
u_0524,1846,1,gourmet
u_0524,411,1,gourmet
u_0524,3298,1,gourmet
u_0524,2226,1,gourmet
u_0524,445,1,gourmet
u_0524,2088,1,gourmet
u_0524,4672,1,gourmet
u_0524,1921,1,gourmet
u_0524,2021,1,gourmet
u_0524,2122,1,gourmet
u_0524,806,1,gourmet
u_0524,1298,1,gourmet
u_0524,11,1,gourmet
u_0524,1338,1,gourmet
u_0524,4515,1,gourmet
u_0524,1877,1,gourmet
u_0524,2063,1,gourmet
u_0524,1973,1,gourmet
u_0524,122,1,gourmet
u_0525,4322,1,snack_lover
u_0525,4570,1,snack_lover
u_0525,3937,1,snack_lover
u_0525,3888,1,snack_lover
u_0525,2829,1,snack_lover
u_0525,3636,1,snack_lover
u_0525,2871,1,snack_lover
u_0525,4115,1,snack_lover
u_0525,3583,1,snack_lover
u_0525,4488,1,snack_lover
u_0525,300,1,snack_lover
u_0525,993,1,snack_lover
u_0525,3377,1,snack_lover
u_0525,4135,1,snack_lover
u_0525,3421,1,snack_lover
u_0525,3527,1,snack_lover
u_0525,3384,1,snack_lover
u_0525,774,1,snack_lover
u_0525,3805,1,snack_lover
u_0525,3905,1,snack_lover
u_0525,4112,1,snack_lover
u_0525,4397,1,snack_lover
u_0525,3409,1,snack_lover
u_0525,3510,1,snack_lover
u_0525,3934,1,snack_lover
u_0525,3796,1,snack_lover
u_0525,3921,1,snack_lover
u_0525,3199,1,snack_lover
u_0526,241,1,fruit_lover
u_0526,4458,1,fruit_lover
u_0526,1962,1,fruit_lover
u_0526,2527,1,fruit_lover
u_0526,275,1,fruit_lover
u_0526,2012,1,fruit_lover
u_0526,2349,1,fruit_lover
u_0526,4475,1,fruit_lover
u_0526,666,1,fruit_lover
u_0526,2984,1,fruit_lover
u_0526,1311,1,fruit_lover
u_0526,2788,1,fruit_lover
u_0526,102,1,fruit_lover
u_0526,847,1,fruit_lover
u_0526,782,1,fruit_lover
u_0526,221,1,fruit_lover
u_0526,640,1,fruit_lover
u_0526,179,1,fruit_lover
u_0526,1059,1,fruit_lover
u_0526,3083,1,fruit_lover
u_0526,2388,1,fruit_lover
u_0526,2005,1,fruit_lover
u_0526,676,1,fruit_lover
u_0526,2329,1,fruit_lover
u_0526,2337,1,fruit_lover
u_0526,1598,1,fruit_lover
u_0526,594,1,fruit_lover
u_0526,331,1,fruit_lover
u_0526,777,1,fruit_lover
u_0527,308,1,gourmet
u_0527,2990,1,gourmet
u_0527,3007,1,gourmet
u_0527,380,1,gourmet
u_0527,863,1,gourmet
u_0527,2104,1,gourmet
u_0527,2293,1,gourmet
u_0527,1273,1,gourmet
u_0527,1308,1,gourmet
u_0527,538,1,gourmet
u_0527,894,1,gourmet
u_0527,2375,1,gourmet
u_0527,2026,1,gourmet
u_0527,571,1,gourmet
u_0527,2521,1,gourmet
u_0527,775,1,gourmet
u_0527,4922,1,gourmet
u_0527,1862,1,gourmet
u_0527,2154,1,gourmet
u_0527,29,1,gourmet
u_0527,285,1,gourmet
u_0527,1878,1,gourmet
u_0527,1191,1,gourmet
u_0527,2108,1,gourmet
u_0527,1362,1,gourmet
u_0527,227,1,gourmet
u_0527,2272,1,gourmet
u_0527,2057,1,gourmet
u_0528,21,1,fruit_lover
u_0528,2556,1,fruit_lover
u_0528,2417,1,fruit_lover
u_0528,3199,1,fruit_lover
u_0528,2236,1,fruit_lover
u_0528,428,1,fruit_lover
u_0528,2206,1,fruit_lover
u_0528,546,1,fruit_lover
u_0528,198,1,fruit_lover
u_0528,218,1,fruit_lover
u_0528,273,1,fruit_lover
u_0528,1158,1,fruit_lover
u_0528,4965,1,fruit_lover
u_0528,912,1,fruit_lover
u_0528,3948,1,fruit_lover
u_0528,387,1,fruit_lover
u_0528,1436,1,fruit_lover
u_0528,980,1,fruit_lover
u_0528,2481,1,fruit_lover
u_0528,2298,1,fruit_lover
u_0528,272,1,fruit_lover
u_0528,2938,1,fruit_lover
u_0528,155,1,fruit_lover
u_0528,4827,1,fruit_lover
u_0528,168,1,fruit_lover
u_0528,2564,1,fruit_lover
u_0528,2370,1,fruit_lover
u_0528,429,1,fruit_lover
u_0528,858,1,fruit_lover
u_0528,2716,1,fruit_lover
u_0528,696,1,fruit_lover
u_0528,2199,1,fruit_lover
u_0529,2204,1,gourmet
u_0529,1349,1,gourmet
u_0529,1852,1,gourmet
u_0529,139,1,gourmet
u_0529,2262,1,gourmet
u_0529,631,1,gourmet
u_0529,855,1,gourmet
u_0529,2020,1,gourmet
u_0529,504,1,gourmet
u_0529,2172,1,gourmet
u_0529,1412,1,gourmet
u_0529,538,1,gourmet
u_0529,1118,1,gourmet
u_0529,1791,1,gourmet
u_0529,2454,1,gourmet
u_0529,1019,1,gourmet
u_0529,2028,1,gourmet
u_0529,1254,1,gourmet
u_0529,2078,1,gourmet
u_0529,4917,1,gourmet
u_0529,2140,1,gourmet
u_0529,2938,1,gourmet
u_0529,3222,1,gourmet
u_0529,2453,1,gourmet
u_0529,2102,1,gourmet
u_0529,366,1,gourmet
u_0529,17,1,gourmet
u_0529,2146,1,gourmet
u_0529,851,1,gourmet
u_0529,1120,1,gourmet
u_0530,2426,1,breakfast_shopper
u_0530,1940,1,breakfast_shopper
u_0530,4377,1,breakfast_shopper
u_0530,4552,1,breakfast_shopper
u_0530,4283,1,breakfast_shopper
u_0530,4538,1,breakfast_shopper
u_0530,2741,1,breakfast_shopper
u_0530,4488,1,breakfast_shopper
u_0530,4411,1,breakfast_shopper
u_0530,16,1,breakfast_shopper
u_0530,1926,1,breakfast_shopper
u_0530,4461,1,breakfast_shopper
u_0530,4250,1,breakfast_shopper
u_0530,4215,1,breakfast_shopper
u_0530,4177,1,breakfast_shopper
u_0530,456,1,breakfast_shopper
u_0530,4269,1,breakfast_shopper
u_0530,4478,1,breakfast_shopper
u_0530,4535,1,breakfast_shopper
u_0530,145,1,breakfast_shopper
u_0530,742,1,breakfast_shopper
u_0530,1192,1,breakfast_shopper
u_0530,2748,1,breakfast_shopper
u_0530,573,1,breakfast_shopper
u_0530,4152,1,breakfast_shopper
u_0530,4404,1,breakfast_shopper
u_0530,4422,1,breakfast_shopper
u_0530,3502,1,breakfast_shopper
u_0530,2405,1,breakfast_shopper
u_0530,3381,1,breakfast_shopper
u_0530,3317,1,breakfast_shopper
u_0530,3069,1,breakfast_shopper
u_0530,3713,1,breakfast_shopper
u_0530,442,1,breakfast_shopper
u_0530,4295,1,breakfast_shopper
u_0530,2716,1,breakfast_shopper
u_0530,4433,1,breakfast_shopper
u_0530,25,1,breakfast_shopper
u_0530,4509,1,breakfast_shopper
u_0530,191,1,breakfast_shopper
u_0530,4337,1,breakfast_shopper
u_0530,3314,1,breakfast_shopper
u_0530,3500,1,breakfast_shopper
u_0531,2424,1,household_stocker
u_0531,1166,1,household_stocker
u_0531,685,1,household_stocker
u_0531,3023,1,household_stocker
u_0531,3179,1,household_stocker
u_0531,338,1,household_stocker
u_0531,2991,1,household_stocker
u_0531,1099,1,household_stocker
u_0531,158,1,household_stocker
u_0531,3058,1,household_stocker
u_0531,2452,1,household_stocker
u_0531,2979,1,household_stocker
u_0531,2834,1,household_stocker
u_0531,3176,1,household_stocker
u_0531,4566,1,household_stocker
u_0531,2820,1,household_stocker
u_0531,320,1,household_stocker
u_0531,2211,1,household_stocker
u_0531,2832,1,household_stocker
u_0531,2679,1,household_stocker
u_0531,406,1,household_stocker
u_0531,152,1,household_stocker
u_0531,246,1,household_stocker
u_0531,2321,1,household_stocker
u_0531,1287,1,household_stocker
u_0531,1591,1,household_stocker
u_0531,2402,1,household_stocker
u_0531,2849,1,household_stocker
u_0531,2731,1,household_stocker
u_0531,2476,1,household_stocker
u_0531,1017,1,household_stocker
u_0531,2491,1,household_stocker
u_0531,1767,1,household_stocker
u_0531,3104,1,household_stocker
u_0531,408,1,household_stocker
u_0531,1787,1,household_stocker
u_0531,562,1,household_stocker
u_0531,1457,1,household_stocker
u_0531,2171,1,household_stocker
u_0531,1095,1,household_stocker
u_0532,2417,1,festival_shopper
u_0532,197,1,festival_shopper
u_0532,1804,1,festival_shopper
u_0532,4,1,festival_shopper
u_0532,2559,1,festival_shopper
u_0532,2327,1,festival_shopper
u_0532,1854,1,festival_shopper
u_0532,4195,1,festival_shopper
u_0532,1549,1,festival_shopper
u_0532,220,1,festival_shopper
u_0532,999,1,festival_shopper
u_0532,485,1,festival_shopper
u_0532,480,1,festival_shopper
u_0532,626,1,festival_shopper
u_0532,1409,1,festival_shopper
u_0532,202,1,festival_shopper
u_0532,2513,1,festival_shopper
u_0532,705,1,festival_shopper
u_0532,1430,1,festival_shopper
u_0532,2634,1,festival_shopper
u_0532,1170,1,festival_shopper
u_0532,1844,1,festival_shopper
u_0532,1990,1,festival_shopper
u_0532,2519,1,festival_shopper
u_0532,1007,1,festival_shopper
u_0532,65,1,festival_shopper
u_0532,928,1,festival_shopper
u_0532,351,1,festival_shopper
u_0532,924,1,festival_shopper
u_0532,1703,1,festival_shopper
u_0532,2435,1,festival_shopper
u_0532,620,1,festival_shopper
u_0532,838,1,festival_shopper
u_0532,8,1,festival_shopper
u_0532,2577,1,festival_shopper
u_0532,588,1,festival_shopper
u_0532,1754,1,festival_shopper
u_0533,2124,1,gourmet
u_0533,2296,1,gourmet
u_0533,3203,1,gourmet
u_0533,2426,1,gourmet
u_0533,2263,1,gourmet
u_0533,1929,1,gourmet
u_0533,2542,1,gourmet
u_0533,1968,1,gourmet
u_0533,659,1,gourmet
u_0533,1687,1,gourmet
u_0533,463,1,gourmet
u_0533,548,1,gourmet
u_0533,460,1,gourmet
u_0533,1964,1,gourmet
u_0533,327,1,gourmet
u_0533,3185,1,gourmet
u_0533,2309,1,gourmet
u_0533,494,1,gourmet
u_0533,4764,1,gourmet
u_0533,2004,1,gourmet
u_0533,1406,1,gourmet
u_0533,1971,1,gourmet
u_0533,3719,1,gourmet
u_0533,2673,1,gourmet
u_0533,267,1,gourmet
u_0533,2231,1,gourmet
u_0533,1072,1,gourmet
u_0533,2451,1,gourmet
u_0533,2515,1,gourmet
u_0533,1947,1,gourmet
u_0533,1560,1,gourmet
u_0533,3122,1,gourmet
u_0534,1415,1,festival_shopper
u_0534,2650,1,festival_shopper
u_0534,1642,1,festival_shopper
u_0534,1436,1,festival_shopper
u_0534,649,1,festival_shopper
u_0534,2538,1,festival_shopper
u_0534,1536,1,festival_shopper
u_0534,1028,1,festival_shopper
u_0534,1399,1,festival_shopper
u_0534,2639,1,festival_shopper
u_0534,3903,1,festival_shopper
u_0534,2013,1,festival_shopper
u_0534,2464,1,festival_shopper
u_0534,1526,1,festival_shopper
u_0534,289,1,festival_shopper
u_0534,126,1,festival_shopper
u_0534,4285,1,festival_shopper
u_0534,1580,1,festival_shopper
u_0534,1594,1,festival_shopper
u_0534,2525,2,festival_shopper
u_0534,2444,1,festival_shopper
u_0534,140,1,festival_shopper
u_0534,1618,1,festival_shopper
u_0534,1817,1,festival_shopper
u_0534,167,1,festival_shopper
u_0534,400,1,festival_shopper
u_0535,238,1,gourmet
u_0535,2094,1,gourmet
u_0535,2256,1,gourmet
u_0535,2084,1,gourmet
u_0535,363,1,gourmet
u_0535,909,1,gourmet
u_0535,5003,1,gourmet
u_0535,2168,1,gourmet
u_0535,2633,1,gourmet
u_0535,1871,1,gourmet
u_0535,1848,1,gourmet
u_0535,1417,1,gourmet
u_0535,2903,1,gourmet
u_0535,740,1,gourmet
u_0535,130,1,gourmet
u_0535,1322,1,gourmet
u_0535,2868,1,gourmet
u_0535,386,1,gourmet
u_0535,2073,1,gourmet
u_0535,461,1,gourmet
u_0535,1828,1,gourmet
u_0535,2930,1,gourmet
u_0535,3867,1,gourmet
u_0535,4620,1,gourmet
u_0535,106,1,gourmet
u_0535,2185,1,gourmet
u_0535,2219,1,gourmet
u_0535,1967,1,gourmet
u_0535,2266,1,gourmet
u_0535,315,1,gourmet
u_0535,1338,1,gourmet
u_0535,468,1,gourmet
u_0536,3090,1,veg_cook
u_0536,556,1,veg_cook
u_0536,1040,1,veg_cook
u_0536,1999,1,veg_cook
u_0536,2015,1,veg_cook
u_0536,1057,1,veg_cook
u_0536,2045,1,veg_cook
u_0536,1747,1,veg_cook
u_0536,3297,1,veg_cook
u_0536,1890,1,veg_cook
u_0536,1059,1,veg_cook
u_0536,827,1,veg_cook
u_0536,2182,1,veg_cook
u_0536,2228,1,veg_cook
u_0536,1967,1,veg_cook
u_0536,2568,1,veg_cook
u_0536,735,1,veg_cook
u_0536,2222,1,veg_cook
u_0536,1992,1,veg_cook
u_0536,4475,1,veg_cook
u_0536,896,1,veg_cook
u_0536,615,1,veg_cook
u_0536,1412,1,veg_cook
u_0536,2927,1,veg_cook
u_0536,3523,1,veg_cook
u_0536,1163,1,veg_cook
u_0536,2305,1,veg_cook
u_0536,159,1,veg_cook
u_0536,602,1,veg_cook
u_0536,771,1,veg_cook
u_0536,387,1,veg_cook
u_0536,889,1,veg_cook
u_0536,1012,1,veg_cook
u_0536,667,1,veg_cook
u_0536,2235,1,veg_cook
u_0536,729,1,veg_cook
u_0536,641,1,veg_cook
u_0536,884,1,veg_cook
u_0536,462,1,veg_cook
u_0536,1964,1,veg_cook
u_0536,696,1,veg_cook
u_0536,987,1,veg_cook
u_0536,2959,1,veg_cook
u_0536,995,1,veg_cook
u_0537,294,1,fruit_lover
u_0537,2002,1,fruit_lover
u_0537,702,1,fruit_lover
u_0537,1655,1,fruit_lover
u_0537,2266,1,fruit_lover
u_0537,1083,1,fruit_lover
u_0537,672,1,fruit_lover
u_0537,25,1,fruit_lover
u_0537,826,1,fruit_lover
u_0537,2122,1,fruit_lover
u_0537,426,1,fruit_lover
u_0537,1227,1,fruit_lover
u_0537,2447,1,fruit_lover
u_0537,159,1,fruit_lover
u_0537,3205,1,fruit_lover
u_0537,2553,1,fruit_lover
u_0537,913,1,fruit_lover
u_0537,1861,1,fruit_lover
u_0537,2704,1,fruit_lover
u_0537,407,1,fruit_lover
u_0537,418,1,fruit_lover
u_0537,2924,1,fruit_lover
u_0537,2742,1,fruit_lover
u_0537,408,1,fruit_lover
u_0537,2839,1,fruit_lover
u_0537,362,1,fruit_lover
u_0537,2232,1,fruit_lover
u_0537,811,1,fruit_lover
u_0537,1878,1,fruit_lover
u_0537,1438,1,fruit_lover
u_0537,643,1,fruit_lover
u_0537,817,1,fruit_lover
u_0537,1956,1,fruit_lover
u_0537,1864,1,fruit_lover
u_0537,1972,1,fruit_lover
u_0538,395,1,breakfast_shopper
u_0538,4323,1,breakfast_shopper
u_0538,4516,1,breakfast_shopper
u_0538,56,1,breakfast_shopper
u_0538,711,1,breakfast_shopper
u_0538,4341,1,breakfast_shopper
u_0538,2680,1,breakfast_shopper
u_0538,2622,1,breakfast_shopper
u_0538,4566,1,breakfast_shopper
u_0538,4364,1,breakfast_shopper
u_0538,4447,1,breakfast_shopper
u_0538,4348,1,breakfast_shopper
u_0538,4161,1,breakfast_shopper
u_0538,4393,1,breakfast_shopper
u_0538,4468,1,breakfast_shopper
u_0538,297,1,breakfast_shopper
u_0538,804,1,breakfast_shopper
u_0538,2989,1,breakfast_shopper
u_0538,4474,1,breakfast_shopper
u_0538,914,1,breakfast_shopper
u_0538,4301,1,breakfast_shopper
u_0538,4462,1,breakfast_shopper
u_0538,2699,1,breakfast_shopper
u_0538,442,1,breakfast_shopper
u_0538,4317,1,breakfast_shopper
u_0538,5004,1,breakfast_shopper
u_0538,4143,1,breakfast_shopper
u_0538,4489,1,breakfast_shopper
u_0538,2715,1,breakfast_shopper
u_0538,4939,1,breakfast_shopper
u_0538,361,1,breakfast_shopper
u_0538,4422,1,breakfast_shopper
u_0538,3047,1,breakfast_shopper
u_0538,262,1,breakfast_shopper
u_0538,4412,1,breakfast_shopper
u_0538,59,1,breakfast_shopper
u_0538,3650,1,breakfast_shopper
u_0538,4965,1,breakfast_shopper
u_0538,4232,1,breakfast_shopper
u_0538,2428,1,breakfast_shopper
u_0538,4316,1,breakfast_shopper
u_0538,2426,1,breakfast_shopper
u_0538,4795,1,breakfast_shopper
u_0539,1714,1,festival_shopper
u_0539,458,1,festival_shopper
u_0539,1538,1,festival_shopper
u_0539,927,1,festival_shopper
u_0539,1545,1,festival_shopper
u_0539,400,1,festival_shopper
u_0539,302,1,festival_shopper
u_0539,2505,1,festival_shopper
u_0539,1633,1,festival_shopper
u_0539,1785,1,festival_shopper
u_0539,2753,1,festival_shopper
u_0539,4852,1,festival_shopper
u_0539,300,1,festival_shopper
u_0539,1585,1,festival_shopper
u_0539,3951,1,festival_shopper
u_0539,4854,1,festival_shopper
u_0539,1555,1,festival_shopper
u_0539,644,1,festival_shopper
u_0539,1333,1,festival_shopper
u_0539,1524,1,festival_shopper
u_0539,38,1,festival_shopper
u_0539,783,1,festival_shopper
u_0539,2494,1,festival_shopper
u_0539,2407,1,festival_shopper
u_0539,1498,1,festival_shopper
u_0539,3206,1,festival_shopper
u_0539,1180,1,festival_shopper
u_0539,672,1,festival_shopper
u_0539,1383,1,festival_shopper
u_0539,1554,1,festival_shopper
u_0540,3108,1,snack_lover
u_0540,1934,1,snack_lover
u_0540,2888,1,snack_lover
u_0540,3686,1,snack_lover
u_0540,4030,1,snack_lover
u_0540,3010,1,snack_lover
u_0540,2862,1,snack_lover
u_0540,3741,1,snack_lover
u_0540,3414,1,snack_lover
u_0540,2057,1,snack_lover
u_0540,3227,1,snack_lover
u_0540,3923,1,snack_lover
u_0540,3697,1,snack_lover
u_0540,3093,1,snack_lover
u_0540,4389,1,snack_lover
u_0540,4563,1,snack_lover
u_0540,4447,1,snack_lover
u_0540,4298,1,snack_lover
u_0540,4134,1,snack_lover
u_0540,3377,1,snack_lover
u_0540,3764,1,snack_lover
u_0540,1197,1,snack_lover
u_0540,3711,1,snack_lover
u_0540,3577,1,snack_lover
u_0540,1578,1,snack_lover
u_0541,812,1,fruit_lover
u_0541,390,1,fruit_lover
u_0541,4254,1,fruit_lover
u_0541,1944,1,fruit_lover
u_0541,336,2,fruit_lover
u_0541,976,1,fruit_lover
u_0541,2692,1,fruit_lover
u_0541,2019,1,fruit_lover
u_0541,168,1,fruit_lover
u_0541,175,1,fruit_lover
u_0541,114,1,fruit_lover
u_0541,2476,1,fruit_lover
u_0541,207,1,fruit_lover
u_0541,385,1,fruit_lover
u_0541,941,1,fruit_lover
u_0541,2000,1,fruit_lover
u_0541,2194,1,fruit_lover
u_0541,369,1,fruit_lover
u_0541,592,1,fruit_lover
u_0541,1052,1,fruit_lover
u_0541,2106,1,fruit_lover
u_0541,1336,1,fruit_lover
u_0541,1891,1,fruit_lover
u_0541,2532,1,fruit_lover
u_0541,2361,1,fruit_lover
u_0541,2603,1,fruit_lover
u_0541,578,1,fruit_lover
u_0541,387,1,fruit_lover
u_0541,2083,1,fruit_lover
u_0541,1604,1,fruit_lover
u_0541,2066,1,fruit_lover
u_0541,270,1,fruit_lover
u_0541,2496,1,fruit_lover
u_0541,873,1,fruit_lover
u_0541,1089,1,fruit_lover
u_0541,717,1,fruit_lover
u_0541,1840,1,fruit_lover
u_0541,552,1,fruit_lover
u_0541,4891,1,fruit_lover
u_0541,822,1,fruit_lover
u_0541,2055,1,fruit_lover
u_0541,2993,1,fruit_lover
u_0541,559,1,fruit_lover
u_0542,305,1,festival_shopper
u_0542,585,1,festival_shopper
u_0542,2249,1,festival_shopper
u_0542,1026,1,festival_shopper
u_0542,497,1,festival_shopper
u_0542,2070,1,festival_shopper
u_0542,2376,1,festival_shopper
u_0542,203,1,festival_shopper
u_0542,2684,1,festival_shopper
u_0542,2553,1,festival_shopper
u_0542,1701,1,festival_shopper
u_0542,2380,1,festival_shopper
u_0542,1323,1,festival_shopper
u_0542,450,1,festival_shopper
u_0542,2700,1,festival_shopper
u_0542,2439,1,festival_shopper
u_0542,2460,1,festival_shopper
u_0542,919,1,festival_shopper
u_0542,145,1,festival_shopper
u_0542,757,1,festival_shopper
u_0542,321,1,festival_shopper
u_0542,2559,1,festival_shopper
u_0542,4230,1,festival_shopper
u_0542,1653,1,festival_shopper
u_0542,3983,1,festival_shopper
u_0542,1799,1,festival_shopper
u_0542,667,1,festival_shopper
u_0542,838,1,festival_shopper
u_0542,1520,1,festival_shopper
u_0542,196,1,festival_shopper
u_0542,49,1,festival_shopper
u_0542,1256,1,festival_shopper
u_0542,2531,1,festival_shopper
u_0542,1602,1,festival_shopper
u_0542,205,1,festival_shopper
u_0542,3528,1,festival_shopper
u_0542,1304,1,festival_shopper
u_0542,1502,1,festival_shopper
u_0542,110,1,festival_shopper
u_0542,1750,1,festival_shopper
u_0543,2314,1,gourmet
u_0543,243,1,gourmet
u_0543,2812,1,gourmet
u_0543,1969,1,gourmet
u_0543,1137,1,gourmet
u_0543,917,1,gourmet
u_0543,538,1,gourmet
u_0543,2403,1,gourmet
u_0543,2232,2,gourmet
u_0543,2764,1,gourmet
u_0543,976,1,gourmet
u_0543,23,1,gourmet
u_0543,2167,1,gourmet
u_0543,1840,1,gourmet
u_0543,157,1,gourmet
u_0543,1871,1,gourmet
u_0543,1120,1,gourmet
u_0543,1574,1,gourmet
u_0543,2371,1,gourmet
u_0543,757,1,gourmet
u_0543,265,1,gourmet
u_0543,1319,1,gourmet
u_0543,4171,1,gourmet
u_0543,1209,1,gourmet
u_0543,30,1,gourmet
u_0543,4091,1,gourmet
u_0543,4616,1,gourmet
u_0544,2251,1,veg_cook
u_0544,149,1,veg_cook
u_0544,2152,1,veg_cook
u_0544,2150,1,veg_cook
u_0544,914,1,veg_cook
u_0544,2383,1,veg_cook
u_0544,212,1,veg_cook
u_0544,426,1,veg_cook
u_0544,924,1,veg_cook
u_0544,1133,1,veg_cook
u_0544,846,1,veg_cook
u_0544,2252,1,veg_cook
u_0544,87,1,veg_cook
u_0544,987,1,veg_cook
u_0544,1062,1,veg_cook
u_0544,3046,1,veg_cook
u_0544,1121,1,veg_cook
u_0544,33,1,veg_cook
u_0544,801,1,veg_cook
u_0544,2048,1,veg_cook
u_0544,735,1,veg_cook
u_0544,1148,1,veg_cook
u_0544,2535,1,veg_cook
u_0544,651,1,veg_cook
u_0544,591,1,veg_cook
u_0544,994,1,veg_cook
u_0544,190,1,veg_cook
u_0544,2707,1,veg_cook
u_0544,590,1,veg_cook
u_0544,2211,1,veg_cook
u_0544,2596,1,veg_cook
u_0544,179,1,veg_cook
u_0544,4040,1,veg_cook
u_0544,2047,1,veg_cook
u_0544,2037,1,veg_cook
u_0544,683,1,veg_cook
u_0544,3600,1,veg_cook
u_0544,896,1,veg_cook
u_0544,2403,1,veg_cook
u_0545,1911,1,fruit_lover
u_0545,278,1,fruit_lover
u_0545,2145,1,fruit_lover
u_0545,1941,1,fruit_lover
u_0545,1654,1,fruit_lover
u_0545,98,1,fruit_lover
u_0545,94,1,fruit_lover
u_0545,2052,1,fruit_lover
u_0545,127,1,fruit_lover
u_0545,646,1,fruit_lover
u_0545,2542,1,fruit_lover
u_0545,2287,1,fruit_lover
u_0545,3090,1,fruit_lover
u_0545,418,1,fruit_lover
u_0545,1288,1,fruit_lover
u_0545,1902,1,fruit_lover
u_0545,3299,1,fruit_lover
u_0545,662,1,fruit_lover
u_0545,83,1,fruit_lover
u_0545,152,1,fruit_lover
u_0545,444,1,fruit_lover
u_0545,264,1,fruit_lover
u_0545,163,1,fruit_lover
u_0545,696,1,fruit_lover
u_0545,2224,1,fruit_lover
u_0545,4173,1,fruit_lover
u_0546,2222,1,gourmet
u_0546,2958,1,gourmet
u_0546,1148,1,gourmet
u_0546,2271,1,gourmet
u_0546,658,1,gourmet
u_0546,2919,1,gourmet
u_0546,2169,1,gourmet
u_0546,1332,1,gourmet
u_0546,2091,1,gourmet
u_0546,569,1,gourmet
u_0546,441,1,gourmet
u_0546,2024,1,gourmet
u_0546,1925,1,gourmet
u_0546,1114,1,gourmet
u_0546,2177,1,gourmet
u_0546,319,1,gourmet
u_0546,2199,1,gourmet
u_0546,4758,1,gourmet
u_0546,1395,1,gourmet
u_0546,1898,1,gourmet
u_0546,1530,1,gourmet
u_0546,722,1,gourmet
u_0546,87,1,gourmet
u_0546,382,1,gourmet
u_0546,1312,1,gourmet
u_0546,2130,1,gourmet
u_0546,2043,1,gourmet
u_0546,4461,1,gourmet
u_0546,75,1,gourmet
u_0546,1922,1,gourmet
u_0546,1976,1,gourmet
u_0546,414,1,gourmet
u_0546,2198,1,gourmet
u_0546,73,1,gourmet
u_0546,2410,1,gourmet
u_0546,625,1,gourmet
u_0546,644,1,gourmet
u_0546,2851,1,gourmet
u_0546,906,1,gourmet
u_0546,2720,1,gourmet
u_0547,1260,1,gourmet
u_0547,2124,1,gourmet
u_0547,2990,1,gourmet
u_0547,1936,1,gourmet
u_0547,88,1,gourmet
u_0547,2233,1,gourmet
u_0547,839,1,gourmet
u_0547,2533,1,gourmet
u_0547,228,1,gourmet
u_0547,4875,1,gourmet
u_0547,1965,1,gourmet
u_0547,394,1,gourmet
u_0547,3724,1,gourmet
u_0547,2088,1,gourmet
u_0547,617,1,gourmet
u_0547,1978,1,gourmet
u_0547,2100,1,gourmet
u_0547,435,1,gourmet
u_0547,138,1,gourmet
u_0547,936,1,gourmet
u_0547,1426,1,gourmet
u_0547,3591,1,gourmet
u_0547,752,1,gourmet
u_0547,1351,1,gourmet
u_0547,757,1,gourmet
u_0547,2367,1,gourmet
u_0547,4523,1,gourmet
u_0547,2335,1,gourmet
u_0547,185,1,gourmet
u_0547,628,1,gourmet
u_0547,2697,1,gourmet
u_0547,3558,1,gourmet
u_0547,182,1,gourmet
u_0547,1834,1,gourmet
u_0547,2148,1,gourmet
u_0547,4036,1,gourmet
u_0547,4820,1,gourmet
u_0547,1619,1,gourmet
u_0547,530,1,gourmet
u_0547,1818,1,gourmet
u_0547,1956,1,gourmet
u_0547,9,1,gourmet
u_0547,2271,1,gourmet
u_0547,1866,1,gourmet
u_0547,4408,1,gourmet
u_0548,3529,1,breakfast_shopper
u_0548,2303,1,breakfast_shopper
u_0548,3574,1,breakfast_shopper
u_0548,2752,1,breakfast_shopper
u_0548,2756,1,breakfast_shopper
u_0548,4587,1,breakfast_shopper
u_0548,4228,1,breakfast_shopper
u_0548,1056,1,breakfast_shopper
u_0548,2491,1,breakfast_shopper
u_0548,3411,1,breakfast_shopper
u_0548,776,1,breakfast_shopper
u_0548,4465,1,breakfast_shopper
u_0548,3066,1,breakfast_shopper
u_0548,4488,1,breakfast_shopper
u_0548,173,2,breakfast_shopper
u_0548,4321,1,breakfast_shopper
u_0548,4494,1,breakfast_shopper
u_0548,2615,1,breakfast_shopper
u_0548,4483,1,breakfast_shopper
u_0548,4411,1,breakfast_shopper
u_0548,349,1,breakfast_shopper
u_0548,4537,1,breakfast_shopper
u_0548,2410,2,breakfast_shopper
u_0548,4453,1,breakfast_shopper
u_0548,4414,1,breakfast_shopper
u_0548,4373,1,breakfast_shopper
u_0548,2450,1,breakfast_shopper
u_0548,4182,1,breakfast_shopper
u_0548,4471,1,breakfast_shopper
u_0548,4504,1,breakfast_shopper
u_0548,256,1,breakfast_shopper
u_0548,2435,1,breakfast_shopper
u_0548,4362,1,breakfast_shopper
u_0548,2676,1,breakfast_shopper
u_0548,2460,1,breakfast_shopper
u_0548,55,1,breakfast_shopper
u_0548,4582,1,breakfast_shopper
u_0548,132,1,breakfast_shopper
u_0548,2486,1,breakfast_shopper
u_0548,1090,1,breakfast_shopper
u_0548,531,1,breakfast_shopper
u_0548,80,1,breakfast_shopper
u_0548,791,1,breakfast_shopper
u_0549,905,1,veg_cook
u_0549,563,1,veg_cook
u_0549,892,1,veg_cook
u_0549,1600,1,veg_cook
u_0549,2094,1,veg_cook
u_0549,2516,1,veg_cook
u_0549,704,1,veg_cook
u_0549,1164,1,veg_cook
u_0549,1978,1,veg_cook
u_0549,774,1,veg_cook
u_0549,3048,1,veg_cook
u_0549,2034,1,veg_cook
u_0549,474,1,veg_cook
u_0549,558,1,veg_cook
u_0549,631,1,veg_cook
u_0549,2532,1,veg_cook
u_0549,2319,1,veg_cook
u_0549,2142,1,veg_cook
u_0549,1225,1,veg_cook
u_0549,868,1,veg_cook
u_0549,1237,1,veg_cook
u_0549,689,1,veg_cook
u_0549,822,1,veg_cook
u_0549,2470,1,veg_cook
u_0549,798,1,veg_cook
u_0549,2451,1,veg_cook
u_0549,1008,1,veg_cook
u_0549,251,1,veg_cook
u_0549,1799,1,veg_cook
u_0549,2352,1,veg_cook
u_0549,2030,1,veg_cook
u_0549,1993,1,veg_cook
u_0549,1323,1,veg_cook
u_0549,921,1,veg_cook
u_0549,2051,1,veg_cook
u_0549,596,1,veg_cook
u_0549,4520,1,veg_cook
u_0549,508,1,veg_cook
u_0549,2654,1,veg_cook
u_0549,1295,1,veg_cook
u_0549,956,1,veg_cook
u_0549,594,1,veg_cook
u_0549,1985,1,veg_cook
u_0549,839,1,veg_cook
u_0549,1085,1,veg_cook
u_0549,1094,1,veg_cook
u_0549,766,1,veg_cook
u_0549,644,1,veg_cook
u_0550,2907,1,snack_lover
u_0550,3330,1,snack_lover
u_0550,3815,1,snack_lover
u_0550,3988,1,snack_lover
u_0550,3518,1,snack_lover
u_0550,3880,1,snack_lover
u_0550,4231,1,snack_lover
u_0550,3303,1,snack_lover
u_0550,3177,1,snack_lover
u_0550,4251,1,snack_lover
u_0550,3576,2,snack_lover
u_0550,3428,1,snack_lover
u_0550,3363,1,snack_lover
u_0550,3234,1,snack_lover
u_0550,4099,1,snack_lover
u_0550,3374,1,snack_lover
u_0550,3886,1,snack_lover
u_0550,3957,1,snack_lover
u_0550,3353,1,snack_lover
u_0550,3884,1,snack_lover
u_0550,3782,1,snack_lover
u_0550,4220,1,snack_lover
u_0550,3102,1,snack_lover
u_0550,3515,1,snack_lover
u_0550,1277,1,snack_lover
u_0550,3816,1,snack_lover
u_0550,693,1,snack_lover
u_0550,2922,1,snack_lover
u_0550,3213,1,snack_lover
u_0550,3619,1,snack_lover
u_0550,3627,1,snack_lover
u_0550,1577,1,snack_lover
u_0550,211,1,snack_lover
u_0550,3867,1,snack_lover
u_0550,3593,1,snack_lover
u_0550,3081,1,snack_lover
u_0550,3472,1,snack_lover
u_0550,3667,1,snack_lover
u_0550,3594,1,snack_lover
u_0551,787,1,gourmet
u_0551,1953,1,gourmet
u_0551,2125,1,gourmet
u_0551,593,1,gourmet
u_0551,209,1,gourmet
u_0551,409,1,gourmet
u_0551,2993,1,gourmet
u_0551,2172,1,gourmet
u_0551,3011,1,gourmet
u_0551,1916,1,gourmet
u_0551,1470,1,gourmet
u_0551,40,1,gourmet
u_0551,2260,1,gourmet
u_0551,3041,1,gourmet
u_0551,2458,1,gourmet
u_0551,2143,1,gourmet
u_0551,2987,1,gourmet
u_0551,35,1,gourmet
u_0551,2048,1,gourmet
u_0551,2026,1,gourmet
u_0551,2111,1,gourmet
u_0551,2603,1,gourmet
u_0551,2085,1,gourmet
u_0551,975,1,gourmet
u_0551,3910,1,gourmet
u_0551,568,1,gourmet
u_0551,193,1,gourmet
u_0551,2198,1,gourmet
u_0551,2318,1,gourmet
u_0551,2599,1,gourmet
u_0551,702,1,gourmet
u_0551,650,1,gourmet
u_0551,2505,1,gourmet
u_0551,1872,1,gourmet
u_0551,2268,1,gourmet
u_0551,3784,1,gourmet
u_0552,2845,1,snack_lover
u_0552,3444,1,snack_lover
u_0552,3554,1,snack_lover
u_0552,3046,1,snack_lover
u_0552,3998,1,snack_lover
u_0552,3813,1,snack_lover
u_0552,3432,1,snack_lover
u_0552,3658,1,snack_lover
u_0552,3686,1,snack_lover
u_0552,2777,1,snack_lover
u_0552,4300,1,snack_lover
u_0552,3646,1,snack_lover
u_0552,2927,1,snack_lover
u_0552,998,1,snack_lover
u_0552,3191,1,snack_lover
u_0552,2478,1,snack_lover
u_0552,2890,1,snack_lover
u_0552,2636,1,snack_lover
u_0552,3662,1,snack_lover
u_0552,3006,1,snack_lover
u_0552,3639,1,snack_lover
u_0552,3583,1,snack_lover
u_0552,2789,1,snack_lover
u_0552,4116,1,snack_lover
u_0552,4550,1,snack_lover
u_0552,2812,1,snack_lover
u_0552,2588,1,snack_lover
u_0552,4063,1,snack_lover
u_0552,1703,1,snack_lover
u_0552,2990,1,snack_lover
u_0553,241,1,festival_shopper
u_0553,2810,1,festival_shopper
u_0553,1468,1,festival_shopper
u_0553,1333,1,festival_shopper
u_0553,4030,1,festival_shopper
u_0553,491,1,festival_shopper
u_0553,846,1,festival_shopper
u_0553,569,1,festival_shopper
u_0553,1795,1,festival_shopper
u_0553,1668,1,festival_shopper
u_0553,1101,1,festival_shopper
u_0553,565,1,festival_shopper
u_0553,1422,1,festival_shopper
u_0553,2588,1,festival_shopper
u_0553,684,1,festival_shopper
u_0553,2862,1,festival_shopper
u_0553,33,1,festival_shopper
u_0553,1485,1,festival_shopper
u_0553,544,1,festival_shopper
u_0553,2110,1,festival_shopper
u_0553,628,1,festival_shopper
u_0553,3839,1,festival_shopper
u_0553,1246,1,festival_shopper
u_0553,1532,1,festival_shopper
u_0553,1787,1,festival_shopper
u_0553,1115,1,festival_shopper
u_0553,340,1,festival_shopper
u_0553,3344,1,festival_shopper
u_0553,1419,1,festival_shopper
u_0553,415,1,festival_shopper
u_0553,1451,1,festival_shopper
u_0553,2616,1,festival_shopper
u_0553,556,1,festival_shopper
u_0553,1741,1,festival_shopper
u_0553,1588,1,festival_shopper
u_0553,2502,1,festival_shopper
u_0553,1320,1,festival_shopper
u_0553,164,1,festival_shopper
u_0553,1412,1,festival_shopper
u_0554,898,1,veg_cook
u_0554,269,1,veg_cook
u_0554,909,1,veg_cook
u_0554,1065,1,veg_cook
u_0554,4851,1,veg_cook
u_0554,1053,1,veg_cook
u_0554,1867,1,veg_cook
u_0554,2257,1,veg_cook
u_0554,606,1,veg_cook
u_0554,1051,1,veg_cook
u_0554,1572,1,veg_cook
u_0554,718,1,veg_cook
u_0554,576,1,veg_cook
u_0554,4879,1,veg_cook
u_0554,1798,1,veg_cook
u_0554,572,1,veg_cook
u_0554,3107,1,veg_cook
u_0554,1129,1,veg_cook
u_0554,1034,1,veg_cook
u_0554,1955,1,veg_cook
u_0554,623,1,veg_cook
u_0554,1150,1,veg_cook
u_0554,641,1,veg_cook
u_0554,744,1,veg_cook
u_0554,4570,1,veg_cook
u_0555,3019,1,festival_shopper
u_0555,267,1,festival_shopper
u_0555,2332,1,festival_shopper
u_0555,192,1,festival_shopper
u_0555,1059,1,festival_shopper
u_0555,254,1,festival_shopper
u_0555,4225,1,festival_shopper
u_0555,1710,1,festival_shopper
u_0555,1572,1,festival_shopper
u_0555,1562,1,festival_shopper
u_0555,2697,1,festival_shopper
u_0555,1060,1,festival_shopper
u_0555,1706,1,festival_shopper
u_0555,1415,1,festival_shopper
u_0555,1401,1,festival_shopper
u_0555,2530,1,festival_shopper
u_0555,310,1,festival_shopper
u_0555,3322,1,festival_shopper
u_0555,25,1,festival_shopper
u_0555,238,1,festival_shopper
u_0555,1400,1,festival_shopper
u_0555,677,1,festival_shopper
u_0555,1712,1,festival_shopper
u_0555,2380,1,festival_shopper
u_0555,1621,1,festival_shopper
u_0555,2333,1,festival_shopper
u_0555,2195,1,festival_shopper
u_0555,2424,1,festival_shopper
u_0555,2533,1,festival_shopper
u_0555,1318,1,festival_shopper
u_0555,2867,1,festival_shopper
u_0555,3063,1,festival_shopper
u_0555,807,1,festival_shopper
u_0555,93,1,festival_shopper
u_0555,3132,1,festival_shopper
u_0555,2911,1,festival_shopper
u_0556,2370,1,breakfast_shopper
u_0556,2437,1,breakfast_shopper
u_0556,2562,1,breakfast_shopper
u_0556,3405,1,breakfast_shopper
u_0556,2337,1,breakfast_shopper
u_0556,4331,1,breakfast_shopper
u_0556,4181,1,breakfast_shopper
u_0556,171,1,breakfast_shopper
u_0556,2580,1,breakfast_shopper
u_0556,550,1,breakfast_shopper
u_0556,4212,1,breakfast_shopper
u_0556,2441,1,breakfast_shopper
u_0556,230,1,breakfast_shopper
u_0556,4349,1,breakfast_shopper
u_0556,4236,1,breakfast_shopper
u_0556,2632,1,breakfast_shopper
u_0556,2229,1,breakfast_shopper
u_0556,346,1,breakfast_shopper
u_0556,4289,1,breakfast_shopper
u_0556,4485,1,breakfast_shopper
u_0556,917,1,breakfast_shopper
u_0556,4548,1,breakfast_shopper
u_0556,2480,1,breakfast_shopper
u_0556,4872,1,breakfast_shopper
u_0556,20,1,breakfast_shopper
u_0556,4146,1,breakfast_shopper
u_0556,424,1,breakfast_shopper
u_0556,3369,1,breakfast_shopper
u_0556,2391,1,breakfast_shopper
u_0557,7,1,fruit_lover
u_0557,1123,1,fruit_lover
u_0557,1003,1,fruit_lover
u_0557,1099,1,fruit_lover
u_0557,1013,1,fruit_lover
u_0557,1322,1,fruit_lover
u_0557,2969,1,fruit_lover
u_0557,605,1,fruit_lover
u_0557,966,1,fruit_lover
u_0557,2648,1,fruit_lover
u_0557,1411,1,fruit_lover
u_0557,2118,1,fruit_lover
u_0557,2831,1,fruit_lover
u_0557,43,1,fruit_lover
u_0557,1838,1,fruit_lover
u_0557,1180,1,fruit_lover
u_0557,2247,1,fruit_lover
u_0557,1897,1,fruit_lover
u_0557,2398,1,fruit_lover
u_0557,2045,1,fruit_lover
u_0557,1914,1,fruit_lover
u_0557,8,1,fruit_lover
u_0557,875,1,fruit_lover
u_0557,2647,1,fruit_lover
u_0557,1212,1,fruit_lover
u_0557,795,1,fruit_lover
u_0557,5016,1,fruit_lover
u_0557,2158,1,fruit_lover
u_0557,170,1,fruit_lover
u_0557,2125,1,fruit_lover
u_0557,18,1,fruit_lover
u_0557,213,1,fruit_lover
u_0557,1871,1,fruit_lover
u_0557,1421,1,fruit_lover
u_0557,23,1,fruit_lover
u_0557,2055,1,fruit_lover
u_0558,1205,1,veg_cook
u_0558,1373,1,veg_cook
u_0558,608,1,veg_cook
u_0558,763,1,veg_cook
u_0558,975,1,veg_cook
u_0558,3113,1,veg_cook
u_0558,1246,1,veg_cook
u_0558,739,1,veg_cook
u_0558,2340,1,veg_cook
u_0558,1002,1,veg_cook
u_0558,1294,1,veg_cook
u_0558,471,1,veg_cook
u_0558,567,1,veg_cook
u_0558,27,1,veg_cook
u_0558,1308,1,veg_cook
u_0558,3127,1,veg_cook
u_0558,1221,1,veg_cook
u_0558,604,1,veg_cook
u_0558,888,1,veg_cook
u_0558,1351,1,veg_cook
u_0558,2795,1,veg_cook
u_0558,3604,1,veg_cook
u_0558,2911,1,veg_cook
u_0558,1370,1,veg_cook
u_0558,586,1,veg_cook
u_0558,409,1,veg_cook
u_0558,2953,1,veg_cook
u_0558,1254,1,veg_cook
u_0559,2323,1,breakfast_shopper
u_0559,2327,1,breakfast_shopper
u_0559,377,1,breakfast_shopper
u_0559,51,1,breakfast_shopper
u_0559,2733,1,breakfast_shopper
u_0559,3592,1,breakfast_shopper
u_0559,2400,1,breakfast_shopper
u_0559,4562,1,breakfast_shopper
u_0559,2466,1,breakfast_shopper
u_0559,2382,1,breakfast_shopper
u_0559,2397,1,breakfast_shopper
u_0559,2853,1,breakfast_shopper
u_0559,4164,1,breakfast_shopper
u_0559,2332,1,breakfast_shopper
u_0559,3418,1,breakfast_shopper
u_0559,1154,1,breakfast_shopper
u_0559,835,1,breakfast_shopper
u_0559,774,1,breakfast_shopper
u_0559,2399,1,breakfast_shopper
u_0559,4217,1,breakfast_shopper
u_0559,2717,1,breakfast_shopper
u_0559,2450,1,breakfast_shopper
u_0559,4395,1,breakfast_shopper
u_0559,2597,1,breakfast_shopper
u_0559,47,1,breakfast_shopper
u_0559,3263,1,breakfast_shopper
u_0559,2401,1,breakfast_shopper
u_0559,4860,1,breakfast_shopper
u_0559,833,1,breakfast_shopper
u_0559,4314,1,breakfast_shopper
u_0559,317,1,breakfast_shopper
u_0559,4310,1,breakfast_shopper
u_0559,928,1,breakfast_shopper
u_0559,767,1,breakfast_shopper
u_0559,312,1,breakfast_shopper
u_0559,4524,1,breakfast_shopper
u_0559,4394,1,breakfast_shopper
u_0559,4220,1,breakfast_shopper
u_0559,4388,1,breakfast_shopper
u_0559,3368,1,breakfast_shopper
u_0559,4470,1,breakfast_shopper
u_0559,1493,1,breakfast_shopper
u_0559,2622,1,breakfast_shopper
u_0559,4880,1,breakfast_shopper
u_0559,391,1,breakfast_shopper
u_0560,364,1,household_stocker
u_0560,4316,1,household_stocker
u_0560,2531,1,household_stocker
u_0560,2793,1,household_stocker
u_0560,578,1,household_stocker
u_0560,2982,1,household_stocker
u_0560,609,1,household_stocker
u_0560,2817,1,household_stocker
u_0560,17,1,household_stocker
u_0560,3174,1,household_stocker
u_0560,3206,1,household_stocker
u_0560,2547,1,household_stocker
u_0560,700,1,household_stocker
u_0560,1442,1,household_stocker
u_0560,2351,1,household_stocker
u_0560,3059,1,household_stocker
u_0560,1959,1,household_stocker
u_0560,3095,1,household_stocker
u_0560,2568,1,household_stocker
u_0560,2937,1,household_stocker
u_0560,3058,1,household_stocker
u_0560,2739,1,household_stocker
u_0560,2998,1,household_stocker
u_0560,2514,1,household_stocker
u_0560,1865,1,household_stocker
u_0560,2731,1,household_stocker
u_0560,2745,1,household_stocker
u_0560,2499,1,household_stocker
u_0560,2682,1,household_stocker
u_0560,3078,1,household_stocker
u_0560,116,1,household_stocker
u_0560,2410,1,household_stocker
u_0560,3135,1,household_stocker
u_0560,2540,1,household_stocker
u_0560,1794,1,household_stocker
u_0560,2654,1,household_stocker
u_0560,111,1,household_stocker
u_0560,469,1,household_stocker
u_0560,2813,1,household_stocker
u_0560,2524,1,household_stocker
u_0560,3214,1,household_stocker
u_0560,3660,1,household_stocker
u_0560,1070,1,household_stocker
u_0561,4239,1,snack_lover
u_0561,3287,1,snack_lover
u_0561,3059,1,snack_lover
u_0561,3297,1,snack_lover
u_0561,3286,1,snack_lover
u_0561,3243,1,snack_lover
u_0561,3292,1,snack_lover
u_0561,3362,1,snack_lover
u_0561,4064,1,snack_lover
u_0561,804,1,snack_lover
u_0561,4224,1,snack_lover
u_0561,1013,1,snack_lover
u_0561,3103,1,snack_lover
u_0561,3549,1,snack_lover
u_0561,3797,1,snack_lover
u_0561,3220,1,snack_lover
u_0561,281,1,snack_lover
u_0561,3851,1,snack_lover
u_0561,3962,1,snack_lover
u_0561,4432,1,snack_lover
u_0561,416,1,snack_lover
u_0561,3020,1,snack_lover
u_0561,3646,1,snack_lover
u_0561,2768,1,snack_lover
u_0561,2573,1,snack_lover
u_0561,2044,1,snack_lover
u_0561,1678,1,snack_lover
u_0561,4566,1,snack_lover
u_0561,2332,1,snack_lover
u_0561,3522,1,snack_lover
u_0561,3622,1,snack_lover
u_0561,3011,1,snack_lover
u_0561,3225,1,snack_lover
u_0561,3963,1,snack_lover
u_0561,4970,1,snack_lover
u_0561,1216,1,snack_lover
u_0561,4322,1,snack_lover
u_0561,3273,1,snack_lover
u_0561,4157,1,snack_lover
u_0561,3510,1,snack_lover
u_0561,4132,1,snack_lover
u_0561,2771,1,snack_lover
u_0562,4374,1,breakfast_shopper
u_0562,60,1,breakfast_shopper
u_0562,4288,1,breakfast_shopper
u_0562,396,1,breakfast_shopper
u_0562,3345,1,breakfast_shopper
u_0562,539,1,breakfast_shopper
u_0562,2374,1,breakfast_shopper
u_0562,3623,1,breakfast_shopper
u_0562,5040,1,breakfast_shopper
u_0562,2680,1,breakfast_shopper
u_0562,233,1,breakfast_shopper
u_0562,102,1,breakfast_shopper
u_0562,801,1,breakfast_shopper
u_0562,651,1,breakfast_shopper
u_0562,4338,1,breakfast_shopper
u_0562,2246,1,breakfast_shopper
u_0562,4407,1,breakfast_shopper
u_0562,2696,1,breakfast_shopper
u_0562,4585,1,breakfast_shopper
u_0562,2526,1,breakfast_shopper
u_0562,746,1,breakfast_shopper
u_0562,4352,1,breakfast_shopper
u_0562,4313,1,breakfast_shopper
u_0562,4268,1,breakfast_shopper
u_0562,1113,1,breakfast_shopper
u_0562,2507,1,breakfast_shopper
u_0562,4214,1,breakfast_shopper
u_0562,225,1,breakfast_shopper
u_0563,124,1,gourmet
u_0563,1151,1,gourmet
u_0563,2688,1,gourmet
u_0563,3158,1,gourmet
u_0563,937,1,gourmet
u_0563,561,1,gourmet
u_0563,2238,1,gourmet
u_0563,697,1,gourmet
u_0563,1723,1,gourmet
u_0563,2891,1,gourmet
u_0563,2499,1,gourmet
u_0563,2043,1,gourmet
u_0563,135,1,gourmet
u_0563,2461,1,gourmet
u_0563,596,1,gourmet
u_0563,1187,1,gourmet
u_0563,3960,1,gourmet
u_0563,406,1,gourmet
u_0563,2026,1,gourmet
u_0563,1190,1,gourmet
u_0563,1577,1,gourmet
u_0563,530,1,gourmet
u_0563,2622,1,gourmet
u_0563,1048,1,gourmet
u_0563,1088,1,gourmet
u_0563,3886,1,gourmet
u_0563,1258,1,gourmet
u_0563,457,1,gourmet
u_0563,449,1,gourmet
u_0563,1284,2,gourmet
u_0563,1212,1,gourmet
u_0563,1199,1,gourmet
u_0563,2087,1,gourmet
u_0563,926,1,gourmet
u_0563,2070,1,gourmet
u_0563,4613,1,gourmet
u_0563,2169,1,gourmet
u_0563,2153,1,gourmet
u_0563,830,1,gourmet
u_0563,1450,1,gourmet
u_0563,2134,1,gourmet
u_0563,2530,1,gourmet
u_0564,2427,1,fruit_lover
u_0564,669,1,fruit_lover
u_0564,321,1,fruit_lover
u_0564,753,1,fruit_lover
u_0564,693,1,fruit_lover
u_0564,1903,1,fruit_lover
u_0564,406,1,fruit_lover
u_0564,200,1,fruit_lover
u_0564,311,1,fruit_lover
u_0564,381,1,fruit_lover
u_0564,389,1,fruit_lover
u_0564,786,1,fruit_lover
u_0564,205,1,fruit_lover
u_0564,1326,1,fruit_lover
u_0564,4845,1,fruit_lover
u_0564,1611,1,fruit_lover
u_0564,1333,1,fruit_lover
u_0564,535,1,fruit_lover
u_0564,465,1,fruit_lover
u_0564,185,1,fruit_lover
u_0564,253,1,fruit_lover
u_0564,1348,1,fruit_lover
u_0564,795,1,fruit_lover
u_0564,229,1,fruit_lover
u_0564,932,1,fruit_lover
u_0564,28,1,fruit_lover
u_0564,1158,1,fruit_lover
u_0564,3019,1,fruit_lover
u_0564,2473,1,fruit_lover
u_0564,869,1,fruit_lover
u_0564,422,1,fruit_lover
u_0564,2047,1,fruit_lover
u_0564,1372,1,fruit_lover
u_0564,1626,1,fruit_lover
u_0564,1966,1,fruit_lover
u_0564,2253,1,fruit_lover
u_0564,10,1,fruit_lover
u_0564,1341,1,fruit_lover
u_0565,1241,1,fruit_lover
u_0565,1965,1,fruit_lover
u_0565,111,1,fruit_lover
u_0565,1167,1,fruit_lover
u_0565,2453,1,fruit_lover
u_0565,287,1,fruit_lover
u_0565,47,1,fruit_lover
u_0565,639,1,fruit_lover
u_0565,1636,1,fruit_lover
u_0565,753,1,fruit_lover
u_0565,1861,1,fruit_lover
u_0565,1123,1,fruit_lover
u_0565,269,1,fruit_lover
u_0565,355,1,fruit_lover
u_0565,77,1,fruit_lover
u_0565,676,1,fruit_lover
u_0565,106,1,fruit_lover
u_0565,155,1,fruit_lover
u_0565,1223,1,fruit_lover
u_0565,167,1,fruit_lover
u_0565,2254,1,fruit_lover
u_0565,500,1,fruit_lover
u_0565,486,1,fruit_lover
u_0565,2186,1,fruit_lover
u_0565,170,1,fruit_lover
u_0565,211,1,fruit_lover
u_0565,571,1,fruit_lover
u_0565,2754,1,fruit_lover
u_0566,406,1,veg_cook
u_0566,2133,1,veg_cook
u_0566,2381,1,veg_cook
u_0566,2468,1,veg_cook
u_0566,788,1,veg_cook
u_0566,313,1,veg_cook
u_0566,1221,1,veg_cook
u_0566,2491,1,veg_cook
u_0566,838,1,veg_cook
u_0566,101,1,veg_cook
u_0566,462,1,veg_cook
u_0566,911,1,veg_cook
u_0566,512,1,veg_cook
u_0566,2245,1,veg_cook
u_0566,2708,1,veg_cook
u_0566,2056,1,veg_cook
u_0566,1371,1,veg_cook
u_0566,1240,1,veg_cook
u_0566,1983,1,veg_cook
u_0566,1038,1,veg_cook
u_0566,2557,1,veg_cook
u_0566,3684,1,veg_cook
u_0566,2115,1,veg_cook
u_0566,1218,1,veg_cook
u_0566,710,1,veg_cook
u_0566,2276,1,veg_cook
u_0566,779,2,veg_cook
u_0566,299,1,veg_cook
u_0567,2683,1,household_stocker
u_0567,2804,1,household_stocker
u_0567,458,1,household_stocker
u_0567,3282,1,household_stocker
u_0567,402,1,household_stocker
u_0567,868,1,household_stocker
u_0567,4074,1,household_stocker
u_0567,3071,1,household_stocker
u_0567,3072,1,household_stocker
u_0567,303,1,household_stocker
u_0567,2827,1,household_stocker
u_0567,307,1,household_stocker
u_0567,325,1,household_stocker
u_0567,2348,1,household_stocker
u_0567,4731,1,household_stocker
u_0567,1250,1,household_stocker
u_0567,762,1,household_stocker
u_0567,778,1,household_stocker
u_0567,1823,1,household_stocker
u_0567,1227,1,household_stocker
u_0567,2304,1,household_stocker
u_0567,2652,1,household_stocker
u_0567,3037,1,household_stocker
u_0567,2510,1,household_stocker
u_0567,2164,1,household_stocker
u_0567,1511,1,household_stocker
u_0567,2016,1,household_stocker
u_0567,195,1,household_stocker
u_0567,2731,1,household_stocker
u_0567,3007,1,household_stocker
u_0567,475,1,household_stocker
u_0567,2796,1,household_stocker
u_0567,2922,1,household_stocker
u_0567,3196,1,household_stocker
u_0567,3179,1,household_stocker
u_0567,342,1,household_stocker
u_0567,3021,1,household_stocker
u_0567,2747,1,household_stocker
u_0567,1130,1,household_stocker
u_0567,1536,1,household_stocker
u_0567,9,1,household_stocker
u_0567,2904,1,household_stocker
u_0567,906,1,household_stocker
u_0567,3146,1,household_stocker
u_0568,3532,1,snack_lover
u_0568,3440,1,snack_lover
u_0568,4030,1,snack_lover
u_0568,1245,1,snack_lover
u_0568,3250,1,snack_lover
u_0568,4437,1,snack_lover
u_0568,3313,1,snack_lover
u_0568,4519,1,snack_lover
u_0568,3616,2,snack_lover
u_0568,4922,1,snack_lover
u_0568,2857,1,snack_lover
u_0568,3476,1,snack_lover
u_0568,3418,1,snack_lover
u_0568,3270,1,snack_lover
u_0568,4086,1,snack_lover
u_0568,2305,1,snack_lover
u_0568,3598,1,snack_lover
u_0568,3887,1,snack_lover
u_0568,4149,1,snack_lover
u_0568,3569,1,snack_lover
u_0568,1068,1,snack_lover
u_0568,3297,1,snack_lover
u_0568,3737,1,snack_lover
u_0568,3593,1,snack_lover
u_0568,3188,1,snack_lover
u_0569,909,1,breakfast_shopper
u_0569,4158,1,breakfast_shopper
u_0569,2440,1,breakfast_shopper
u_0569,3828,1,breakfast_shopper
u_0569,4291,1,breakfast_shopper
u_0569,4365,1,breakfast_shopper
u_0569,2737,1,breakfast_shopper
u_0569,2669,2,breakfast_shopper
u_0569,2533,1,breakfast_shopper
u_0569,545,1,breakfast_shopper
u_0569,4115,1,breakfast_shopper
u_0569,4593,1,breakfast_shopper
u_0569,3469,1,breakfast_shopper
u_0569,4538,1,breakfast_shopper
u_0569,2557,1,breakfast_shopper
u_0569,4459,1,breakfast_shopper
u_0569,2585,1,breakfast_shopper
u_0569,2416,1,breakfast_shopper
u_0569,639,1,breakfast_shopper
u_0569,782,1,breakfast_shopper
u_0569,4458,1,breakfast_shopper
u_0569,4463,1,breakfast_shopper
u_0569,402,1,breakfast_shopper
u_0569,340,1,breakfast_shopper
u_0569,4412,1,breakfast_shopper
u_0569,3586,1,breakfast_shopper
u_0569,3889,1,breakfast_shopper
u_0569,2690,1,breakfast_shopper
u_0569,4288,1,breakfast_shopper
u_0569,4596,1,breakfast_shopper
u_0569,4972,1,breakfast_shopper
u_0570,1865,1,fruit_lover
u_0570,2549,1,fruit_lover
u_0570,317,1,fruit_lover
u_0570,1379,1,fruit_lover
u_0570,1022,1,fruit_lover
u_0570,240,1,fruit_lover
u_0570,2148,1,fruit_lover
u_0570,453,1,fruit_lover
u_0570,1899,1,fruit_lover
u_0570,32,1,fruit_lover
u_0570,213,1,fruit_lover
u_0570,1087,1,fruit_lover
u_0570,2716,1,fruit_lover
u_0570,2425,1,fruit_lover
u_0570,1453,1,fruit_lover
u_0570,2131,1,fruit_lover
u_0570,2603,1,fruit_lover
u_0570,29,1,fruit_lover
u_0570,1923,1,fruit_lover
u_0570,163,1,fruit_lover
u_0570,829,1,fruit_lover
u_0570,342,1,fruit_lover
u_0570,2010,1,fruit_lover
u_0570,2486,1,fruit_lover
u_0570,1322,1,fruit_lover
u_0570,1817,1,fruit_lover
u_0570,750,1,fruit_lover
u_0570,2253,1,fruit_lover
u_0571,299,1,festival_shopper
u_0571,3881,1,festival_shopper
u_0571,886,1,festival_shopper
u_0571,400,1,festival_shopper
u_0571,255,1,festival_shopper
u_0571,380,1,festival_shopper
u_0571,2460,1,festival_shopper
u_0571,531,1,festival_shopper
u_0571,753,1,festival_shopper
u_0571,50,1,festival_shopper
u_0571,1403,1,festival_shopper
u_0571,1416,1,festival_shopper
u_0571,568,1,festival_shopper
u_0571,501,1,festival_shopper
u_0571,2715,1,festival_shopper
u_0571,623,1,festival_shopper
u_0571,1819,1,festival_shopper
u_0571,1198,1,festival_shopper
u_0571,1589,1,festival_shopper
u_0571,3174,1,festival_shopper
u_0571,1052,1,festival_shopper
u_0571,470,1,festival_shopper
u_0571,917,1,festival_shopper
u_0571,1829,1,festival_shopper
u_0572,356,1,festival_shopper
u_0572,2856,1,festival_shopper
u_0572,1427,1,festival_shopper
u_0572,1108,1,festival_shopper
u_0572,1737,1,festival_shopper
u_0572,3114,1,festival_shopper
u_0572,1528,1,festival_shopper
u_0572,822,1,festival_shopper
u_0572,1098,1,festival_shopper
u_0572,1687,1,festival_shopper
u_0572,2659,1,festival_shopper
u_0572,2694,1,festival_shopper
u_0572,1502,1,festival_shopper
u_0572,943,1,festival_shopper
u_0572,1523,1,festival_shopper
u_0572,67,1,festival_shopper
u_0572,1756,1,festival_shopper
u_0572,3094,1,festival_shopper
u_0572,1274,1,festival_shopper
u_0572,1236,1,festival_shopper
u_0572,1519,1,festival_shopper
u_0572,593,1,festival_shopper
u_0572,1812,1,festival_shopper
u_0572,1398,1,festival_shopper
u_0572,1042,1,festival_shopper
u_0572,564,1,festival_shopper
u_0572,2619,1,festival_shopper
u_0572,3700,1,festival_shopper
u_0572,1045,1,festival_shopper
u_0572,1619,1,festival_shopper
u_0572,0,1,festival_shopper
u_0572,329,1,festival_shopper
u_0572,1310,1,festival_shopper
u_0572,2559,1,festival_shopper
u_0572,190,1,festival_shopper
u_0572,25,1,festival_shopper
u_0572,299,1,festival_shopper
u_0572,1058,1,festival_shopper
u_0572,2618,1,festival_shopper
u_0572,1621,1,festival_shopper
u_0572,1695,1,festival_shopper
u_0572,1572,1,festival_shopper
u_0572,1751,1,festival_shopper
u_0572,3134,1,festival_shopper
u_0572,4555,1,festival_shopper
u_0572,2314,1,festival_shopper
u_0573,3170,1,household_stocker
u_0573,2250,1,household_stocker
u_0573,1440,1,household_stocker
u_0573,2490,1,household_stocker
u_0573,2435,1,household_stocker
u_0573,2491,1,household_stocker
u_0573,3038,1,household_stocker
u_0573,3211,1,household_stocker
u_0573,3441,1,household_stocker
u_0573,399,1,household_stocker
u_0573,1581,1,household_stocker
u_0573,2936,2,household_stocker
u_0573,1554,1,household_stocker
u_0573,2407,1,household_stocker
u_0573,2833,1,household_stocker
u_0573,2828,1,household_stocker
u_0573,266,1,household_stocker
u_0573,3058,1,household_stocker
u_0573,719,1,household_stocker
u_0573,180,1,household_stocker
u_0573,2402,1,household_stocker
u_0573,1756,1,household_stocker
u_0573,1492,1,household_stocker
u_0573,463,1,household_stocker
u_0573,2360,1,household_stocker
u_0573,1602,1,household_stocker
u_0573,2457,1,household_stocker
u_0573,3115,1,household_stocker
u_0573,2361,1,household_stocker
u_0573,2988,1,household_stocker
u_0573,617,1,household_stocker
u_0573,1540,1,household_stocker
u_0574,637,1,breakfast_shopper
u_0574,2686,1,breakfast_shopper
u_0574,2456,1,breakfast_shopper
u_0574,3522,1,breakfast_shopper
u_0574,4558,1,breakfast_shopper
u_0574,432,1,breakfast_shopper
u_0574,4212,1,breakfast_shopper
u_0574,4585,1,breakfast_shopper
u_0574,4384,1,breakfast_shopper
u_0574,4172,1,breakfast_shopper
u_0574,2672,1,breakfast_shopper
u_0574,2425,1,breakfast_shopper
u_0574,2476,1,breakfast_shopper
u_0574,125,1,breakfast_shopper
u_0574,3234,1,breakfast_shopper
u_0574,1936,1,breakfast_shopper
u_0574,3263,1,breakfast_shopper
u_0574,2701,1,breakfast_shopper
u_0574,608,1,breakfast_shopper
u_0574,3464,1,breakfast_shopper
u_0574,774,1,breakfast_shopper
u_0574,4,1,breakfast_shopper
u_0574,4151,1,breakfast_shopper
u_0574,856,1,breakfast_shopper
u_0574,462,1,breakfast_shopper
u_0574,4262,1,breakfast_shopper
u_0574,2455,1,breakfast_shopper
u_0574,4326,1,breakfast_shopper
u_0574,2551,1,breakfast_shopper
u_0574,3386,1,breakfast_shopper
u_0574,4176,1,breakfast_shopper
u_0574,4142,1,breakfast_shopper
u_0574,25,1,breakfast_shopper
u_0574,3469,1,breakfast_shopper
u_0574,3354,1,breakfast_shopper
u_0574,121,1,breakfast_shopper
u_0574,708,1,breakfast_shopper
u_0574,327,1,breakfast_shopper
u_0574,653,1,breakfast_shopper
u_0574,4165,1,breakfast_shopper
u_0574,4426,1,breakfast_shopper
u_0574,408,1,breakfast_shopper
u_0575,1417,1,veg_cook
u_0575,857,1,veg_cook
u_0575,2305,1,veg_cook
u_0575,2182,1,veg_cook
u_0575,2306,1,veg_cook
u_0575,1173,1,veg_cook
u_0575,2128,1,veg_cook
u_0575,756,1,veg_cook
u_0575,4961,1,veg_cook
u_0575,2071,1,veg_cook
u_0575,1283,1,veg_cook
u_0575,1319,1,veg_cook
u_0575,624,1,veg_cook
u_0575,147,1,veg_cook
u_0575,2532,1,veg_cook
u_0575,2842,1,veg_cook
u_0575,2591,1,veg_cook
u_0575,3109,1,veg_cook
u_0575,802,1,veg_cook
u_0575,2388,1,veg_cook
u_0575,3073,1,veg_cook
u_0575,2698,1,veg_cook
u_0575,1639,1,veg_cook
u_0575,3206,1,veg_cook
u_0575,2752,1,veg_cook
u_0575,737,1,veg_cook
u_0575,159,1,veg_cook
u_0575,659,1,veg_cook
u_0575,2700,1,veg_cook
u_0575,798,1,veg_cook
u_0576,4309,1,breakfast_shopper
u_0576,4376,1,breakfast_shopper
u_0576,4460,1,breakfast_shopper
u_0576,349,1,breakfast_shopper
u_0576,2699,1,breakfast_shopper
u_0576,4240,1,breakfast_shopper
u_0576,4537,1,breakfast_shopper
u_0576,4252,1,breakfast_shopper
u_0576,535,1,breakfast_shopper
u_0576,253,1,breakfast_shopper
u_0576,4468,1,breakfast_shopper
u_0576,2384,1,breakfast_shopper
u_0576,626,1,breakfast_shopper
u_0576,496,1,breakfast_shopper
u_0576,4528,1,breakfast_shopper
u_0576,3274,1,breakfast_shopper
u_0576,394,1,breakfast_shopper
u_0576,3804,1,breakfast_shopper
u_0576,2322,1,breakfast_shopper
u_0576,3301,1,breakfast_shopper
u_0576,4519,1,breakfast_shopper
u_0576,1003,1,breakfast_shopper
u_0576,3240,1,breakfast_shopper
u_0576,190,1,breakfast_shopper
u_0576,4414,1,breakfast_shopper
u_0576,4926,1,breakfast_shopper
u_0576,2569,1,breakfast_shopper
u_0576,2427,1,breakfast_shopper
u_0576,1017,1,breakfast_shopper
u_0576,122,1,breakfast_shopper
u_0576,75,1,breakfast_shopper
u_0576,4254,1,breakfast_shopper
u_0576,460,1,breakfast_shopper
u_0577,529,1,veg_cook
u_0577,2545,1,veg_cook
u_0577,648,1,veg_cook
u_0577,2858,1,veg_cook
u_0577,2074,1,veg_cook
u_0577,2555,1,veg_cook
u_0577,2778,1,veg_cook
u_0577,2558,1,veg_cook
u_0577,599,1,veg_cook
u_0577,4162,1,veg_cook
u_0577,2072,1,veg_cook
u_0577,849,1,veg_cook
u_0577,2193,1,veg_cook
u_0577,791,1,veg_cook
u_0577,1349,1,veg_cook
u_0577,2550,1,veg_cook
u_0577,765,1,veg_cook
u_0577,842,1,veg_cook
u_0577,761,1,veg_cook
u_0577,685,1,veg_cook
u_0577,601,1,veg_cook
u_0577,591,1,veg_cook
u_0577,2120,1,veg_cook
u_0577,2972,1,veg_cook
u_0577,2754,1,veg_cook
u_0577,2381,1,veg_cook
u_0578,2710,1,fruit_lover
u_0578,452,1,fruit_lover
u_0578,151,1,fruit_lover
u_0578,47,1,fruit_lover
u_0578,57,1,fruit_lover
u_0578,837,1,fruit_lover
u_0578,4684,1,fruit_lover
u_0578,2693,1,fruit_lover
u_0578,553,1,fruit_lover
u_0578,3115,1,fruit_lover
u_0578,381,1,fruit_lover
u_0578,4967,1,fruit_lover
u_0578,2165,1,fruit_lover
u_0578,251,1,fruit_lover
u_0578,259,1,fruit_lover
u_0578,1265,1,fruit_lover
u_0578,2656,1,fruit_lover
u_0578,92,2,fruit_lover
u_0578,914,1,fruit_lover
u_0578,2024,1,fruit_lover
u_0578,1644,1,fruit_lover
u_0578,377,1,fruit_lover
u_0578,2808,1,fruit_lover
u_0578,1707,1,fruit_lover
u_0578,870,1,fruit_lover
u_0578,39,1,fruit_lover
u_0578,2308,1,fruit_lover
u_0578,4860,1,fruit_lover
u_0578,4187,1,fruit_lover
u_0578,3062,1,fruit_lover
u_0578,1368,1,fruit_lover
u_0578,48,2,fruit_lover
u_0578,366,1,fruit_lover
u_0578,402,1,fruit_lover
u_0578,2410,1,fruit_lover
u_0578,1020,1,fruit_lover
u_0578,66,1,fruit_lover
u_0578,358,1,fruit_lover
u_0579,209,1,fruit_lover
u_0579,4969,1,fruit_lover
u_0579,2142,1,fruit_lover
u_0579,57,1,fruit_lover
u_0579,441,1,fruit_lover
u_0579,340,1,fruit_lover
u_0579,2016,1,fruit_lover
u_0579,488,1,fruit_lover
u_0579,42,1,fruit_lover
u_0579,3626,1,fruit_lover
u_0579,3553,1,fruit_lover
u_0579,1268,1,fruit_lover
u_0579,492,1,fruit_lover
u_0579,2912,1,fruit_lover
u_0579,1974,1,fruit_lover
u_0579,2163,1,fruit_lover
u_0579,2834,1,fruit_lover
u_0579,1462,1,fruit_lover
u_0579,1993,1,fruit_lover
u_0579,1292,1,fruit_lover
u_0579,833,1,fruit_lover
u_0579,421,1,fruit_lover
u_0579,286,1,fruit_lover
u_0579,632,1,fruit_lover
u_0579,3275,1,fruit_lover
u_0580,4463,1,breakfast_shopper
u_0580,3497,1,breakfast_shopper
u_0580,2512,1,breakfast_shopper
u_0580,4545,1,breakfast_shopper
u_0580,4299,1,breakfast_shopper
u_0580,3240,1,breakfast_shopper
u_0580,2629,1,breakfast_shopper
u_0580,4535,1,breakfast_shopper
u_0580,4152,1,breakfast_shopper
u_0580,240,1,breakfast_shopper
u_0580,4181,1,breakfast_shopper
u_0580,4405,1,breakfast_shopper
u_0580,2514,1,breakfast_shopper
u_0580,4296,1,breakfast_shopper
u_0580,103,1,breakfast_shopper
u_0580,757,1,breakfast_shopper
u_0580,2476,1,breakfast_shopper
u_0580,4284,1,breakfast_shopper
u_0580,3664,1,breakfast_shopper
u_0580,4233,1,breakfast_shopper
u_0580,3003,1,breakfast_shopper
u_0580,4282,1,breakfast_shopper
u_0580,2587,1,breakfast_shopper
u_0580,3986,1,breakfast_shopper
u_0580,517,1,breakfast_shopper
u_0580,968,1,breakfast_shopper
u_0580,3641,1,breakfast_shopper
u_0580,2633,1,breakfast_shopper
u_0580,725,1,breakfast_shopper
u_0580,2648,1,breakfast_shopper
u_0580,4391,1,breakfast_shopper
u_0580,4578,1,breakfast_shopper
u_0580,4580,1,breakfast_shopper
u_0580,284,1,breakfast_shopper
u_0580,4386,1,breakfast_shopper
u_0580,183,1,breakfast_shopper
u_0580,4443,1,breakfast_shopper
u_0580,3637,1,breakfast_shopper
u_0580,4426,1,breakfast_shopper
u_0580,4420,1,breakfast_shopper
u_0581,481,1,gourmet
u_0581,839,1,gourmet
u_0581,544,1,gourmet
u_0581,1300,1,gourmet
u_0581,2120,1,gourmet
u_0581,2471,1,gourmet
u_0581,629,1,gourmet
u_0581,1937,1,gourmet
u_0581,439,1,gourmet
u_0581,1998,1,gourmet
u_0581,2743,1,gourmet
u_0581,521,1,gourmet
u_0581,3574,1,gourmet
u_0581,2112,1,gourmet
u_0581,1160,1,gourmet
u_0581,2586,1,gourmet
u_0581,1044,1,gourmet
u_0581,1843,1,gourmet
u_0581,2257,1,gourmet
u_0581,1535,1,gourmet
u_0581,2324,1,gourmet
u_0581,3973,1,gourmet
u_0581,4429,1,gourmet
u_0581,2422,1,gourmet
u_0581,1949,1,gourmet
u_0581,2165,1,gourmet
u_0581,70,1,gourmet
u_0581,2591,1,gourmet
u_0581,904,1,gourmet
u_0581,771,1,gourmet
u_0581,1923,1,gourmet
u_0581,2411,1,gourmet
u_0581,2841,1,gourmet
u_0581,2088,1,gourmet
u_0581,1958,1,gourmet
u_0581,2249,1,gourmet
u_0581,2568,1,gourmet
u_0581,2901,1,gourmet
u_0581,2458,1,gourmet
u_0581,2736,1,gourmet
u_0581,388,1,gourmet
u_0581,2954,1,gourmet
u_0581,2562,1,gourmet
u_0581,2161,1,gourmet
u_0581,461,1,gourmet
u_0581,2090,1,gourmet
u_0581,390,1,gourmet
u_0581,2062,1,gourmet
u_0582,927,1,veg_cook
u_0582,2691,1,veg_cook
u_0582,792,1,veg_cook
u_0582,560,1,veg_cook
u_0582,3105,1,veg_cook
u_0582,2432,1,veg_cook
u_0582,581,1,veg_cook
u_0582,474,1,veg_cook
u_0582,3183,1,veg_cook
u_0582,1979,1,veg_cook
u_0582,617,1,veg_cook
u_0582,1111,1,veg_cook
u_0582,1903,1,veg_cook
u_0582,109,1,veg_cook
u_0582,673,1,veg_cook
u_0582,2540,1,veg_cook
u_0582,4393,1,veg_cook
u_0582,2440,1,veg_cook
u_0582,780,1,veg_cook
u_0582,2344,1,veg_cook
u_0582,631,1,veg_cook
u_0582,2732,1,veg_cook
u_0582,2103,1,veg_cook
u_0582,588,1,veg_cook
u_0582,2579,1,veg_cook
u_0582,724,1,veg_cook
u_0582,1283,1,veg_cook
u_0582,687,1,veg_cook
u_0582,2532,1,veg_cook
u_0582,2238,1,veg_cook
u_0582,483,1,veg_cook
u_0582,2707,1,veg_cook
u_0582,3120,1,veg_cook
u_0582,3015,1,veg_cook
u_0582,861,1,veg_cook
u_0582,3040,1,veg_cook
u_0582,2061,1,veg_cook
u_0582,619,1,veg_cook
u_0582,2506,1,veg_cook
u_0582,614,1,veg_cook
u_0582,2793,1,veg_cook
u_0582,2541,1,veg_cook
u_0582,729,1,veg_cook
u_0582,1759,1,veg_cook
u_0582,1097,1,veg_cook
u_0583,197,1,festival_shopper
u_0583,3751,1,festival_shopper
u_0583,1709,1,festival_shopper
u_0583,2029,1,festival_shopper
u_0583,419,1,festival_shopper
u_0583,83,1,festival_shopper
u_0583,1315,1,festival_shopper
u_0583,2393,1,festival_shopper
u_0583,2021,1,festival_shopper
u_0583,766,1,festival_shopper
u_0583,1565,1,festival_shopper
u_0583,734,1,festival_shopper
u_0583,541,1,festival_shopper
u_0583,1307,1,festival_shopper
u_0583,2314,1,festival_shopper
u_0583,111,1,festival_shopper
u_0583,2649,1,festival_shopper
u_0583,714,1,festival_shopper
u_0583,749,1,festival_shopper
u_0583,1572,1,festival_shopper
u_0583,340,1,festival_shopper
u_0583,815,1,festival_shopper
u_0583,1285,1,festival_shopper
u_0583,1480,1,festival_shopper
u_0583,501,1,festival_shopper
u_0583,1437,1,festival_shopper
u_0583,2369,1,festival_shopper
u_0583,2587,1,festival_shopper
u_0584,1440,1,gourmet
u_0584,823,1,gourmet
u_0584,1948,1,gourmet
u_0584,1949,1,gourmet
u_0584,2068,1,gourmet
u_0584,502,1,gourmet
u_0584,4386,1,gourmet
u_0584,4327,1,gourmet
u_0584,1241,1,gourmet
u_0584,1699,1,gourmet
u_0584,2581,1,gourmet
u_0584,1955,1,gourmet
u_0584,3114,1,gourmet
u_0584,486,1,gourmet
u_0584,109,1,gourmet
u_0584,920,1,gourmet
u_0584,5017,1,gourmet
u_0584,2183,1,gourmet
u_0584,871,1,gourmet
u_0584,4384,1,gourmet
u_0584,310,1,gourmet
u_0584,908,1,gourmet
u_0584,2738,1,gourmet
u_0584,478,1,gourmet
u_0584,3013,1,gourmet
u_0584,838,1,gourmet
u_0584,813,1,gourmet
u_0584,2072,1,gourmet
u_0585,3054,1,household_stocker
u_0585,2013,1,household_stocker
u_0585,3029,1,household_stocker
u_0585,1447,1,household_stocker
u_0585,229,1,household_stocker
u_0585,2331,1,household_stocker
u_0585,3954,1,household_stocker
u_0585,1907,1,household_stocker
u_0585,2763,1,household_stocker
u_0585,3067,1,household_stocker
u_0585,2837,1,household_stocker
u_0585,1564,1,household_stocker
u_0585,3729,1,household_stocker
u_0585,4398,1,household_stocker
u_0585,650,1,household_stocker
u_0585,1387,1,household_stocker
u_0585,3028,1,household_stocker
u_0585,2671,1,household_stocker
u_0585,2695,1,household_stocker
u_0585,2523,1,household_stocker
u_0585,1276,1,household_stocker
u_0585,2534,1,household_stocker
u_0585,2531,1,household_stocker
u_0585,664,1,household_stocker
u_0585,3053,2,household_stocker
u_0585,2929,1,household_stocker
u_0585,3218,1,household_stocker
u_0585,2392,1,household_stocker
u_0585,2404,1,household_stocker
u_0585,522,1,household_stocker
u_0585,4031,1,household_stocker
u_0585,189,1,household_stocker
u_0585,1924,1,household_stocker
u_0585,2578,1,household_stocker
u_0585,2808,1,household_stocker
u_0585,1205,1,household_stocker
u_0585,3703,1,household_stocker
u_0585,868,1,household_stocker
u_0585,1083,1,household_stocker
u_0585,2826,1,household_stocker
u_0586,302,1,fruit_lover
u_0586,1466,1,fruit_lover
u_0586,3139,1,fruit_lover
u_0586,4848,1,fruit_lover
u_0586,166,1,fruit_lover
u_0586,63,1,fruit_lover
u_0586,1521,1,fruit_lover
u_0586,2248,1,fruit_lover
u_0586,289,1,fruit_lover
u_0586,1353,1,fruit_lover
u_0586,3199,1,fruit_lover
u_0586,2870,1,fruit_lover
u_0586,242,1,fruit_lover
u_0586,237,1,fruit_lover
u_0586,807,1,fruit_lover
u_0586,2575,1,fruit_lover
u_0586,2265,1,fruit_lover
u_0586,1105,1,fruit_lover
u_0586,1149,1,fruit_lover
u_0586,3100,1,fruit_lover
u_0586,431,1,fruit_lover
u_0586,3152,1,fruit_lover
u_0586,455,1,fruit_lover
u_0586,269,1,fruit_lover
u_0586,231,1,fruit_lover
u_0586,244,1,fruit_lover
u_0586,295,1,fruit_lover
u_0586,2043,1,fruit_lover
u_0586,282,1,fruit_lover
u_0586,4635,1,fruit_lover
u_0586,443,1,fruit_lover
u_0586,399,1,fruit_lover
u_0586,923,1,fruit_lover
u_0586,818,1,fruit_lover
u_0586,601,1,fruit_lover
u_0586,1456,1,fruit_lover
u_0586,134,1,fruit_lover
u_0586,24,1,fruit_lover
u_0586,3237,1,fruit_lover
u_0586,1051,1,fruit_lover
u_0586,223,1,fruit_lover
u_0586,105,1,fruit_lover
u_0586,165,1,fruit_lover
u_0586,1936,1,fruit_lover
u_0587,1949,1,gourmet
u_0587,1437,1,gourmet
u_0587,432,1,gourmet
u_0587,236,1,gourmet
u_0587,342,1,gourmet
u_0587,2124,1,gourmet
u_0587,796,1,gourmet
u_0587,1051,1,gourmet
u_0587,2169,1,gourmet
u_0587,2114,1,gourmet
u_0587,4047,1,gourmet
u_0587,1787,1,gourmet
u_0587,967,1,gourmet
u_0587,2136,1,gourmet
u_0587,2343,1,gourmet
u_0587,479,1,gourmet
u_0587,914,1,gourmet
u_0587,2756,1,gourmet
u_0587,1998,1,gourmet
u_0587,3097,1,gourmet
u_0587,1286,1,gourmet
u_0587,2418,2,gourmet
u_0587,2070,1,gourmet
u_0587,515,1,gourmet
u_0587,306,1,gourmet
u_0587,1846,1,gourmet
u_0587,1890,1,gourmet
u_0587,2544,1,gourmet
u_0587,404,1,gourmet
u_0587,276,1,gourmet
u_0587,829,1,gourmet
u_0587,2347,1,gourmet
u_0587,834,1,gourmet
u_0587,1138,1,gourmet
u_0587,2524,1,gourmet
u_0587,261,1,gourmet
u_0587,2646,1,gourmet
u_0588,4344,1,snack_lover
u_0588,3104,1,snack_lover
u_0588,3878,1,snack_lover
u_0588,4495,1,snack_lover
u_0588,3377,1,snack_lover
u_0588,3393,1,snack_lover
u_0588,3231,1,snack_lover
u_0588,958,1,snack_lover
u_0588,2791,1,snack_lover
u_0588,3727,1,snack_lover
u_0588,2796,1,snack_lover
u_0588,3387,1,snack_lover
u_0588,4042,1,snack_lover
u_0588,3973,1,snack_lover
u_0588,3229,1,snack_lover
u_0588,3472,1,snack_lover
u_0588,3939,1,snack_lover
u_0588,3609,1,snack_lover
u_0588,4052,1,snack_lover
u_0588,4369,1,snack_lover
u_0588,2933,1,snack_lover
u_0588,3967,1,snack_lover
u_0588,4142,1,snack_lover
u_0588,4293,1,snack_lover
u_0588,3191,1,snack_lover
u_0588,2989,1,snack_lover
u_0588,2984,1,snack_lover
u_0588,3474,1,snack_lover
u_0588,3048,1,snack_lover
u_0588,3254,1,snack_lover
u_0588,4134,1,snack_lover
u_0588,4481,1,snack_lover
u_0588,3629,1,snack_lover
u_0589,1748,1,veg_cook
u_0589,954,1,veg_cook
u_0589,2505,1,veg_cook
u_0589,3684,1,veg_cook
u_0589,615,1,veg_cook
u_0589,1321,1,veg_cook
u_0589,1041,1,veg_cook
u_0589,540,1,veg_cook
u_0589,592,1,veg_cook
u_0589,710,1,veg_cook
u_0589,3264,1,veg_cook
u_0589,1652,1,veg_cook
u_0589,2457,1,veg_cook
u_0589,585,1,veg_cook
u_0589,577,1,veg_cook
u_0589,655,1,veg_cook
u_0589,1908,1,veg_cook
u_0589,26,1,veg_cook
u_0589,1717,1,veg_cook
u_0589,2522,1,veg_cook
u_0589,1923,1,veg_cook
u_0589,810,1,veg_cook
u_0589,1853,1,veg_cook
u_0589,1605,1,veg_cook
u_0589,568,1,veg_cook
u_0589,678,1,veg_cook
u_0589,2670,1,veg_cook
u_0589,2013,1,veg_cook
u_0589,5044,1,veg_cook
u_0589,732,1,veg_cook
u_0589,477,1,veg_cook
u_0589,214,1,veg_cook
u_0589,824,1,veg_cook
u_0589,483,1,veg_cook
u_0589,821,1,veg_cook
u_0589,1174,1,veg_cook
u_0589,2519,1,veg_cook
u_0589,838,1,veg_cook
u_0590,2601,1,breakfast_shopper
u_0590,4304,1,breakfast_shopper
u_0590,2495,1,breakfast_shopper
u_0590,2575,1,breakfast_shopper
u_0590,497,1,breakfast_shopper
u_0590,2484,1,breakfast_shopper
u_0590,2569,1,breakfast_shopper
u_0590,3497,1,breakfast_shopper
u_0590,899,1,breakfast_shopper
u_0590,3280,2,breakfast_shopper
u_0590,423,1,breakfast_shopper
u_0590,479,1,breakfast_shopper
u_0590,4252,1,breakfast_shopper
u_0590,345,1,breakfast_shopper
u_0590,811,1,breakfast_shopper
u_0590,782,1,breakfast_shopper
u_0590,4009,1,breakfast_shopper
u_0590,2751,1,breakfast_shopper
u_0590,309,1,breakfast_shopper
u_0590,866,1,breakfast_shopper
u_0590,561,1,breakfast_shopper
u_0590,3673,1,breakfast_shopper
u_0590,191,1,breakfast_shopper
u_0590,3559,1,breakfast_shopper
u_0590,2573,1,breakfast_shopper
u_0590,4285,2,breakfast_shopper
u_0590,4141,1,breakfast_shopper
u_0590,2729,1,breakfast_shopper
u_0590,431,1,breakfast_shopper
u_0590,4245,1,breakfast_shopper
u_0590,286,1,breakfast_shopper
u_0590,330,1,breakfast_shopper
u_0590,712,1,breakfast_shopper
u_0590,2377,1,breakfast_shopper
u_0590,4388,1,breakfast_shopper
u_0590,3628,1,breakfast_shopper
u_0590,4517,1,breakfast_shopper
u_0590,4472,1,breakfast_shopper
u_0591,588,1,fruit_lover
u_0591,2189,1,fruit_lover
u_0591,87,1,fruit_lover
u_0591,1771,1,fruit_lover
u_0591,329,1,fruit_lover
u_0591,77,1,fruit_lover
u_0591,327,1,fruit_lover
u_0591,2270,1,fruit_lover
u_0591,2832,1,fruit_lover
u_0591,1425,1,fruit_lover
u_0591,1688,1,fruit_lover
u_0591,1137,1,fruit_lover
u_0591,164,1,fruit_lover
u_0591,1779,1,fruit_lover
u_0591,3871,1,fruit_lover
u_0591,802,1,fruit_lover
u_0591,422,1,fruit_lover
u_0591,1698,1,fruit_lover
u_0591,4745,1,fruit_lover
u_0591,2634,1,fruit_lover
u_0591,1152,1,fruit_lover
u_0591,2964,1,fruit_lover
u_0591,2530,1,fruit_lover
u_0591,452,1,fruit_lover
u_0591,875,1,fruit_lover
u_0591,1958,1,fruit_lover
u_0591,3119,1,fruit_lover
u_0591,2709,1,fruit_lover
u_0591,1068,1,fruit_lover
u_0591,1289,1,fruit_lover
u_0591,1313,1,fruit_lover
u_0591,796,1,fruit_lover
u_0591,428,1,fruit_lover
u_0591,2554,1,fruit_lover
u_0591,2014,1,fruit_lover
u_0591,250,1,fruit_lover
u_0591,1695,1,fruit_lover
u_0591,902,1,fruit_lover
u_0591,284,1,fruit_lover
u_0591,732,1,fruit_lover
u_0591,972,1,fruit_lover
u_0591,2063,1,fruit_lover
u_0591,392,1,fruit_lover
u_0591,145,1,fruit_lover
u_0591,334,1,fruit_lover
u_0591,1155,1,fruit_lover
u_0592,4323,1,snack_lover
u_0592,3464,1,snack_lover
u_0592,3425,1,snack_lover
u_0592,4294,1,snack_lover
u_0592,3607,1,snack_lover
u_0592,4405,1,snack_lover
u_0592,484,1,snack_lover
u_0592,3511,1,snack_lover
u_0592,4421,1,snack_lover
u_0592,3527,1,snack_lover
u_0592,3836,1,snack_lover
u_0592,4427,1,snack_lover
u_0592,4116,1,snack_lover
u_0592,3662,1,snack_lover
u_0592,3482,1,snack_lover
u_0592,2951,1,snack_lover
u_0592,3117,1,snack_lover
u_0592,3574,1,snack_lover
u_0592,3438,1,snack_lover
u_0592,3823,1,snack_lover
u_0592,4977,1,snack_lover
u_0592,4288,1,snack_lover
u_0592,4019,1,snack_lover
u_0592,4503,1,snack_lover
u_0592,677,1,snack_lover
u_0592,2776,1,snack_lover
u_0592,971,1,snack_lover
u_0592,3173,1,snack_lover
u_0592,3575,1,snack_lover
u_0592,4025,1,snack_lover
u_0592,2505,1,snack_lover
u_0592,3299,1,snack_lover
u_0592,616,1,snack_lover
u_0592,1712,1,snack_lover
u_0592,4467,1,snack_lover
u_0592,3129,1,snack_lover
u_0592,4355,1,snack_lover
u_0592,3368,1,snack_lover
u_0592,1463,1,snack_lover
u_0592,3819,1,snack_lover
u_0592,1397,1,snack_lover
u_0593,936,1,household_stocker
u_0593,3119,1,household_stocker
u_0593,2870,1,household_stocker
u_0593,2386,1,household_stocker
u_0593,2801,1,household_stocker
u_0593,4536,1,household_stocker
u_0593,4715,1,household_stocker
u_0593,3071,1,household_stocker
u_0593,416,1,household_stocker
u_0593,3045,1,household_stocker
u_0593,3441,1,household_stocker
u_0593,551,1,household_stocker
u_0593,3879,1,household_stocker
u_0593,2678,1,household_stocker
u_0593,537,1,household_stocker
u_0593,2505,1,household_stocker
u_0593,1763,1,household_stocker
u_0593,2912,1,household_stocker
u_0593,4581,1,household_stocker
u_0593,2951,1,household_stocker
u_0593,1724,1,household_stocker
u_0593,3020,1,household_stocker
u_0593,1354,1,household_stocker
u_0593,2388,1,household_stocker
u_0593,1561,1,household_stocker
u_0593,2551,1,household_stocker
u_0593,2868,1,household_stocker
u_0593,2858,1,household_stocker
u_0593,4079,1,household_stocker
u_0593,3215,1,household_stocker
u_0593,2993,1,household_stocker
u_0594,2054,1,gourmet
u_0594,1975,1,gourmet
u_0594,2153,1,gourmet
u_0594,1689,1,gourmet
u_0594,478,1,gourmet
u_0594,1012,1,gourmet
u_0594,2099,1,gourmet
u_0594,592,1,gourmet
u_0594,1169,1,gourmet
u_0594,2112,1,gourmet
u_0594,87,1,gourmet
u_0594,3224,1,gourmet
u_0594,1144,1,gourmet
u_0594,1904,1,gourmet
u_0594,679,1,gourmet
u_0594,2042,1,gourmet
u_0594,2663,1,gourmet
u_0594,1457,1,gourmet
u_0594,2562,1,gourmet
u_0594,4397,1,gourmet
u_0594,94,1,gourmet
u_0594,1942,1,gourmet
u_0594,2757,1,gourmet
u_0594,308,1,gourmet
u_0594,2236,1,gourmet
u_0594,2716,1,gourmet
u_0594,2201,1,gourmet
u_0594,655,1,gourmet
u_0594,2224,1,gourmet
u_0594,2338,1,gourmet
u_0594,834,1,gourmet
u_0594,1125,1,gourmet
u_0595,4585,1,breakfast_shopper
u_0595,2606,1,breakfast_shopper
u_0595,4142,1,breakfast_shopper
u_0595,202,1,breakfast_shopper
u_0595,4266,1,breakfast_shopper
u_0595,3415,1,breakfast_shopper
u_0595,2719,1,breakfast_shopper
u_0595,5,1,breakfast_shopper
u_0595,681,1,breakfast_shopper
u_0595,3376,1,breakfast_shopper
u_0595,4592,1,breakfast_shopper
u_0595,4519,1,breakfast_shopper
u_0595,563,1,breakfast_shopper
u_0595,3553,1,breakfast_shopper
u_0595,4378,1,breakfast_shopper
u_0595,4234,1,breakfast_shopper
u_0595,4400,1,breakfast_shopper
u_0595,4156,1,breakfast_shopper
u_0595,3635,1,breakfast_shopper
u_0595,909,1,breakfast_shopper
u_0595,3453,1,breakfast_shopper
u_0595,4270,1,breakfast_shopper
u_0595,213,1,breakfast_shopper
u_0595,2629,1,breakfast_shopper
u_0595,164,1,breakfast_shopper
u_0595,443,1,breakfast_shopper
u_0595,3165,1,breakfast_shopper
u_0595,3111,1,breakfast_shopper
u_0595,4487,1,breakfast_shopper
u_0595,4409,1,breakfast_shopper
u_0595,4201,1,breakfast_shopper
u_0595,4250,1,breakfast_shopper
u_0595,3256,1,breakfast_shopper
u_0595,847,1,breakfast_shopper
u_0595,2413,1,breakfast_shopper
u_0595,1034,1,breakfast_shopper
u_0595,2735,1,breakfast_shopper
u_0595,334,1,breakfast_shopper
u_0595,2714,1,breakfast_shopper
u_0595,2321,1,breakfast_shopper
u_0596,851,1,festival_shopper
u_0596,1689,1,festival_shopper
u_0596,972,1,festival_shopper
u_0596,1564,1,festival_shopper
u_0596,2548,1,festival_shopper
u_0596,3184,1,festival_shopper
u_0596,1224,1,festival_shopper
u_0596,464,1,festival_shopper
u_0596,2550,1,festival_shopper
u_0596,1503,1,festival_shopper
u_0596,1631,1,festival_shopper
u_0596,2390,1,festival_shopper
u_0596,1667,1,festival_shopper
u_0596,214,1,festival_shopper
u_0596,2314,1,festival_shopper
u_0596,3327,1,festival_shopper
u_0596,1818,1,festival_shopper
u_0596,1033,1,festival_shopper
u_0596,1538,1,festival_shopper
u_0596,618,1,festival_shopper
u_0596,778,1,festival_shopper
u_0596,1548,1,festival_shopper
u_0596,3471,1,festival_shopper
u_0596,1424,1,festival_shopper
u_0596,442,1,festival_shopper
u_0596,284,1,festival_shopper
u_0597,1508,1,festival_shopper
u_0597,757,1,festival_shopper
u_0597,3548,1,festival_shopper
u_0597,2060,1,festival_shopper
u_0597,2629,1,festival_shopper
u_0597,122,1,festival_shopper
u_0597,2444,1,festival_shopper
u_0597,266,1,festival_shopper
u_0597,590,1,festival_shopper
u_0597,1658,1,festival_shopper
u_0597,4884,1,festival_shopper
u_0597,3044,1,festival_shopper
u_0597,2793,1,festival_shopper
u_0597,1517,1,festival_shopper
u_0597,803,1,festival_shopper
u_0597,678,1,festival_shopper
u_0597,2448,1,festival_shopper
u_0597,1003,1,festival_shopper
u_0597,1266,1,festival_shopper
u_0597,2655,1,festival_shopper
u_0597,980,1,festival_shopper
u_0597,342,1,festival_shopper
u_0597,208,1,festival_shopper
u_0597,180,1,festival_shopper
u_0597,2501,1,festival_shopper
u_0597,42,1,festival_shopper
u_0597,1870,1,festival_shopper
u_0597,738,1,festival_shopper
u_0597,438,1,festival_shopper
u_0597,3317,1,festival_shopper
u_0597,2595,1,festival_shopper
u_0597,592,1,festival_shopper
u_0597,1254,1,festival_shopper
u_0597,2648,1,festival_shopper
u_0597,2260,1,festival_shopper
u_0597,1363,1,festival_shopper
u_0597,2018,1,festival_shopper
u_0597,2450,1,festival_shopper
u_0597,1068,1,festival_shopper
u_0597,1045,1,festival_shopper
u_0598,2810,1,snack_lover
u_0598,3376,1,snack_lover
u_0598,3125,1,snack_lover
u_0598,3874,1,snack_lover
u_0598,4471,1,snack_lover
u_0598,3232,1,snack_lover
u_0598,2929,1,snack_lover
u_0598,4595,1,snack_lover
u_0598,3529,1,snack_lover
u_0598,3014,1,snack_lover
u_0598,4495,1,snack_lover
u_0598,3547,1,snack_lover
u_0598,3144,1,snack_lover
u_0598,3004,1,snack_lover
u_0598,3479,1,snack_lover
u_0598,886,1,snack_lover
u_0598,3218,1,snack_lover
u_0598,4711,1,snack_lover
u_0598,3748,1,snack_lover
u_0598,3434,1,snack_lover
u_0598,3495,1,snack_lover
u_0598,4533,1,snack_lover
u_0598,3002,1,snack_lover
u_0598,3792,1,snack_lover
u_0598,3616,2,snack_lover
u_0598,3576,1,snack_lover
u_0598,3551,1,snack_lover
u_0598,3438,1,snack_lover
u_0598,3556,1,snack_lover
u_0598,3287,1,snack_lover
u_0598,3638,1,snack_lover
u_0598,3277,1,snack_lover
u_0598,3686,1,snack_lover
u_0598,3694,1,snack_lover
u_0598,3032,1,snack_lover
u_0598,4604,1,snack_lover
u_0598,5047,1,snack_lover
u_0598,2885,1,snack_lover
u_0598,4547,1,snack_lover
u_0598,4185,1,snack_lover
u_0598,2838,1,snack_lover
u_0598,3967,1,snack_lover
u_0598,3917,1,snack_lover
u_0598,3403,1,snack_lover
u_0598,3405,1,snack_lover
u_0598,4302,1,snack_lover
u_0599,3807,1,snack_lover
u_0599,3116,1,snack_lover
u_0599,3896,1,snack_lover
u_0599,4469,1,snack_lover
u_0599,4034,1,snack_lover
u_0599,3224,1,snack_lover
u_0599,4007,1,snack_lover
u_0599,3459,1,snack_lover
u_0599,1077,1,snack_lover
u_0599,1021,1,snack_lover
u_0599,3455,1,snack_lover
u_0599,3969,1,snack_lover
u_0599,3358,1,snack_lover
u_0599,3151,1,snack_lover
u_0599,3269,1,snack_lover
u_0599,38,1,snack_lover
u_0599,2919,1,snack_lover
u_0599,3137,1,snack_lover
u_0599,361,1,snack_lover
u_0599,3541,1,snack_lover
u_0599,2858,1,snack_lover
u_0599,4299,1,snack_lover
u_0599,3272,1,snack_lover
u_0599,591,1,snack_lover
u_0599,4001,1,snack_lover
u_0599,2969,1,snack_lover
u_0599,4032,1,snack_lover
u_0599,3382,1,snack_lover
u_0599,3973,1,snack_lover
u_0599,3819,1,snack_lover
u_0599,3381,1,snack_lover
u_0599,3409,2,snack_lover
u_0599,3887,1,snack_lover
u_0599,3229,1,snack_lover
u_0599,1713,1,snack_lover
u_0599,4129,1,snack_lover
u_0599,3296,1,snack_lover
u_0600,3118,1,snack_lover
u_0600,2061,1,snack_lover
u_0600,3309,1,snack_lover
u_0600,2871,1,snack_lover
u_0600,2999,1,snack_lover
u_0600,3672,1,snack_lover
u_0600,3310,1,snack_lover
u_0600,3532,1,snack_lover
u_0600,4291,1,snack_lover
u_0600,3370,1,snack_lover
u_0600,3647,1,snack_lover
u_0600,3798,1,snack_lover
u_0600,3521,1,snack_lover
u_0600,3807,1,snack_lover
u_0600,4113,1,snack_lover
u_0600,3898,1,snack_lover
u_0600,3616,1,snack_lover
u_0600,3677,1,snack_lover
u_0600,3945,1,snack_lover
u_0600,3593,1,snack_lover
u_0600,3089,1,snack_lover
u_0600,3030,1,snack_lover
u_0600,299,1,snack_lover
u_0600,3669,1,snack_lover
u_0600,3823,1,snack_lover
u_0600,1244,1,snack_lover
u_0600,4357,1,snack_lover
u_0600,4529,1,snack_lover
u_0600,4503,1,snack_lover
u_0600,3494,1,snack_lover
u_0600,3966,1,snack_lover
u_0600,3500,1,snack_lover
u_0600,458,1,snack_lover
u_0600,3888,1,snack_lover
u_0600,2027,1,snack_lover
u_0601,2434,1,veg_cook
u_0601,218,1,veg_cook
u_0601,490,1,veg_cook
u_0601,624,1,veg_cook
u_0601,2407,1,veg_cook
u_0601,3073,1,veg_cook
u_0601,560,1,veg_cook
u_0601,715,1,veg_cook
u_0601,2544,1,veg_cook
u_0601,864,1,veg_cook
u_0601,466,1,veg_cook
u_0601,937,1,veg_cook
u_0601,838,1,veg_cook
u_0601,2156,1,veg_cook
u_0601,523,1,veg_cook
u_0601,1880,1,veg_cook
u_0601,3899,1,veg_cook
u_0601,533,1,veg_cook
u_0601,2619,1,veg_cook
u_0601,1483,1,veg_cook
u_0601,757,1,veg_cook
u_0601,1897,1,veg_cook
u_0601,2286,1,veg_cook
u_0601,1294,1,veg_cook
u_0601,649,1,veg_cook
u_0601,1366,1,veg_cook
u_0601,1338,1,veg_cook
u_0601,1344,1,veg_cook
u_0601,3058,1,veg_cook
u_0601,720,1,veg_cook
u_0601,1140,1,veg_cook
u_0601,749,1,veg_cook
u_0601,1454,1,veg_cook
u_0601,540,1,veg_cook
u_0601,2511,1,veg_cook
u_0601,895,1,veg_cook
u_0601,2483,1,veg_cook
u_0601,1931,1,veg_cook
u_0601,2558,1,veg_cook
u_0601,4200,1,veg_cook
u_0601,1097,1,veg_cook
u_0601,1871,1,veg_cook
u_0601,670,1,veg_cook
u_0601,612,1,veg_cook
u_0602,515,1,gourmet
u_0602,2511,1,gourmet
u_0602,3287,1,gourmet
u_0602,3156,1,gourmet
u_0602,166,1,gourmet
u_0602,2849,1,gourmet
u_0602,2405,1,gourmet
u_0602,3346,1,gourmet
u_0602,2096,1,gourmet
u_0602,2188,1,gourmet
u_0602,2592,1,gourmet
u_0602,185,1,gourmet
u_0602,1390,1,gourmet
u_0602,2283,1,gourmet
u_0602,3630,1,gourmet
u_0602,3182,1,gourmet
u_0602,2646,1,gourmet
u_0602,429,1,gourmet
u_0602,2158,1,gourmet
u_0602,376,1,gourmet
u_0602,1887,1,gourmet
u_0602,2448,1,gourmet
u_0602,134,1,gourmet
u_0602,2287,1,gourmet
u_0602,2706,1,gourmet
u_0602,2122,1,gourmet
u_0602,1785,1,gourmet
u_0602,2618,1,gourmet
u_0602,2635,1,gourmet
u_0602,2576,1,gourmet
u_0602,4917,1,gourmet
u_0602,1987,1,gourmet
u_0602,4393,1,gourmet
u_0603,463,1,fruit_lover
u_0603,2406,1,fruit_lover
u_0603,855,1,fruit_lover
u_0603,1990,1,fruit_lover
u_0603,726,1,fruit_lover
u_0603,443,1,fruit_lover
u_0603,19,1,fruit_lover
u_0603,4457,1,fruit_lover
u_0603,134,1,fruit_lover
u_0603,722,1,fruit_lover
u_0603,2070,1,fruit_lover
u_0603,4538,1,fruit_lover
u_0603,2,1,fruit_lover
u_0603,815,1,fruit_lover
u_0603,4560,1,fruit_lover
u_0603,827,1,fruit_lover
u_0603,3,1,fruit_lover
u_0603,3193,2,fruit_lover
u_0603,1012,1,fruit_lover
u_0603,2588,1,fruit_lover
u_0603,1733,1,fruit_lover
u_0603,802,1,fruit_lover
u_0603,2923,1,fruit_lover
u_0603,2916,1,fruit_lover
u_0603,2241,1,fruit_lover
u_0603,2703,1,fruit_lover
u_0603,100,1,fruit_lover
u_0603,4827,1,fruit_lover
u_0603,1197,1,fruit_lover
u_0603,631,1,fruit_lover
u_0603,130,1,fruit_lover
u_0603,214,1,fruit_lover
u_0603,2226,1,fruit_lover
u_0603,1943,1,fruit_lover
u_0603,801,1,fruit_lover
u_0603,395,1,fruit_lover
u_0603,3024,1,fruit_lover
u_0603,557,1,fruit_lover
u_0603,222,1,fruit_lover
u_0603,1745,1,fruit_lover
u_0603,0,1,fruit_lover
u_0603,1032,1,fruit_lover
u_0603,318,1,fruit_lover
u_0603,740,1,fruit_lover
u_0603,445,1,fruit_lover
u_0603,2020,1,fruit_lover
u_0604,3773,1,snack_lover
u_0604,3847,1,snack_lover
u_0604,2336,1,snack_lover
u_0604,3337,1,snack_lover
u_0604,3957,1,snack_lover
u_0604,3757,1,snack_lover
u_0604,4129,1,snack_lover
u_0604,4397,1,snack_lover
u_0604,4123,1,snack_lover
u_0604,3398,1,snack_lover
u_0604,2776,1,snack_lover
u_0604,3856,1,snack_lover
u_0604,3521,1,snack_lover
u_0604,3539,1,snack_lover
u_0604,3301,1,snack_lover
u_0604,3533,1,snack_lover
u_0604,3518,1,snack_lover
u_0604,3756,1,snack_lover
u_0604,3837,1,snack_lover
u_0604,2364,1,snack_lover
u_0604,3922,1,snack_lover
u_0604,3582,1,snack_lover
u_0604,3271,1,snack_lover
u_0604,3670,1,snack_lover
u_0604,3872,1,snack_lover
u_0604,4955,1,snack_lover
u_0604,3961,1,snack_lover
u_0604,2880,1,snack_lover
u_0604,3668,1,snack_lover
u_0604,3560,1,snack_lover
u_0604,1568,1,snack_lover
u_0604,2809,1,snack_lover
u_0604,3607,1,snack_lover
u_0604,4065,1,snack_lover
u_0604,3974,1,snack_lover
u_0604,3758,1,snack_lover
u_0604,3529,1,snack_lover
u_0604,4527,1,snack_lover
u_0604,3620,2,snack_lover
u_0604,2262,1,snack_lover
u_0604,3517,1,snack_lover
u_0604,2870,1,snack_lover
u_0604,4242,1,snack_lover
u_0604,4128,1,snack_lover
u_0604,3898,1,snack_lover
u_0604,3378,1,snack_lover
u_0605,1285,1,fruit_lover
u_0605,294,1,fruit_lover
u_0605,2911,1,fruit_lover
u_0605,434,1,fruit_lover
u_0605,2553,1,fruit_lover
u_0605,881,1,fruit_lover
u_0605,1238,1,fruit_lover
u_0605,55,1,fruit_lover
u_0605,3866,1,fruit_lover
u_0605,582,1,fruit_lover
u_0605,3129,1,fruit_lover
u_0605,1587,1,fruit_lover
u_0605,893,1,fruit_lover
u_0605,2191,1,fruit_lover
u_0605,2151,1,fruit_lover
u_0605,216,1,fruit_lover
u_0605,348,1,fruit_lover
u_0605,5003,1,fruit_lover
u_0605,2184,1,fruit_lover
u_0605,35,1,fruit_lover
u_0605,1299,1,fruit_lover
u_0605,2203,1,fruit_lover
u_0605,457,1,fruit_lover
u_0605,108,1,fruit_lover
u_0605,107,1,fruit_lover
u_0605,40,1,fruit_lover
u_0605,1846,1,fruit_lover
u_0605,419,1,fruit_lover
u_0606,2300,1,veg_cook
u_0606,1284,1,veg_cook
u_0606,2388,1,veg_cook
u_0606,841,1,veg_cook
u_0606,3576,1,veg_cook
u_0606,1415,1,veg_cook
u_0606,4928,1,veg_cook
u_0606,1269,1,veg_cook
u_0606,867,1,veg_cook
u_0606,2522,1,veg_cook
u_0606,2530,1,veg_cook
u_0606,2632,1,veg_cook
u_0606,3116,1,veg_cook
u_0606,2093,1,veg_cook
u_0606,3190,1,veg_cook
u_0606,4583,1,veg_cook
u_0606,678,1,veg_cook
u_0606,738,1,veg_cook
u_0606,1989,1,veg_cook
u_0606,877,1,veg_cook
u_0606,190,1,veg_cook
u_0606,538,1,veg_cook
u_0606,1857,1,veg_cook
u_0606,948,1,veg_cook
u_0607,2587,1,festival_shopper
u_0607,20,1,festival_shopper
u_0607,2842,1,festival_shopper
u_0607,904,1,festival_shopper
u_0607,564,1,festival_shopper
u_0607,1389,1,festival_shopper
u_0607,1511,1,festival_shopper
u_0607,2373,1,festival_shopper
u_0607,1920,1,festival_shopper
u_0607,1278,1,festival_shopper
u_0607,1642,1,festival_shopper
u_0607,1841,1,festival_shopper
u_0607,2080,1,festival_shopper
u_0607,2434,1,festival_shopper
u_0607,2351,1,festival_shopper
u_0607,4412,1,festival_shopper
u_0607,1955,1,festival_shopper
u_0607,2793,1,festival_shopper
u_0607,2227,1,festival_shopper
u_0607,51,1,festival_shopper
u_0607,3466,1,festival_shopper
u_0607,911,1,festival_shopper
u_0607,618,1,festival_shopper
u_0607,221,1,festival_shopper
u_0607,2646,1,festival_shopper
u_0607,327,1,festival_shopper
u_0607,1129,1,festival_shopper
u_0607,2556,1,festival_shopper
u_0607,1409,1,festival_shopper
u_0607,345,1,festival_shopper
u_0607,2922,1,festival_shopper
u_0607,1638,1,festival_shopper
u_0607,1759,1,festival_shopper
u_0607,3853,1,festival_shopper
u_0607,1668,1,festival_shopper
u_0607,1556,1,festival_shopper
u_0607,2522,1,festival_shopper
u_0607,4181,1,festival_shopper
u_0607,2826,1,festival_shopper
u_0607,3188,1,festival_shopper
u_0607,558,1,festival_shopper
u_0607,917,1,festival_shopper
u_0607,2506,1,festival_shopper
u_0607,1133,1,festival_shopper
u_0607,511,1,festival_shopper
u_0607,377,1,festival_shopper
u_0608,432,1,fruit_lover
u_0608,572,1,fruit_lover
u_0608,2392,1,fruit_lover
u_0608,1284,1,fruit_lover
u_0608,203,1,fruit_lover
u_0608,4752,1,fruit_lover
u_0608,837,1,fruit_lover
u_0608,1171,1,fruit_lover
u_0608,2766,1,fruit_lover
u_0608,214,1,fruit_lover
u_0608,1330,1,fruit_lover
u_0608,2191,1,fruit_lover
u_0608,849,1,fruit_lover
u_0608,893,1,fruit_lover
u_0608,2005,1,fruit_lover
u_0608,247,1,fruit_lover
u_0608,746,1,fruit_lover
u_0608,225,1,fruit_lover
u_0608,43,1,fruit_lover
u_0608,2263,1,fruit_lover
u_0608,683,1,fruit_lover
u_0608,99,1,fruit_lover
u_0608,279,1,fruit_lover
u_0608,198,1,fruit_lover
u_0608,2311,1,fruit_lover
u_0608,2242,1,fruit_lover
u_0608,357,1,fruit_lover
u_0608,656,1,fruit_lover
u_0608,2035,1,fruit_lover
u_0608,2073,1,fruit_lover
u_0608,2255,1,fruit_lover
u_0608,1093,1,fruit_lover
u_0608,4623,1,fruit_lover
u_0608,146,1,fruit_lover
u_0608,596,1,fruit_lover
u_0608,482,1,fruit_lover
u_0608,1880,1,fruit_lover
u_0608,321,1,fruit_lover
u_0608,492,1,fruit_lover
u_0608,1846,1,fruit_lover
u_0608,448,1,fruit_lover
u_0608,2689,1,fruit_lover
u_0608,419,1,fruit_lover
u_0608,2519,1,fruit_lover
u_0608,2171,1,fruit_lover
u_0608,657,1,fruit_lover
u_0609,3452,1,snack_lover
u_0609,3126,1,snack_lover
u_0609,3621,1,snack_lover
u_0609,3029,1,snack_lover
u_0609,3701,1,snack_lover
u_0609,4216,1,snack_lover
u_0609,3304,1,snack_lover
u_0609,3637,1,snack_lover
u_0609,3615,1,snack_lover
u_0609,4090,1,snack_lover
u_0609,3202,1,snack_lover
u_0609,3460,1,snack_lover
u_0609,3496,1,snack_lover
u_0609,4010,1,snack_lover
u_0609,1957,1,snack_lover
u_0609,3873,1,snack_lover
u_0609,3896,1,snack_lover
u_0609,3968,1,snack_lover
u_0609,3718,1,snack_lover
u_0609,3273,1,snack_lover
u_0609,3450,1,snack_lover
u_0609,3985,1,snack_lover
u_0609,3839,1,snack_lover
u_0609,4099,1,snack_lover
u_0609,3662,1,snack_lover
u_0609,3961,1,snack_lover
u_0609,3414,1,snack_lover
u_0609,3429,1,snack_lover
u_0609,4413,1,snack_lover
u_0609,2490,1,snack_lover
u_0609,3285,1,snack_lover
u_0609,4137,1,snack_lover
u_0609,3596,1,snack_lover
u_0609,3341,1,snack_lover
u_0609,4259,1,snack_lover
u_0610,3848,1,snack_lover
u_0610,3993,1,snack_lover
u_0610,3572,1,snack_lover
u_0610,3349,1,snack_lover
u_0610,3800,1,snack_lover
u_0610,3314,1,snack_lover
u_0610,3634,1,snack_lover
u_0610,3824,1,snack_lover
u_0610,2768,1,snack_lover
u_0610,4153,1,snack_lover
u_0610,3215,1,snack_lover
u_0610,3558,1,snack_lover
u_0610,8,1,snack_lover
u_0610,2836,1,snack_lover
u_0610,3525,1,snack_lover
u_0610,3199,1,snack_lover
u_0610,3017,1,snack_lover
u_0610,3608,1,snack_lover
u_0610,3460,1,snack_lover
u_0610,4517,1,snack_lover
u_0610,1421,1,snack_lover
u_0610,3810,1,snack_lover
u_0610,3538,1,snack_lover
u_0610,3927,1,snack_lover
u_0610,4311,1,snack_lover
u_0610,3517,1,snack_lover
u_0610,3782,1,snack_lover
u_0610,3080,1,snack_lover
u_0610,3684,1,snack_lover
u_0610,4081,1,snack_lover
u_0610,3682,1,snack_lover
u_0610,3469,1,snack_lover
u_0610,3276,1,snack_lover
u_0610,3415,1,snack_lover
u_0611,67,1,gourmet
u_0611,842,1,gourmet
u_0611,642,1,gourmet
u_0611,2829,1,gourmet
u_0611,498,1,gourmet
u_0611,4084,1,gourmet
u_0611,1581,1,gourmet
u_0611,1974,1,gourmet
u_0611,1914,1,gourmet
u_0611,357,1,gourmet
u_0611,2479,1,gourmet
u_0611,5005,1,gourmet
u_0611,2440,1,gourmet
u_0611,474,1,gourmet
u_0611,2793,1,gourmet
u_0611,28,2,gourmet
u_0611,468,1,gourmet
u_0611,2245,1,gourmet
u_0611,1829,1,gourmet
u_0611,1218,1,gourmet
u_0611,523,1,gourmet
u_0611,2329,1,gourmet
u_0611,429,1,gourmet
u_0611,3935,1,gourmet
u_0611,2135,1,gourmet
u_0611,646,1,gourmet
u_0611,1983,1,gourmet
u_0611,1165,1,gourmet
u_0611,2291,1,gourmet
u_0611,1767,1,gourmet
u_0611,216,1,gourmet
u_0611,739,1,gourmet
u_0612,1525,1,festival_shopper
u_0612,1468,1,festival_shopper
u_0612,903,1,festival_shopper
u_0612,1740,1,festival_shopper
u_0612,2497,1,festival_shopper
u_0612,377,1,festival_shopper
u_0612,1438,1,festival_shopper
u_0612,1831,1,festival_shopper
u_0612,481,1,festival_shopper
u_0612,1408,1,festival_shopper
u_0612,1569,1,festival_shopper
u_0612,1319,1,festival_shopper
u_0612,3479,1,festival_shopper
u_0612,512,1,festival_shopper
u_0612,3153,1,festival_shopper
u_0612,1607,1,festival_shopper
u_0612,1314,1,festival_shopper
u_0612,3170,1,festival_shopper
u_0612,535,1,festival_shopper
u_0612,1704,1,festival_shopper
u_0612,894,1,festival_shopper
u_0612,346,1,festival_shopper
u_0612,1896,1,festival_shopper
u_0612,2647,1,festival_shopper
u_0612,3585,1,festival_shopper
u_0612,1711,1,festival_shopper
u_0612,2725,1,festival_shopper
u_0612,2949,1,festival_shopper
u_0612,456,1,festival_shopper
u_0612,2714,1,festival_shopper
u_0612,2627,1,festival_shopper
u_0612,275,1,festival_shopper
u_0612,1498,2,festival_shopper
u_0612,2734,1,festival_shopper
u_0612,4725,1,festival_shopper
u_0612,1677,1,festival_shopper
u_0612,1495,1,festival_shopper
u_0612,1071,1,festival_shopper
u_0612,3682,1,festival_shopper
u_0612,152,1,festival_shopper
u_0613,921,1,household_stocker
u_0613,2253,1,household_stocker
u_0613,701,1,household_stocker
u_0613,2951,1,household_stocker
u_0613,2983,1,household_stocker
u_0613,348,1,household_stocker
u_0613,160,1,household_stocker
u_0613,2579,1,household_stocker
u_0613,304,1,household_stocker
u_0613,2969,1,household_stocker
u_0613,3132,1,household_stocker
u_0613,1457,1,household_stocker
u_0613,2801,1,household_stocker
u_0613,2312,1,household_stocker
u_0613,503,1,household_stocker
u_0613,4314,1,household_stocker
u_0613,3279,1,household_stocker
u_0613,2694,1,household_stocker
u_0613,2913,1,household_stocker
u_0613,1504,1,household_stocker
u_0613,3149,1,household_stocker
u_0613,878,1,household_stocker
u_0613,2963,1,household_stocker
u_0613,2305,1,household_stocker
u_0613,4960,1,household_stocker
u_0613,2918,1,household_stocker
u_0613,525,1,household_stocker
u_0613,3032,1,household_stocker
u_0613,1707,1,household_stocker
u_0613,1831,1,household_stocker
u_0613,2919,1,household_stocker
u_0613,3050,2,household_stocker
u_0613,3200,1,household_stocker
u_0613,2766,1,household_stocker
u_0613,1952,1,household_stocker
u_0613,1208,1,household_stocker
u_0613,2844,1,household_stocker
u_0613,753,1,household_stocker
u_0613,2823,1,household_stocker
u_0613,2993,1,household_stocker
u_0613,2898,1,household_stocker
u_0613,486,1,household_stocker
u_0613,904,1,household_stocker
u_0614,3927,1,snack_lover
u_0614,3754,1,snack_lover
u_0614,2797,1,snack_lover
u_0614,4132,1,snack_lover
u_0614,3370,1,snack_lover
u_0614,3818,1,snack_lover
u_0614,3601,1,snack_lover
u_0614,3352,1,snack_lover
u_0614,4437,1,snack_lover
u_0614,4510,1,snack_lover
u_0614,4420,1,snack_lover
u_0614,3593,1,snack_lover
u_0614,4067,1,snack_lover
u_0614,3243,1,snack_lover
u_0614,3814,1,snack_lover
u_0614,3373,1,snack_lover
u_0614,3652,1,snack_lover
u_0614,3040,1,snack_lover
u_0614,4594,1,snack_lover
u_0614,4291,1,snack_lover
u_0614,3367,1,snack_lover
u_0614,3266,1,snack_lover
u_0614,2986,1,snack_lover
u_0615,2660,1,household_stocker
u_0615,3109,1,household_stocker
u_0615,2802,1,household_stocker
u_0615,371,1,household_stocker
u_0615,2517,1,household_stocker
u_0615,1227,1,household_stocker
u_0615,100,1,household_stocker
u_0615,3151,1,household_stocker
u_0615,2661,1,household_stocker
u_0615,2745,1,household_stocker
u_0615,2950,1,household_stocker
u_0615,3063,1,household_stocker
u_0615,2312,1,household_stocker
u_0615,869,1,household_stocker
u_0615,25,1,household_stocker
u_0615,3615,1,household_stocker
u_0615,4827,1,household_stocker
u_0615,1542,1,household_stocker
u_0615,417,1,household_stocker
u_0615,2849,1,household_stocker
u_0615,2870,1,household_stocker
u_0615,2425,1,household_stocker
u_0615,382,1,household_stocker
u_0615,4292,1,household_stocker
u_0615,3100,1,household_stocker
u_0615,1471,1,household_stocker
u_0615,972,1,household_stocker
u_0615,1858,1,household_stocker
u_0616,4384,1,breakfast_shopper
u_0616,3279,1,breakfast_shopper
u_0616,309,1,breakfast_shopper
u_0616,4786,1,breakfast_shopper
u_0616,4249,1,breakfast_shopper
u_0616,2653,1,breakfast_shopper
u_0616,412,1,breakfast_shopper
u_0616,4576,1,breakfast_shopper
u_0616,4321,1,breakfast_shopper
u_0616,315,1,breakfast_shopper
u_0616,2991,1,breakfast_shopper
u_0616,217,1,breakfast_shopper
u_0616,3251,1,breakfast_shopper
u_0616,534,1,breakfast_shopper
u_0616,3404,1,breakfast_shopper
u_0616,3545,1,breakfast_shopper
u_0616,2431,1,breakfast_shopper
u_0616,3517,1,breakfast_shopper
u_0616,2416,1,breakfast_shopper
u_0616,128,1,breakfast_shopper
u_0616,3413,1,breakfast_shopper
u_0616,3242,1,breakfast_shopper
u_0616,3761,1,breakfast_shopper
u_0616,2659,1,breakfast_shopper
u_0616,3336,1,breakfast_shopper
u_0616,2515,1,breakfast_shopper
u_0616,1626,1,breakfast_shopper
u_0616,386,1,breakfast_shopper
u_0616,4216,1,breakfast_shopper
u_0616,2543,1,breakfast_shopper
u_0616,4334,1,breakfast_shopper
u_0616,4568,1,breakfast_shopper
u_0616,2511,1,breakfast_shopper
u_0616,4494,1,breakfast_shopper
u_0616,4599,1,breakfast_shopper
u_0616,2458,1,breakfast_shopper
u_0616,2467,1,breakfast_shopper
u_0616,666,1,breakfast_shopper
u_0616,2375,1,breakfast_shopper
u_0616,14,1,breakfast_shopper
u_0617,4282,1,breakfast_shopper
u_0617,3379,1,breakfast_shopper
u_0617,4208,1,breakfast_shopper
u_0617,4528,1,breakfast_shopper
u_0617,4249,1,breakfast_shopper
u_0617,205,1,breakfast_shopper
u_0617,3288,1,breakfast_shopper
u_0617,2673,1,breakfast_shopper
u_0617,2670,1,breakfast_shopper
u_0617,3746,1,breakfast_shopper
u_0617,272,1,breakfast_shopper
u_0617,3590,1,breakfast_shopper
u_0617,4383,1,breakfast_shopper
u_0617,4388,1,breakfast_shopper
u_0617,3873,1,breakfast_shopper
u_0617,80,1,breakfast_shopper
u_0617,2604,1,breakfast_shopper
u_0617,4551,1,breakfast_shopper
u_0617,4471,1,breakfast_shopper
u_0617,2460,1,breakfast_shopper
u_0617,468,1,breakfast_shopper
u_0617,725,1,breakfast_shopper
u_0617,4256,1,breakfast_shopper
u_0617,3531,1,breakfast_shopper
u_0617,4438,1,breakfast_shopper
u_0617,2567,2,breakfast_shopper
u_0617,4417,1,breakfast_shopper
u_0617,2609,1,breakfast_shopper
u_0617,4503,1,breakfast_shopper
u_0617,2371,1,breakfast_shopper
u_0617,2761,1,breakfast_shopper
u_0617,2729,1,breakfast_shopper
u_0617,123,1,breakfast_shopper
u_0617,3831,1,breakfast_shopper
u_0617,3542,1,breakfast_shopper
u_0617,546,1,breakfast_shopper
u_0617,2312,1,breakfast_shopper
u_0617,4561,1,breakfast_shopper
u_0617,2658,1,breakfast_shopper
u_0617,2363,1,breakfast_shopper
u_0617,268,1,breakfast_shopper
u_0617,4534,1,breakfast_shopper
u_0617,4412,1,breakfast_shopper
u_0617,4596,1,breakfast_shopper
u_0618,3524,1,snack_lover
u_0618,4284,1,snack_lover
u_0618,3336,1,snack_lover
u_0618,4594,1,snack_lover
u_0618,2557,1,snack_lover
u_0618,4238,1,snack_lover
u_0618,3826,1,snack_lover
u_0618,3251,1,snack_lover
u_0618,4975,1,snack_lover
u_0618,3534,1,snack_lover
u_0618,4156,1,snack_lover
u_0618,3847,1,snack_lover
u_0618,1254,1,snack_lover
u_0618,3904,1,snack_lover
u_0618,4129,1,snack_lover
u_0618,1818,1,snack_lover
u_0618,3714,1,snack_lover
u_0618,3589,1,snack_lover
u_0618,4323,1,snack_lover
u_0618,3326,1,snack_lover
u_0618,3947,1,snack_lover
u_0618,1684,1,snack_lover
u_0618,3355,1,snack_lover
u_0618,3243,1,snack_lover
u_0618,3481,1,snack_lover
u_0618,4057,1,snack_lover
u_0618,3776,1,snack_lover
u_0618,5019,1,snack_lover
u_0618,3330,1,snack_lover
u_0618,4319,1,snack_lover
u_0618,3096,1,snack_lover
u_0618,4547,1,snack_lover
u_0618,2905,1,snack_lover
u_0618,3345,1,snack_lover
u_0618,4754,1,snack_lover
u_0618,2911,1,snack_lover
u_0618,3188,1,snack_lover
u_0618,4213,1,snack_lover
u_0618,631,1,snack_lover
u_0618,2893,1,snack_lover
u_0618,3703,1,snack_lover
u_0618,1309,1,snack_lover
u_0618,3388,1,snack_lover
u_0618,3732,1,snack_lover
u_0619,902,1,fruit_lover
u_0619,1930,1,fruit_lover
u_0619,2194,1,fruit_lover
u_0619,2165,1,fruit_lover
u_0619,11,1,fruit_lover
u_0619,4261,1,fruit_lover
u_0619,227,1,fruit_lover
u_0619,117,1,fruit_lover
u_0619,1285,1,fruit_lover
u_0619,931,1,fruit_lover
u_0619,2951,1,fruit_lover
u_0619,2999,1,fruit_lover
u_0619,2246,1,fruit_lover
u_0619,1333,1,fruit_lover
u_0619,225,1,fruit_lover
u_0619,4620,1,fruit_lover
u_0619,197,1,fruit_lover
u_0619,454,1,fruit_lover
u_0619,2320,1,fruit_lover
u_0619,232,1,fruit_lover
u_0619,2795,1,fruit_lover
u_0619,1311,1,fruit_lover
u_0619,1573,1,fruit_lover
u_0619,180,1,fruit_lover
u_0619,2734,1,fruit_lover
u_0619,3902,1,fruit_lover
u_0619,216,1,fruit_lover
u_0619,2883,1,fruit_lover
u_0619,442,1,fruit_lover
u_0619,711,1,fruit_lover
u_0619,4979,1,fruit_lover
u_0619,498,1,fruit_lover
u_0619,35,1,fruit_lover
u_0619,2076,1,fruit_lover
u_0620,671,1,household_stocker
u_0620,2523,1,household_stocker
u_0620,1123,1,household_stocker
u_0620,964,1,household_stocker
u_0620,132,1,household_stocker
u_0620,2671,1,household_stocker
u_0620,2889,1,household_stocker
u_0620,1053,1,household_stocker
u_0620,2570,1,household_stocker
u_0620,2883,1,household_stocker
u_0620,884,1,household_stocker
u_0620,96,1,household_stocker
u_0620,1795,1,household_stocker
u_0620,126,1,household_stocker
u_0620,3134,1,household_stocker
u_0620,2998,1,household_stocker
u_0620,2462,1,household_stocker
u_0620,2714,1,household_stocker
u_0620,588,1,household_stocker
u_0620,265,1,household_stocker
u_0620,2515,1,household_stocker
u_0620,186,1,household_stocker
u_0620,2720,1,household_stocker
u_0620,2383,1,household_stocker
u_0620,799,1,household_stocker
u_0620,907,1,household_stocker
u_0620,2759,1,household_stocker
u_0620,2603,1,household_stocker
u_0620,3135,1,household_stocker
u_0620,3180,1,household_stocker
u_0620,3233,1,household_stocker
u_0620,3031,1,household_stocker
u_0620,940,1,household_stocker
u_0620,3795,1,household_stocker
u_0620,2284,1,household_stocker
u_0621,798,1,veg_cook
u_0621,4672,1,veg_cook
u_0621,1436,1,veg_cook
u_0621,681,1,veg_cook
u_0621,552,1,veg_cook
u_0621,3733,1,veg_cook
u_0621,1878,1,veg_cook
u_0621,673,1,veg_cook
u_0621,1258,1,veg_cook
u_0621,470,1,veg_cook
u_0621,1678,1,veg_cook
u_0621,1303,1,veg_cook
u_0621,908,1,veg_cook
u_0621,2229,1,veg_cook
u_0621,877,1,veg_cook
u_0621,1294,1,veg_cook
u_0621,752,1,veg_cook
u_0621,482,1,veg_cook
u_0621,1915,1,veg_cook
u_0621,882,1,veg_cook
u_0621,473,1,veg_cook
u_0621,374,1,veg_cook
u_0621,1608,1,veg_cook
u_0621,1748,1,veg_cook
u_0622,2953,1,veg_cook
u_0622,789,1,veg_cook
u_0622,2277,1,veg_cook
u_0622,2395,1,veg_cook
u_0622,2237,1,veg_cook
u_0622,1926,1,veg_cook
u_0622,633,1,veg_cook
u_0622,1302,1,veg_cook
u_0622,690,1,veg_cook
u_0622,559,1,veg_cook
u_0622,985,1,veg_cook
u_0622,2528,1,veg_cook
u_0622,1088,1,veg_cook
u_0622,1488,1,veg_cook
u_0622,4077,1,veg_cook
u_0622,762,1,veg_cook
u_0622,1908,1,veg_cook
u_0622,2512,1,veg_cook
u_0622,740,1,veg_cook
u_0622,153,1,veg_cook
u_0622,871,1,veg_cook
u_0622,2573,1,veg_cook
u_0622,916,1,veg_cook
u_0622,4106,1,veg_cook
u_0622,733,1,veg_cook
u_0622,2343,1,veg_cook
u_0622,2443,1,veg_cook
u_0622,578,1,veg_cook
u_0622,694,1,veg_cook
u_0622,3028,1,veg_cook
u_0622,3204,1,veg_cook
u_0622,2603,1,veg_cook
u_0622,1275,1,veg_cook
u_0622,285,1,veg_cook
u_0622,786,1,veg_cook
u_0622,955,1,veg_cook
u_0622,883,1,veg_cook
u_0622,2377,1,veg_cook
u_0622,575,1,veg_cook
u_0622,521,1,veg_cook
u_0623,789,1,fruit_lover
u_0623,230,1,fruit_lover
u_0623,455,1,fruit_lover
u_0623,416,1,fruit_lover
u_0623,208,1,fruit_lover
u_0623,1063,1,fruit_lover
u_0623,465,1,fruit_lover
u_0623,2241,1,fruit_lover
u_0623,2217,1,fruit_lover
u_0623,1844,1,fruit_lover
u_0623,168,1,fruit_lover
u_0623,1884,1,fruit_lover
u_0623,107,1,fruit_lover
u_0623,711,1,fruit_lover
u_0623,875,1,fruit_lover
u_0623,141,1,fruit_lover
u_0623,68,1,fruit_lover
u_0623,2567,1,fruit_lover
u_0623,2221,1,fruit_lover
u_0623,2167,1,fruit_lover
u_0623,3002,1,fruit_lover
u_0623,146,1,fruit_lover
u_0623,58,1,fruit_lover
u_0623,298,1,fruit_lover
u_0623,271,1,fruit_lover
u_0623,1093,1,fruit_lover
u_0623,3970,1,fruit_lover
u_0623,480,1,fruit_lover
u_0623,225,1,fruit_lover
u_0623,1452,1,fruit_lover
u_0623,799,1,fruit_lover
u_0623,2075,1,fruit_lover
u_0623,578,1,fruit_lover
u_0623,2569,1,fruit_lover
u_0623,3069,1,fruit_lover
u_0623,38,1,fruit_lover
u_0623,823,1,fruit_lover
u_0623,1322,1,fruit_lover
u_0623,2919,1,fruit_lover
u_0623,4952,1,fruit_lover
u_0624,3436,1,household_stocker
u_0624,2727,1,household_stocker
u_0624,4392,1,household_stocker
u_0624,369,1,household_stocker
u_0624,3047,1,household_stocker
u_0624,2828,1,household_stocker
u_0624,3059,1,household_stocker
u_0624,3136,1,household_stocker
u_0624,3081,1,household_stocker
u_0624,2790,1,household_stocker
u_0624,2804,1,household_stocker
u_0624,2811,1,household_stocker
u_0624,233,1,household_stocker
u_0624,1512,1,household_stocker
u_0624,2933,1,household_stocker
u_0624,2855,1,household_stocker
u_0624,2713,1,household_stocker
u_0624,3062,1,household_stocker
u_0624,514,1,household_stocker
u_0624,1667,1,household_stocker
u_0624,2780,1,household_stocker
u_0624,2868,1,household_stocker
u_0624,2541,1,household_stocker
u_0624,2651,1,household_stocker
u_0624,2389,1,household_stocker
u_0624,2726,1,household_stocker
u_0624,540,1,household_stocker
u_0624,826,1,household_stocker
u_0624,1099,1,household_stocker
u_0624,3017,1,household_stocker
u_0624,2655,1,household_stocker
u_0624,329,1,household_stocker
u_0624,2603,1,household_stocker
u_0624,2870,1,household_stocker
u_0625,245,1,festival_shopper
u_0625,3219,1,festival_shopper
u_0625,2604,1,festival_shopper
u_0625,4891,1,festival_shopper
u_0625,1546,1,festival_shopper
u_0625,481,1,festival_shopper
u_0625,302,1,festival_shopper
u_0625,1269,1,festival_shopper
u_0625,1284,1,festival_shopper
u_0625,85,1,festival_shopper
u_0625,2677,1,festival_shopper
u_0625,1410,1,festival_shopper
u_0625,2756,1,festival_shopper
u_0625,1059,1,festival_shopper
u_0625,1616,1,festival_shopper
u_0625,3604,1,festival_shopper
u_0625,2678,1,festival_shopper
u_0625,1838,1,festival_shopper
u_0625,2488,1,festival_shopper
u_0625,2588,1,festival_shopper
u_0625,4799,1,festival_shopper
u_0625,2122,1,festival_shopper
u_0625,434,1,festival_shopper
u_0625,1880,1,festival_shopper
u_0625,1719,1,festival_shopper
u_0625,831,1,festival_shopper
u_0625,4289,1,festival_shopper
u_0625,2739,1,festival_shopper
u_0625,673,1,festival_shopper
u_0625,645,1,festival_shopper
u_0625,141,1,festival_shopper
u_0625,738,1,festival_shopper
u_0625,274,1,festival_shopper
u_0625,392,1,festival_shopper
u_0625,3026,1,festival_shopper
u_0625,1772,1,festival_shopper
u_0625,2365,1,festival_shopper
u_0625,3194,1,festival_shopper
u_0625,2378,1,festival_shopper
u_0625,2430,1,festival_shopper
u_0625,1387,1,festival_shopper
u_0625,745,1,festival_shopper
u_0625,2648,1,festival_shopper
u_0625,1650,1,festival_shopper
u_0625,1385,1,festival_shopper
u_0625,887,1,festival_shopper
u_0626,2305,1,gourmet
u_0626,812,1,gourmet
u_0626,609,1,gourmet
u_0626,848,1,gourmet
u_0626,3902,1,gourmet
u_0626,1923,1,gourmet
u_0626,2193,1,gourmet
u_0626,1390,1,gourmet
u_0626,2005,1,gourmet
u_0626,2243,1,gourmet
u_0626,841,1,gourmet
u_0626,1918,1,gourmet
u_0626,12,1,gourmet
u_0626,1116,1,gourmet
u_0626,1868,1,gourmet
u_0626,2248,1,gourmet
u_0626,1876,1,gourmet
u_0626,549,1,gourmet
u_0626,3221,1,gourmet
u_0626,4945,1,gourmet
u_0626,1627,1,gourmet
u_0626,2274,2,gourmet
u_0626,1880,1,gourmet
u_0626,4902,1,gourmet
u_0626,2001,1,gourmet
u_0626,2544,1,gourmet
u_0626,2190,1,gourmet
u_0626,2732,1,gourmet
u_0626,76,1,gourmet
u_0626,1346,1,gourmet
u_0626,1971,1,gourmet
u_0626,2596,1,gourmet
u_0626,415,1,gourmet
u_0626,3903,1,gourmet
u_0626,3503,1,gourmet
u_0626,2412,1,gourmet
u_0626,2213,1,gourmet
u_0626,2586,1,gourmet
u_0626,2694,1,gourmet
u_0626,2022,1,gourmet
u_0626,1354,1,gourmet
u_0626,1946,1,gourmet
u_0626,2237,1,gourmet
u_0626,2367,1,gourmet
u_0627,2403,1,gourmet
u_0627,2974,1,gourmet
u_0627,2733,1,gourmet
u_0627,1305,1,gourmet
u_0627,65,1,gourmet
u_0627,2257,1,gourmet
u_0627,822,1,gourmet
u_0627,1277,1,gourmet
u_0627,2378,1,gourmet
u_0627,605,1,gourmet
u_0627,2648,1,gourmet
u_0627,4881,1,gourmet
u_0627,2658,1,gourmet
u_0627,2467,1,gourmet
u_0627,2459,1,gourmet
u_0627,19,1,gourmet
u_0627,2040,1,gourmet
u_0627,2415,1,gourmet
u_0627,2374,1,gourmet
u_0627,2101,1,gourmet
u_0627,1937,1,gourmet
u_0627,732,1,gourmet
u_0627,382,1,gourmet
u_0627,2094,1,gourmet
u_0627,1811,1,gourmet
u_0627,2267,1,gourmet
u_0627,2682,1,gourmet
u_0627,660,1,gourmet
u_0627,1073,1,gourmet
u_0627,4281,1,gourmet
u_0627,1191,1,gourmet
u_0627,753,1,gourmet
u_0627,1222,1,gourmet
u_0627,3039,1,gourmet
u_0627,3149,1,gourmet
u_0628,2671,1,veg_cook
u_0628,2380,1,veg_cook
u_0628,1525,1,veg_cook
u_0628,2997,1,veg_cook
u_0628,1096,1,veg_cook
u_0628,1673,1,veg_cook
u_0628,512,1,veg_cook
u_0628,2381,1,veg_cook
u_0628,507,1,veg_cook
u_0628,882,1,veg_cook
u_0628,619,1,veg_cook
u_0628,2089,1,veg_cook
u_0628,691,1,veg_cook
u_0628,802,1,veg_cook
u_0628,157,1,veg_cook
u_0628,908,1,veg_cook
u_0628,2686,1,veg_cook
u_0628,977,1,veg_cook
u_0628,692,1,veg_cook
u_0628,468,1,veg_cook
u_0628,3343,1,veg_cook
u_0628,2690,1,veg_cook
u_0628,617,1,veg_cook
u_0628,1528,1,veg_cook
u_0628,1075,1,veg_cook
u_0628,1154,1,veg_cook
u_0628,1067,1,veg_cook
u_0628,1372,1,veg_cook
u_0628,2457,1,veg_cook
u_0628,2734,1,veg_cook
u_0628,2506,1,veg_cook
u_0628,472,1,veg_cook
u_0628,4306,1,veg_cook
u_0628,720,1,veg_cook
u_0628,2561,1,veg_cook
u_0628,1903,1,veg_cook
u_0628,1258,1,veg_cook
u_0628,419,1,veg_cook
u_0628,2167,1,veg_cook
u_0628,1043,1,veg_cook
u_0628,2863,1,veg_cook
u_0628,1376,1,veg_cook
u_0628,703,1,veg_cook
u_0628,1234,1,veg_cook
u_0629,505,1,veg_cook
u_0629,555,1,veg_cook
u_0629,3407,1,veg_cook
u_0629,1352,1,veg_cook
u_0629,2358,1,veg_cook
u_0629,1997,1,veg_cook
u_0629,2197,1,veg_cook
u_0629,1044,1,veg_cook
u_0629,754,1,veg_cook
u_0629,810,1,veg_cook
u_0629,493,1,veg_cook
u_0629,850,1,veg_cook
u_0629,701,1,veg_cook
u_0629,466,1,veg_cook
u_0629,72,1,veg_cook
u_0629,2598,1,veg_cook
u_0629,2426,1,veg_cook
u_0629,4172,1,veg_cook
u_0629,1149,1,veg_cook
u_0629,699,1,veg_cook
u_0629,486,1,veg_cook
u_0629,1004,1,veg_cook
u_0629,2005,1,veg_cook
u_0629,2085,1,veg_cook
u_0629,468,1,veg_cook
u_0630,4242,1,snack_lover
u_0630,3891,1,snack_lover
u_0630,4116,1,snack_lover
u_0630,3027,1,snack_lover
u_0630,4574,1,snack_lover
u_0630,2841,1,snack_lover
u_0630,2807,1,snack_lover
u_0630,3319,1,snack_lover
u_0630,4494,1,snack_lover
u_0630,3373,1,snack_lover
u_0630,3685,1,snack_lover
u_0630,3797,1,snack_lover
u_0630,444,1,snack_lover
u_0630,691,1,snack_lover
u_0630,4307,1,snack_lover
u_0630,3845,1,snack_lover
u_0630,2791,1,snack_lover
u_0630,127,1,snack_lover
u_0630,3948,1,snack_lover
u_0630,3458,1,snack_lover
u_0630,2329,1,snack_lover
u_0630,4372,1,snack_lover
u_0630,3540,1,snack_lover
u_0630,3563,1,snack_lover
u_0630,3144,1,snack_lover
u_0630,3939,1,snack_lover
u_0630,4110,1,snack_lover
u_0630,3494,1,snack_lover
u_0630,4104,1,snack_lover
u_0630,4405,1,snack_lover
u_0630,3254,1,snack_lover
u_0630,3388,1,snack_lover
u_0630,1909,1,snack_lover
u_0630,3949,1,snack_lover
u_0630,3976,1,snack_lover
u_0630,3603,1,snack_lover
u_0631,2739,1,breakfast_shopper
u_0631,2593,1,breakfast_shopper
u_0631,4227,1,breakfast_shopper
u_0631,4183,1,breakfast_shopper
u_0631,4079,1,breakfast_shopper
u_0631,360,1,breakfast_shopper
u_0631,674,1,breakfast_shopper
u_0631,302,1,breakfast_shopper
u_0631,2690,1,breakfast_shopper
u_0631,4371,1,breakfast_shopper
u_0631,660,1,breakfast_shopper
u_0631,2463,1,breakfast_shopper
u_0631,234,1,breakfast_shopper
u_0631,3367,1,breakfast_shopper
u_0631,2330,1,breakfast_shopper
u_0631,680,1,breakfast_shopper
u_0631,204,1,breakfast_shopper
u_0631,1596,1,breakfast_shopper
u_0631,1462,1,breakfast_shopper
u_0631,325,1,breakfast_shopper
u_0631,312,1,breakfast_shopper
u_0631,3475,1,breakfast_shopper
u_0631,3617,1,breakfast_shopper
u_0631,4592,2,breakfast_shopper
u_0631,4495,1,breakfast_shopper
u_0631,4300,1,breakfast_shopper
u_0631,2658,1,breakfast_shopper
u_0631,2312,1,breakfast_shopper
u_0631,618,1,breakfast_shopper
u_0631,705,1,breakfast_shopper
u_0631,2589,1,breakfast_shopper
u_0631,4412,1,breakfast_shopper
u_0631,3238,1,breakfast_shopper
u_0631,4277,1,breakfast_shopper
u_0631,254,1,breakfast_shopper
u_0631,2388,1,breakfast_shopper
u_0631,137,1,breakfast_shopper
u_0631,1191,1,breakfast_shopper
u_0631,4208,1,breakfast_shopper
u_0631,3406,1,breakfast_shopper
u_0631,2239,1,breakfast_shopper
u_0631,4330,1,breakfast_shopper
u_0631,2622,1,breakfast_shopper
u_0631,3565,1,breakfast_shopper
u_0631,2709,1,breakfast_shopper
u_0632,1730,1,household_stocker
u_0632,2926,1,household_stocker
u_0632,2604,1,household_stocker
u_0632,2895,1,household_stocker
u_0632,3189,1,household_stocker
u_0632,2688,1,household_stocker
u_0632,183,1,household_stocker
u_0632,906,1,household_stocker
u_0632,2793,1,household_stocker
u_0632,2525,1,household_stocker
u_0632,391,1,household_stocker
u_0632,847,1,household_stocker
u_0632,4875,1,household_stocker
u_0632,2731,1,household_stocker
u_0632,180,1,household_stocker
u_0632,1669,1,household_stocker
u_0632,2316,1,household_stocker
u_0632,2766,1,household_stocker
u_0632,278,1,household_stocker
u_0632,797,1,household_stocker
u_0632,320,1,household_stocker
u_0632,1994,1,household_stocker
u_0632,106,1,household_stocker
u_0632,2607,1,household_stocker
u_0632,4469,1,household_stocker
u_0632,2726,1,household_stocker
u_0632,3144,1,household_stocker
u_0632,2710,1,household_stocker
u_0632,838,1,household_stocker
u_0632,2737,1,household_stocker
u_0632,2450,1,household_stocker
u_0632,3087,1,household_stocker
u_0632,2903,1,household_stocker
u_0632,2922,1,household_stocker
u_0632,3007,1,household_stocker
u_0632,3065,1,household_stocker
u_0632,2534,1,household_stocker
u_0632,3818,1,household_stocker
u_0632,3101,1,household_stocker
u_0632,2822,1,household_stocker
u_0632,2964,1,household_stocker
u_0632,3132,1,household_stocker
u_0632,3002,1,household_stocker
u_0632,2845,1,household_stocker
u_0632,2164,1,household_stocker
u_0632,3037,1,household_stocker
u_0632,1193,1,household_stocker
u_0633,3096,1,household_stocker
u_0633,3019,1,household_stocker
u_0633,2921,1,household_stocker
u_0633,3207,1,household_stocker
u_0633,2475,1,household_stocker
u_0633,2936,1,household_stocker
u_0633,2598,1,household_stocker
u_0633,2806,1,household_stocker
u_0633,71,1,household_stocker
u_0633,2776,1,household_stocker
u_0633,1745,1,household_stocker
u_0633,3683,1,household_stocker
u_0633,3202,1,household_stocker
u_0633,867,1,household_stocker
u_0633,2477,1,household_stocker
u_0633,2526,1,household_stocker
u_0633,2892,2,household_stocker
u_0633,2354,1,household_stocker
u_0633,2658,1,household_stocker
u_0633,128,1,household_stocker
u_0633,3665,1,household_stocker
u_0633,4219,1,household_stocker
u_0633,1814,1,household_stocker
u_0633,283,1,household_stocker
u_0633,3193,1,household_stocker
u_0634,572,1,household_stocker
u_0634,2789,1,household_stocker
u_0634,2861,1,household_stocker
u_0634,407,1,household_stocker
u_0634,3780,1,household_stocker
u_0634,404,1,household_stocker
u_0634,3120,1,household_stocker
u_0634,2977,1,household_stocker
u_0634,221,1,household_stocker
u_0634,2544,1,household_stocker
u_0634,3180,1,household_stocker
u_0634,1635,1,household_stocker
u_0634,841,1,household_stocker
u_0634,432,1,household_stocker
u_0634,1561,1,household_stocker
u_0634,412,1,household_stocker
u_0634,2738,1,household_stocker
u_0634,2944,1,household_stocker
u_0634,2571,1,household_stocker
u_0634,755,1,household_stocker
u_0634,2392,1,household_stocker
u_0634,3331,1,household_stocker
u_0634,910,1,household_stocker
u_0634,3118,1,household_stocker
u_0634,1107,1,household_stocker
u_0634,1335,1,household_stocker
u_0634,3204,1,household_stocker
u_0634,2995,1,household_stocker
u_0634,2418,1,household_stocker
u_0634,2040,1,household_stocker
u_0635,814,1,veg_cook
u_0635,1091,1,veg_cook
u_0635,2121,1,veg_cook
u_0635,1674,1,veg_cook
u_0635,797,1,veg_cook
u_0635,2378,1,veg_cook
u_0635,1198,1,veg_cook
u_0635,1860,1,veg_cook
u_0635,1055,1,veg_cook
u_0635,4511,1,veg_cook
u_0635,505,1,veg_cook
u_0635,1365,1,veg_cook
u_0635,685,1,veg_cook
u_0635,1927,1,veg_cook
u_0635,3531,1,veg_cook
u_0635,1468,1,veg_cook
u_0635,2207,1,veg_cook
u_0635,1087,1,veg_cook
u_0635,919,1,veg_cook
u_0635,1016,1,veg_cook
u_0635,2215,1,veg_cook
u_0635,654,1,veg_cook
u_0635,2579,1,veg_cook
u_0635,1123,1,veg_cook
u_0635,540,1,veg_cook
u_0635,1341,1,veg_cook
u_0635,1053,1,veg_cook
u_0635,458,1,veg_cook
u_0635,1330,1,veg_cook
u_0635,967,1,veg_cook
u_0635,903,1,veg_cook
u_0635,2032,1,veg_cook
u_0636,5047,1,snack_lover
u_0636,1371,1,snack_lover
u_0636,3969,1,snack_lover
u_0636,3873,1,snack_lover
u_0636,1984,1,snack_lover
u_0636,3914,1,snack_lover
u_0636,4059,1,snack_lover
u_0636,3147,1,snack_lover
u_0636,3382,1,snack_lover
u_0636,2772,1,snack_lover
u_0636,3426,1,snack_lover
u_0636,4501,1,snack_lover
u_0636,4650,1,snack_lover
u_0636,3954,1,snack_lover
u_0636,3321,1,snack_lover
u_0636,3947,1,snack_lover
u_0636,2888,1,snack_lover
u_0636,2802,1,snack_lover
u_0636,3056,1,snack_lover
u_0636,2928,1,snack_lover
u_0636,3384,1,snack_lover
u_0636,2823,1,snack_lover
u_0636,3706,1,snack_lover
u_0636,3346,1,snack_lover
u_0636,3050,1,snack_lover
u_0636,2950,1,snack_lover
u_0636,3411,1,snack_lover
u_0636,4294,1,snack_lover
u_0636,2014,1,snack_lover
u_0636,2886,1,snack_lover
u_0636,3518,1,snack_lover
u_0636,3415,1,snack_lover
u_0637,4093,1,snack_lover
u_0637,3402,1,snack_lover
u_0637,2885,1,snack_lover
u_0637,3443,1,snack_lover
u_0637,3675,1,snack_lover
u_0637,3291,1,snack_lover
u_0637,3295,1,snack_lover
u_0637,3511,1,snack_lover
u_0637,2943,1,snack_lover
u_0637,3875,1,snack_lover
u_0637,3991,1,snack_lover
u_0637,3345,1,snack_lover
u_0637,3976,1,snack_lover
u_0637,3850,1,snack_lover
u_0637,3790,1,snack_lover
u_0637,4706,1,snack_lover
u_0637,3076,1,snack_lover
u_0637,4104,1,snack_lover
u_0637,3615,1,snack_lover
u_0637,1911,1,snack_lover
u_0637,4230,1,snack_lover
u_0637,4170,1,snack_lover
u_0637,3497,1,snack_lover
u_0637,4099,1,snack_lover
u_0637,3042,1,snack_lover
u_0637,1794,1,snack_lover
u_0637,2451,1,snack_lover
u_0637,3738,1,snack_lover
u_0637,3422,1,snack_lover
u_0637,3930,1,snack_lover
u_0637,3679,1,snack_lover
u_0637,3854,1,snack_lover
u_0637,3235,1,snack_lover
u_0637,4488,1,snack_lover
u_0637,4515,1,snack_lover
u_0637,1224,1,snack_lover
u_0637,2774,1,snack_lover
u_0637,3601,1,snack_lover
u_0637,2038,1,snack_lover
u_0637,843,1,snack_lover
u_0637,3022,1,snack_lover
u_0637,4492,1,snack_lover
u_0637,2221,1,snack_lover
u_0637,4181,1,snack_lover
u_0637,3506,1,snack_lover
u_0637,2800,1,snack_lover
u_0637,3239,1,snack_lover
u_0638,917,1,gourmet
u_0638,1998,1,gourmet
u_0638,1123,1,gourmet
u_0638,746,1,gourmet
u_0638,5051,1,gourmet
u_0638,443,1,gourmet
u_0638,3085,1,gourmet
u_0638,2115,1,gourmet
u_0638,966,1,gourmet
u_0638,2114,1,gourmet
u_0638,2101,1,gourmet
u_0638,1948,1,gourmet
u_0638,567,1,gourmet
u_0638,323,1,gourmet
u_0638,2293,1,gourmet
u_0638,1301,1,gourmet
u_0638,2078,1,gourmet
u_0638,1715,1,gourmet
u_0638,1087,1,gourmet
u_0638,1871,1,gourmet
u_0638,2432,1,gourmet
u_0638,875,1,gourmet
u_0638,750,1,gourmet
u_0638,2716,1,gourmet
u_0638,2611,1,gourmet
u_0638,3714,1,gourmet
u_0638,4115,1,gourmet
u_0638,1302,1,gourmet
u_0638,1866,1,gourmet
u_0638,2132,1,gourmet
u_0638,2639,1,gourmet
u_0638,338,1,gourmet
u_0638,865,1,gourmet
u_0639,3964,1,snack_lover
u_0639,3903,1,snack_lover
u_0639,3392,1,snack_lover
u_0639,3525,1,snack_lover
u_0639,2245,1,snack_lover
u_0639,4159,1,snack_lover
u_0639,3376,1,snack_lover
u_0639,3802,1,snack_lover
u_0639,3702,1,snack_lover
u_0639,2940,1,snack_lover
u_0639,3014,1,snack_lover
u_0639,3204,1,snack_lover
u_0639,3918,1,snack_lover
u_0639,3281,1,snack_lover
u_0639,302,1,snack_lover
u_0639,2169,1,snack_lover
u_0639,4113,1,snack_lover
u_0639,33,1,snack_lover
u_0639,3238,1,snack_lover
u_0639,941,1,snack_lover
u_0639,3397,1,snack_lover
u_0639,31,1,snack_lover
u_0639,1499,1,snack_lover
u_0639,4020,1,snack_lover
u_0639,2914,1,snack_lover
u_0639,3794,1,snack_lover
u_0639,3453,1,snack_lover
u_0639,4429,1,snack_lover
u_0639,3968,1,snack_lover
u_0639,3963,1,snack_lover
u_0639,4272,1,snack_lover
u_0639,3579,1,snack_lover
u_0639,3976,1,snack_lover
u_0639,4072,1,snack_lover
u_0639,3701,1,snack_lover
u_0640,3690,1,snack_lover
u_0640,3414,1,snack_lover
u_0640,340,1,snack_lover
u_0640,4091,1,snack_lover
u_0640,3878,1,snack_lover
u_0640,3162,1,snack_lover
u_0640,3664,1,snack_lover
u_0640,4148,1,snack_lover
u_0640,513,1,snack_lover
u_0640,38,1,snack_lover
u_0640,3269,1,snack_lover
u_0640,3120,1,snack_lover
u_0640,3522,1,snack_lover
u_0640,3619,1,snack_lover
u_0640,2825,1,snack_lover
u_0640,3573,1,snack_lover
u_0640,4068,1,snack_lover
u_0640,3024,1,snack_lover
u_0640,3668,1,snack_lover
u_0640,1179,1,snack_lover
u_0640,4255,1,snack_lover
u_0640,2959,1,snack_lover
u_0640,3842,1,snack_lover
u_0640,2164,1,snack_lover
u_0640,4990,1,snack_lover
u_0640,3453,1,snack_lover
u_0640,4529,1,snack_lover
u_0640,3976,1,snack_lover
u_0640,3341,1,snack_lover
u_0640,4004,1,snack_lover
u_0640,3671,1,snack_lover
u_0640,2765,1,snack_lover
u_0641,1575,1,fruit_lover
u_0641,1301,1,fruit_lover
u_0641,2282,1,fruit_lover
u_0641,1458,1,fruit_lover
u_0641,2738,1,fruit_lover
u_0641,3823,1,fruit_lover
u_0641,3841,1,fruit_lover
u_0641,3183,1,fruit_lover
u_0641,2241,1,fruit_lover
u_0641,2718,1,fruit_lover
u_0641,708,1,fruit_lover
u_0641,1355,1,fruit_lover
u_0641,1683,1,fruit_lover
u_0641,1372,1,fruit_lover
u_0641,4,1,fruit_lover
u_0641,2231,1,fruit_lover
u_0641,3026,1,fruit_lover
u_0641,261,1,fruit_lover
u_0641,168,1,fruit_lover
u_0641,44,1,fruit_lover
u_0641,190,1,fruit_lover
u_0641,3175,1,fruit_lover
u_0641,3967,1,fruit_lover
u_0641,667,1,fruit_lover
u_0641,181,1,fruit_lover
u_0641,2129,1,fruit_lover
u_0641,1948,1,fruit_lover
u_0641,407,1,fruit_lover
u_0641,2522,1,fruit_lover
u_0641,531,1,fruit_lover
u_0641,1184,1,fruit_lover
u_0641,259,1,fruit_lover
u_0641,936,1,fruit_lover
u_0641,2633,1,fruit_lover
u_0641,1073,1,fruit_lover
u_0641,2319,1,fruit_lover
u_0641,3895,1,fruit_lover
u_0641,2372,1,fruit_lover
u_0641,1475,1,fruit_lover
u_0641,879,1,fruit_lover
u_0641,1106,1,fruit_lover
u_0641,269,1,fruit_lover
u_0641,3912,1,fruit_lover
u_0641,3141,1,fruit_lover
u_0641,56,1,fruit_lover
u_0642,4390,1,snack_lover
u_0642,4039,1,snack_lover
u_0642,3085,1,snack_lover
u_0642,2619,1,snack_lover
u_0642,3276,1,snack_lover
u_0642,3732,1,snack_lover
u_0642,3809,1,snack_lover
u_0642,3800,1,snack_lover
u_0642,3434,1,snack_lover
u_0642,3648,1,snack_lover
u_0642,3570,1,snack_lover
u_0642,3422,1,snack_lover
u_0642,3839,1,snack_lover
u_0642,2811,1,snack_lover
u_0642,3545,1,snack_lover
u_0642,4053,1,snack_lover
u_0642,4027,1,snack_lover
u_0642,3556,1,snack_lover
u_0642,3631,1,snack_lover
u_0642,4196,1,snack_lover
u_0642,3254,1,snack_lover
u_0642,3565,1,snack_lover
u_0642,2761,1,snack_lover
u_0642,4147,1,snack_lover
u_0643,4367,1,veg_cook
u_0643,1077,1,veg_cook
u_0643,670,1,veg_cook
u_0643,873,1,veg_cook
u_0643,1051,1,veg_cook
u_0643,48,1,veg_cook
u_0643,2038,1,veg_cook
u_0643,27,1,veg_cook
u_0643,2985,1,veg_cook
u_0643,581,1,veg_cook
u_0643,1796,1,veg_cook
u_0643,2039,1,veg_cook
u_0643,729,1,veg_cook
u_0643,231,1,veg_cook
u_0643,2332,1,veg_cook
u_0643,1845,1,veg_cook
u_0643,2553,1,veg_cook
u_0643,2118,1,veg_cook
u_0643,795,1,veg_cook
u_0643,366,1,veg_cook
u_0643,2713,1,veg_cook
u_0643,708,1,veg_cook
u_0643,2367,1,veg_cook
u_0643,2258,1,veg_cook
u_0643,3011,1,veg_cook
u_0643,3702,1,veg_cook
u_0643,582,1,veg_cook
u_0643,2669,1,veg_cook
u_0643,1149,1,veg_cook
u_0643,2453,1,veg_cook
u_0643,1865,1,veg_cook
u_0643,1402,1,veg_cook
u_0643,3985,1,veg_cook
u_0643,94,1,veg_cook
u_0643,2478,1,veg_cook
u_0643,627,1,veg_cook
u_0643,1919,1,veg_cook
u_0643,2341,1,veg_cook
u_0643,667,1,veg_cook
u_0643,960,1,veg_cook
u_0643,3127,1,veg_cook
u_0643,772,1,veg_cook
u_0643,1697,1,veg_cook
u_0643,3059,1,veg_cook
u_0644,1190,1,fruit_lover
u_0644,412,1,fruit_lover
u_0644,1538,1,fruit_lover
u_0644,5015,1,fruit_lover
u_0644,351,1,fruit_lover
u_0644,258,1,fruit_lover
u_0644,2596,1,fruit_lover
u_0644,471,1,fruit_lover
u_0644,425,1,fruit_lover
u_0644,68,1,fruit_lover
u_0644,1023,1,fruit_lover
u_0644,2172,1,fruit_lover
u_0644,1932,1,fruit_lover
u_0644,1708,1,fruit_lover
u_0644,682,1,fruit_lover
u_0644,877,1,fruit_lover
u_0644,366,1,fruit_lover
u_0644,176,1,fruit_lover
u_0644,85,1,fruit_lover
u_0644,281,1,fruit_lover
u_0644,2490,1,fruit_lover
u_0644,489,1,fruit_lover
u_0644,3431,1,fruit_lover
u_0644,2262,1,fruit_lover
u_0644,2403,1,fruit_lover
u_0644,2839,1,fruit_lover
u_0644,3004,1,fruit_lover
u_0644,925,1,fruit_lover
u_0644,963,1,fruit_lover
u_0644,2199,1,fruit_lover
u_0644,4839,1,fruit_lover
u_0644,37,1,fruit_lover
u_0644,2195,1,fruit_lover
u_0644,2544,1,fruit_lover
u_0644,1972,1,fruit_lover
u_0644,6,1,fruit_lover
u_0644,1352,1,fruit_lover
u_0644,1118,1,fruit_lover
u_0644,321,1,fruit_lover
u_0644,2276,1,fruit_lover
u_0644,1086,1,fruit_lover
u_0644,153,1,fruit_lover
u_0644,2586,1,fruit_lover
u_0644,1154,1,fruit_lover
u_0645,2484,1,breakfast_shopper
u_0645,2576,1,breakfast_shopper
u_0645,2752,1,breakfast_shopper
u_0645,4493,1,breakfast_shopper
u_0645,893,1,breakfast_shopper
u_0645,387,1,breakfast_shopper
u_0645,667,1,breakfast_shopper
u_0645,3586,1,breakfast_shopper
u_0645,4530,1,breakfast_shopper
u_0645,3545,1,breakfast_shopper
u_0645,155,1,breakfast_shopper
u_0645,1956,1,breakfast_shopper
u_0645,4183,1,breakfast_shopper
u_0645,4360,1,breakfast_shopper
u_0645,1443,1,breakfast_shopper
u_0645,4611,1,breakfast_shopper
u_0645,4312,1,breakfast_shopper
u_0645,2347,1,breakfast_shopper
u_0645,2725,1,breakfast_shopper
u_0645,4294,1,breakfast_shopper
u_0645,2439,1,breakfast_shopper
u_0645,4418,1,breakfast_shopper
u_0645,1595,1,breakfast_shopper
u_0645,4884,1,breakfast_shopper
u_0646,5034,1,household_stocker
u_0646,639,1,household_stocker
u_0646,2656,1,household_stocker
u_0646,2780,1,household_stocker
u_0646,2705,1,household_stocker
u_0646,599,1,household_stocker
u_0646,870,1,household_stocker
u_0646,2158,1,household_stocker
u_0646,2458,1,household_stocker
u_0646,2440,1,household_stocker
u_0646,2378,1,household_stocker
u_0646,3092,1,household_stocker
u_0646,1344,1,household_stocker
u_0646,199,1,household_stocker
u_0646,3206,1,household_stocker
u_0646,3184,1,household_stocker
u_0646,820,1,household_stocker
u_0646,3047,1,household_stocker
u_0646,468,1,household_stocker
u_0646,2856,1,household_stocker
u_0646,2654,1,household_stocker
u_0646,2310,1,household_stocker
u_0646,2897,1,household_stocker
u_0646,2714,1,household_stocker
u_0646,2768,1,household_stocker
u_0646,2876,1,household_stocker
u_0646,1253,1,household_stocker
u_0646,926,1,household_stocker
u_0646,4174,1,household_stocker
u_0646,3135,1,household_stocker
u_0646,2996,1,household_stocker
u_0646,2718,1,household_stocker
u_0646,3062,1,household_stocker
u_0646,1326,1,household_stocker
u_0646,2077,1,household_stocker
u_0646,1964,1,household_stocker
u_0646,1022,1,household_stocker
u_0646,1499,1,household_stocker
u_0646,1790,1,household_stocker
u_0647,2413,1,gourmet
u_0647,1942,1,gourmet
u_0647,1959,1,gourmet
u_0647,2510,1,gourmet
u_0647,1428,1,gourmet
u_0647,2167,1,gourmet
u_0647,591,1,gourmet
u_0647,2485,1,gourmet
u_0647,2338,1,gourmet
u_0647,1229,1,gourmet
u_0647,42,1,gourmet
u_0647,1991,1,gourmet
u_0647,2378,1,gourmet
u_0647,76,1,gourmet
u_0647,1319,1,gourmet
u_0647,1865,1,gourmet
u_0647,2268,1,gourmet
u_0647,2400,1,gourmet
u_0647,2278,1,gourmet
u_0647,172,1,gourmet
u_0647,2829,1,gourmet
u_0647,3231,1,gourmet
u_0647,1915,1,gourmet
u_0647,1725,1,gourmet
u_0647,2035,1,gourmet
u_0647,2231,1,gourmet
u_0647,1206,1,gourmet
u_0647,690,1,gourmet
u_0647,2272,1,gourmet
u_0647,253,1,gourmet
u_0647,2374,1,gourmet
u_0647,4765,1,gourmet
u_0647,4727,1,gourmet
u_0647,2976,1,gourmet
u_0647,2500,1,gourmet
u_0647,1656,1,gourmet
u_0647,1862,1,gourmet
u_0648,1468,1,festival_shopper
u_0648,373,1,festival_shopper
u_0648,919,1,festival_shopper
u_0648,386,1,festival_shopper
u_0648,1104,1,festival_shopper
u_0648,73,1,festival_shopper
u_0648,1388,1,festival_shopper
u_0648,2681,1,festival_shopper
u_0648,1291,1,festival_shopper
u_0648,2794,1,festival_shopper
u_0648,3156,1,festival_shopper
u_0648,1528,1,festival_shopper
u_0648,320,1,festival_shopper
u_0648,2464,1,festival_shopper
u_0648,32,1,festival_shopper
u_0648,924,1,festival_shopper
u_0648,240,1,festival_shopper
u_0648,43,1,festival_shopper
u_0648,1812,1,festival_shopper
u_0648,1572,1,festival_shopper
u_0648,2392,1,festival_shopper
u_0648,893,1,festival_shopper
u_0648,3014,1,festival_shopper
u_0648,2671,1,festival_shopper
u_0648,2340,1,festival_shopper
u_0648,1511,1,festival_shopper
u_0648,84,1,festival_shopper
u_0648,1491,1,festival_shopper
u_0648,3243,1,festival_shopper
u_0648,2560,1,festival_shopper
u_0649,1179,1,gourmet
u_0649,2057,1,gourmet
u_0649,2712,1,gourmet
u_0649,2573,1,gourmet
u_0649,2091,1,gourmet
u_0649,1956,1,gourmet
u_0649,3123,1,gourmet
u_0649,1295,1,gourmet
u_0649,835,1,gourmet
u_0649,1899,1,gourmet
u_0649,2084,1,gourmet
u_0649,1571,1,gourmet
u_0649,3578,1,gourmet
u_0649,1,1,gourmet
u_0649,1254,1,gourmet
u_0649,305,1,gourmet
u_0649,1993,1,gourmet
u_0649,4059,1,gourmet
u_0649,2115,1,gourmet
u_0649,4858,1,gourmet
u_0649,1327,1,gourmet
u_0649,1709,1,gourmet
u_0649,1969,1,gourmet
u_0649,2005,1,gourmet
u_0649,1072,1,gourmet
u_0649,2209,1,gourmet
u_0649,510,1,gourmet
u_0649,2466,1,gourmet
u_0649,2902,1,gourmet
u_0649,2274,1,gourmet
u_0649,2336,1,gourmet
u_0649,2483,1,gourmet
u_0649,1886,1,gourmet
u_0649,2202,1,gourmet
u_0649,2613,1,gourmet
u_0649,3193,1,gourmet
u_0650,11,1,festival_shopper
u_0650,1809,1,festival_shopper
u_0650,1559,1,festival_shopper
u_0650,628,1,festival_shopper
u_0650,494,1,festival_shopper
u_0650,1213,1,festival_shopper
u_0650,587,1,festival_shopper
u_0650,2424,1,festival_shopper
u_0650,1626,1,festival_shopper
u_0650,4379,1,festival_shopper
u_0650,341,1,festival_shopper
u_0650,681,1,festival_shopper
u_0650,2087,1,festival_shopper
u_0650,672,1,festival_shopper
u_0650,1364,1,festival_shopper
u_0650,72,1,festival_shopper
u_0650,1600,1,festival_shopper
u_0650,1910,1,festival_shopper
u_0650,1937,1,festival_shopper
u_0650,830,1,festival_shopper
u_0650,4319,1,festival_shopper
u_0650,206,1,festival_shopper
u_0650,188,1,festival_shopper
u_0650,794,1,festival_shopper
u_0650,275,1,festival_shopper
u_0650,4773,1,festival_shopper
u_0650,2817,1,festival_shopper
u_0650,1228,1,festival_shopper
u_0650,2720,1,festival_shopper
u_0650,476,1,festival_shopper
u_0650,33,1,festival_shopper
u_0651,290,1,festival_shopper
u_0651,648,1,festival_shopper
u_0651,4937,1,festival_shopper
u_0651,1413,1,festival_shopper
u_0651,1199,1,festival_shopper
u_0651,838,1,festival_shopper
u_0651,2558,1,festival_shopper
u_0651,2761,1,festival_shopper
u_0651,599,1,festival_shopper
u_0651,1809,1,festival_shopper
u_0651,1093,1,festival_shopper
u_0651,2518,1,festival_shopper
u_0651,1489,1,festival_shopper
u_0651,1973,1,festival_shopper
u_0651,2132,1,festival_shopper
u_0651,3085,1,festival_shopper
u_0651,861,1,festival_shopper
u_0651,342,1,festival_shopper
u_0651,3680,1,festival_shopper
u_0651,1546,1,festival_shopper
u_0651,663,1,festival_shopper
u_0651,632,1,festival_shopper
u_0651,2049,1,festival_shopper
u_0651,813,1,festival_shopper
u_0651,685,1,festival_shopper
u_0651,2401,1,festival_shopper
u_0651,38,1,festival_shopper
u_0651,2336,1,festival_shopper
u_0651,2533,1,festival_shopper
u_0651,3105,1,festival_shopper
u_0651,742,1,festival_shopper
u_0651,1732,1,festival_shopper
u_0651,294,1,festival_shopper
u_0651,1391,1,festival_shopper
u_0651,1435,1,festival_shopper
u_0651,1138,1,festival_shopper
u_0652,2965,1,household_stocker
u_0652,1237,1,household_stocker
u_0652,2905,1,household_stocker
u_0652,1768,1,household_stocker
u_0652,2395,1,household_stocker
u_0652,792,1,household_stocker
u_0652,1259,1,household_stocker
u_0652,2817,1,household_stocker
u_0652,1197,1,household_stocker
u_0652,2666,1,household_stocker
u_0652,3316,1,household_stocker
u_0652,1260,1,household_stocker
u_0652,1055,1,household_stocker
u_0652,2533,1,household_stocker
u_0652,323,1,household_stocker
u_0652,2193,1,household_stocker
u_0652,3128,1,household_stocker
u_0652,3068,1,household_stocker
u_0652,4354,1,household_stocker
u_0652,2089,1,household_stocker
u_0652,2399,1,household_stocker
u_0652,3045,1,household_stocker
u_0652,2404,1,household_stocker
u_0652,538,1,household_stocker
u_0652,491,1,household_stocker
u_0652,3129,1,household_stocker
u_0652,1998,1,household_stocker
u_0652,3091,1,household_stocker
u_0653,693,1,household_stocker
u_0653,3039,1,household_stocker
u_0653,1050,1,household_stocker
u_0653,713,1,household_stocker
u_0653,2864,1,household_stocker
u_0653,130,1,household_stocker
u_0653,896,1,household_stocker
u_0653,886,1,household_stocker
u_0653,2936,1,household_stocker
u_0653,2396,1,household_stocker
u_0653,3005,1,household_stocker
u_0653,2618,1,household_stocker
u_0653,2944,1,household_stocker
u_0653,3152,1,household_stocker
u_0653,1906,1,household_stocker
u_0653,2710,1,household_stocker
u_0653,2366,1,household_stocker
u_0653,641,1,household_stocker
u_0653,870,1,household_stocker
u_0653,1006,1,household_stocker
u_0653,707,1,household_stocker
u_0653,1728,1,household_stocker
u_0653,321,1,household_stocker
u_0653,820,1,household_stocker
u_0653,2760,1,household_stocker
u_0653,2711,1,household_stocker
u_0653,365,1,household_stocker
u_0653,244,1,household_stocker
u_0654,4237,1,breakfast_shopper
u_0654,701,1,breakfast_shopper
u_0654,4279,1,breakfast_shopper
u_0654,777,1,breakfast_shopper
u_0654,4524,1,breakfast_shopper
u_0654,3824,1,breakfast_shopper
u_0654,2352,1,breakfast_shopper
u_0654,4257,1,breakfast_shopper
u_0654,2755,1,breakfast_shopper
u_0654,2634,1,breakfast_shopper
u_0654,1809,1,breakfast_shopper
u_0654,485,1,breakfast_shopper
u_0654,4362,1,breakfast_shopper
u_0654,268,1,breakfast_shopper
u_0654,2710,1,breakfast_shopper
u_0654,4527,1,breakfast_shopper
u_0654,4343,1,breakfast_shopper
u_0654,2399,1,breakfast_shopper
u_0654,374,1,breakfast_shopper
u_0654,766,1,breakfast_shopper
u_0654,63,1,breakfast_shopper
u_0654,2550,1,breakfast_shopper
u_0654,147,1,breakfast_shopper
u_0654,2453,1,breakfast_shopper
u_0654,4102,1,breakfast_shopper
u_0654,331,1,breakfast_shopper
u_0654,2601,1,breakfast_shopper
u_0654,4407,1,breakfast_shopper
u_0654,3640,1,breakfast_shopper
u_0654,4210,1,breakfast_shopper
u_0654,4329,1,breakfast_shopper
u_0654,4431,1,breakfast_shopper
u_0655,3568,1,snack_lover
u_0655,3914,1,snack_lover
u_0655,3442,1,snack_lover
u_0655,4429,1,snack_lover
u_0655,1952,1,snack_lover
u_0655,2870,1,snack_lover
u_0655,3169,1,snack_lover
u_0655,4473,1,snack_lover
u_0655,2895,1,snack_lover
u_0655,4489,1,snack_lover
u_0655,3560,1,snack_lover
u_0655,3947,1,snack_lover
u_0655,4082,1,snack_lover
u_0655,3113,1,snack_lover
u_0655,3726,1,snack_lover
u_0655,4016,1,snack_lover
u_0655,3400,1,snack_lover
u_0655,1424,1,snack_lover
u_0655,4076,1,snack_lover
u_0655,4052,1,snack_lover
u_0655,4417,1,snack_lover
u_0655,41,1,snack_lover
u_0655,4001,1,snack_lover
u_0655,3018,1,snack_lover
u_0655,4834,1,snack_lover
u_0655,3395,1,snack_lover
u_0655,3606,1,snack_lover
u_0655,3780,1,snack_lover
u_0655,4264,1,snack_lover
u_0655,3733,1,snack_lover
u_0655,604,1,snack_lover
u_0655,3588,1,snack_lover
u_0655,3310,1,snack_lover
u_0655,3635,1,snack_lover
u_0655,4075,1,snack_lover
u_0655,3813,1,snack_lover
u_0655,3749,1,snack_lover
u_0655,4862,1,snack_lover
u_0655,4575,1,snack_lover
u_0655,3508,1,snack_lover
u_0655,3563,1,snack_lover
u_0655,3273,1,snack_lover
u_0656,728,1,gourmet
u_0656,838,1,gourmet
u_0656,2019,1,gourmet
u_0656,2992,1,gourmet
u_0656,280,1,gourmet
u_0656,1332,1,gourmet
u_0656,969,1,gourmet
u_0656,2214,1,gourmet
u_0656,2190,1,gourmet
u_0656,2607,1,gourmet
u_0656,347,1,gourmet
u_0656,2147,1,gourmet
u_0656,2199,1,gourmet
u_0656,2292,1,gourmet
u_0656,87,1,gourmet
u_0656,16,1,gourmet
u_0656,643,1,gourmet
u_0656,454,1,gourmet
u_0656,1941,1,gourmet
u_0656,1975,1,gourmet
u_0656,179,1,gourmet
u_0656,446,1,gourmet
u_0656,2248,1,gourmet
u_0656,3389,1,gourmet
u_0656,471,1,gourmet
u_0656,4017,1,gourmet
u_0656,2515,1,gourmet
u_0656,2876,1,gourmet
u_0656,4314,1,gourmet
u_0656,1239,1,gourmet
u_0656,587,1,gourmet
u_0656,2029,1,gourmet
u_0656,1178,1,gourmet
u_0656,2358,1,gourmet
u_0656,2427,1,gourmet
u_0656,235,1,gourmet
u_0656,2398,1,gourmet
u_0656,289,1,gourmet
u_0656,1049,1,gourmet
u_0656,117,2,gourmet
u_0657,1383,1,festival_shopper
u_0657,1042,1,festival_shopper
u_0657,1530,1,festival_shopper
u_0657,343,1,festival_shopper
u_0657,2162,1,festival_shopper
u_0657,338,1,festival_shopper
u_0657,1487,1,festival_shopper
u_0657,2191,1,festival_shopper
u_0657,3002,1,festival_shopper
u_0657,3340,1,festival_shopper
u_0657,960,1,festival_shopper
u_0657,3174,1,festival_shopper
u_0657,1901,1,festival_shopper
u_0657,3680,1,festival_shopper
u_0657,1321,1,festival_shopper
u_0657,1716,1,festival_shopper
u_0657,2482,1,festival_shopper
u_0657,1512,1,festival_shopper
u_0657,2038,1,festival_shopper
u_0657,2617,1,festival_shopper
u_0657,2624,2,festival_shopper
u_0657,3011,1,festival_shopper
u_0657,2816,1,festival_shopper
u_0657,1630,1,festival_shopper
u_0657,2868,1,festival_shopper
u_0657,894,1,festival_shopper
u_0657,6,1,festival_shopper
u_0657,1027,1,festival_shopper
u_0657,1479,1,festival_shopper
u_0657,1697,1,festival_shopper
u_0657,1328,1,festival_shopper
u_0657,1910,1,festival_shopper
u_0658,2569,1,breakfast_shopper
u_0658,2660,1,breakfast_shopper
u_0658,2383,1,breakfast_shopper
u_0658,4175,1,breakfast_shopper
u_0658,4245,1,breakfast_shopper
u_0658,2619,1,breakfast_shopper
u_0658,89,1,breakfast_shopper
u_0658,3468,1,breakfast_shopper
u_0658,94,1,breakfast_shopper
u_0658,3405,1,breakfast_shopper
u_0658,2377,1,breakfast_shopper
u_0658,4150,1,breakfast_shopper
u_0658,4533,1,breakfast_shopper
u_0658,2476,1,breakfast_shopper
u_0658,3357,1,breakfast_shopper
u_0658,4773,1,breakfast_shopper
u_0658,1448,1,breakfast_shopper
u_0658,3455,1,breakfast_shopper
u_0658,2560,1,breakfast_shopper
u_0658,2593,1,breakfast_shopper
u_0658,728,1,breakfast_shopper
u_0658,1467,1,breakfast_shopper
u_0658,2347,1,breakfast_shopper
u_0658,2989,1,breakfast_shopper
u_0658,1903,1,breakfast_shopper
u_0658,4453,1,breakfast_shopper
u_0658,646,1,breakfast_shopper
u_0658,4494,1,breakfast_shopper
u_0658,556,1,breakfast_shopper
u_0658,4820,1,breakfast_shopper
u_0658,4430,1,breakfast_shopper
u_0658,2702,1,breakfast_shopper
u_0658,2582,1,breakfast_shopper
u_0658,4459,1,breakfast_shopper
u_0658,3646,1,breakfast_shopper
u_0658,2392,1,breakfast_shopper
u_0658,4458,1,breakfast_shopper
u_0658,2532,1,breakfast_shopper
u_0658,244,1,breakfast_shopper
u_0658,311,1,breakfast_shopper
u_0659,3813,1,snack_lover
u_0659,3216,1,snack_lover
u_0659,3350,1,snack_lover
u_0659,3503,1,snack_lover
u_0659,3443,1,snack_lover
u_0659,924,1,snack_lover
u_0659,3905,1,snack_lover
u_0659,4027,1,snack_lover
u_0659,3580,1,snack_lover
u_0659,3961,1,snack_lover
u_0659,3154,1,snack_lover
u_0659,3144,2,snack_lover
u_0659,3913,1,snack_lover
u_0659,3605,1,snack_lover
u_0659,3595,1,snack_lover
u_0659,2858,1,snack_lover
u_0659,3898,1,snack_lover
u_0659,3301,1,snack_lover
u_0659,1524,1,snack_lover
u_0659,64,1,snack_lover
u_0659,4546,1,snack_lover
u_0659,1959,1,snack_lover
u_0659,3783,2,snack_lover
u_0659,2838,1,snack_lover
u_0659,1398,1,snack_lover
u_0659,2842,1,snack_lover
u_0659,4231,1,snack_lover
u_0659,2403,1,snack_lover
u_0659,3678,1,snack_lover
u_0659,3989,1,snack_lover
u_0659,4059,1,snack_lover
u_0659,2603,1,snack_lover
u_0659,1346,1,snack_lover
u_0660,1551,1,festival_shopper
u_0660,2784,1,festival_shopper
u_0660,140,1,festival_shopper
u_0660,3277,1,festival_shopper
u_0660,1453,2,festival_shopper
u_0660,1439,1,festival_shopper
u_0660,2054,1,festival_shopper
u_0660,4814,1,festival_shopper
u_0660,2682,1,festival_shopper
u_0660,2704,1,festival_shopper
u_0660,1826,1,festival_shopper
u_0660,159,1,festival_shopper
u_0660,1782,1,festival_shopper
u_0660,1700,1,festival_shopper
u_0660,3359,1,festival_shopper
u_0660,1594,1,festival_shopper
u_0660,612,1,festival_shopper
u_0660,3371,1,festival_shopper
u_0660,1619,1,festival_shopper
u_0660,1502,1,festival_shopper
u_0660,1726,1,festival_shopper
u_0660,240,1,festival_shopper
u_0660,108,1,festival_shopper
u_0660,2435,1,festival_shopper
u_0660,2364,1,festival_shopper
u_0660,120,1,festival_shopper
u_0660,186,1,festival_shopper
u_0660,1426,1,festival_shopper
u_0660,39,1,festival_shopper
u_0660,132,1,festival_shopper
u_0660,249,1,festival_shopper
u_0660,202,1,festival_shopper
u_0660,1464,1,festival_shopper
u_0660,1814,1,festival_shopper
u_0660,3032,1,festival_shopper
u_0661,785,1,gourmet
u_0661,1971,1,gourmet
u_0661,1137,1,gourmet
u_0661,194,1,gourmet
u_0661,2254,1,gourmet
u_0661,2493,1,gourmet
u_0661,1099,1,gourmet
u_0661,2995,1,gourmet
u_0661,2010,1,gourmet
u_0661,2223,1,gourmet
u_0661,1733,1,gourmet
u_0661,3202,1,gourmet
u_0661,4385,1,gourmet
u_0661,168,1,gourmet
u_0661,363,1,gourmet
u_0661,1917,1,gourmet
u_0661,2207,1,gourmet
u_0661,4933,1,gourmet
u_0661,2541,1,gourmet
u_0661,1206,1,gourmet
u_0661,1962,1,gourmet
u_0661,2249,1,gourmet
u_0661,2454,1,gourmet
u_0661,4343,1,gourmet
u_0661,1361,1,gourmet
u_0661,2331,1,gourmet
u_0661,383,1,gourmet
u_0661,634,1,gourmet
u_0661,1313,1,gourmet
u_0661,443,1,gourmet
u_0661,204,1,gourmet
u_0661,13,1,gourmet
u_0661,2078,1,gourmet
u_0661,1857,1,gourmet
u_0661,1293,1,gourmet
u_0661,4415,1,gourmet
u_0661,16,1,gourmet
u_0661,57,1,gourmet
u_0661,729,1,gourmet
u_0661,241,1,gourmet
u_0661,682,1,gourmet
u_0662,2458,1,fruit_lover
u_0662,3000,1,fruit_lover
u_0662,100,1,fruit_lover
u_0662,504,1,fruit_lover
u_0662,2789,1,fruit_lover
u_0662,939,1,fruit_lover
u_0662,2645,1,fruit_lover
u_0662,3004,1,fruit_lover
u_0662,797,1,fruit_lover
u_0662,1908,1,fruit_lover
u_0662,307,1,fruit_lover
u_0662,260,1,fruit_lover
u_0662,2183,1,fruit_lover
u_0662,2107,1,fruit_lover
u_0662,389,1,fruit_lover
u_0662,432,1,fruit_lover
u_0662,2653,1,fruit_lover
u_0662,1564,1,fruit_lover
u_0662,2452,1,fruit_lover
u_0662,7,1,fruit_lover
u_0662,148,1,fruit_lover
u_0662,184,1,fruit_lover
u_0662,406,1,fruit_lover
u_0662,90,1,fruit_lover
u_0662,221,1,fruit_lover
u_0662,2169,1,fruit_lover
u_0662,448,2,fruit_lover
u_0662,391,1,fruit_lover
u_0662,28,1,fruit_lover
u_0662,2472,1,fruit_lover
u_0662,2895,1,fruit_lover
u_0662,917,1,fruit_lover
u_0662,2038,1,fruit_lover
u_0662,187,1,fruit_lover
u_0662,1901,1,fruit_lover
u_0662,953,1,fruit_lover
u_0662,153,1,fruit_lover
u_0662,309,1,fruit_lover
u_0663,2937,1,household_stocker
u_0663,2310,1,household_stocker
u_0663,2677,1,household_stocker
u_0663,2831,1,household_stocker
u_0663,2490,1,household_stocker
u_0663,2726,1,household_stocker
u_0663,2420,1,household_stocker
u_0663,3600,1,household_stocker
u_0663,3020,1,household_stocker
u_0663,2946,1,household_stocker
u_0663,1865,1,household_stocker
u_0663,2907,1,household_stocker
u_0663,2934,1,household_stocker
u_0663,2153,1,household_stocker
u_0663,1168,1,household_stocker
u_0663,2618,1,household_stocker
u_0663,128,1,household_stocker
u_0663,1430,1,household_stocker
u_0663,706,1,household_stocker
u_0663,2368,1,household_stocker
u_0663,120,1,household_stocker
u_0663,2038,1,household_stocker
u_0663,245,1,household_stocker
u_0663,2679,1,household_stocker
u_0663,3030,1,household_stocker
u_0663,1141,1,household_stocker
u_0663,2475,1,household_stocker
u_0663,2899,1,household_stocker
u_0663,568,1,household_stocker
u_0663,2610,1,household_stocker
u_0663,2683,1,household_stocker
u_0663,96,1,household_stocker
u_0663,2570,1,household_stocker
u_0664,752,1,gourmet
u_0664,202,1,gourmet
u_0664,4770,1,gourmet
u_0664,4529,1,gourmet
u_0664,1946,1,gourmet
u_0664,154,1,gourmet
u_0664,1962,1,gourmet
u_0664,74,1,gourmet
u_0664,308,1,gourmet
u_0664,1919,1,gourmet
u_0664,1888,1,gourmet
u_0664,619,1,gourmet
u_0664,2256,1,gourmet
u_0664,400,1,gourmet
u_0664,3108,1,gourmet
u_0664,2283,1,gourmet
u_0664,3797,1,gourmet
u_0664,595,1,gourmet
u_0664,2882,1,gourmet
u_0664,2080,1,gourmet
u_0664,2804,1,gourmet
u_0664,2301,1,gourmet
u_0664,881,1,gourmet
u_0664,2063,1,gourmet
u_0664,297,1,gourmet
u_0664,299,1,gourmet
u_0664,958,1,gourmet
u_0664,843,1,gourmet
u_0664,86,1,gourmet
u_0664,3087,1,gourmet
u_0664,2070,1,gourmet
u_0664,2828,1,gourmet
u_0664,1087,1,gourmet
u_0664,2836,1,gourmet
u_0664,2154,1,gourmet
u_0664,4168,1,gourmet
u_0664,2153,1,gourmet
u_0664,2519,1,gourmet
u_0664,869,1,gourmet
u_0664,2091,1,gourmet
u_0664,2426,1,gourmet
u_0664,2609,1,gourmet
u_0664,3416,1,gourmet
u_0664,476,1,gourmet
u_0664,2133,1,gourmet
u_0664,720,1,gourmet
u_0664,3825,1,gourmet
u_0665,2716,1,household_stocker
u_0665,2598,1,household_stocker
u_0665,2641,1,household_stocker
u_0665,2846,1,household_stocker
u_0665,2711,1,household_stocker
u_0665,2581,1,household_stocker
u_0665,2992,1,household_stocker
u_0665,2960,1,household_stocker
u_0665,2531,1,household_stocker
u_0665,3174,1,household_stocker
u_0665,2400,1,household_stocker
u_0665,455,1,household_stocker
u_0665,1570,1,household_stocker
u_0665,1557,1,household_stocker
u_0665,2534,1,household_stocker
u_0665,206,1,household_stocker
u_0665,2714,1,household_stocker
u_0665,2867,1,household_stocker
u_0665,754,1,household_stocker
u_0665,3516,1,household_stocker
u_0665,2955,1,household_stocker
u_0665,2558,1,household_stocker
u_0665,2977,1,household_stocker
u_0665,2593,1,household_stocker
u_0666,3385,1,snack_lover
u_0666,3256,1,snack_lover
u_0666,4589,1,snack_lover
u_0666,3376,1,snack_lover
u_0666,3523,1,snack_lover
u_0666,3242,1,snack_lover
u_0666,3933,1,snack_lover
u_0666,4727,1,snack_lover
u_0666,4168,1,snack_lover
u_0666,595,1,snack_lover
u_0666,3299,1,snack_lover
u_0666,2941,1,snack_lover
u_0666,4439,1,snack_lover
u_0666,4287,1,snack_lover
u_0666,1,1,snack_lover
u_0666,3797,1,snack_lover
u_0666,39,1,snack_lover
u_0666,315,1,snack_lover
u_0666,3564,1,snack_lover
u_0666,3835,1,snack_lover
u_0666,3569,1,snack_lover
u_0666,4079,1,snack_lover
u_0666,2144,1,snack_lover
u_0666,4469,1,snack_lover
u_0666,3069,1,snack_lover
u_0666,3741,1,snack_lover
u_0666,3357,1,snack_lover
u_0666,3580,1,snack_lover
u_0666,2641,1,snack_lover
u_0666,3268,1,snack_lover
u_0666,4569,1,snack_lover
u_0666,2962,1,snack_lover
u_0666,3588,1,snack_lover
u_0666,3677,1,snack_lover
u_0666,3342,1,snack_lover
u_0666,2827,1,snack_lover
u_0666,2860,1,snack_lover
u_0666,3310,1,snack_lover
u_0666,4033,1,snack_lover
u_0666,3330,1,snack_lover
u_0666,3666,1,snack_lover
u_0666,3486,1,snack_lover
u_0666,3813,1,snack_lover
u_0666,3362,1,snack_lover
u_0666,2914,1,snack_lover
u_0666,3434,1,snack_lover
u_0666,4553,1,snack_lover
u_0666,2815,1,snack_lover
u_0667,4200,1,breakfast_shopper
u_0667,3409,1,breakfast_shopper
u_0667,2872,1,breakfast_shopper
u_0667,3265,1,breakfast_shopper
u_0667,4141,1,breakfast_shopper
u_0667,3270,1,breakfast_shopper
u_0667,542,1,breakfast_shopper
u_0667,4161,1,breakfast_shopper
u_0667,4182,1,breakfast_shopper
u_0667,1848,1,breakfast_shopper
u_0667,4408,1,breakfast_shopper
u_0667,2313,1,breakfast_shopper
u_0667,4559,1,breakfast_shopper
u_0667,2654,1,breakfast_shopper
u_0667,332,1,breakfast_shopper
u_0667,4358,1,breakfast_shopper
u_0667,2500,2,breakfast_shopper
u_0667,4226,1,breakfast_shopper
u_0667,4421,1,breakfast_shopper
u_0667,14,1,breakfast_shopper
u_0667,113,1,breakfast_shopper
u_0667,4373,1,breakfast_shopper
u_0667,3233,1,breakfast_shopper
u_0667,2092,1,breakfast_shopper
u_0667,2718,1,breakfast_shopper
u_0667,2565,1,breakfast_shopper
u_0667,4487,1,breakfast_shopper
u_0667,4431,1,breakfast_shopper
u_0667,4210,1,breakfast_shopper
u_0667,2351,1,breakfast_shopper
u_0667,4245,1,breakfast_shopper
u_0667,420,1,breakfast_shopper
u_0667,2753,1,breakfast_shopper
u_0667,3368,1,breakfast_shopper
u_0667,4540,1,breakfast_shopper
u_0667,2646,1,breakfast_shopper
u_0667,2473,1,breakfast_shopper
u_0668,2272,1,fruit_lover
u_0668,2484,1,fruit_lover
u_0668,2510,1,fruit_lover
u_0668,2642,1,fruit_lover
u_0668,1173,1,fruit_lover
u_0668,234,1,fruit_lover
u_0668,397,1,fruit_lover
u_0668,2506,1,fruit_lover
u_0668,1592,1,fruit_lover
u_0668,2429,1,fruit_lover
u_0668,541,1,fruit_lover
u_0668,4082,1,fruit_lover
u_0668,372,1,fruit_lover
u_0668,981,1,fruit_lover
u_0668,1566,1,fruit_lover
u_0668,340,1,fruit_lover
u_0668,2892,1,fruit_lover
u_0668,623,1,fruit_lover
u_0668,127,1,fruit_lover
u_0668,2451,1,fruit_lover
u_0668,2765,1,fruit_lover
u_0668,3403,1,fruit_lover
u_0668,916,1,fruit_lover
u_0668,608,1,fruit_lover
u_0668,2615,1,fruit_lover
u_0668,166,1,fruit_lover
u_0668,427,1,fruit_lover
u_0668,335,1,fruit_lover
u_0668,1748,1,fruit_lover
u_0668,3200,1,fruit_lover
u_0668,354,1,fruit_lover
u_0668,905,1,fruit_lover
u_0668,192,1,fruit_lover
u_0668,1242,1,fruit_lover
u_0668,668,1,fruit_lover
u_0668,2750,1,fruit_lover
u_0668,170,1,fruit_lover
u_0668,882,1,fruit_lover
u_0668,1205,1,fruit_lover
u_0668,679,1,fruit_lover
u_0668,454,1,fruit_lover
u_0668,2999,1,fruit_lover
u_0668,177,1,fruit_lover
u_0668,526,1,fruit_lover
u_0668,1599,1,fruit_lover
u_0668,2044,1,fruit_lover
u_0668,1246,1,fruit_lover
u_0669,2409,1,breakfast_shopper
u_0669,4497,1,breakfast_shopper
u_0669,4591,1,breakfast_shopper
u_0669,4205,1,breakfast_shopper
u_0669,783,1,breakfast_shopper
u_0669,202,1,breakfast_shopper
u_0669,4458,1,breakfast_shopper
u_0669,1968,1,breakfast_shopper
u_0669,4311,1,breakfast_shopper
u_0669,2679,1,breakfast_shopper
u_0669,4146,1,breakfast_shopper
u_0669,172,1,breakfast_shopper
u_0669,4180,1,breakfast_shopper
u_0669,52,1,breakfast_shopper
u_0669,2512,1,breakfast_shopper
u_0669,4491,1,breakfast_shopper
u_0669,4314,1,breakfast_shopper
u_0669,3439,1,breakfast_shopper
u_0669,140,1,breakfast_shopper
u_0669,4112,1,breakfast_shopper
u_0669,54,1,breakfast_shopper
u_0669,4361,1,breakfast_shopper
u_0669,270,1,breakfast_shopper
u_0669,1448,1,breakfast_shopper
u_0669,4577,1,breakfast_shopper
u_0669,3353,1,breakfast_shopper
u_0669,667,1,breakfast_shopper
u_0669,401,1,breakfast_shopper
u_0669,4580,1,breakfast_shopper
u_0669,4288,2,breakfast_shopper
u_0669,4346,1,breakfast_shopper
u_0669,4268,1,breakfast_shopper
u_0669,1791,1,breakfast_shopper
u_0670,981,1,festival_shopper
u_0670,1360,1,festival_shopper
u_0670,2692,1,festival_shopper
u_0670,2953,1,festival_shopper
u_0670,853,1,festival_shopper
u_0670,65,1,festival_shopper
u_0670,185,1,festival_shopper
u_0670,1736,1,festival_shopper
u_0670,2315,1,festival_shopper
u_0670,1753,1,festival_shopper
u_0670,387,1,festival_shopper
u_0670,887,1,festival_shopper
u_0670,3195,1,festival_shopper
u_0670,925,1,festival_shopper
u_0670,2417,1,festival_shopper
u_0670,1045,1,festival_shopper
u_0670,384,1,festival_shopper
u_0670,1697,1,festival_shopper
u_0670,2582,1,festival_shopper
u_0670,1224,1,festival_shopper
u_0670,2724,1,festival_shopper
u_0670,164,1,festival_shopper
u_0670,1460,1,festival_shopper
u_0670,1803,1,festival_shopper
u_0670,1727,1,festival_shopper
u_0670,439,1,festival_shopper
u_0670,1785,1,festival_shopper
u_0670,1400,1,festival_shopper
u_0670,4902,1,festival_shopper
u_0670,1641,1,festival_shopper
u_0670,1569,1,festival_shopper
u_0670,1737,1,festival_shopper
u_0670,1414,1,festival_shopper
u_0670,2971,1,festival_shopper
u_0670,2448,1,festival_shopper
u_0670,16,1,festival_shopper
u_0670,318,1,festival_shopper
u_0670,1391,1,festival_shopper
u_0670,1719,1,festival_shopper
u_0671,2662,1,household_stocker
u_0671,2990,1,household_stocker
u_0671,2750,1,household_stocker
u_0671,2584,1,household_stocker
u_0671,125,1,household_stocker
u_0671,2994,1,household_stocker
u_0671,3676,1,household_stocker
u_0671,756,1,household_stocker
u_0671,3118,1,household_stocker
u_0671,3164,1,household_stocker
u_0671,112,1,household_stocker
u_0671,1314,1,household_stocker
u_0671,2656,1,household_stocker
u_0671,1686,1,household_stocker
u_0671,1423,1,household_stocker
u_0671,1804,1,household_stocker
u_0671,2460,1,household_stocker
u_0671,1629,1,household_stocker
u_0671,3160,1,household_stocker
u_0671,2901,1,household_stocker
u_0671,2091,1,household_stocker
u_0671,979,1,household_stocker
u_0671,2837,1,household_stocker
u_0671,2839,1,household_stocker
u_0672,2218,1,gourmet
u_0672,3426,1,gourmet
u_0672,1900,1,gourmet
u_0672,733,1,gourmet
u_0672,1898,1,gourmet
u_0672,2154,1,gourmet
u_0672,3180,1,gourmet
u_0672,2504,1,gourmet
u_0672,71,1,gourmet
u_0672,1303,1,gourmet
u_0672,2021,1,gourmet
u_0672,2443,1,gourmet
u_0672,1259,1,gourmet
u_0672,2242,1,gourmet
u_0672,1873,1,gourmet
u_0672,674,1,gourmet
u_0672,2538,1,gourmet
u_0672,2202,1,gourmet
u_0672,2636,1,gourmet
u_0672,2183,1,gourmet
u_0672,2483,1,gourmet
u_0672,914,1,gourmet
u_0672,1984,1,gourmet
u_0672,1990,1,gourmet
u_0672,1824,1,gourmet
u_0672,797,1,gourmet
u_0672,3807,1,gourmet
u_0672,602,1,gourmet
u_0672,517,1,gourmet
u_0672,2759,1,gourmet
u_0672,620,1,gourmet
u_0672,1072,1,gourmet
u_0672,732,1,gourmet
u_0672,3300,1,gourmet
u_0672,1094,1,gourmet
u_0672,3599,1,gourmet
u_0672,2090,1,gourmet
u_0672,2597,1,gourmet
u_0672,1802,1,gourmet
u_0672,2085,1,gourmet
u_0672,2152,1,gourmet
u_0672,611,1,gourmet
u_0672,324,1,gourmet
u_0672,2607,1,gourmet
u_0673,4922,1,snack_lover
u_0673,3669,1,snack_lover
u_0673,3115,1,snack_lover
u_0673,3843,1,snack_lover
u_0673,3403,1,snack_lover
u_0673,3699,1,snack_lover
u_0673,2978,1,snack_lover
u_0673,4943,1,snack_lover
u_0673,3576,1,snack_lover
u_0673,557,1,snack_lover
u_0673,3437,1,snack_lover
u_0673,4190,1,snack_lover
u_0673,3456,1,snack_lover
u_0673,3282,1,snack_lover
u_0673,3610,1,snack_lover
u_0673,3087,1,snack_lover
u_0673,4067,1,snack_lover
u_0673,3328,1,snack_lover
u_0673,3902,1,snack_lover
u_0673,3948,1,snack_lover
u_0673,4128,1,snack_lover
u_0673,3803,1,snack_lover
u_0673,3565,1,snack_lover
u_0673,4486,1,snack_lover
u_0673,3941,1,snack_lover
u_0673,3561,1,snack_lover
u_0673,3529,1,snack_lover
u_0673,4042,1,snack_lover
u_0674,2853,1,festival_shopper
u_0674,1559,1,festival_shopper
u_0674,133,1,festival_shopper
u_0674,129,1,festival_shopper
u_0674,1809,1,festival_shopper
u_0674,787,1,festival_shopper
u_0674,1624,1,festival_shopper
u_0674,541,1,festival_shopper
u_0674,492,1,festival_shopper
u_0674,443,1,festival_shopper
u_0674,438,1,festival_shopper
u_0674,1989,1,festival_shopper
u_0674,1529,1,festival_shopper
u_0674,1751,1,festival_shopper
u_0674,1443,1,festival_shopper
u_0674,121,1,festival_shopper
u_0674,2768,1,festival_shopper
u_0674,2914,1,festival_shopper
u_0674,4045,1,festival_shopper
u_0674,527,1,festival_shopper
u_0674,1825,1,festival_shopper
u_0674,1635,1,festival_shopper
u_0674,2324,1,festival_shopper
u_0675,169,1,festival_shopper
u_0675,420,1,festival_shopper
u_0675,902,1,festival_shopper
u_0675,4683,1,festival_shopper
u_0675,1762,1,festival_shopper
u_0675,1289,1,festival_shopper
u_0675,1804,1,festival_shopper
u_0675,13,1,festival_shopper
u_0675,96,1,festival_shopper
u_0675,2039,1,festival_shopper
u_0675,352,1,festival_shopper
u_0675,1678,1,festival_shopper
u_0675,580,1,festival_shopper
u_0675,2210,1,festival_shopper
u_0675,2368,1,festival_shopper
u_0675,1786,1,festival_shopper
u_0675,1548,1,festival_shopper
u_0675,1423,1,festival_shopper
u_0675,1756,1,festival_shopper
u_0675,2964,1,festival_shopper
u_0675,2034,1,festival_shopper
u_0675,1629,1,festival_shopper
u_0675,1972,1,festival_shopper
u_0675,1663,1,festival_shopper
u_0675,68,1,festival_shopper
u_0675,1601,1,festival_shopper
u_0675,1437,1,festival_shopper
u_0675,2578,1,festival_shopper
u_0675,196,1,festival_shopper
u_0675,4771,1,festival_shopper
u_0675,1573,1,festival_shopper
u_0675,561,1,festival_shopper
u_0675,4097,1,festival_shopper
u_0676,1925,1,fruit_lover
u_0676,3305,1,fruit_lover
u_0676,2353,1,fruit_lover
u_0676,1554,1,fruit_lover
u_0676,167,1,fruit_lover
u_0676,408,1,fruit_lover
u_0676,602,1,fruit_lover
u_0676,2248,1,fruit_lover
u_0676,1039,1,fruit_lover
u_0676,1555,1,fruit_lover
u_0676,433,1,fruit_lover
u_0676,2936,1,fruit_lover
u_0676,1339,1,fruit_lover
u_0676,97,2,fruit_lover
u_0676,2010,1,fruit_lover
u_0676,242,1,fruit_lover
u_0676,310,1,fruit_lover
u_0676,155,1,fruit_lover
u_0676,335,1,fruit_lover
u_0676,2985,1,fruit_lover
u_0676,779,1,fruit_lover
u_0676,2025,1,fruit_lover
u_0676,79,1,fruit_lover
u_0676,202,1,fruit_lover
u_0676,517,1,fruit_lover
u_0676,1818,1,fruit_lover
u_0676,698,1,fruit_lover
u_0676,1763,1,fruit_lover
u_0676,231,1,fruit_lover
u_0676,2577,1,fruit_lover
u_0676,3298,1,fruit_lover
u_0676,2381,1,fruit_lover
u_0676,1743,1,fruit_lover
u_0676,2198,1,fruit_lover
u_0676,825,1,fruit_lover
u_0676,2801,1,fruit_lover
u_0676,4194,1,fruit_lover
u_0676,1259,1,fruit_lover
u_0676,3099,1,fruit_lover
u_0676,170,1,fruit_lover
u_0676,2806,1,fruit_lover
u_0677,1495,1,household_stocker
u_0677,3062,1,household_stocker
u_0677,2631,1,household_stocker
u_0677,1100,1,household_stocker
u_0677,2942,1,household_stocker
u_0677,426,1,household_stocker
u_0677,2193,1,household_stocker
u_0677,1590,1,household_stocker
u_0677,2049,1,household_stocker
u_0677,864,1,household_stocker
u_0677,3201,1,household_stocker
u_0677,3188,1,household_stocker
u_0677,1005,1,household_stocker
u_0677,2681,1,household_stocker
u_0677,1329,1,household_stocker
u_0677,3137,1,household_stocker
u_0677,4254,1,household_stocker
u_0677,3012,1,household_stocker
u_0677,2830,1,household_stocker
u_0677,3143,1,household_stocker
u_0677,3027,1,household_stocker
u_0677,896,1,household_stocker
u_0677,585,1,household_stocker
u_0677,2928,1,household_stocker
u_0677,3016,1,household_stocker
u_0677,2392,1,household_stocker
u_0677,141,1,household_stocker
u_0677,2418,1,household_stocker
u_0677,2561,1,household_stocker
u_0677,3127,1,household_stocker
u_0677,531,1,household_stocker
u_0678,3689,1,snack_lover
u_0678,3479,1,snack_lover
u_0678,3505,1,snack_lover
u_0678,3480,1,snack_lover
u_0678,3755,1,snack_lover
u_0678,4365,1,snack_lover
u_0678,2050,1,snack_lover
u_0678,3261,1,snack_lover
u_0678,3245,1,snack_lover
u_0678,4026,1,snack_lover
u_0678,3612,1,snack_lover
u_0678,3258,1,snack_lover
u_0678,3466,1,snack_lover
u_0678,912,1,snack_lover
u_0678,783,1,snack_lover
u_0678,3745,1,snack_lover
u_0678,3664,2,snack_lover
u_0678,3492,1,snack_lover
u_0678,3944,1,snack_lover
u_0678,5039,1,snack_lover
u_0678,3623,1,snack_lover
u_0678,3563,1,snack_lover
u_0678,3260,1,snack_lover
u_0678,3832,1,snack_lover
u_0678,4116,1,snack_lover
u_0678,4586,1,snack_lover
u_0678,4956,1,snack_lover
u_0678,3165,1,snack_lover
u_0678,4202,1,snack_lover
u_0678,3625,1,snack_lover
u_0678,3807,1,snack_lover
u_0678,2688,1,snack_lover
u_0679,859,1,fruit_lover
u_0679,109,1,fruit_lover
u_0679,4812,1,fruit_lover
u_0679,1513,1,fruit_lover
u_0679,107,1,fruit_lover
u_0679,834,1,fruit_lover
u_0679,2730,1,fruit_lover
u_0679,4833,1,fruit_lover
u_0679,430,1,fruit_lover
u_0679,2390,1,fruit_lover
u_0679,168,1,fruit_lover
u_0679,340,1,fruit_lover
u_0679,4523,1,fruit_lover
u_0679,295,1,fruit_lover
u_0679,3051,1,fruit_lover
u_0679,381,1,fruit_lover
u_0679,1722,1,fruit_lover
u_0679,456,1,fruit_lover
u_0679,711,1,fruit_lover
u_0679,3587,1,fruit_lover
u_0679,376,1,fruit_lover
u_0679,2071,1,fruit_lover
u_0679,2969,1,fruit_lover
u_0679,1117,1,fruit_lover
u_0679,25,1,fruit_lover
u_0679,2200,1,fruit_lover
u_0679,462,1,fruit_lover
u_0679,603,1,fruit_lover
u_0679,131,1,fruit_lover
u_0679,421,1,fruit_lover
u_0679,2136,1,fruit_lover
u_0679,1662,1,fruit_lover
u_0679,324,1,fruit_lover
u_0679,541,1,fruit_lover
u_0679,1570,1,fruit_lover
u_0679,298,1,fruit_lover
u_0680,3504,1,snack_lover
u_0680,2958,1,snack_lover
u_0680,3031,1,snack_lover
u_0680,2776,1,snack_lover
u_0680,3543,1,snack_lover
u_0680,3817,1,snack_lover
u_0680,3935,1,snack_lover
u_0680,3063,1,snack_lover
u_0680,4198,1,snack_lover
u_0680,3305,1,snack_lover
u_0680,2862,1,snack_lover
u_0680,3454,1,snack_lover
u_0680,3704,2,snack_lover
u_0680,3350,1,snack_lover
u_0680,4596,1,snack_lover
u_0680,3290,1,snack_lover
u_0680,1985,1,snack_lover
u_0680,1970,1,snack_lover
u_0680,3821,1,snack_lover
u_0680,3000,1,snack_lover
u_0680,3970,1,snack_lover
u_0680,3296,1,snack_lover
u_0680,4527,1,snack_lover
u_0680,3788,1,snack_lover
u_0680,3351,1,snack_lover
u_0680,4396,1,snack_lover
u_0680,3975,1,snack_lover
u_0680,4161,1,snack_lover
u_0680,3592,1,snack_lover
u_0680,3864,1,snack_lover
u_0680,3505,1,snack_lover
u_0680,3009,1,snack_lover
u_0680,4364,1,snack_lover
u_0680,3286,1,snack_lover
u_0680,3399,1,snack_lover
u_0681,3035,1,snack_lover
u_0681,3360,1,snack_lover
u_0681,3476,1,snack_lover
u_0681,2783,1,snack_lover
u_0681,3386,1,snack_lover
u_0681,3857,1,snack_lover
u_0681,2807,1,snack_lover
u_0681,4138,1,snack_lover
u_0681,2849,1,snack_lover
u_0681,3489,1,snack_lover
u_0681,3475,1,snack_lover
u_0681,4342,1,snack_lover
u_0681,2899,1,snack_lover
u_0681,4317,1,snack_lover
u_0681,3633,1,snack_lover
u_0681,3090,1,snack_lover
u_0681,3380,1,snack_lover
u_0681,3785,1,snack_lover
u_0681,3421,1,snack_lover
u_0681,3227,1,snack_lover
u_0681,3285,1,snack_lover
u_0681,4114,1,snack_lover
u_0681,3769,1,snack_lover
u_0681,3638,1,snack_lover
u_0681,3287,1,snack_lover
u_0681,3969,1,snack_lover
u_0681,2769,1,snack_lover
u_0681,4045,1,snack_lover
u_0681,3647,1,snack_lover
u_0681,3763,1,snack_lover
u_0681,2674,1,snack_lover
u_0681,4079,1,snack_lover
u_0681,4137,1,snack_lover
u_0681,3629,1,snack_lover
u_0681,2891,1,snack_lover
u_0681,3133,1,snack_lover
u_0682,2191,1,household_stocker
u_0682,1573,1,household_stocker
u_0682,2975,1,household_stocker
u_0682,3166,1,household_stocker
u_0682,2235,1,household_stocker
u_0682,3729,1,household_stocker
u_0682,1262,1,household_stocker
u_0682,2786,1,household_stocker
u_0682,227,1,household_stocker
u_0682,177,1,household_stocker
u_0682,2840,1,household_stocker
u_0682,1552,1,household_stocker
u_0682,2987,1,household_stocker
u_0682,2947,1,household_stocker
u_0682,2962,1,household_stocker
u_0682,666,1,household_stocker
u_0682,4208,1,household_stocker
u_0682,2738,1,household_stocker
u_0682,1069,1,household_stocker
u_0682,2385,1,household_stocker
u_0682,2302,1,household_stocker
u_0682,2262,1,household_stocker
u_0682,892,1,household_stocker
u_0682,2309,1,household_stocker
u_0682,1200,1,household_stocker
u_0682,3652,1,household_stocker
u_0682,3113,1,household_stocker
u_0682,2848,1,household_stocker
u_0682,3180,1,household_stocker
u_0682,840,1,household_stocker
u_0682,492,1,household_stocker
u_0682,2153,1,household_stocker
u_0682,2441,1,household_stocker
u_0682,1795,1,household_stocker
u_0682,2412,1,household_stocker
u_0682,3078,1,household_stocker
u_0682,2881,1,household_stocker
u_0682,1923,1,household_stocker
u_0682,3015,1,household_stocker
u_0682,2488,1,household_stocker
u_0683,2095,1,veg_cook
u_0683,2831,1,veg_cook
u_0683,120,1,veg_cook
u_0683,2404,1,veg_cook
u_0683,1066,1,veg_cook
u_0683,2259,1,veg_cook
u_0683,594,1,veg_cook
u_0683,3133,1,veg_cook
u_0683,3465,1,veg_cook
u_0683,555,1,veg_cook
u_0683,2072,1,veg_cook
u_0683,844,1,veg_cook
u_0683,1631,1,veg_cook
u_0683,2769,1,veg_cook
u_0683,587,1,veg_cook
u_0683,2527,1,veg_cook
u_0683,1883,1,veg_cook
u_0683,1976,1,veg_cook
u_0683,3098,1,veg_cook
u_0683,944,1,veg_cook
u_0683,1297,1,veg_cook
u_0683,4106,1,veg_cook
u_0683,4280,1,veg_cook
u_0683,2204,1,veg_cook
u_0683,1096,1,veg_cook
u_0683,2694,1,veg_cook
u_0683,4957,1,veg_cook
u_0683,2051,1,veg_cook
u_0683,868,1,veg_cook
u_0683,2520,1,veg_cook
u_0683,905,1,veg_cook
u_0683,1960,1,veg_cook
u_0683,2708,1,veg_cook
u_0683,2693,1,veg_cook
u_0683,651,1,veg_cook
u_0683,109,1,veg_cook
u_0683,2140,1,veg_cook
u_0683,1321,1,veg_cook
u_0683,707,1,veg_cook
u_0683,675,1,veg_cook
u_0683,2343,1,veg_cook
u_0683,2655,1,veg_cook
u_0683,1491,1,veg_cook
u_0683,2048,1,veg_cook
u_0683,2358,1,veg_cook
u_0683,1178,1,veg_cook
u_0683,542,1,veg_cook
u_0684,4588,1,snack_lover
u_0684,3707,1,snack_lover
u_0684,3576,1,snack_lover
u_0684,4180,1,snack_lover
u_0684,3459,1,snack_lover
u_0684,3780,2,snack_lover
u_0684,3037,1,snack_lover
u_0684,3540,1,snack_lover
u_0684,3101,1,snack_lover
u_0684,3107,1,snack_lover
u_0684,3049,1,snack_lover
u_0684,2889,1,snack_lover
u_0684,4008,1,snack_lover
u_0684,4227,1,snack_lover
u_0684,1374,1,snack_lover
u_0684,4642,1,snack_lover
u_0684,4040,1,snack_lover
u_0684,3250,1,snack_lover
u_0684,2771,1,snack_lover
u_0684,3536,1,snack_lover
u_0684,3496,1,snack_lover
u_0684,2803,1,snack_lover
u_0684,3955,1,snack_lover
u_0684,3482,1,snack_lover
u_0684,3473,1,snack_lover
u_0684,4402,1,snack_lover
u_0684,3223,1,snack_lover
u_0684,3505,1,snack_lover
u_0684,4410,1,snack_lover
u_0684,4250,1,snack_lover
u_0684,2915,1,snack_lover
u_0684,3947,1,snack_lover
u_0685,46,1,festival_shopper
u_0685,2575,1,festival_shopper
u_0685,2095,1,festival_shopper
u_0685,2547,1,festival_shopper
u_0685,312,1,festival_shopper
u_0685,68,1,festival_shopper
u_0685,1693,1,festival_shopper
u_0685,766,1,festival_shopper
u_0685,1687,1,festival_shopper
u_0685,2740,1,festival_shopper
u_0685,1239,1,festival_shopper
u_0685,2498,1,festival_shopper
u_0685,2394,1,festival_shopper
u_0685,2660,1,festival_shopper
u_0685,377,1,festival_shopper
u_0685,2334,1,festival_shopper
u_0685,1549,1,festival_shopper
u_0685,950,1,festival_shopper
u_0685,859,1,festival_shopper
u_0685,4235,1,festival_shopper
u_0685,1810,1,festival_shopper
u_0685,1839,1,festival_shopper
u_0685,3446,1,festival_shopper
u_0685,2749,1,festival_shopper
u_0685,2264,1,festival_shopper
u_0685,4089,1,festival_shopper
u_0685,629,1,festival_shopper
u_0685,3163,1,festival_shopper
u_0685,727,1,festival_shopper
u_0685,1762,1,festival_shopper
u_0685,2345,1,festival_shopper
u_0685,1828,1,festival_shopper
u_0685,1728,1,festival_shopper
u_0685,685,1,festival_shopper
u_0686,2800,1,household_stocker
u_0686,3214,1,household_stocker
u_0686,2933,1,household_stocker
u_0686,2959,1,household_stocker
u_0686,3078,1,household_stocker
u_0686,400,1,household_stocker
u_0686,470,1,household_stocker
u_0686,3203,1,household_stocker
u_0686,333,1,household_stocker
u_0686,2316,1,household_stocker
u_0686,2699,1,household_stocker
u_0686,3033,1,household_stocker
u_0686,3225,1,household_stocker
u_0686,2330,1,household_stocker
u_0686,2456,1,household_stocker
u_0686,1104,1,household_stocker
u_0686,3095,1,household_stocker
u_0686,399,1,household_stocker
u_0686,1865,1,household_stocker
u_0686,943,1,household_stocker
u_0686,3142,1,household_stocker
u_0686,272,1,household_stocker
u_0686,2335,1,household_stocker
u_0686,2899,1,household_stocker
u_0687,2610,1,household_stocker
u_0687,1040,1,household_stocker
u_0687,1551,1,household_stocker
u_0687,3108,1,household_stocker
u_0687,782,1,household_stocker
u_0687,13,1,household_stocker
u_0687,2684,1,household_stocker
u_0687,2320,1,household_stocker
u_0687,2671,1,household_stocker
u_0687,3092,1,household_stocker
u_0687,2324,1,household_stocker
u_0687,2933,1,household_stocker
u_0687,4265,1,household_stocker
u_0687,2403,1,household_stocker
u_0687,2520,1,household_stocker
u_0687,3213,1,household_stocker
u_0687,2534,1,household_stocker
u_0687,2393,1,household_stocker
u_0687,2780,1,household_stocker
u_0687,3181,1,household_stocker
u_0687,88,1,household_stocker
u_0687,2686,1,household_stocker
u_0687,3184,1,household_stocker
u_0687,2616,1,household_stocker
u_0687,3045,1,household_stocker
u_0687,612,1,household_stocker
u_0687,3128,1,household_stocker
u_0687,111,1,household_stocker
u_0687,2695,1,household_stocker
u_0687,2458,1,household_stocker
u_0687,2254,1,household_stocker
u_0687,4769,1,household_stocker
u_0687,3105,2,household_stocker
u_0687,2402,1,household_stocker
u_0687,2381,1,household_stocker
u_0687,3014,1,household_stocker
u_0687,2822,1,household_stocker
u_0687,2675,1,household_stocker
u_0687,2356,1,household_stocker
u_0687,2404,1,household_stocker
u_0687,98,1,household_stocker
u_0687,1330,1,household_stocker
u_0687,2408,1,household_stocker
u_0687,3151,1,household_stocker
u_0688,2440,1,household_stocker
u_0688,2745,1,household_stocker
u_0688,958,1,household_stocker
u_0688,493,1,household_stocker
u_0688,533,1,household_stocker
u_0688,2877,1,household_stocker
u_0688,2413,1,household_stocker
u_0688,598,1,household_stocker
u_0688,2636,1,household_stocker
u_0688,136,1,household_stocker
u_0688,40,1,household_stocker
u_0688,2415,1,household_stocker
u_0688,753,1,household_stocker
u_0688,3600,1,household_stocker
u_0688,3228,1,household_stocker
u_0688,3154,2,household_stocker
u_0688,2988,1,household_stocker
u_0688,2795,1,household_stocker
u_0688,3181,1,household_stocker
u_0688,955,1,household_stocker
u_0688,290,1,household_stocker
u_0688,2948,1,household_stocker
u_0688,1776,1,household_stocker
u_0688,3201,1,household_stocker
u_0688,2966,1,household_stocker
u_0688,2728,1,household_stocker
u_0688,2690,1,household_stocker
u_0688,1121,1,household_stocker
u_0688,3064,1,household_stocker
u_0689,2426,1,household_stocker
u_0689,3171,1,household_stocker
u_0689,2629,1,household_stocker
u_0689,1345,1,household_stocker
u_0689,512,1,household_stocker
u_0689,1835,1,household_stocker
u_0689,2788,1,household_stocker
u_0689,2680,1,household_stocker
u_0689,2492,1,household_stocker
u_0689,2614,1,household_stocker
u_0689,2620,1,household_stocker
u_0689,1425,1,household_stocker
u_0689,2330,1,household_stocker
u_0689,2131,1,household_stocker
u_0689,289,1,household_stocker
u_0689,1037,1,household_stocker
u_0689,2609,1,household_stocker
u_0689,2980,1,household_stocker
u_0689,2574,1,household_stocker
u_0689,2327,1,household_stocker
u_0689,9,1,household_stocker
u_0689,2986,1,household_stocker
u_0689,735,1,household_stocker
u_0689,2180,1,household_stocker
u_0689,880,1,household_stocker
u_0689,2854,1,household_stocker
u_0690,3504,1,snack_lover
u_0690,3406,1,snack_lover
u_0690,3283,1,snack_lover
u_0690,4409,1,snack_lover
u_0690,3582,1,snack_lover
u_0690,3250,1,snack_lover
u_0690,4081,1,snack_lover
u_0690,4141,1,snack_lover
u_0690,3822,1,snack_lover
u_0690,4093,1,snack_lover
u_0690,3203,1,snack_lover
u_0690,3279,1,snack_lover
u_0690,3893,1,snack_lover
u_0690,4550,1,snack_lover
u_0690,3424,1,snack_lover
u_0690,3584,1,snack_lover
u_0690,2321,1,snack_lover
u_0690,619,1,snack_lover
u_0690,4816,1,snack_lover
u_0690,3448,1,snack_lover
u_0690,3529,2,snack_lover
u_0690,3897,1,snack_lover
u_0690,4497,1,snack_lover
u_0690,2289,1,snack_lover
u_0690,4005,1,snack_lover
u_0690,3658,1,snack_lover
u_0690,3858,1,snack_lover
u_0691,225,1,household_stocker
u_0691,2827,1,household_stocker
u_0691,718,1,household_stocker
u_0691,2929,1,household_stocker
u_0691,366,1,household_stocker
u_0691,2180,1,household_stocker
u_0691,236,1,household_stocker
u_0691,2868,1,household_stocker
u_0691,1949,1,household_stocker
u_0691,336,1,household_stocker
u_0691,2567,1,household_stocker
u_0691,2795,1,household_stocker
u_0691,2930,1,household_stocker
u_0691,569,1,household_stocker
u_0691,2939,1,household_stocker
u_0691,2390,1,household_stocker
u_0691,2051,1,household_stocker
u_0691,4349,1,household_stocker
u_0691,2758,1,household_stocker
u_0691,887,1,household_stocker
u_0691,394,1,household_stocker
u_0691,1366,1,household_stocker
u_0691,1469,1,household_stocker
u_0691,230,1,household_stocker
u_0691,2837,1,household_stocker
u_0691,916,1,household_stocker
u_0691,2808,1,household_stocker
u_0691,4048,1,household_stocker
u_0691,2647,1,household_stocker
u_0691,3053,1,household_stocker
u_0691,2483,1,household_stocker
u_0691,3150,1,household_stocker
u_0691,858,1,household_stocker
u_0691,2512,1,household_stocker
u_0691,2571,1,household_stocker
u_0691,3156,1,household_stocker
u_0691,2799,1,household_stocker
u_0692,1086,1,veg_cook
u_0692,433,1,veg_cook
u_0692,548,1,veg_cook
u_0692,3416,1,veg_cook
u_0692,3784,1,veg_cook
u_0692,2388,1,veg_cook
u_0692,3069,1,veg_cook
u_0692,3439,1,veg_cook
u_0692,3762,1,veg_cook
u_0692,279,1,veg_cook
u_0692,2411,1,veg_cook
u_0692,847,1,veg_cook
u_0692,580,1,veg_cook
u_0692,794,1,veg_cook
u_0692,3008,1,veg_cook
u_0692,3189,1,veg_cook
u_0692,541,1,veg_cook
u_0692,592,1,veg_cook
u_0692,1217,1,veg_cook
u_0692,2996,1,veg_cook
u_0692,199,1,veg_cook
u_0692,2292,1,veg_cook
u_0692,2844,1,veg_cook
u_0692,1836,1,veg_cook
u_0692,752,1,veg_cook
u_0692,791,1,veg_cook
u_0692,2110,1,veg_cook
u_0692,2147,1,veg_cook
u_0692,533,1,veg_cook
u_0692,1226,1,veg_cook
u_0692,1028,1,veg_cook
u_0692,647,1,veg_cook
u_0692,636,1,veg_cook
u_0692,861,1,veg_cook
u_0692,2143,1,veg_cook
u_0692,2712,1,veg_cook
u_0693,88,1,fruit_lover
u_0693,1258,1,fruit_lover
u_0693,1322,1,fruit_lover
u_0693,1660,1,fruit_lover
u_0693,1330,1,fruit_lover
u_0693,3684,1,fruit_lover
u_0693,3844,1,fruit_lover
u_0693,83,1,fruit_lover
u_0693,125,1,fruit_lover
u_0693,174,1,fruit_lover
u_0693,371,1,fruit_lover
u_0693,2011,1,fruit_lover
u_0693,939,1,fruit_lover
u_0693,30,1,fruit_lover
u_0693,757,1,fruit_lover
u_0693,1032,1,fruit_lover
u_0693,279,1,fruit_lover
u_0693,259,1,fruit_lover
u_0693,143,1,fruit_lover
u_0693,1987,1,fruit_lover
u_0693,3930,1,fruit_lover
u_0693,766,1,fruit_lover
u_0693,1046,1,fruit_lover
u_0693,444,1,fruit_lover
u_0693,4018,1,fruit_lover
u_0693,2175,1,fruit_lover
u_0693,187,1,fruit_lover
u_0693,320,1,fruit_lover
u_0693,422,1,fruit_lover
u_0693,664,1,fruit_lover
u_0693,1376,1,fruit_lover
u_0693,2738,1,fruit_lover
u_0693,1249,1,fruit_lover
u_0693,2926,1,fruit_lover
u_0693,1277,1,fruit_lover
u_0693,57,1,fruit_lover
u_0693,33,1,fruit_lover
u_0693,343,1,fruit_lover
u_0693,1213,1,fruit_lover
u_0693,734,1,fruit_lover
u_0693,1954,1,fruit_lover
u_0693,1597,1,fruit_lover
u_0693,571,1,fruit_lover
u_0693,278,1,fruit_lover
u_0693,315,1,fruit_lover
u_0694,913,1,veg_cook
u_0694,824,1,veg_cook
u_0694,2169,1,veg_cook
u_0694,2605,1,veg_cook
u_0694,761,1,veg_cook
u_0694,1334,1,veg_cook
u_0694,3749,1,veg_cook
u_0694,2075,1,veg_cook
u_0694,835,1,veg_cook
u_0694,1301,1,veg_cook
u_0694,3135,1,veg_cook
u_0694,880,1,veg_cook
u_0694,846,1,veg_cook
u_0694,1172,1,veg_cook
u_0694,611,1,veg_cook
u_0694,909,1,veg_cook
u_0694,927,1,veg_cook
u_0694,550,1,veg_cook
u_0694,860,1,veg_cook
u_0694,561,1,veg_cook
u_0694,486,1,veg_cook
u_0694,3180,1,veg_cook
u_0694,3145,1,veg_cook
u_0694,974,1,veg_cook
u_0694,787,1,veg_cook
u_0694,1354,1,veg_cook
u_0694,4850,1,veg_cook
u_0694,189,1,veg_cook
u_0694,215,1,veg_cook
u_0694,482,1,veg_cook
u_0694,1044,1,veg_cook
u_0694,714,1,veg_cook
u_0695,4421,1,breakfast_shopper
u_0695,2397,1,breakfast_shopper
u_0695,262,1,breakfast_shopper
u_0695,1026,1,breakfast_shopper
u_0695,3441,1,breakfast_shopper
u_0695,2667,1,breakfast_shopper
u_0695,4193,2,breakfast_shopper
u_0695,3880,1,breakfast_shopper
u_0695,4455,1,breakfast_shopper
u_0695,160,1,breakfast_shopper
u_0695,836,1,breakfast_shopper
u_0695,2596,1,breakfast_shopper
u_0695,793,1,breakfast_shopper
u_0695,150,1,breakfast_shopper
u_0695,3480,1,breakfast_shopper
u_0695,2425,1,breakfast_shopper
u_0695,4490,1,breakfast_shopper
u_0695,4323,1,breakfast_shopper
u_0695,2359,1,breakfast_shopper
u_0695,3523,1,breakfast_shopper
u_0695,237,1,breakfast_shopper
u_0695,501,1,breakfast_shopper
u_0695,4173,1,breakfast_shopper
u_0695,4154,1,breakfast_shopper
u_0695,3304,1,breakfast_shopper
u_0695,4119,1,breakfast_shopper
u_0695,4585,1,breakfast_shopper
u_0695,4395,1,breakfast_shopper
u_0695,2342,1,breakfast_shopper
u_0695,4170,1,breakfast_shopper
u_0695,4565,1,breakfast_shopper
u_0695,4560,1,breakfast_shopper
u_0696,924,1,veg_cook
u_0696,1366,1,veg_cook
u_0696,788,1,veg_cook
u_0696,594,1,veg_cook
u_0696,492,1,veg_cook
u_0696,1912,1,veg_cook
u_0696,2116,1,veg_cook
u_0696,2251,1,veg_cook
u_0696,796,1,veg_cook
u_0696,2631,1,veg_cook
u_0696,706,1,veg_cook
u_0696,2043,1,veg_cook
u_0696,709,1,veg_cook
u_0696,1325,1,veg_cook
u_0696,3687,1,veg_cook
u_0696,3755,1,veg_cook
u_0696,2184,1,veg_cook
u_0696,512,1,veg_cook
u_0696,1404,1,veg_cook
u_0696,963,1,veg_cook
u_0696,876,1,veg_cook
u_0696,2225,1,veg_cook
u_0696,4280,1,veg_cook
u_0696,2312,1,veg_cook
u_0696,2425,1,veg_cook
u_0696,732,1,veg_cook
u_0696,2675,1,veg_cook
u_0696,1358,1,veg_cook
u_0696,2355,1,veg_cook
u_0696,1084,1,veg_cook
u_0696,850,1,veg_cook
u_0696,633,1,veg_cook
u_0696,1327,1,veg_cook
u_0696,2847,1,veg_cook
u_0696,635,1,veg_cook
u_0696,2766,1,veg_cook
u_0696,2460,1,veg_cook
u_0696,1333,1,veg_cook
u_0696,760,1,veg_cook
u_0697,3322,1,veg_cook
u_0697,622,1,veg_cook
u_0697,917,1,veg_cook
u_0697,688,1,veg_cook
u_0697,2651,1,veg_cook
u_0697,392,1,veg_cook
u_0697,905,1,veg_cook
u_0697,3919,1,veg_cook
u_0697,585,1,veg_cook
u_0697,928,1,veg_cook
u_0697,848,1,veg_cook
u_0697,2139,1,veg_cook
u_0697,1127,1,veg_cook
u_0697,516,1,veg_cook
u_0697,2506,1,veg_cook
u_0697,264,1,veg_cook
u_0697,2297,1,veg_cook
u_0697,2413,1,veg_cook
u_0697,2778,1,veg_cook
u_0697,1988,1,veg_cook
u_0697,2618,1,veg_cook
u_0697,2653,1,veg_cook
u_0697,2424,1,veg_cook
u_0697,2470,1,veg_cook
u_0697,262,1,veg_cook
u_0697,787,1,veg_cook
u_0697,2924,1,veg_cook
u_0698,2414,1,gourmet
u_0698,2236,1,gourmet
u_0698,2002,1,gourmet
u_0698,2096,1,gourmet
u_0698,2123,1,gourmet
u_0698,2963,1,gourmet
u_0698,785,1,gourmet
u_0698,4254,1,gourmet
u_0698,45,1,gourmet
u_0698,4294,1,gourmet
u_0698,1966,1,gourmet
u_0698,1867,1,gourmet
u_0698,2273,1,gourmet
u_0698,2754,1,gourmet
u_0698,3408,1,gourmet
u_0698,861,1,gourmet
u_0698,953,1,gourmet
u_0698,662,1,gourmet
u_0698,3506,1,gourmet
u_0698,2736,1,gourmet
u_0698,1412,1,gourmet
u_0698,2578,1,gourmet
u_0698,4262,1,gourmet
u_0698,2157,1,gourmet
u_0699,344,1,gourmet
u_0699,2034,1,gourmet
u_0699,2046,1,gourmet
u_0699,1078,1,gourmet
u_0699,3014,1,gourmet
u_0699,400,1,gourmet
u_0699,1346,1,gourmet
u_0699,2172,1,gourmet
u_0699,423,1,gourmet
u_0699,1931,1,gourmet
u_0699,629,1,gourmet
u_0699,2020,1,gourmet
u_0699,2124,1,gourmet
u_0699,190,1,gourmet
u_0699,2013,1,gourmet
u_0699,131,1,gourmet
u_0699,2075,1,gourmet
u_0699,1812,1,gourmet
u_0699,2805,1,gourmet
u_0699,3269,1,gourmet
u_0699,1050,1,gourmet
u_0699,1562,1,gourmet
u_0699,2170,1,gourmet
u_0699,89,1,gourmet
u_0699,2012,1,gourmet
u_0699,658,1,gourmet
u_0699,1983,1,gourmet
u_0699,2284,1,gourmet
u_0700,986,1,veg_cook
u_0700,523,1,veg_cook
u_0700,2566,1,veg_cook
u_0700,757,1,veg_cook
u_0700,1308,1,veg_cook
u_0700,458,1,veg_cook
u_0700,1122,1,veg_cook
u_0700,4765,1,veg_cook
u_0700,1207,1,veg_cook
u_0700,2239,1,veg_cook
u_0700,4220,1,veg_cook
u_0700,398,1,veg_cook
u_0700,984,1,veg_cook
u_0700,607,1,veg_cook
u_0700,1282,1,veg_cook
u_0700,456,1,veg_cook
u_0700,730,1,veg_cook
u_0700,681,1,veg_cook
u_0700,240,1,veg_cook
u_0700,2255,1,veg_cook
u_0700,1216,1,veg_cook
u_0700,439,1,veg_cook
u_0700,2499,1,veg_cook
u_0700,890,1,veg_cook
u_0701,1036,1,veg_cook
u_0701,503,2,veg_cook
u_0701,3720,1,veg_cook
u_0701,1061,1,veg_cook
u_0701,224,1,veg_cook
u_0701,2101,1,veg_cook
u_0701,815,1,veg_cook
u_0701,917,1,veg_cook
u_0701,1938,1,veg_cook
u_0701,1561,1,veg_cook
u_0701,1237,1,veg_cook
u_0701,793,1,veg_cook
u_0701,831,1,veg_cook
u_0701,996,1,veg_cook
u_0701,803,1,veg_cook
u_0701,740,1,veg_cook
u_0701,1603,1,veg_cook
u_0701,570,1,veg_cook
u_0701,2465,1,veg_cook
u_0701,4323,1,veg_cook
u_0701,515,1,veg_cook
u_0701,715,1,veg_cook
u_0701,1908,1,veg_cook
u_0701,3796,1,veg_cook
u_0701,1180,1,veg_cook
u_0701,2035,1,veg_cook
u_0701,1435,1,veg_cook
u_0701,2327,1,veg_cook
u_0701,478,1,veg_cook
u_0701,770,1,veg_cook
u_0701,2515,1,veg_cook
u_0701,63,1,veg_cook
u_0701,1230,1,veg_cook
u_0702,2380,1,veg_cook
u_0702,1943,1,veg_cook
u_0702,890,1,veg_cook
u_0702,339,1,veg_cook
u_0702,2233,1,veg_cook
u_0702,2499,1,veg_cook
u_0702,2500,1,veg_cook
u_0702,559,1,veg_cook
u_0702,889,1,veg_cook
u_0702,2719,1,veg_cook
u_0702,4982,1,veg_cook
u_0702,2406,1,veg_cook
u_0702,636,1,veg_cook
u_0702,573,1,veg_cook
u_0702,1156,1,veg_cook
u_0702,2927,1,veg_cook
u_0702,1042,1,veg_cook
u_0702,998,1,veg_cook
u_0702,607,1,veg_cook
u_0702,1939,1,veg_cook
u_0702,3079,1,veg_cook
u_0702,645,1,veg_cook
u_0702,1051,1,veg_cook
u_0702,822,1,veg_cook
u_0702,2534,1,veg_cook
u_0702,3096,1,veg_cook
u_0702,2614,1,veg_cook
u_0702,535,1,veg_cook
u_0702,3908,1,veg_cook
u_0702,2392,1,veg_cook
u_0702,857,1,veg_cook
u_0702,2229,1,veg_cook
u_0702,1252,1,veg_cook
u_0703,1220,1,household_stocker
u_0703,2994,1,household_stocker
u_0703,2764,1,household_stocker
u_0703,3039,1,household_stocker
u_0703,243,1,household_stocker
u_0703,304,1,household_stocker
u_0703,1014,1,household_stocker
u_0703,394,1,household_stocker
u_0703,2388,1,household_stocker
u_0703,2774,1,household_stocker
u_0703,3048,1,household_stocker
u_0703,399,1,household_stocker
u_0703,3051,1,household_stocker
u_0703,2610,1,household_stocker
u_0703,2872,1,household_stocker
u_0703,3147,1,household_stocker
u_0703,2694,1,household_stocker
u_0703,3112,1,household_stocker
u_0703,840,1,household_stocker
u_0703,1647,1,household_stocker
u_0703,3057,1,household_stocker
u_0703,2796,1,household_stocker
u_0703,1881,1,household_stocker
u_0703,3077,1,household_stocker
u_0703,780,1,household_stocker
u_0703,2910,1,household_stocker
u_0703,3130,1,household_stocker
u_0703,2603,1,household_stocker
u_0703,166,1,household_stocker
u_0703,2896,1,household_stocker
u_0703,2570,1,household_stocker
u_0703,196,1,household_stocker
u_0703,2864,1,household_stocker
u_0703,2409,1,household_stocker
u_0703,2479,1,household_stocker
u_0703,1848,1,household_stocker
u_0703,2998,1,household_stocker
u_0704,1015,1,fruit_lover
u_0704,1986,1,fruit_lover
u_0704,2104,1,fruit_lover
u_0704,2071,1,fruit_lover
u_0704,419,1,fruit_lover
u_0704,2329,1,fruit_lover
u_0704,1844,1,fruit_lover
u_0704,4790,1,fruit_lover
u_0704,2437,1,fruit_lover
u_0704,740,1,fruit_lover
u_0704,1605,1,fruit_lover
u_0704,2239,1,fruit_lover
u_0704,81,1,fruit_lover
u_0704,235,1,fruit_lover
u_0704,1048,1,fruit_lover
u_0704,185,1,fruit_lover
u_0704,1868,1,fruit_lover
u_0704,1998,1,fruit_lover
u_0704,271,1,fruit_lover
u_0704,2803,1,fruit_lover
u_0704,3036,1,fruit_lover
u_0704,858,1,fruit_lover
u_0704,2634,1,fruit_lover
u_0704,2061,1,fruit_lover
u_0704,2683,1,fruit_lover
u_0705,210,1,fruit_lover
u_0705,293,1,fruit_lover
u_0705,3612,1,fruit_lover
u_0705,155,1,fruit_lover
u_0705,2152,1,fruit_lover
u_0705,4327,1,fruit_lover
u_0705,3806,1,fruit_lover
u_0705,188,1,fruit_lover
u_0705,1098,1,fruit_lover
u_0705,2251,1,fruit_lover
u_0705,168,1,fruit_lover
u_0705,1963,1,fruit_lover
u_0705,852,1,fruit_lover
u_0705,2678,1,fruit_lover
u_0705,2412,1,fruit_lover
u_0705,1216,1,fruit_lover
u_0705,2553,1,fruit_lover
u_0705,473,1,fruit_lover
u_0705,440,1,fruit_lover
u_0705,2000,1,fruit_lover
u_0705,3207,1,fruit_lover
u_0705,5005,1,fruit_lover
u_0705,4084,1,fruit_lover
u_0705,666,1,fruit_lover
u_0705,429,1,fruit_lover
u_0705,1125,1,fruit_lover
u_0705,2011,1,fruit_lover
u_0705,94,1,fruit_lover
u_0705,2817,1,fruit_lover
u_0705,2494,1,fruit_lover
u_0705,897,1,fruit_lover
u_0705,152,1,fruit_lover
u_0705,2684,1,fruit_lover
u_0705,4926,1,fruit_lover
u_0705,2597,1,fruit_lover
u_0705,325,1,fruit_lover
u_0705,1446,1,fruit_lover
u_0705,628,1,fruit_lover
u_0705,2453,1,fruit_lover
u_0705,1034,1,fruit_lover
u_0705,316,1,fruit_lover
u_0705,1644,1,fruit_lover
u_0705,1416,1,fruit_lover
u_0705,174,1,fruit_lover
u_0705,262,1,fruit_lover
u_0705,334,1,fruit_lover
u_0706,757,1,fruit_lover
u_0706,2819,1,fruit_lover
u_0706,990,1,fruit_lover
u_0706,20,1,fruit_lover
u_0706,1410,1,fruit_lover
u_0706,282,1,fruit_lover
u_0706,184,1,fruit_lover
u_0706,1112,1,fruit_lover
u_0706,1032,1,fruit_lover
u_0706,1760,1,fruit_lover
u_0706,644,1,fruit_lover
u_0706,997,1,fruit_lover
u_0706,3821,1,fruit_lover
u_0706,30,1,fruit_lover
u_0706,2224,1,fruit_lover
u_0706,21,1,fruit_lover
u_0706,1295,1,fruit_lover
u_0706,2321,1,fruit_lover
u_0706,294,1,fruit_lover
u_0706,1101,1,fruit_lover
u_0706,104,1,fruit_lover
u_0706,2693,1,fruit_lover
u_0706,246,1,fruit_lover
u_0706,656,1,fruit_lover
u_0706,667,1,fruit_lover
u_0706,594,1,fruit_lover
u_0706,3650,1,fruit_lover
u_0706,1871,1,fruit_lover
u_0706,338,1,fruit_lover
u_0706,1301,1,fruit_lover
u_0706,4725,1,fruit_lover
u_0706,203,1,fruit_lover
u_0706,145,1,fruit_lover
u_0706,172,1,fruit_lover
u_0706,1222,1,fruit_lover
u_0706,4183,1,fruit_lover
u_0706,1484,1,fruit_lover
u_0706,2214,1,fruit_lover
u_0706,488,1,fruit_lover
u_0706,87,1,fruit_lover
u_0707,4158,1,breakfast_shopper
u_0707,3347,1,breakfast_shopper
u_0707,1923,1,breakfast_shopper
u_0707,819,1,breakfast_shopper
u_0707,918,1,breakfast_shopper
u_0707,77,1,breakfast_shopper
u_0707,3413,1,breakfast_shopper
u_0707,2483,1,breakfast_shopper
u_0707,457,1,breakfast_shopper
u_0707,4525,1,breakfast_shopper
u_0707,2654,1,breakfast_shopper
u_0707,4556,1,breakfast_shopper
u_0707,2451,1,breakfast_shopper
u_0707,3676,1,breakfast_shopper
u_0707,622,1,breakfast_shopper
u_0707,1052,1,breakfast_shopper
u_0707,420,1,breakfast_shopper
u_0707,4968,1,breakfast_shopper
u_0707,820,1,breakfast_shopper
u_0707,2354,1,breakfast_shopper
u_0707,141,1,breakfast_shopper
u_0707,4397,1,breakfast_shopper
u_0707,372,1,breakfast_shopper
u_0707,3273,1,breakfast_shopper
u_0707,3410,1,breakfast_shopper
u_0707,4266,1,breakfast_shopper
u_0707,791,1,breakfast_shopper
u_0707,2584,1,breakfast_shopper
u_0707,4259,1,breakfast_shopper
u_0707,4380,1,breakfast_shopper
u_0707,142,1,breakfast_shopper
u_0707,2374,1,breakfast_shopper
u_0707,4216,1,breakfast_shopper
u_0707,2581,1,breakfast_shopper
u_0707,2656,1,breakfast_shopper
u_0707,3501,1,breakfast_shopper
u_0707,2613,1,breakfast_shopper
u_0708,929,1,festival_shopper
u_0708,1815,1,festival_shopper
u_0708,1772,1,festival_shopper
u_0708,1476,1,festival_shopper
u_0708,1070,1,festival_shopper
u_0708,2585,1,festival_shopper
u_0708,1396,1,festival_shopper
u_0708,195,1,festival_shopper
u_0708,1470,1,festival_shopper
u_0708,2470,1,festival_shopper
u_0708,1764,1,festival_shopper
u_0708,1822,1,festival_shopper
u_0708,1411,1,festival_shopper
u_0708,1124,1,festival_shopper
u_0708,2627,1,festival_shopper
u_0708,1675,1,festival_shopper
u_0708,896,1,festival_shopper
u_0708,2668,1,festival_shopper
u_0708,1535,1,festival_shopper
u_0708,1636,1,festival_shopper
u_0708,657,1,festival_shopper
u_0708,906,1,festival_shopper
u_0708,474,1,festival_shopper
u_0708,1040,1,festival_shopper
u_0708,2491,1,festival_shopper
u_0708,1482,1,festival_shopper
u_0708,1755,1,festival_shopper
u_0708,2605,1,festival_shopper
u_0709,700,1,household_stocker
u_0709,2832,1,household_stocker
u_0709,3045,1,household_stocker
u_0709,2856,1,household_stocker
u_0709,417,1,household_stocker
u_0709,2798,1,household_stocker
u_0709,2965,1,household_stocker
u_0709,1730,1,household_stocker
u_0709,587,1,household_stocker
u_0709,2875,1,household_stocker
u_0709,1873,1,household_stocker
u_0709,3153,1,household_stocker
u_0709,2857,1,household_stocker
u_0709,3035,1,household_stocker
u_0709,647,1,household_stocker
u_0709,3030,1,household_stocker
u_0709,2970,1,household_stocker
u_0709,3199,1,household_stocker
u_0709,2897,1,household_stocker
u_0709,2321,1,household_stocker
u_0709,221,1,household_stocker
u_0709,4513,1,household_stocker
u_0709,2155,1,household_stocker
u_0709,636,1,household_stocker
u_0709,1805,1,household_stocker
u_0709,3195,1,household_stocker
u_0709,1133,1,household_stocker
u_0709,2556,1,household_stocker
u_0709,2799,1,household_stocker
u_0709,1590,1,household_stocker
u_0709,1163,1,household_stocker
u_0709,2913,1,household_stocker
u_0710,2472,1,veg_cook
u_0710,637,1,veg_cook
u_0710,1901,1,veg_cook
u_0710,548,1,veg_cook
u_0710,2583,1,veg_cook
u_0710,481,1,veg_cook
u_0710,713,1,veg_cook
u_0710,374,1,veg_cook
u_0710,2717,1,veg_cook
u_0710,1195,1,veg_cook
u_0710,534,1,veg_cook
u_0710,2370,1,veg_cook
u_0710,566,1,veg_cook
u_0710,1953,1,veg_cook
u_0710,825,1,veg_cook
u_0710,2216,1,veg_cook
u_0710,4589,1,veg_cook
u_0710,3006,1,veg_cook
u_0710,1207,1,veg_cook
u_0710,630,1,veg_cook
u_0710,1348,1,veg_cook
u_0710,3019,1,veg_cook
u_0710,533,1,veg_cook
u_0710,676,1,veg_cook
u_0710,2992,1,veg_cook
u_0710,1602,1,veg_cook
u_0711,3413,1,snack_lover
u_0711,3443,1,snack_lover
u_0711,3341,1,snack_lover
u_0711,4540,1,snack_lover
u_0711,1202,1,snack_lover
u_0711,3512,1,snack_lover
u_0711,3693,1,snack_lover
u_0711,3462,1,snack_lover
u_0711,3728,1,snack_lover
u_0711,4240,1,snack_lover
u_0711,4419,1,snack_lover
u_0711,4345,1,snack_lover
u_0711,4051,1,snack_lover
u_0711,3665,1,snack_lover
u_0711,3225,1,snack_lover
u_0711,3650,1,snack_lover
u_0711,3970,1,snack_lover
u_0711,4017,2,snack_lover
u_0711,3715,1,snack_lover
u_0711,3137,1,snack_lover
u_0711,4618,1,snack_lover
u_0711,3963,1,snack_lover
u_0711,3348,1,snack_lover
u_0711,2942,1,snack_lover
u_0711,3475,1,snack_lover
u_0711,3600,1,snack_lover
u_0711,3074,1,snack_lover
u_0711,3596,1,snack_lover
u_0711,3484,1,snack_lover
u_0711,3536,1,snack_lover
u_0712,2087,1,veg_cook
u_0712,1246,1,veg_cook
u_0712,1881,1,veg_cook
u_0712,1110,1,veg_cook
u_0712,1864,1,veg_cook
u_0712,494,1,veg_cook
u_0712,1930,1,veg_cook
u_0712,752,1,veg_cook
u_0712,1678,1,veg_cook
u_0712,1120,1,veg_cook
u_0712,1217,1,veg_cook
u_0712,2195,1,veg_cook
u_0712,1333,1,veg_cook
u_0712,2160,1,veg_cook
u_0712,551,1,veg_cook
u_0712,699,1,veg_cook
u_0712,775,1,veg_cook
u_0712,1097,1,veg_cook
u_0712,2095,1,veg_cook
u_0712,4509,1,veg_cook
u_0712,915,1,veg_cook
u_0712,1060,1,veg_cook
u_0712,943,1,veg_cook
u_0712,939,1,veg_cook
u_0712,131,1,veg_cook
u_0712,1359,1,veg_cook
u_0712,2550,1,veg_cook
u_0712,1858,1,veg_cook
u_0712,3426,1,veg_cook
u_0712,1033,1,veg_cook
u_0712,1083,1,veg_cook
u_0712,1059,1,veg_cook
u_0712,704,1,veg_cook
u_0712,2150,1,veg_cook
u_0712,3906,1,veg_cook
u_0712,1193,1,veg_cook
u_0712,635,1,veg_cook
u_0712,1213,1,veg_cook
u_0712,1001,1,veg_cook
u_0712,973,1,veg_cook
u_0712,1250,1,veg_cook
u_0713,2090,1,fruit_lover
u_0713,2701,1,fruit_lover
u_0713,340,1,fruit_lover
u_0713,2367,1,fruit_lover
u_0713,2466,1,fruit_lover
u_0713,909,1,fruit_lover
u_0713,1846,1,fruit_lover
u_0713,2761,1,fruit_lover
u_0713,116,1,fruit_lover
u_0713,874,1,fruit_lover
u_0713,476,1,fruit_lover
u_0713,2371,1,fruit_lover
u_0713,2732,1,fruit_lover
u_0713,2858,1,fruit_lover
u_0713,654,1,fruit_lover
u_0713,240,1,fruit_lover
u_0713,2113,1,fruit_lover
u_0713,120,1,fruit_lover
u_0713,261,1,fruit_lover
u_0713,3050,1,fruit_lover
u_0713,1884,1,fruit_lover
u_0713,271,1,fruit_lover
u_0713,487,1,fruit_lover
u_0713,828,1,fruit_lover
u_0713,30,1,fruit_lover
u_0713,2486,1,fruit_lover
u_0713,2166,1,fruit_lover
u_0713,2660,1,fruit_lover
u_0713,2205,1,fruit_lover
u_0713,2121,1,fruit_lover
u_0713,2826,1,fruit_lover
u_0713,56,1,fruit_lover
u_0714,896,1,veg_cook
u_0714,1103,1,veg_cook
u_0714,1049,1,veg_cook
u_0714,461,1,veg_cook
u_0714,1810,1,veg_cook
u_0714,11,1,veg_cook
u_0714,4539,1,veg_cook
u_0714,754,1,veg_cook
u_0714,644,1,veg_cook
u_0714,2927,1,veg_cook
u_0714,774,1,veg_cook
u_0714,892,1,veg_cook
u_0714,4785,1,veg_cook
u_0714,2076,1,veg_cook
u_0714,444,1,veg_cook
u_0714,740,1,veg_cook
u_0714,2540,1,veg_cook
u_0714,2941,1,veg_cook
u_0714,970,1,veg_cook
u_0714,772,1,veg_cook
u_0714,2443,1,veg_cook
u_0714,2799,1,veg_cook
u_0714,788,1,veg_cook
u_0714,1500,1,veg_cook
u_0714,939,1,veg_cook
u_0714,2643,1,veg_cook
u_0714,734,1,veg_cook
u_0714,1542,1,veg_cook
u_0714,511,1,veg_cook
u_0714,542,1,veg_cook
u_0714,402,1,veg_cook
u_0714,916,1,veg_cook
u_0715,1031,1,festival_shopper
u_0715,1413,1,festival_shopper
u_0715,169,2,festival_shopper
u_0715,99,1,festival_shopper
u_0715,911,1,festival_shopper
u_0715,2708,1,festival_shopper
u_0715,3732,1,festival_shopper
u_0715,56,1,festival_shopper
u_0715,3875,1,festival_shopper
u_0715,1930,1,festival_shopper
u_0715,1788,1,festival_shopper
u_0715,2866,1,festival_shopper
u_0715,815,1,festival_shopper
u_0715,1700,1,festival_shopper
u_0715,4527,1,festival_shopper
u_0715,2884,1,festival_shopper
u_0715,1007,1,festival_shopper
u_0715,3421,1,festival_shopper
u_0715,1849,1,festival_shopper
u_0715,2654,1,festival_shopper
u_0715,3142,1,festival_shopper
u_0715,98,1,festival_shopper
u_0715,4642,1,festival_shopper
u_0715,1756,1,festival_shopper
u_0715,1996,1,festival_shopper
u_0715,2318,1,festival_shopper
u_0715,2379,1,festival_shopper
u_0715,1799,1,festival_shopper
u_0715,406,1,festival_shopper
u_0715,1492,1,festival_shopper
u_0715,2664,1,festival_shopper
u_0715,1754,1,festival_shopper
u_0715,2647,1,festival_shopper
u_0715,2404,1,festival_shopper
u_0715,1535,1,festival_shopper
u_0715,919,1,festival_shopper
u_0715,3168,1,festival_shopper
u_0715,109,1,festival_shopper
u_0715,1470,1,festival_shopper
u_0715,2596,1,festival_shopper
u_0715,1787,1,festival_shopper
u_0715,2726,1,festival_shopper
u_0715,2467,1,festival_shopper
u_0715,718,1,festival_shopper
u_0715,264,1,festival_shopper
u_0715,2661,1,festival_shopper
u_0715,151,1,festival_shopper
u_0716,4504,1,breakfast_shopper
u_0716,1558,1,breakfast_shopper
u_0716,2753,1,breakfast_shopper
u_0716,2588,1,breakfast_shopper
u_0716,4310,1,breakfast_shopper
u_0716,4350,1,breakfast_shopper
u_0716,4479,1,breakfast_shopper
u_0716,4485,1,breakfast_shopper
u_0716,2496,1,breakfast_shopper
u_0716,341,1,breakfast_shopper
u_0716,641,1,breakfast_shopper
u_0716,2380,1,breakfast_shopper
u_0716,818,1,breakfast_shopper
u_0716,4297,1,breakfast_shopper
u_0716,4417,1,breakfast_shopper
u_0716,721,1,breakfast_shopper
u_0716,4575,1,breakfast_shopper
u_0716,2983,1,breakfast_shopper
u_0716,323,1,breakfast_shopper
u_0716,4354,1,breakfast_shopper
u_0716,4257,1,breakfast_shopper
u_0716,658,1,breakfast_shopper
u_0716,4527,1,breakfast_shopper
u_0716,4595,1,breakfast_shopper
u_0716,3496,1,breakfast_shopper
u_0716,4343,1,breakfast_shopper
u_0717,1218,1,household_stocker
u_0717,2770,1,household_stocker
u_0717,2460,1,household_stocker
u_0717,576,1,household_stocker
u_0717,2711,1,household_stocker
u_0717,4855,1,household_stocker
u_0717,4713,1,household_stocker
u_0717,2385,1,household_stocker
u_0717,581,1,household_stocker
u_0717,2566,1,household_stocker
u_0717,1048,1,household_stocker
u_0717,2295,1,household_stocker
u_0717,2980,1,household_stocker
u_0717,2462,1,household_stocker
u_0717,2861,1,household_stocker
u_0717,2439,1,household_stocker
u_0717,472,1,household_stocker
u_0717,2832,1,household_stocker
u_0717,927,1,household_stocker
u_0717,2945,1,household_stocker
u_0717,634,1,household_stocker
u_0717,514,1,household_stocker
u_0717,384,1,household_stocker
u_0717,1357,1,household_stocker
u_0718,1781,1,festival_shopper
u_0718,185,1,festival_shopper
u_0718,761,1,festival_shopper
u_0718,19,1,festival_shopper
u_0718,2728,1,festival_shopper
u_0718,2321,1,festival_shopper
u_0718,394,1,festival_shopper
u_0718,2512,1,festival_shopper
u_0718,2422,1,festival_shopper
u_0718,500,1,festival_shopper
u_0718,1837,1,festival_shopper
u_0718,199,1,festival_shopper
u_0718,2766,1,festival_shopper
u_0718,383,1,festival_shopper
u_0718,1629,1,festival_shopper
u_0718,2469,1,festival_shopper
u_0718,1529,1,festival_shopper
u_0718,375,1,festival_shopper
u_0718,3628,1,festival_shopper
u_0718,1506,1,festival_shopper
u_0718,2759,1,festival_shopper
u_0718,1463,1,festival_shopper
u_0718,2057,1,festival_shopper
u_0718,62,1,festival_shopper
u_0718,1398,1,festival_shopper
u_0718,2607,1,festival_shopper
u_0718,1678,1,festival_shopper
u_0718,488,1,festival_shopper
u_0718,1270,1,festival_shopper
u_0718,1805,1,festival_shopper
u_0718,29,1,festival_shopper
u_0719,26,1,fruit_lover
u_0719,1884,1,fruit_lover
u_0719,2187,1,fruit_lover
u_0719,116,1,fruit_lover
u_0719,2286,1,fruit_lover
u_0719,336,1,fruit_lover
u_0719,1826,1,fruit_lover
u_0719,893,1,fruit_lover
u_0719,1085,1,fruit_lover
u_0719,2164,1,fruit_lover
u_0719,1575,1,fruit_lover
u_0719,372,1,fruit_lover
u_0719,2591,1,fruit_lover
u_0719,168,1,fruit_lover
u_0719,3172,1,fruit_lover
u_0719,564,1,fruit_lover
u_0719,384,1,fruit_lover
u_0719,154,1,fruit_lover
u_0719,2979,1,fruit_lover
u_0719,4043,1,fruit_lover
u_0719,145,1,fruit_lover
u_0719,2689,1,fruit_lover
u_0719,335,1,fruit_lover
u_0719,2080,1,fruit_lover
u_0719,3274,1,fruit_lover
u_0719,2108,1,fruit_lover
u_0719,1936,1,fruit_lover
u_0719,674,1,fruit_lover
u_0720,4024,1,snack_lover
u_0720,3545,1,snack_lover
u_0720,4176,1,snack_lover
u_0720,3514,1,snack_lover
u_0720,3961,1,snack_lover
u_0720,4333,1,snack_lover
u_0720,2515,1,snack_lover
u_0720,3597,1,snack_lover
u_0720,4257,1,snack_lover
u_0720,3003,1,snack_lover
u_0720,3813,1,snack_lover
u_0720,3046,1,snack_lover
u_0720,3431,1,snack_lover
u_0720,3557,1,snack_lover
u_0720,4596,1,snack_lover
u_0720,3355,1,snack_lover
u_0720,4331,1,snack_lover
u_0720,3082,1,snack_lover
u_0720,1768,1,snack_lover
u_0720,4953,1,snack_lover
u_0720,3029,1,snack_lover
u_0720,317,1,snack_lover
u_0720,3167,1,snack_lover
u_0720,634,1,snack_lover
u_0720,3267,1,snack_lover
u_0720,4332,1,snack_lover
u_0720,127,1,snack_lover
u_0720,1670,1,snack_lover
u_0720,3765,1,snack_lover
u_0720,3779,1,snack_lover
u_0720,3576,1,snack_lover
u_0720,4500,1,snack_lover
u_0720,3441,1,snack_lover
u_0720,1802,1,snack_lover
u_0720,4495,1,snack_lover
u_0720,3470,1,snack_lover
u_0720,820,1,snack_lover
u_0721,871,1,fruit_lover
u_0721,1294,1,fruit_lover
u_0721,1070,1,fruit_lover
u_0721,2185,1,fruit_lover
u_0721,2241,1,fruit_lover
u_0721,2298,1,fruit_lover
u_0721,692,1,fruit_lover
u_0721,563,1,fruit_lover
u_0721,1205,1,fruit_lover
u_0721,2255,1,fruit_lover
u_0721,2475,1,fruit_lover
u_0721,4642,1,fruit_lover
u_0721,23,1,fruit_lover
u_0721,186,1,fruit_lover
u_0721,1351,1,fruit_lover
u_0721,1942,1,fruit_lover
u_0721,430,1,fruit_lover
u_0721,2848,1,fruit_lover
u_0721,3124,1,fruit_lover
u_0721,1665,1,fruit_lover
u_0721,2407,1,fruit_lover
u_0721,189,1,fruit_lover
u_0721,653,1,fruit_lover
u_0721,1947,1,fruit_lover
u_0721,1893,1,fruit_lover
u_0721,863,1,fruit_lover
u_0721,384,1,fruit_lover
u_0721,2484,1,fruit_lover
u_0721,3201,1,fruit_lover
u_0721,272,1,fruit_lover
u_0721,1086,1,fruit_lover
u_0721,2014,1,fruit_lover
u_0722,165,1,festival_shopper
u_0722,1590,1,festival_shopper
u_0722,248,1,festival_shopper
u_0722,3317,1,festival_shopper
u_0722,286,1,festival_shopper
u_0722,4644,1,festival_shopper
u_0722,4468,1,festival_shopper
u_0722,4153,1,festival_shopper
u_0722,971,1,festival_shopper
u_0722,2852,1,festival_shopper
u_0722,553,1,festival_shopper
u_0722,148,1,festival_shopper
u_0722,2648,1,festival_shopper
u_0722,1520,1,festival_shopper
u_0722,2649,1,festival_shopper
u_0722,515,1,festival_shopper
u_0722,2679,1,festival_shopper
u_0722,844,1,festival_shopper
u_0722,1527,1,festival_shopper
u_0722,1794,1,festival_shopper
u_0722,58,1,festival_shopper
u_0722,2612,1,festival_shopper
u_0722,1503,1,festival_shopper
u_0722,1375,1,festival_shopper
u_0722,4470,1,festival_shopper
u_0722,448,1,festival_shopper
u_0722,947,1,festival_shopper
u_0722,2580,1,festival_shopper
u_0722,1834,1,festival_shopper
u_0722,1802,1,festival_shopper
u_0722,3105,1,festival_shopper
u_0722,4110,1,festival_shopper
u_0722,184,1,festival_shopper
u_0722,1818,1,festival_shopper
u_0722,769,1,festival_shopper
u_0722,3,1,festival_shopper
u_0722,3406,1,festival_shopper
u_0723,2819,1,festival_shopper
u_0723,1353,1,festival_shopper
u_0723,1864,1,festival_shopper
u_0723,634,1,festival_shopper
u_0723,375,1,festival_shopper
u_0723,1802,1,festival_shopper
u_0723,1695,1,festival_shopper
u_0723,2801,1,festival_shopper
u_0723,1062,1,festival_shopper
u_0723,1287,1,festival_shopper
u_0723,1375,1,festival_shopper
u_0723,1823,1,festival_shopper
u_0723,401,1,festival_shopper
u_0723,962,1,festival_shopper
u_0723,1714,1,festival_shopper
u_0723,2167,1,festival_shopper
u_0723,4809,1,festival_shopper
u_0723,3037,1,festival_shopper
u_0723,1147,1,festival_shopper
u_0723,691,1,festival_shopper
u_0723,1470,1,festival_shopper
u_0723,47,1,festival_shopper
u_0723,1607,1,festival_shopper
u_0723,4027,1,festival_shopper
u_0723,2393,1,festival_shopper
u_0723,30,1,festival_shopper
u_0723,1681,1,festival_shopper
u_0723,1444,1,festival_shopper
u_0724,713,1,veg_cook
u_0724,1058,1,veg_cook
u_0724,2223,1,veg_cook
u_0724,587,1,veg_cook
u_0724,482,1,veg_cook
u_0724,1018,1,veg_cook
u_0724,955,1,veg_cook
u_0724,1189,1,veg_cook
u_0724,682,1,veg_cook
u_0724,2229,1,veg_cook
u_0724,901,1,veg_cook
u_0724,2049,1,veg_cook
u_0724,1168,1,veg_cook
u_0724,2500,1,veg_cook
u_0724,4504,1,veg_cook
u_0724,714,1,veg_cook
u_0724,1201,1,veg_cook
u_0724,564,1,veg_cook
u_0724,1095,1,veg_cook
u_0724,602,1,veg_cook
u_0724,1179,1,veg_cook
u_0724,1865,1,veg_cook
u_0724,509,1,veg_cook
u_0724,1953,1,veg_cook
u_0724,1305,1,veg_cook
u_0724,3762,1,veg_cook
u_0724,1152,1,veg_cook
u_0724,1474,1,veg_cook
u_0724,3954,1,veg_cook
u_0724,1231,1,veg_cook
u_0724,1039,1,veg_cook
u_0724,743,1,veg_cook
u_0724,1242,1,veg_cook
u_0724,620,1,veg_cook
u_0724,4831,1,veg_cook
u_0724,905,1,veg_cook
u_0724,2017,1,veg_cook
u_0724,4715,1,veg_cook
u_0724,386,1,veg_cook
u_0724,205,1,veg_cook
u_0724,1918,1,veg_cook
u_0724,709,1,veg_cook
u_0724,193,1,veg_cook
u_0724,4979,1,veg_cook
u_0725,2367,1,breakfast_shopper
u_0725,4552,1,breakfast_shopper
u_0725,505,1,breakfast_shopper
u_0725,395,1,breakfast_shopper
u_0725,4444,1,breakfast_shopper
u_0725,335,1,breakfast_shopper
u_0725,4464,1,breakfast_shopper
u_0725,3616,1,breakfast_shopper
u_0725,2376,1,breakfast_shopper
u_0725,2510,1,breakfast_shopper
u_0725,1339,1,breakfast_shopper
u_0725,4294,1,breakfast_shopper
u_0725,2222,1,breakfast_shopper
u_0725,4482,1,breakfast_shopper
u_0725,2662,1,breakfast_shopper
u_0725,2486,1,breakfast_shopper
u_0725,2347,1,breakfast_shopper
u_0725,4317,1,breakfast_shopper
u_0725,4183,1,breakfast_shopper
u_0725,173,1,breakfast_shopper
u_0725,3354,1,breakfast_shopper
u_0725,118,1,breakfast_shopper
u_0725,4383,1,breakfast_shopper
u_0725,2225,1,breakfast_shopper
u_0725,673,1,breakfast_shopper
u_0725,4566,1,breakfast_shopper
u_0725,2627,1,breakfast_shopper
u_0725,2387,1,breakfast_shopper
u_0725,4499,1,breakfast_shopper
u_0725,12,1,breakfast_shopper
u_0725,2860,1,breakfast_shopper
u_0725,70,1,breakfast_shopper
u_0725,80,1,breakfast_shopper
u_0725,378,1,breakfast_shopper
u_0726,145,1,fruit_lover
u_0726,1840,1,fruit_lover
u_0726,2193,1,fruit_lover
u_0726,3175,1,fruit_lover
u_0726,1669,1,fruit_lover
u_0726,971,1,fruit_lover
u_0726,1226,1,fruit_lover
u_0726,15,1,fruit_lover
u_0726,204,1,fruit_lover
u_0726,535,1,fruit_lover
u_0726,450,1,fruit_lover
u_0726,1933,1,fruit_lover
u_0726,2502,1,fruit_lover
u_0726,1897,1,fruit_lover
u_0726,2957,1,fruit_lover
u_0726,981,1,fruit_lover
u_0726,30,1,fruit_lover
u_0726,1681,1,fruit_lover
u_0726,2507,1,fruit_lover
u_0726,3039,1,fruit_lover
u_0726,2542,1,fruit_lover
u_0726,1116,1,fruit_lover
u_0726,1920,1,fruit_lover
u_0726,2422,1,fruit_lover
u_0727,2343,1,breakfast_shopper
u_0727,4441,1,breakfast_shopper
u_0727,414,1,breakfast_shopper
u_0727,4499,1,breakfast_shopper
u_0727,4118,1,breakfast_shopper
u_0727,614,1,breakfast_shopper
u_0727,2585,1,breakfast_shopper
u_0727,3631,1,breakfast_shopper
u_0727,2535,1,breakfast_shopper
u_0727,4461,1,breakfast_shopper
u_0727,2013,1,breakfast_shopper
u_0727,361,1,breakfast_shopper
u_0727,3575,1,breakfast_shopper
u_0727,1440,1,breakfast_shopper
u_0727,4327,1,breakfast_shopper
u_0727,551,1,breakfast_shopper
u_0727,3519,1,breakfast_shopper
u_0727,554,1,breakfast_shopper
u_0727,1821,1,breakfast_shopper
u_0727,4222,1,breakfast_shopper
u_0727,4433,1,breakfast_shopper
u_0727,3633,1,breakfast_shopper
u_0727,393,1,breakfast_shopper
u_0727,4241,1,breakfast_shopper
u_0727,4270,1,breakfast_shopper
u_0727,4171,1,breakfast_shopper
u_0727,3671,1,breakfast_shopper
u_0727,2738,1,breakfast_shopper
u_0727,2647,1,breakfast_shopper
u_0727,4177,1,breakfast_shopper
u_0727,659,1,breakfast_shopper
u_0727,364,1,breakfast_shopper
u_0727,2319,1,breakfast_shopper
u_0727,302,1,breakfast_shopper
u_0727,247,1,breakfast_shopper
u_0727,54,1,breakfast_shopper
u_0727,2355,1,breakfast_shopper
u_0727,243,1,breakfast_shopper
u_0727,3313,1,breakfast_shopper
u_0727,3281,1,breakfast_shopper
u_0727,2517,1,breakfast_shopper
u_0727,4448,1,breakfast_shopper
u_0727,145,1,breakfast_shopper
u_0728,780,1,veg_cook
u_0728,1388,1,veg_cook
u_0728,733,1,veg_cook
u_0728,349,1,veg_cook
u_0728,2437,1,veg_cook
u_0728,823,1,veg_cook
u_0728,552,1,veg_cook
u_0728,1067,1,veg_cook
u_0728,982,1,veg_cook
u_0728,1105,1,veg_cook
u_0728,747,1,veg_cook
u_0728,2675,1,veg_cook
u_0728,2477,1,veg_cook
u_0728,833,1,veg_cook
u_0728,2645,1,veg_cook
u_0728,2551,1,veg_cook
u_0728,645,1,veg_cook
u_0728,2052,1,veg_cook
u_0728,985,1,veg_cook
u_0728,617,1,veg_cook
u_0728,615,1,veg_cook
u_0728,954,1,veg_cook
u_0728,465,1,veg_cook
u_0728,1372,1,veg_cook
u_0728,858,2,veg_cook
u_0728,2044,1,veg_cook
u_0728,1859,1,veg_cook
u_0728,763,1,veg_cook
u_0728,534,1,veg_cook
u_0728,4887,1,veg_cook
u_0728,500,1,veg_cook
u_0728,447,1,veg_cook
u_0728,1084,1,veg_cook
u_0728,1121,1,veg_cook
u_0728,695,1,veg_cook
u_0728,3731,1,veg_cook
u_0728,4953,1,veg_cook
u_0728,1507,1,veg_cook
u_0728,1087,1,veg_cook
u_0728,945,1,veg_cook
u_0728,1622,1,veg_cook
u_0728,3846,1,veg_cook
u_0728,339,1,veg_cook
u_0729,3352,1,snack_lover
u_0729,3531,1,snack_lover
u_0729,4177,1,snack_lover
u_0729,3248,1,snack_lover
u_0729,4125,1,snack_lover
u_0729,3602,1,snack_lover
u_0729,4016,1,snack_lover
u_0729,3404,1,snack_lover
u_0729,3489,1,snack_lover
u_0729,4096,1,snack_lover
u_0729,1123,1,snack_lover
u_0729,3427,1,snack_lover
u_0729,3994,1,snack_lover
u_0729,3308,1,snack_lover
u_0729,3605,1,snack_lover
u_0729,3377,1,snack_lover
u_0729,3047,1,snack_lover
u_0729,3326,1,snack_lover
u_0729,4078,1,snack_lover
u_0729,4477,1,snack_lover
u_0729,3501,1,snack_lover
u_0729,3889,1,snack_lover
u_0729,3372,1,snack_lover
u_0729,4394,1,snack_lover
u_0729,545,1,snack_lover
u_0729,334,1,snack_lover
u_0729,3986,1,snack_lover
u_0729,3418,1,snack_lover
u_0729,3337,1,snack_lover
u_0729,2839,1,snack_lover
u_0730,2443,1,breakfast_shopper
u_0730,699,1,breakfast_shopper
u_0730,4423,1,breakfast_shopper
u_0730,4545,1,breakfast_shopper
u_0730,2569,1,breakfast_shopper
u_0730,501,1,breakfast_shopper
u_0730,709,1,breakfast_shopper
u_0730,4523,1,breakfast_shopper
u_0730,4540,1,breakfast_shopper
u_0730,4569,1,breakfast_shopper
u_0730,1253,1,breakfast_shopper
u_0730,3373,1,breakfast_shopper
u_0730,2592,1,breakfast_shopper
u_0730,2716,1,breakfast_shopper
u_0730,4344,1,breakfast_shopper
u_0730,2669,1,breakfast_shopper
u_0730,2652,1,breakfast_shopper
u_0730,4551,1,breakfast_shopper
u_0730,2630,1,breakfast_shopper
u_0730,4178,1,breakfast_shopper
u_0730,369,1,breakfast_shopper
u_0730,222,1,breakfast_shopper
u_0730,536,1,breakfast_shopper
u_0730,540,1,breakfast_shopper
u_0730,2663,1,breakfast_shopper
u_0730,1647,1,breakfast_shopper
u_0730,4399,1,breakfast_shopper
u_0730,409,1,breakfast_shopper
u_0730,4309,1,breakfast_shopper
u_0730,4556,1,breakfast_shopper
u_0730,333,1,breakfast_shopper
u_0730,1015,1,breakfast_shopper
u_0731,2094,1,festival_shopper
u_0731,1416,1,festival_shopper
u_0731,365,1,festival_shopper
u_0731,2274,1,festival_shopper
u_0731,506,1,festival_shopper
u_0731,43,1,festival_shopper
u_0731,1477,1,festival_shopper
u_0731,2816,1,festival_shopper
u_0731,380,1,festival_shopper
u_0731,3536,1,festival_shopper
u_0731,3471,1,festival_shopper
u_0731,4515,1,festival_shopper
u_0731,1552,1,festival_shopper
u_0731,2722,1,festival_shopper
u_0731,753,1,festival_shopper
u_0731,3041,1,festival_shopper
u_0731,141,1,festival_shopper
u_0731,793,1,festival_shopper
u_0731,1244,1,festival_shopper
u_0731,2407,1,festival_shopper
u_0731,628,1,festival_shopper
u_0731,1180,1,festival_shopper
u_0731,384,1,festival_shopper
u_0731,733,1,festival_shopper
u_0731,1546,1,festival_shopper
u_0731,38,1,festival_shopper
u_0731,3049,1,festival_shopper
u_0731,246,1,festival_shopper
u_0731,1434,1,festival_shopper
u_0731,1802,1,festival_shopper
u_0731,1812,1,festival_shopper
u_0731,451,1,festival_shopper
u_0731,3010,1,festival_shopper
u_0731,898,1,festival_shopper
u_0731,2689,1,festival_shopper
u_0731,344,1,festival_shopper
u_0732,2702,1,fruit_lover
u_0732,526,1,fruit_lover
u_0732,2548,1,fruit_lover
u_0732,395,1,fruit_lover
u_0732,48,1,fruit_lover
u_0732,2110,1,fruit_lover
u_0732,458,1,fruit_lover
u_0732,371,1,fruit_lover
u_0732,2212,1,fruit_lover
u_0732,2005,1,fruit_lover
u_0732,2370,1,fruit_lover
u_0732,935,1,fruit_lover
u_0732,130,1,fruit_lover
u_0732,223,1,fruit_lover
u_0732,1162,1,fruit_lover
u_0732,404,1,fruit_lover
u_0732,1917,1,fruit_lover
u_0732,2336,1,fruit_lover
u_0732,131,1,fruit_lover
u_0732,1960,1,fruit_lover
u_0732,15,1,fruit_lover
u_0732,4017,1,fruit_lover
u_0732,26,1,fruit_lover
u_0732,2180,1,fruit_lover
u_0732,1925,1,fruit_lover
u_0732,112,1,fruit_lover
u_0732,354,1,fruit_lover
u_0732,2172,1,fruit_lover
u_0732,845,1,fruit_lover
u_0732,97,1,fruit_lover
u_0732,117,1,fruit_lover
u_0732,914,1,fruit_lover
u_0732,28,1,fruit_lover
u_0732,2114,1,fruit_lover
u_0732,1662,1,fruit_lover
u_0732,453,1,fruit_lover
u_0732,848,1,fruit_lover
u_0732,563,1,fruit_lover
u_0732,1036,1,fruit_lover
u_0732,2396,1,fruit_lover
u_0732,1101,1,fruit_lover
u_0732,2009,1,fruit_lover
u_0732,1913,1,fruit_lover
u_0732,2929,1,fruit_lover
u_0733,2046,1,veg_cook
u_0733,2241,1,veg_cook
u_0733,903,1,veg_cook
u_0733,2196,1,veg_cook
u_0733,3687,1,veg_cook
u_0733,797,1,veg_cook
u_0733,3242,1,veg_cook
u_0733,594,1,veg_cook
u_0733,2568,1,veg_cook
u_0733,2795,1,veg_cook
u_0733,753,1,veg_cook
u_0733,1117,1,veg_cook
u_0733,912,1,veg_cook
u_0733,2271,1,veg_cook
u_0733,1360,1,veg_cook
u_0733,2121,1,veg_cook
u_0733,2710,1,veg_cook
u_0733,1902,1,veg_cook
u_0733,847,1,veg_cook
u_0733,2278,1,veg_cook
u_0733,2654,1,veg_cook
u_0733,2513,1,veg_cook
u_0733,3024,1,veg_cook
u_0733,1191,1,veg_cook
u_0733,2218,1,veg_cook
u_0733,2750,1,veg_cook
u_0733,1362,1,veg_cook
u_0733,2263,1,veg_cook
u_0733,4192,1,veg_cook
u_0733,2582,1,veg_cook
u_0733,823,1,veg_cook
u_0733,958,1,veg_cook
u_0733,3056,1,veg_cook
u_0733,1912,1,veg_cook
u_0733,660,1,veg_cook
u_0733,1358,1,veg_cook
u_0733,1367,1,veg_cook
u_0733,692,1,veg_cook
u_0733,2659,1,veg_cook
u_0733,895,1,veg_cook
u_0733,995,1,veg_cook
u_0733,2149,1,veg_cook
u_0733,1878,1,veg_cook
u_0733,3139,1,veg_cook
u_0734,110,1,fruit_lover
u_0734,172,1,fruit_lover
u_0734,2188,1,fruit_lover
u_0734,601,1,fruit_lover
u_0734,455,1,fruit_lover
u_0734,121,1,fruit_lover
u_0734,356,1,fruit_lover
u_0734,395,1,fruit_lover
u_0734,39,1,fruit_lover
u_0734,1075,1,fruit_lover
u_0734,498,1,fruit_lover
u_0734,2638,1,fruit_lover
u_0734,2048,1,fruit_lover
u_0734,1413,1,fruit_lover
u_0734,725,1,fruit_lover
u_0734,366,1,fruit_lover
u_0734,877,1,fruit_lover
u_0734,754,1,fruit_lover
u_0734,228,1,fruit_lover
u_0734,1864,1,fruit_lover
u_0734,1932,1,fruit_lover
u_0734,608,1,fruit_lover
u_0734,1715,1,fruit_lover
u_0734,3615,1,fruit_lover
u_0734,3925,1,fruit_lover
u_0734,550,1,fruit_lover
u_0734,3874,1,fruit_lover
u_0734,1246,1,fruit_lover
u_0734,2601,1,fruit_lover
u_0734,117,1,fruit_lover
u_0734,2257,1,fruit_lover
u_0734,1140,1,fruit_lover
u_0735,4021,1,household_stocker
u_0735,1036,1,household_stocker
u_0735,3201,1,household_stocker
u_0735,2566,1,household_stocker
u_0735,1334,1,household_stocker
u_0735,1687,1,household_stocker
u_0735,391,1,household_stocker
u_0735,1108,1,household_stocker
u_0735,3136,1,household_stocker
u_0735,2898,1,household_stocker
u_0735,625,1,household_stocker
u_0735,553,1,household_stocker
u_0735,376,1,household_stocker
u_0735,250,1,household_stocker
u_0735,1654,1,household_stocker
u_0735,37,1,household_stocker
u_0735,3113,1,household_stocker
u_0735,1739,1,household_stocker
u_0735,2895,1,household_stocker
u_0735,3011,1,household_stocker
u_0735,1961,1,household_stocker
u_0735,3173,1,household_stocker
u_0735,2986,1,household_stocker
u_0735,4377,1,household_stocker
u_0736,2669,1,breakfast_shopper
u_0736,4247,1,breakfast_shopper
u_0736,4570,1,breakfast_shopper
u_0736,450,1,breakfast_shopper
u_0736,4502,1,breakfast_shopper
u_0736,4999,1,breakfast_shopper
u_0736,4243,2,breakfast_shopper
u_0736,2974,1,breakfast_shopper
u_0736,4404,1,breakfast_shopper
u_0736,4451,1,breakfast_shopper
u_0736,198,1,breakfast_shopper
u_0736,3433,1,breakfast_shopper
u_0736,3665,1,breakfast_shopper
u_0736,4276,1,breakfast_shopper
u_0736,374,1,breakfast_shopper
u_0736,962,1,breakfast_shopper
u_0736,4194,1,breakfast_shopper
u_0736,1252,1,breakfast_shopper
u_0736,4499,1,breakfast_shopper
u_0736,3227,1,breakfast_shopper
u_0736,2659,1,breakfast_shopper
u_0736,4308,1,breakfast_shopper
u_0736,4251,1,breakfast_shopper
u_0736,4585,1,breakfast_shopper
u_0736,298,1,breakfast_shopper
u_0736,4476,1,breakfast_shopper
u_0736,3850,1,breakfast_shopper
u_0736,307,1,breakfast_shopper
u_0736,3254,1,breakfast_shopper
u_0736,3595,1,breakfast_shopper
u_0736,516,1,breakfast_shopper
u_0736,4289,1,breakfast_shopper
u_0736,4512,1,breakfast_shopper
u_0736,332,1,breakfast_shopper
u_0736,2242,1,breakfast_shopper
u_0736,3611,1,breakfast_shopper
u_0736,4464,1,breakfast_shopper
u_0736,4201,1,breakfast_shopper
u_0736,4574,1,breakfast_shopper
u_0736,4356,1,breakfast_shopper
u_0737,631,1,veg_cook
u_0737,2449,1,veg_cook
u_0737,894,1,veg_cook
u_0737,632,1,veg_cook
u_0737,1826,1,veg_cook
u_0737,522,1,veg_cook
u_0737,890,1,veg_cook
u_0737,778,1,veg_cook
u_0737,4102,1,veg_cook
u_0737,2277,1,veg_cook
u_0737,1918,1,veg_cook
u_0737,1291,1,veg_cook
u_0737,2512,1,veg_cook
u_0737,1626,1,veg_cook
u_0737,1427,1,veg_cook
u_0737,3718,1,veg_cook
u_0737,4008,1,veg_cook
u_0737,753,1,veg_cook
u_0737,2474,1,veg_cook
u_0737,1123,1,veg_cook
u_0737,2104,1,veg_cook
u_0737,1598,1,veg_cook
u_0737,109,1,veg_cook
u_0737,2671,1,veg_cook
u_0737,2307,1,veg_cook
u_0737,2088,1,veg_cook
u_0737,3055,1,veg_cook
u_0737,847,1,veg_cook
u_0737,1298,1,veg_cook
u_0737,675,1,veg_cook
u_0737,3177,1,veg_cook
u_0737,765,1,veg_cook
u_0737,1206,1,veg_cook
u_0737,1366,1,veg_cook
u_0737,496,1,veg_cook
u_0737,3351,1,veg_cook
u_0737,1383,1,veg_cook
u_0737,875,1,veg_cook
u_0738,429,1,breakfast_shopper
u_0738,171,1,breakfast_shopper
u_0738,2396,1,breakfast_shopper
u_0738,4290,1,breakfast_shopper
u_0738,4385,1,breakfast_shopper
u_0738,1280,1,breakfast_shopper
u_0738,4324,1,breakfast_shopper
u_0738,307,1,breakfast_shopper
u_0738,4591,1,breakfast_shopper
u_0738,2414,1,breakfast_shopper
u_0738,4388,1,breakfast_shopper
u_0738,4417,1,breakfast_shopper
u_0738,2763,1,breakfast_shopper
u_0738,514,1,breakfast_shopper
u_0738,4260,1,breakfast_shopper
u_0738,57,1,breakfast_shopper
u_0738,235,1,breakfast_shopper
u_0738,4394,1,breakfast_shopper
u_0738,4420,1,breakfast_shopper
u_0738,2522,1,breakfast_shopper
u_0738,899,1,breakfast_shopper
u_0738,3882,1,breakfast_shopper
u_0738,234,1,breakfast_shopper
u_0738,2532,1,breakfast_shopper
u_0738,4465,1,breakfast_shopper
u_0738,3762,1,breakfast_shopper
u_0738,4277,2,breakfast_shopper
u_0738,1307,1,breakfast_shopper
u_0738,437,1,breakfast_shopper
u_0739,2514,1,festival_shopper
u_0739,2326,1,festival_shopper
u_0739,1431,1,festival_shopper
u_0739,1621,1,festival_shopper
u_0739,2410,1,festival_shopper
u_0739,2545,1,festival_shopper
u_0739,1541,1,festival_shopper
u_0739,154,1,festival_shopper
u_0739,678,1,festival_shopper
u_0739,1731,1,festival_shopper
u_0739,849,1,festival_shopper
u_0739,756,1,festival_shopper
u_0739,247,1,festival_shopper
u_0739,2176,1,festival_shopper
u_0739,2646,1,festival_shopper
u_0739,877,1,festival_shopper
u_0739,228,1,festival_shopper
u_0739,405,1,festival_shopper
u_0739,113,1,festival_shopper
u_0739,55,1,festival_shopper
u_0739,484,1,festival_shopper
u_0739,4697,1,festival_shopper
u_0739,5,1,festival_shopper
u_0739,588,1,festival_shopper
u_0739,1581,1,festival_shopper
u_0739,871,1,festival_shopper
u_0739,220,1,festival_shopper
u_0739,471,1,festival_shopper
u_0739,1776,1,festival_shopper
u_0739,2582,1,festival_shopper
u_0739,1723,1,festival_shopper
u_0739,139,1,festival_shopper
u_0739,1786,1,festival_shopper
u_0739,2943,1,festival_shopper
u_0739,225,1,festival_shopper
u_0739,2455,1,festival_shopper
u_0740,3522,1,snack_lover
u_0740,3079,1,snack_lover
u_0740,3215,1,snack_lover
u_0740,3362,1,snack_lover
u_0740,1187,1,snack_lover
u_0740,3066,1,snack_lover
u_0740,3005,1,snack_lover
u_0740,4758,1,snack_lover
u_0740,1256,1,snack_lover
u_0740,4081,1,snack_lover
u_0740,2912,1,snack_lover
u_0740,3695,1,snack_lover
u_0740,3391,1,snack_lover
u_0740,3025,1,snack_lover
u_0740,3636,1,snack_lover
u_0740,3731,1,snack_lover
u_0740,3611,1,snack_lover
u_0740,147,1,snack_lover
u_0740,3648,1,snack_lover
u_0740,4532,1,snack_lover
u_0740,4450,1,snack_lover
u_0740,3743,1,snack_lover
u_0740,2950,1,snack_lover
u_0740,3912,1,snack_lover
u_0740,3871,1,snack_lover
u_0740,3596,1,snack_lover
u_0740,4482,1,snack_lover
u_0740,3594,1,snack_lover
u_0740,3569,1,snack_lover
u_0740,3387,1,snack_lover
u_0740,4042,1,snack_lover
u_0740,3185,1,snack_lover
u_0740,4483,1,snack_lover
u_0740,4440,1,snack_lover
u_0740,3035,1,snack_lover
u_0740,2686,1,snack_lover
u_0740,3295,1,snack_lover
u_0740,3900,1,snack_lover
u_0741,2030,1,veg_cook
u_0741,1910,1,veg_cook
u_0741,2689,1,veg_cook
u_0741,1265,1,veg_cook
u_0741,2984,1,veg_cook
u_0741,1755,1,veg_cook
u_0741,2279,1,veg_cook
u_0741,35,1,veg_cook
u_0741,1478,1,veg_cook
u_0741,4103,1,veg_cook
u_0741,1986,1,veg_cook
u_0741,2225,1,veg_cook
u_0741,166,1,veg_cook
u_0741,600,1,veg_cook
u_0741,1592,1,veg_cook
u_0741,866,1,veg_cook
u_0741,862,1,veg_cook
u_0741,632,1,veg_cook
u_0741,2561,1,veg_cook
u_0741,874,1,veg_cook
u_0741,78,1,veg_cook
u_0741,679,1,veg_cook
u_0741,564,1,veg_cook
u_0741,2158,1,veg_cook
u_0741,2280,1,veg_cook
u_0741,2314,1,veg_cook
u_0741,2013,1,veg_cook
u_0741,468,1,veg_cook
u_0741,1,1,veg_cook
u_0741,1943,1,veg_cook
u_0741,1216,1,veg_cook
u_0741,1322,1,veg_cook
u_0741,731,1,veg_cook
u_0741,2352,1,veg_cook
u_0741,3516,1,veg_cook
u_0741,2674,1,veg_cook
u_0741,3764,1,veg_cook
u_0741,503,1,veg_cook
u_0741,76,1,veg_cook
u_0741,551,1,veg_cook
u_0742,1689,1,festival_shopper
u_0742,268,1,festival_shopper
u_0742,860,1,festival_shopper
u_0742,491,1,festival_shopper
u_0742,1534,1,festival_shopper
u_0742,2729,1,festival_shopper
u_0742,874,1,festival_shopper
u_0742,3438,1,festival_shopper
u_0742,1963,1,festival_shopper
u_0742,933,1,festival_shopper
u_0742,252,1,festival_shopper
u_0742,2534,1,festival_shopper
u_0742,585,1,festival_shopper
u_0742,2430,1,festival_shopper
u_0742,1557,1,festival_shopper
u_0742,2370,1,festival_shopper
u_0742,1011,1,festival_shopper
u_0742,4489,1,festival_shopper
u_0742,2365,1,festival_shopper
u_0742,53,1,festival_shopper
u_0742,2697,1,festival_shopper
u_0742,1498,1,festival_shopper
u_0742,879,1,festival_shopper
u_0742,2717,1,festival_shopper
u_0742,17,1,festival_shopper
u_0742,674,1,festival_shopper
u_0742,161,1,festival_shopper
u_0742,260,1,festival_shopper
u_0742,350,1,festival_shopper
u_0742,613,1,festival_shopper
u_0742,3036,1,festival_shopper
u_0742,1771,1,festival_shopper
u_0742,1570,1,festival_shopper
u_0742,2514,1,festival_shopper
u_0742,1686,1,festival_shopper
u_0742,2594,1,festival_shopper
u_0742,1685,1,festival_shopper
u_0742,2369,1,festival_shopper
u_0742,1492,1,festival_shopper
u_0742,2070,1,festival_shopper
u_0742,760,1,festival_shopper
u_0742,4034,1,festival_shopper
u_0742,1681,1,festival_shopper
u_0742,1645,1,festival_shopper
u_0742,1739,1,festival_shopper
u_0742,614,1,festival_shopper
u_0743,4187,1,household_stocker
u_0743,1403,1,household_stocker
u_0743,2421,1,household_stocker
u_0743,2651,1,household_stocker
u_0743,2865,1,household_stocker
u_0743,2397,1,household_stocker
u_0743,3051,1,household_stocker
u_0743,2625,1,household_stocker
u_0743,3516,1,household_stocker
u_0743,2850,1,household_stocker
u_0743,1752,1,household_stocker
u_0743,666,1,household_stocker
u_0743,401,1,household_stocker
u_0743,2968,1,household_stocker
u_0743,262,1,household_stocker
u_0743,2610,1,household_stocker
u_0743,2993,1,household_stocker
u_0743,3032,1,household_stocker
u_0743,2682,1,household_stocker
u_0743,764,1,household_stocker
u_0743,277,1,household_stocker
u_0743,292,1,household_stocker
u_0743,879,1,household_stocker
u_0743,3144,1,household_stocker
u_0743,1620,1,household_stocker
u_0743,2548,1,household_stocker
u_0743,1719,1,household_stocker
u_0743,3181,1,household_stocker
u_0743,3600,1,household_stocker
u_0743,3198,1,household_stocker
u_0743,1616,1,household_stocker
u_0743,1780,1,household_stocker
u_0743,852,1,household_stocker
u_0743,2263,1,household_stocker
u_0743,3054,1,household_stocker
u_0743,2721,1,household_stocker
u_0743,2371,1,household_stocker
u_0743,2572,1,household_stocker
u_0743,907,1,household_stocker
u_0743,3205,1,household_stocker
u_0743,3112,1,household_stocker
u_0744,3395,1,snack_lover
u_0744,3826,1,snack_lover
u_0744,3544,1,snack_lover
u_0744,4179,1,snack_lover
u_0744,3223,1,snack_lover
u_0744,4068,1,snack_lover
u_0744,3844,1,snack_lover
u_0744,3717,1,snack_lover
u_0744,3134,2,snack_lover
u_0744,2884,1,snack_lover
u_0744,1861,1,snack_lover
u_0744,3828,1,snack_lover
u_0744,3289,1,snack_lover
u_0744,3668,1,snack_lover
u_0744,4400,1,snack_lover
u_0744,4399,1,snack_lover
u_0744,3837,1,snack_lover
u_0744,3238,1,snack_lover
u_0744,202,1,snack_lover
u_0744,3030,1,snack_lover
u_0744,3966,1,snack_lover
u_0744,4152,1,snack_lover
u_0744,3713,1,snack_lover
u_0744,2770,1,snack_lover
u_0744,3505,1,snack_lover
u_0744,3253,1,snack_lover
u_0744,3501,1,snack_lover
u_0744,3308,1,snack_lover
u_0744,4022,1,snack_lover
u_0744,3681,1,snack_lover
u_0744,3657,1,snack_lover
u_0744,3255,1,snack_lover
u_0744,3677,1,snack_lover
u_0744,3839,1,snack_lover
u_0744,330,1,snack_lover
u_0744,3115,1,snack_lover
u_0744,3459,1,snack_lover
u_0744,4421,1,snack_lover
u_0744,4083,1,snack_lover
u_0744,3566,1,snack_lover
u_0744,1480,1,snack_lover
u_0744,4337,1,snack_lover
u_0744,320,1,snack_lover
u_0744,613,1,snack_lover
u_0744,4299,1,snack_lover
u_0745,616,1,festival_shopper
u_0745,1573,1,festival_shopper
u_0745,2450,1,festival_shopper
u_0745,1396,1,festival_shopper
u_0745,1803,1,festival_shopper
u_0745,166,1,festival_shopper
u_0745,2840,1,festival_shopper
u_0745,1198,1,festival_shopper
u_0745,950,1,festival_shopper
u_0745,4587,1,festival_shopper
u_0745,1819,1,festival_shopper
u_0745,360,1,festival_shopper
u_0745,2444,1,festival_shopper
u_0745,2476,1,festival_shopper
u_0745,731,1,festival_shopper
u_0745,2694,1,festival_shopper
u_0745,4427,1,festival_shopper
u_0745,1632,1,festival_shopper
u_0745,1525,1,festival_shopper
u_0745,2696,1,festival_shopper
u_0745,1497,1,festival_shopper
u_0745,1682,1,festival_shopper
u_0745,319,1,festival_shopper
u_0745,1005,1,festival_shopper
u_0745,778,1,festival_shopper
u_0745,1629,1,festival_shopper
u_0745,1036,1,festival_shopper
u_0745,3198,1,festival_shopper
u_0745,610,1,festival_shopper
u_0745,2770,1,festival_shopper
u_0746,2529,1,household_stocker
u_0746,2846,1,household_stocker
u_0746,2920,1,household_stocker
u_0746,905,1,household_stocker
u_0746,3130,1,household_stocker
u_0746,1141,1,household_stocker
u_0746,2765,1,household_stocker
u_0746,2427,1,household_stocker
u_0746,3105,1,household_stocker
u_0746,810,1,household_stocker
u_0746,2966,1,household_stocker
u_0746,3194,1,household_stocker
u_0746,3013,1,household_stocker
u_0746,1973,1,household_stocker
u_0746,322,1,household_stocker
u_0746,159,1,household_stocker
u_0746,2452,1,household_stocker
u_0746,3016,1,household_stocker
u_0746,745,1,household_stocker
u_0746,2960,1,household_stocker
u_0746,2163,1,household_stocker
u_0746,2037,1,household_stocker
u_0746,3056,1,household_stocker
u_0746,669,1,household_stocker
u_0746,2793,1,household_stocker
u_0746,3061,1,household_stocker
u_0746,3057,1,household_stocker
u_0746,1347,1,household_stocker
u_0746,2687,1,household_stocker
u_0746,2822,1,household_stocker
u_0746,1351,1,household_stocker
u_0746,2503,1,household_stocker
u_0746,4530,1,household_stocker
u_0746,3182,1,household_stocker
u_0746,1947,1,household_stocker
u_0746,3019,1,household_stocker
u_0746,2564,1,household_stocker
u_0746,3468,1,household_stocker
u_0746,3112,1,household_stocker
u_0746,2473,1,household_stocker
u_0746,1776,1,household_stocker
u_0746,2383,1,household_stocker
u_0746,1478,1,household_stocker
u_0746,640,1,household_stocker
u_0746,916,1,household_stocker
u_0746,2509,1,household_stocker
u_0747,2605,1,veg_cook
u_0747,981,1,veg_cook
u_0747,2138,1,veg_cook
u_0747,2777,1,veg_cook
u_0747,1302,1,veg_cook
u_0747,864,1,veg_cook
u_0747,1033,1,veg_cook
u_0747,3112,1,veg_cook
u_0747,561,1,veg_cook
u_0747,927,1,veg_cook
u_0747,2917,1,veg_cook
u_0747,2047,2,veg_cook
u_0747,720,1,veg_cook
u_0747,2073,1,veg_cook
u_0747,2960,1,veg_cook
u_0747,2343,1,veg_cook
u_0747,3680,1,veg_cook
u_0747,1812,1,veg_cook
u_0747,2434,1,veg_cook
u_0747,3893,1,veg_cook
u_0747,2383,1,veg_cook
u_0747,2364,1,veg_cook
u_0747,935,1,veg_cook
u_0747,1305,1,veg_cook
u_0747,2355,1,veg_cook
u_0747,2231,1,veg_cook
u_0747,1271,1,veg_cook
u_0747,1247,1,veg_cook
u_0747,854,1,veg_cook
u_0747,4181,1,veg_cook
u_0747,1842,1,veg_cook
u_0747,855,1,veg_cook
u_0747,1482,1,veg_cook
u_0747,2369,1,veg_cook
u_0747,794,1,veg_cook
u_0747,2525,1,veg_cook
u_0747,2354,1,veg_cook
u_0747,2378,1,veg_cook
u_0747,840,1,veg_cook
u_0747,1154,1,veg_cook
u_0747,1463,1,veg_cook
u_0747,4600,1,veg_cook
u_0747,2115,1,veg_cook
u_0747,1172,1,veg_cook
u_0748,3095,1,breakfast_shopper
u_0748,4183,1,breakfast_shopper
u_0748,4387,1,breakfast_shopper
u_0748,4161,1,breakfast_shopper
u_0748,3461,1,breakfast_shopper
u_0748,4995,1,breakfast_shopper
u_0748,3407,1,breakfast_shopper
u_0748,2425,1,breakfast_shopper
u_0748,2342,1,breakfast_shopper
u_0748,4249,1,breakfast_shopper
u_0748,4447,1,breakfast_shopper
u_0748,1353,1,breakfast_shopper
u_0748,107,1,breakfast_shopper
u_0748,4197,1,breakfast_shopper
u_0748,857,1,breakfast_shopper
u_0748,4800,1,breakfast_shopper
u_0748,2316,1,breakfast_shopper
u_0748,3252,1,breakfast_shopper
u_0748,4303,1,breakfast_shopper
u_0748,1649,1,breakfast_shopper
u_0748,4586,1,breakfast_shopper
u_0748,2672,1,breakfast_shopper
u_0748,3285,1,breakfast_shopper
u_0748,3339,1,breakfast_shopper
u_0748,4146,1,breakfast_shopper
u_0748,4287,1,breakfast_shopper
u_0748,2352,1,breakfast_shopper
u_0748,4522,1,breakfast_shopper
u_0749,3120,1,household_stocker
u_0749,3147,1,household_stocker
u_0749,2110,1,household_stocker
u_0749,2543,1,household_stocker
u_0749,3059,1,household_stocker
u_0749,1304,1,household_stocker
u_0749,3132,1,household_stocker
u_0749,3008,1,household_stocker
u_0749,1482,1,household_stocker
u_0749,2847,1,household_stocker
u_0749,4638,1,household_stocker
u_0749,1638,1,household_stocker
u_0749,3128,1,household_stocker
u_0749,2997,1,household_stocker
u_0749,3145,1,household_stocker
u_0749,2931,1,household_stocker
u_0749,946,1,household_stocker
u_0749,600,1,household_stocker
u_0749,345,1,household_stocker
u_0749,2498,1,household_stocker
u_0749,3063,1,household_stocker
u_0749,2757,1,household_stocker
u_0749,2959,1,household_stocker
u_0749,2594,1,household_stocker
u_0750,1289,1,veg_cook
u_0750,1233,1,veg_cook
u_0750,835,1,veg_cook
u_0750,921,1,veg_cook
u_0750,661,1,veg_cook
u_0750,2718,1,veg_cook
u_0750,463,1,veg_cook
u_0750,954,1,veg_cook
u_0750,2755,1,veg_cook
u_0750,1855,1,veg_cook
u_0750,1476,1,veg_cook
u_0750,1875,1,veg_cook
u_0750,3053,1,veg_cook
u_0750,826,1,veg_cook
u_0750,2050,1,veg_cook
u_0750,838,1,veg_cook
u_0750,601,1,veg_cook
u_0750,1017,1,veg_cook
u_0750,533,1,veg_cook
u_0750,2222,1,veg_cook
u_0750,2261,1,veg_cook
u_0750,746,1,veg_cook
u_0750,604,1,veg_cook
u_0750,4713,1,veg_cook
u_0750,916,1,veg_cook
u_0750,1586,1,veg_cook
u_0750,608,1,veg_cook
u_0750,547,1,veg_cook
u_0751,863,1,veg_cook
u_0751,1991,1,veg_cook
u_0751,3484,1,veg_cook
u_0751,1046,1,veg_cook
u_0751,1167,1,veg_cook
u_0751,835,1,veg_cook
u_0751,2977,1,veg_cook
u_0751,1884,1,veg_cook
u_0751,1259,1,veg_cook
u_0751,1164,1,veg_cook
u_0751,2464,1,veg_cook
u_0751,118,1,veg_cook
u_0751,3500,1,veg_cook
u_0751,2611,1,veg_cook
u_0751,1318,1,veg_cook
u_0751,832,1,veg_cook
u_0751,801,1,veg_cook
u_0751,241,1,veg_cook
u_0751,1973,1,veg_cook
u_0751,2202,1,veg_cook
u_0751,2382,1,veg_cook
u_0751,698,1,veg_cook
u_0751,4774,1,veg_cook
u_0751,6,1,veg_cook
u_0751,677,1,veg_cook
u_0751,2641,1,veg_cook
u_0751,94,1,veg_cook
u_0751,562,1,veg_cook
u_0751,545,1,veg_cook
u_0751,259,1,veg_cook
u_0751,686,1,veg_cook
u_0751,2596,1,veg_cook
u_0751,1436,1,veg_cook
u_0751,889,1,veg_cook
u_0751,2504,1,veg_cook
u_0751,2619,1,veg_cook
u_0751,555,1,veg_cook
u_0751,2705,1,veg_cook
u_0751,558,1,veg_cook
u_0751,2070,1,veg_cook
u_0752,2231,1,gourmet
u_0752,847,1,gourmet
u_0752,1260,1,gourmet
u_0752,2437,1,gourmet
u_0752,191,1,gourmet
u_0752,600,1,gourmet
u_0752,4509,1,gourmet
u_0752,4872,1,gourmet
u_0752,2052,1,gourmet
u_0752,2114,1,gourmet
u_0752,1318,1,gourmet
u_0752,76,1,gourmet
u_0752,1334,1,gourmet
u_0752,1551,1,gourmet
u_0752,1964,1,gourmet
u_0752,1917,1,gourmet
u_0752,2959,1,gourmet
u_0752,350,1,gourmet
u_0752,1098,1,gourmet
u_0752,529,1,gourmet
u_0752,2452,1,gourmet
u_0752,1530,1,gourmet
u_0752,1331,1,gourmet
u_0752,2075,1,gourmet
u_0752,239,1,gourmet
u_0752,2618,1,gourmet
u_0752,1954,1,gourmet
u_0752,2137,1,gourmet
u_0752,1586,1,gourmet
u_0752,2266,1,gourmet
u_0752,4265,1,gourmet
u_0752,2482,2,gourmet
u_0752,1841,1,gourmet
u_0752,366,1,gourmet
u_0752,783,1,gourmet
u_0752,3309,1,gourmet
u_0752,2060,1,gourmet
u_0752,684,1,gourmet
u_0752,3733,1,gourmet
u_0752,2844,1,gourmet
u_0752,1932,1,gourmet
u_0752,930,1,gourmet
u_0752,1485,1,gourmet
u_0752,2115,1,gourmet
u_0752,1118,1,gourmet
u_0753,2419,1,household_stocker
u_0753,2447,1,household_stocker
u_0753,1163,1,household_stocker
u_0753,4735,1,household_stocker
u_0753,2977,1,household_stocker
u_0753,1868,1,household_stocker
u_0753,133,1,household_stocker
u_0753,798,1,household_stocker
u_0753,499,1,household_stocker
u_0753,3021,1,household_stocker
u_0753,2754,1,household_stocker
u_0753,1152,1,household_stocker
u_0753,2314,1,household_stocker
u_0753,2138,1,household_stocker
u_0753,2942,1,household_stocker
u_0753,331,1,household_stocker
u_0753,2984,1,household_stocker
u_0753,1200,1,household_stocker
u_0753,2762,1,household_stocker
u_0753,3119,1,household_stocker
u_0753,2876,1,household_stocker
u_0753,2516,1,household_stocker
u_0753,3073,1,household_stocker
u_0753,2703,1,household_stocker
u_0753,2825,1,household_stocker
u_0753,2806,1,household_stocker
u_0753,3177,1,household_stocker
u_0753,4161,1,household_stocker
u_0753,2109,1,household_stocker
u_0753,1988,1,household_stocker
u_0753,3182,1,household_stocker
u_0753,3842,1,household_stocker
u_0753,2363,1,household_stocker
u_0753,2921,1,household_stocker
u_0753,2900,1,household_stocker
u_0753,1667,1,household_stocker
u_0753,3097,1,household_stocker
u_0753,2734,2,household_stocker
u_0753,2383,1,household_stocker
u_0753,4383,1,household_stocker
u_0753,40,1,household_stocker
u_0753,3157,1,household_stocker
u_0753,629,1,household_stocker
u_0753,2928,1,household_stocker
u_0754,3051,1,snack_lover
u_0754,3476,1,snack_lover
u_0754,3796,1,snack_lover
u_0754,2334,1,snack_lover
u_0754,4101,1,snack_lover
u_0754,2378,1,snack_lover
u_0754,3662,1,snack_lover
u_0754,3526,1,snack_lover
u_0754,3714,1,snack_lover
u_0754,1029,1,snack_lover
u_0754,4027,1,snack_lover
u_0754,4088,2,snack_lover
u_0754,3459,1,snack_lover
u_0754,2994,1,snack_lover
u_0754,3857,1,snack_lover
u_0754,3898,1,snack_lover
u_0754,523,1,snack_lover
u_0754,2991,1,snack_lover
u_0754,3300,1,snack_lover
u_0754,3288,1,snack_lover
u_0754,3581,1,snack_lover
u_0754,3414,1,snack_lover
u_0754,3522,1,snack_lover
u_0754,3928,1,snack_lover
u_0754,3398,1,snack_lover
u_0754,3339,1,snack_lover
u_0754,3204,1,snack_lover
u_0754,3636,1,snack_lover
u_0754,2780,1,snack_lover
u_0754,4096,1,snack_lover
u_0754,3387,1,snack_lover
u_0754,3549,1,snack_lover
u_0754,3726,1,snack_lover
u_0754,3137,1,snack_lover
u_0754,4228,1,snack_lover
u_0754,4011,1,snack_lover
u_0754,3055,1,snack_lover
u_0754,3786,1,snack_lover
u_0754,4453,2,snack_lover
u_0755,2250,1,gourmet
u_0755,2839,1,gourmet
u_0755,933,1,gourmet
u_0755,565,1,gourmet
u_0755,2150,1,gourmet
u_0755,2341,1,gourmet
u_0755,2190,1,gourmet
u_0755,1332,1,gourmet
u_0755,608,1,gourmet
u_0755,989,1,gourmet
u_0755,749,1,gourmet
u_0755,284,1,gourmet
u_0755,1967,1,gourmet
u_0755,206,1,gourmet
u_0755,2048,1,gourmet
u_0755,3145,1,gourmet
u_0755,2873,1,gourmet
u_0755,1923,1,gourmet
u_0755,782,1,gourmet
u_0755,1931,1,gourmet
u_0755,722,1,gourmet
u_0755,2163,1,gourmet
u_0755,2402,1,gourmet
u_0755,922,1,gourmet
u_0755,1478,1,gourmet
u_0755,2009,1,gourmet
u_0755,2170,1,gourmet
u_0755,619,1,gourmet
u_0755,2109,1,gourmet
u_0755,492,1,gourmet
u_0755,727,1,gourmet
u_0755,1808,1,gourmet
u_0755,523,1,gourmet
u_0755,4995,1,gourmet
u_0755,517,1,gourmet
u_0755,3814,1,gourmet
u_0755,4226,1,gourmet
u_0755,2436,1,gourmet
u_0755,3186,1,gourmet
u_0755,1979,1,gourmet
u_0755,923,1,gourmet
u_0755,9,1,gourmet
u_0755,2147,1,gourmet
u_0755,2064,1,gourmet
u_0755,303,1,gourmet
u_0755,716,1,gourmet
u_0755,1998,1,gourmet
u_0755,2731,1,gourmet
u_0756,3456,1,snack_lover
u_0756,3839,1,snack_lover
u_0756,2147,1,snack_lover
u_0756,3104,1,snack_lover
u_0756,3290,1,snack_lover
u_0756,3676,1,snack_lover
u_0756,3656,1,snack_lover
u_0756,3882,1,snack_lover
u_0756,2797,1,snack_lover
u_0756,3045,1,snack_lover
u_0756,3431,1,snack_lover
u_0756,4365,1,snack_lover
u_0756,3403,1,snack_lover
u_0756,3448,1,snack_lover
u_0756,3631,1,snack_lover
u_0756,3113,1,snack_lover
u_0756,3344,1,snack_lover
u_0756,3164,1,snack_lover
u_0756,3526,1,snack_lover
u_0756,243,1,snack_lover
u_0756,4270,1,snack_lover
u_0756,3923,1,snack_lover
u_0756,82,1,snack_lover
u_0756,4404,1,snack_lover
u_0756,3318,1,snack_lover
u_0756,3116,1,snack_lover
u_0756,3573,1,snack_lover
u_0756,4589,1,snack_lover
u_0756,4561,1,snack_lover
u_0756,3473,1,snack_lover
u_0756,4001,1,snack_lover
u_0756,2784,1,snack_lover
u_0756,3633,1,snack_lover
u_0756,4225,1,snack_lover
u_0756,4132,1,snack_lover
u_0756,3827,1,snack_lover
u_0757,4463,1,breakfast_shopper
u_0757,4254,1,breakfast_shopper
u_0757,2448,1,breakfast_shopper
u_0757,3649,1,breakfast_shopper
u_0757,2630,1,breakfast_shopper
u_0757,4329,1,breakfast_shopper
u_0757,857,1,breakfast_shopper
u_0757,2662,1,breakfast_shopper
u_0757,2789,1,breakfast_shopper
u_0757,3359,1,breakfast_shopper
u_0757,2752,1,breakfast_shopper
u_0757,588,1,breakfast_shopper
u_0757,2717,1,breakfast_shopper
u_0757,344,1,breakfast_shopper
u_0757,2766,1,breakfast_shopper
u_0757,404,1,breakfast_shopper
u_0757,4942,1,breakfast_shopper
u_0757,2617,1,breakfast_shopper
u_0757,4547,1,breakfast_shopper
u_0757,668,1,breakfast_shopper
u_0757,4763,1,breakfast_shopper
u_0757,4264,2,breakfast_shopper
u_0757,4287,1,breakfast_shopper
u_0757,4573,1,breakfast_shopper
u_0757,505,1,breakfast_shopper
u_0757,227,1,breakfast_shopper
u_0757,685,1,breakfast_shopper
u_0757,18,1,breakfast_shopper
u_0757,1049,1,breakfast_shopper
u_0757,493,1,breakfast_shopper
u_0757,4476,1,breakfast_shopper
u_0757,2339,1,breakfast_shopper
u_0757,3575,1,breakfast_shopper
u_0757,4940,1,breakfast_shopper
u_0757,69,1,breakfast_shopper
u_0757,4497,1,breakfast_shopper
u_0757,2428,1,breakfast_shopper
u_0757,2679,1,breakfast_shopper
u_0757,2408,1,breakfast_shopper
u_0757,1419,1,breakfast_shopper
u_0757,1718,1,breakfast_shopper
u_0757,2422,1,breakfast_shopper
u_0757,4565,1,breakfast_shopper
u_0757,4776,1,breakfast_shopper
u_0757,2381,1,breakfast_shopper
u_0758,851,1,breakfast_shopper
u_0758,50,1,breakfast_shopper
u_0758,4152,1,breakfast_shopper
u_0758,4451,1,breakfast_shopper
u_0758,4482,1,breakfast_shopper
u_0758,3477,1,breakfast_shopper
u_0758,785,1,breakfast_shopper
u_0758,2402,1,breakfast_shopper
u_0758,4517,1,breakfast_shopper
u_0758,2465,1,breakfast_shopper
u_0758,691,1,breakfast_shopper
u_0758,4327,1,breakfast_shopper
u_0758,4278,1,breakfast_shopper
u_0758,527,1,breakfast_shopper
u_0758,2607,1,breakfast_shopper
u_0758,4430,1,breakfast_shopper
u_0758,1225,1,breakfast_shopper
u_0758,4206,1,breakfast_shopper
u_0758,4450,1,breakfast_shopper
u_0758,2595,1,breakfast_shopper
u_0758,4170,1,breakfast_shopper
u_0758,4147,1,breakfast_shopper
u_0758,811,1,breakfast_shopper
u_0758,3630,1,breakfast_shopper
u_0758,2545,1,breakfast_shopper
u_0758,2722,1,breakfast_shopper
u_0758,3670,1,breakfast_shopper
u_0758,2679,1,breakfast_shopper
u_0758,139,1,breakfast_shopper
u_0758,492,1,breakfast_shopper
u_0758,3024,1,breakfast_shopper
u_0759,3225,1,snack_lover
u_0759,2162,1,snack_lover
u_0759,3120,1,snack_lover
u_0759,3112,1,snack_lover
u_0759,3240,1,snack_lover
u_0759,4224,1,snack_lover
u_0759,3128,1,snack_lover
u_0759,3510,1,snack_lover
u_0759,4435,1,snack_lover
u_0759,3614,1,snack_lover
u_0759,3825,1,snack_lover
u_0759,260,1,snack_lover
u_0759,4404,1,snack_lover
u_0759,4555,1,snack_lover
u_0759,3895,1,snack_lover
u_0759,1004,1,snack_lover
u_0759,2077,1,snack_lover
u_0759,4164,1,snack_lover
u_0759,3325,1,snack_lover
u_0759,997,1,snack_lover
u_0759,3758,1,snack_lover
u_0759,3329,1,snack_lover
u_0759,4069,1,snack_lover
u_0759,1053,1,snack_lover
u_0759,3331,1,snack_lover
u_0759,3801,1,snack_lover
u_0759,3316,1,snack_lover
u_0759,3484,1,snack_lover
u_0759,4116,1,snack_lover
u_0759,2916,1,snack_lover
u_0759,4414,1,snack_lover
u_0759,907,1,snack_lover
u_0759,4143,1,snack_lover
u_0759,267,1,snack_lover
u_0760,2080,2,veg_cook
u_0760,1011,1,veg_cook
u_0760,2036,1,veg_cook
u_0760,842,1,veg_cook
u_0760,532,1,veg_cook
u_0760,829,1,veg_cook
u_0760,1298,1,veg_cook
u_0760,3079,1,veg_cook
u_0760,3010,1,veg_cook
u_0760,191,1,veg_cook
u_0760,748,1,veg_cook
u_0760,1367,1,veg_cook
u_0760,2398,1,veg_cook
u_0760,2463,1,veg_cook
u_0760,2189,1,veg_cook
u_0760,2691,1,veg_cook
u_0760,929,1,veg_cook
u_0760,3543,1,veg_cook
u_0760,446,1,veg_cook
u_0760,831,1,veg_cook
u_0760,1469,1,veg_cook
u_0760,2514,1,veg_cook
u_0760,646,1,veg_cook
u_0760,2553,1,veg_cook
u_0760,1974,1,veg_cook
u_0760,950,1,veg_cook
u_0760,2692,1,veg_cook
u_0760,1134,1,veg_cook
u_0760,487,1,veg_cook
u_0760,1360,1,veg_cook
u_0760,1354,1,veg_cook
u_0760,509,1,veg_cook
u_0760,623,1,veg_cook
u_0760,1769,1,veg_cook
u_0760,1822,1,veg_cook
u_0760,2509,1,veg_cook
u_0760,664,2,veg_cook
u_0760,4817,1,veg_cook
u_0760,4630,1,veg_cook
u_0760,476,1,veg_cook
u_0761,2734,1,breakfast_shopper
u_0761,723,1,breakfast_shopper
u_0761,610,1,breakfast_shopper
u_0761,2538,1,breakfast_shopper
u_0761,4269,1,breakfast_shopper
u_0761,4361,1,breakfast_shopper
u_0761,4403,1,breakfast_shopper
u_0761,170,1,breakfast_shopper
u_0761,4505,1,breakfast_shopper
u_0761,2353,1,breakfast_shopper
u_0761,3276,1,breakfast_shopper
u_0761,698,1,breakfast_shopper
u_0761,4153,1,breakfast_shopper
u_0761,4195,1,breakfast_shopper
u_0761,4478,1,breakfast_shopper
u_0761,4529,1,breakfast_shopper
u_0761,1833,1,breakfast_shopper
u_0761,4200,1,breakfast_shopper
u_0761,819,1,breakfast_shopper
u_0761,4193,1,breakfast_shopper
u_0761,4285,2,breakfast_shopper
u_0761,1544,1,breakfast_shopper
u_0761,4755,1,breakfast_shopper
u_0762,4096,1,snack_lover
u_0762,3556,1,snack_lover
u_0762,3969,1,snack_lover
u_0762,3083,1,snack_lover
u_0762,2956,1,snack_lover
u_0762,4146,1,snack_lover
u_0762,4103,1,snack_lover
u_0762,3803,1,snack_lover
u_0762,3675,1,snack_lover
u_0762,3464,1,snack_lover
u_0762,3688,1,snack_lover
u_0762,4139,1,snack_lover
u_0762,3312,1,snack_lover
u_0762,3470,1,snack_lover
u_0762,3499,1,snack_lover
u_0762,4020,1,snack_lover
u_0762,2090,1,snack_lover
u_0762,3348,1,snack_lover
u_0762,3805,1,snack_lover
u_0762,3284,1,snack_lover
u_0762,3955,1,snack_lover
u_0762,4888,1,snack_lover
u_0762,2942,1,snack_lover
u_0762,3411,1,snack_lover
u_0762,3232,1,snack_lover
u_0762,3230,1,snack_lover
u_0762,4039,1,snack_lover
u_0762,3363,1,snack_lover
u_0762,4367,1,snack_lover
u_0762,3657,1,snack_lover
u_0762,2618,1,snack_lover
u_0762,3912,1,snack_lover
u_0762,3810,1,snack_lover
u_0762,4235,1,snack_lover
u_0762,2855,1,snack_lover
u_0762,3248,1,snack_lover
u_0762,3493,1,snack_lover
u_0762,3986,1,snack_lover
u_0762,3387,1,snack_lover
u_0762,3409,1,snack_lover
u_0763,219,1,household_stocker
u_0763,2377,1,household_stocker
u_0763,3070,1,household_stocker
u_0763,2575,1,household_stocker
u_0763,4213,1,household_stocker
u_0763,2945,1,household_stocker
u_0763,2378,1,household_stocker
u_0763,3145,1,household_stocker
u_0763,2825,1,household_stocker
u_0763,2910,1,household_stocker
u_0763,2966,1,household_stocker
u_0763,3286,1,household_stocker
u_0763,3653,1,household_stocker
u_0763,2319,1,household_stocker
u_0763,3053,1,household_stocker
u_0763,2893,1,household_stocker
u_0763,2800,1,household_stocker
u_0763,174,1,household_stocker
u_0763,1288,1,household_stocker
u_0763,2853,1,household_stocker
u_0763,733,1,household_stocker
u_0763,3619,1,household_stocker
u_0763,2459,1,household_stocker
u_0763,1363,1,household_stocker
u_0763,2954,1,household_stocker
u_0763,623,1,household_stocker
u_0763,4001,1,household_stocker
u_0763,1542,1,household_stocker
u_0763,3908,1,household_stocker
u_0763,62,1,household_stocker
u_0763,630,1,household_stocker
u_0763,2541,1,household_stocker
u_0763,2968,1,household_stocker
u_0763,2951,1,household_stocker
u_0763,2595,1,household_stocker
u_0763,2831,1,household_stocker
u_0763,1869,1,household_stocker
u_0763,3033,1,household_stocker
u_0763,312,1,household_stocker
u_0763,2343,1,household_stocker
u_0763,1156,1,household_stocker
u_0764,4432,1,breakfast_shopper
u_0764,880,1,breakfast_shopper
u_0764,4345,1,breakfast_shopper
u_0764,2747,1,breakfast_shopper
u_0764,4560,1,breakfast_shopper
u_0764,89,1,breakfast_shopper
u_0764,3588,1,breakfast_shopper
u_0764,4371,1,breakfast_shopper
u_0764,4495,1,breakfast_shopper
u_0764,2312,1,breakfast_shopper
u_0764,670,1,breakfast_shopper
u_0764,3227,1,breakfast_shopper
u_0764,4507,1,breakfast_shopper
u_0764,668,1,breakfast_shopper
u_0764,3335,1,breakfast_shopper
u_0764,3258,1,breakfast_shopper
u_0764,561,1,breakfast_shopper
u_0764,2381,1,breakfast_shopper
u_0764,2448,1,breakfast_shopper
u_0764,1435,1,breakfast_shopper
u_0764,70,1,breakfast_shopper
u_0764,3295,1,breakfast_shopper
u_0764,2571,1,breakfast_shopper
u_0764,3613,1,breakfast_shopper
u_0764,2321,1,breakfast_shopper
u_0764,4454,1,breakfast_shopper
u_0764,2357,1,breakfast_shopper
u_0764,3397,1,breakfast_shopper
u_0764,2533,1,breakfast_shopper
u_0764,4496,1,breakfast_shopper
u_0764,1077,1,breakfast_shopper
u_0764,676,1,breakfast_shopper
u_0764,4352,1,breakfast_shopper
u_0764,3475,1,breakfast_shopper
u_0764,2662,1,breakfast_shopper
u_0764,246,1,breakfast_shopper
u_0765,2382,1,veg_cook
u_0765,659,1,veg_cook
u_0765,2222,1,veg_cook
u_0765,907,1,veg_cook
u_0765,1955,1,veg_cook
u_0765,3355,1,veg_cook
u_0765,2604,1,veg_cook
u_0765,920,1,veg_cook
u_0765,1030,1,veg_cook
u_0765,487,1,veg_cook
u_0765,4531,1,veg_cook
u_0765,1225,1,veg_cook
u_0765,2747,1,veg_cook
u_0765,1241,1,veg_cook
u_0765,4711,1,veg_cook
u_0765,2624,1,veg_cook
u_0765,1001,1,veg_cook
u_0765,3184,1,veg_cook
u_0765,1074,1,veg_cook
u_0765,3809,1,veg_cook
u_0765,565,1,veg_cook
u_0765,649,1,veg_cook
u_0765,900,1,veg_cook
u_0765,2204,1,veg_cook
u_0765,558,1,veg_cook
u_0765,119,1,veg_cook
u_0765,2046,1,veg_cook
u_0765,1360,1,veg_cook
u_0765,1763,1,veg_cook
u_0765,559,1,veg_cook
u_0765,669,1,veg_cook
u_0765,2493,1,veg_cook
u_0765,807,1,veg_cook
u_0765,706,1,veg_cook
u_0765,2663,1,veg_cook
u_0765,1717,1,veg_cook
u_0765,1143,1,veg_cook
u_0765,1782,1,veg_cook
u_0765,2092,1,veg_cook
u_0765,2900,1,veg_cook
u_0765,770,1,veg_cook
u_0766,782,1,gourmet
u_0766,136,1,gourmet
u_0766,1857,1,gourmet
u_0766,2006,1,gourmet
u_0766,1839,1,gourmet
u_0766,2994,1,gourmet
u_0766,547,1,gourmet
u_0766,1703,1,gourmet
u_0766,1004,1,gourmet
u_0766,938,1,gourmet
u_0766,2557,1,gourmet
u_0766,906,1,gourmet
u_0766,2734,1,gourmet
u_0766,461,1,gourmet
u_0766,1918,1,gourmet
u_0766,2364,1,gourmet
u_0766,4344,1,gourmet
u_0766,2091,1,gourmet
u_0766,2150,1,gourmet
u_0766,710,1,gourmet
u_0766,1162,1,gourmet
u_0766,2354,1,gourmet
u_0766,1231,1,gourmet
u_0766,1993,1,gourmet
u_0766,2731,1,gourmet
u_0766,708,1,gourmet
u_0766,926,1,gourmet
u_0766,313,1,gourmet
u_0766,2959,1,gourmet
u_0766,3309,1,gourmet
u_0766,1560,1,gourmet
u_0767,893,1,fruit_lover
u_0767,2354,1,fruit_lover
u_0767,3000,1,fruit_lover
u_0767,84,1,fruit_lover
u_0767,376,1,fruit_lover
u_0767,2201,1,fruit_lover
u_0767,634,1,fruit_lover
u_0767,2303,1,fruit_lover
u_0767,1478,1,fruit_lover
u_0767,2661,1,fruit_lover
u_0767,450,2,fruit_lover
u_0767,158,1,fruit_lover
u_0767,177,1,fruit_lover
u_0767,200,1,fruit_lover
u_0767,224,1,fruit_lover
u_0767,1670,1,fruit_lover
u_0767,2220,1,fruit_lover
u_0767,85,1,fruit_lover
u_0767,1882,1,fruit_lover
u_0767,2064,1,fruit_lover
u_0767,402,1,fruit_lover
u_0767,444,1,fruit_lover
u_0767,1036,1,fruit_lover
u_0767,4467,1,fruit_lover
u_0767,1170,1,fruit_lover
u_0767,658,1,fruit_lover
u_0767,1275,1,fruit_lover
u_0767,331,1,fruit_lover
u_0767,1559,1,fruit_lover
u_0767,3183,1,fruit_lover
u_0767,553,1,fruit_lover
u_0767,2122,1,fruit_lover
u_0767,1293,1,fruit_lover
u_0767,2302,1,fruit_lover
u_0767,4047,1,fruit_lover
u_0767,324,1,fruit_lover
u_0767,2048,1,fruit_lover
u_0767,414,1,fruit_lover
u_0768,960,1,veg_cook
u_0768,2328,1,veg_cook
u_0768,26,1,veg_cook
u_0768,1018,1,veg_cook
u_0768,1186,1,veg_cook
u_0768,2657,1,veg_cook
u_0768,473,1,veg_cook
u_0768,717,1,veg_cook
u_0768,797,1,veg_cook
u_0768,2355,1,veg_cook
u_0768,1854,1,veg_cook
u_0768,782,1,veg_cook
u_0768,1006,1,veg_cook
u_0768,2674,1,veg_cook
u_0768,1362,1,veg_cook
u_0768,2632,1,veg_cook
u_0768,2284,1,veg_cook
u_0768,932,1,veg_cook
u_0768,3142,1,veg_cook
u_0768,1284,1,veg_cook
u_0768,1320,1,veg_cook
u_0768,2344,1,veg_cook
u_0768,2288,1,veg_cook
u_0768,3341,1,veg_cook
u_0768,1563,1,veg_cook
u_0768,1084,1,veg_cook
u_0768,3115,1,veg_cook
u_0768,0,1,veg_cook
u_0768,1219,1,veg_cook
u_0768,2033,1,veg_cook
u_0768,512,1,veg_cook
u_0768,682,1,veg_cook
u_0768,584,1,veg_cook
u_0768,488,1,veg_cook
u_0768,2139,1,veg_cook
u_0768,299,1,veg_cook
u_0768,2320,1,veg_cook
u_0768,877,1,veg_cook
u_0768,1155,1,veg_cook
u_0769,770,1,festival_shopper
u_0769,871,1,festival_shopper
u_0769,3145,1,festival_shopper
u_0769,969,1,festival_shopper
u_0769,808,1,festival_shopper
u_0769,1683,1,festival_shopper
u_0769,2660,1,festival_shopper
u_0769,1622,1,festival_shopper
u_0769,1563,1,festival_shopper
u_0769,1107,1,festival_shopper
u_0769,2439,1,festival_shopper
u_0769,1193,1,festival_shopper
u_0769,1503,1,festival_shopper
u_0769,1592,1,festival_shopper
u_0769,2613,1,festival_shopper
u_0769,1068,1,festival_shopper
u_0769,209,1,festival_shopper
u_0769,2782,1,festival_shopper
u_0769,1688,1,festival_shopper
u_0769,1675,1,festival_shopper
u_0769,4814,1,festival_shopper
u_0769,277,1,festival_shopper
u_0769,506,1,festival_shopper
u_0769,596,1,festival_shopper
u_0769,335,1,festival_shopper
u_0769,2496,1,festival_shopper
u_0770,4563,1,snack_lover
u_0770,2947,1,snack_lover
u_0770,4347,1,snack_lover
u_0770,3725,1,snack_lover
u_0770,2799,1,snack_lover
u_0770,4530,1,snack_lover
u_0770,3390,1,snack_lover
u_0770,3130,1,snack_lover
u_0770,4092,1,snack_lover
u_0770,3708,1,snack_lover
u_0770,3672,1,snack_lover
u_0770,1555,1,snack_lover
u_0770,3740,1,snack_lover
u_0770,3899,1,snack_lover
u_0770,4796,1,snack_lover
u_0770,3283,1,snack_lover
u_0770,3600,2,snack_lover
u_0770,4267,1,snack_lover
u_0770,4673,1,snack_lover
u_0770,3668,1,snack_lover
u_0770,4020,1,snack_lover
u_0770,3795,1,snack_lover
u_0770,3069,1,snack_lover
u_0770,3092,1,snack_lover
u_0770,4332,1,snack_lover
u_0770,3307,1,snack_lover
u_0770,3643,1,snack_lover
u_0770,3159,1,snack_lover
u_0770,3836,1,snack_lover
u_0770,4065,1,snack_lover
u_0770,3868,1,snack_lover
u_0770,3952,1,snack_lover
u_0770,4731,1,snack_lover
u_0770,3310,1,snack_lover
u_0770,3812,1,snack_lover
u_0770,4411,1,snack_lover
u_0770,3350,1,snack_lover
u_0770,3379,1,snack_lover
u_0770,3892,1,snack_lover
u_0770,3245,1,snack_lover
u_0770,3567,1,snack_lover
u_0770,3636,1,snack_lover
u_0770,2395,1,snack_lover
u_0770,4004,1,snack_lover
u_0770,1512,1,snack_lover
u_0770,3911,1,snack_lover
u_0771,4267,1,breakfast_shopper
u_0771,2386,1,breakfast_shopper
u_0771,946,1,breakfast_shopper
u_0771,4055,1,breakfast_shopper
u_0771,4511,1,breakfast_shopper
u_0771,4192,1,breakfast_shopper
u_0771,2325,1,breakfast_shopper
u_0771,465,1,breakfast_shopper
u_0771,2388,1,breakfast_shopper
u_0771,66,1,breakfast_shopper
u_0771,4231,1,breakfast_shopper
u_0771,1840,1,breakfast_shopper
u_0771,530,1,breakfast_shopper
u_0771,2518,1,breakfast_shopper
u_0771,110,1,breakfast_shopper
u_0771,2450,1,breakfast_shopper
u_0771,914,1,breakfast_shopper
u_0771,4482,1,breakfast_shopper
u_0771,631,1,breakfast_shopper
u_0771,4292,1,breakfast_shopper
u_0771,316,1,breakfast_shopper
u_0771,4982,1,breakfast_shopper
u_0771,4492,1,breakfast_shopper
u_0771,4533,1,breakfast_shopper
u_0771,4151,1,breakfast_shopper
u_0771,4299,1,breakfast_shopper
u_0772,945,1,veg_cook
u_0772,469,1,veg_cook
u_0772,1307,1,veg_cook
u_0772,2455,1,veg_cook
u_0772,1238,1,veg_cook
u_0772,1317,1,veg_cook
u_0772,2208,1,veg_cook
u_0772,1029,1,veg_cook
u_0772,979,1,veg_cook
u_0772,353,1,veg_cook
u_0772,2752,1,veg_cook
u_0772,1144,1,veg_cook
u_0772,1570,1,veg_cook
u_0772,2541,1,veg_cook
u_0772,590,1,veg_cook
u_0772,3146,1,veg_cook
u_0772,477,1,veg_cook
u_0772,1060,1,veg_cook
u_0772,1073,1,veg_cook
u_0772,615,1,veg_cook
u_0772,2027,1,veg_cook
u_0772,2178,1,veg_cook
u_0772,1036,1,veg_cook
u_0772,2453,1,veg_cook
u_0772,2161,1,veg_cook
u_0772,2812,1,veg_cook
u_0772,2636,1,veg_cook
u_0772,619,1,veg_cook
u_0772,1086,1,veg_cook
u_0772,3227,1,veg_cook
u_0772,2620,1,veg_cook
u_0772,1024,1,veg_cook
u_0772,2326,1,veg_cook
u_0772,2448,1,veg_cook
u_0772,3994,1,veg_cook
u_0772,3869,1,veg_cook
u_0772,275,1,veg_cook
u_0772,679,1,veg_cook
u_0772,1296,1,veg_cook
u_0772,487,1,veg_cook
u_0772,1954,1,veg_cook
u_0772,681,1,veg_cook
u_0772,711,1,veg_cook
u_0772,493,1,veg_cook
u_0772,1581,1,veg_cook
u_0772,2691,1,veg_cook
u_0773,560,1,gourmet
u_0773,4079,1,gourmet
u_0773,3466,1,gourmet
u_0773,2560,1,gourmet
u_0773,580,1,gourmet
u_0773,353,1,gourmet
u_0773,33,1,gourmet
u_0773,997,1,gourmet
u_0773,4161,1,gourmet
u_0773,2083,1,gourmet
u_0773,4925,1,gourmet
u_0773,2547,1,gourmet
u_0773,27,1,gourmet
u_0773,2974,1,gourmet
u_0773,654,1,gourmet
u_0773,46,1,gourmet
u_0773,2488,1,gourmet
u_0773,163,1,gourmet
u_0773,368,1,gourmet
u_0773,2035,1,gourmet
u_0773,2064,1,gourmet
u_0773,452,1,gourmet
u_0773,1988,1,gourmet
u_0773,917,1,gourmet
u_0773,2156,1,gourmet
u_0773,1078,1,gourmet
u_0773,2091,1,gourmet
u_0773,2465,1,gourmet
u_0773,1421,1,gourmet
u_0773,921,1,gourmet
u_0773,4402,1,gourmet
u_0773,3602,1,gourmet
u_0774,3492,1,snack_lover
u_0774,4991,1,snack_lover
u_0774,3609,1,snack_lover
u_0774,4552,1,snack_lover
u_0774,2873,1,snack_lover
u_0774,3022,1,snack_lover
u_0774,4391,1,snack_lover
u_0774,2667,1,snack_lover
u_0774,4068,1,snack_lover
u_0774,3233,1,snack_lover
u_0774,2351,1,snack_lover
u_0774,2893,1,snack_lover
u_0774,4145,1,snack_lover
u_0774,3362,1,snack_lover
u_0774,4420,1,snack_lover
u_0774,3506,1,snack_lover
u_0774,4388,1,snack_lover
u_0774,3104,1,snack_lover
u_0774,3983,1,snack_lover
u_0774,3761,1,snack_lover
u_0774,3356,1,snack_lover
u_0774,3794,1,snack_lover
u_0774,3272,1,snack_lover
u_0774,3385,1,snack_lover
u_0774,4056,1,snack_lover
u_0774,3845,1,snack_lover
u_0774,3466,1,snack_lover
u_0774,3811,1,snack_lover
u_0774,3347,1,snack_lover
u_0774,2866,1,snack_lover
u_0774,4034,1,snack_lover
u_0774,3825,1,snack_lover
u_0774,3553,1,snack_lover
u_0774,3960,1,snack_lover
u_0774,3654,1,snack_lover
u_0774,751,1,snack_lover
u_0774,3260,1,snack_lover
u_0774,3912,1,snack_lover
u_0774,4236,1,snack_lover
u_0774,3312,1,snack_lover
u_0774,3690,1,snack_lover
u_0774,3087,1,snack_lover
u_0775,4843,1,festival_shopper
u_0775,1830,1,festival_shopper
u_0775,1623,1,festival_shopper
u_0775,206,1,festival_shopper
u_0775,4436,1,festival_shopper
u_0775,678,1,festival_shopper
u_0775,2496,1,festival_shopper
u_0775,1448,1,festival_shopper
u_0775,2546,1,festival_shopper
u_0775,579,1,festival_shopper
u_0775,1153,1,festival_shopper
u_0775,650,1,festival_shopper
u_0775,4245,1,festival_shopper
u_0775,756,1,festival_shopper
u_0775,1446,1,festival_shopper
u_0775,638,1,festival_shopper
u_0775,2714,1,festival_shopper
u_0775,58,1,festival_shopper
u_0775,1933,1,festival_shopper
u_0775,1719,1,festival_shopper
u_0775,1400,1,festival_shopper
u_0775,125,1,festival_shopper
u_0775,532,1,festival_shopper
u_0775,173,1,festival_shopper
u_0775,1517,1,festival_shopper
u_0775,2389,1,festival_shopper
u_0776,103,1,household_stocker
u_0776,2827,1,household_stocker
u_0776,80,1,household_stocker
u_0776,2341,1,household_stocker
u_0776,2664,1,household_stocker
u_0776,155,1,household_stocker
u_0776,2742,1,household_stocker
u_0776,1435,1,household_stocker
u_0776,2979,1,household_stocker
u_0776,522,1,household_stocker
u_0776,2315,1,household_stocker
u_0776,3036,1,household_stocker
u_0776,2596,1,household_stocker
u_0776,897,1,household_stocker
u_0776,774,1,household_stocker
u_0776,2518,1,household_stocker
u_0776,3030,1,household_stocker
u_0776,2402,1,household_stocker
u_0776,2373,1,household_stocker
u_0776,1951,1,household_stocker
u_0776,2874,1,household_stocker
u_0776,1020,1,household_stocker
u_0776,322,1,household_stocker
u_0776,2768,1,household_stocker
u_0777,2273,1,fruit_lover
u_0777,3637,1,fruit_lover
u_0777,1260,1,fruit_lover
u_0777,2498,1,fruit_lover
u_0777,724,1,fruit_lover
u_0777,2763,1,fruit_lover
u_0777,925,1,fruit_lover
u_0777,4210,1,fruit_lover
u_0777,105,1,fruit_lover
u_0777,2009,1,fruit_lover
u_0777,2983,1,fruit_lover
u_0777,406,1,fruit_lover
u_0777,381,1,fruit_lover
u_0777,1256,1,fruit_lover
u_0777,678,1,fruit_lover
u_0777,423,1,fruit_lover
u_0777,144,1,fruit_lover
u_0777,247,1,fruit_lover
u_0777,422,1,fruit_lover
u_0777,1287,1,fruit_lover
u_0777,445,1,fruit_lover
u_0777,4332,1,fruit_lover
u_0777,1023,1,fruit_lover
u_0777,2507,1,fruit_lover
u_0777,288,1,fruit_lover
u_0777,901,1,fruit_lover
u_0777,732,1,fruit_lover
u_0777,4873,1,fruit_lover
u_0777,107,1,fruit_lover
u_0777,43,1,fruit_lover
u_0777,2594,1,fruit_lover
u_0777,2283,1,fruit_lover
u_0777,4137,1,fruit_lover
u_0777,1809,1,fruit_lover
u_0777,690,1,fruit_lover
u_0777,1202,1,fruit_lover
u_0777,327,1,fruit_lover
u_0777,2635,1,fruit_lover
u_0777,963,1,fruit_lover
u_0777,2420,1,fruit_lover
u_0778,2316,1,festival_shopper
u_0778,2413,1,festival_shopper
u_0778,1151,1,festival_shopper
u_0778,1800,1,festival_shopper
u_0778,2238,1,festival_shopper
u_0778,859,1,festival_shopper
u_0778,2505,1,festival_shopper
u_0778,2789,1,festival_shopper
u_0778,2953,1,festival_shopper
u_0778,2182,1,festival_shopper
u_0778,937,1,festival_shopper
u_0778,1679,1,festival_shopper
u_0778,4367,1,festival_shopper
u_0778,1087,1,festival_shopper
u_0778,1771,1,festival_shopper
u_0778,1165,1,festival_shopper
u_0778,3003,1,festival_shopper
u_0778,1733,1,festival_shopper
u_0778,861,1,festival_shopper
u_0778,1145,1,festival_shopper
u_0778,2716,1,festival_shopper
u_0778,3435,1,festival_shopper
u_0778,66,1,festival_shopper
u_0778,2381,1,festival_shopper
u_0778,1472,1,festival_shopper
u_0778,3519,1,festival_shopper
u_0778,367,2,festival_shopper
u_0778,1489,1,festival_shopper
u_0778,183,1,festival_shopper
u_0778,616,1,festival_shopper
u_0778,1011,1,festival_shopper
u_0778,1772,1,festival_shopper
u_0778,2050,1,festival_shopper
u_0779,1504,1,gourmet
u_0779,481,1,gourmet
u_0779,1255,1,gourmet
u_0779,618,1,gourmet
u_0779,36,1,gourmet
u_0779,3986,1,gourmet
u_0779,714,1,gourmet
u_0779,3652,1,gourmet
u_0779,2545,1,gourmet
u_0779,63,1,gourmet
u_0779,1997,1,gourmet
u_0779,1937,1,gourmet
u_0779,3812,1,gourmet
u_0779,1885,1,gourmet
u_0779,878,1,gourmet
u_0779,1056,1,gourmet
u_0779,1318,1,gourmet
u_0779,2119,1,gourmet
u_0779,899,1,gourmet
u_0779,1863,1,gourmet
u_0779,2134,1,gourmet
u_0779,1833,1,gourmet
u_0779,1248,1,gourmet
u_0779,1887,1,gourmet
u_0779,2394,1,gourmet
u_0779,3982,1,gourmet
u_0779,617,1,gourmet
u_0779,2183,1,gourmet
u_0779,38,1,gourmet
u_0779,1928,1,gourmet
u_0779,853,1,gourmet
u_0779,2060,1,gourmet
u_0779,1270,1,gourmet
u_0779,2732,1,gourmet
u_0779,175,1,gourmet
u_0779,2202,1,gourmet
u_0779,2396,1,gourmet
u_0779,3015,1,gourmet
u_0779,1591,1,gourmet
u_0780,4156,1,festival_shopper
u_0780,602,1,festival_shopper
u_0780,1400,1,festival_shopper
u_0780,1287,1,festival_shopper
u_0780,1755,1,festival_shopper
u_0780,1474,1,festival_shopper
u_0780,759,1,festival_shopper
u_0780,2903,1,festival_shopper
u_0780,1047,1,festival_shopper
u_0780,1910,1,festival_shopper
u_0780,4046,1,festival_shopper
u_0780,1465,1,festival_shopper
u_0780,1403,1,festival_shopper
u_0780,304,1,festival_shopper
u_0780,5039,1,festival_shopper
u_0780,4334,1,festival_shopper
u_0780,110,1,festival_shopper
u_0780,3329,1,festival_shopper
u_0780,10,1,festival_shopper
u_0780,920,1,festival_shopper
u_0780,4401,1,festival_shopper
u_0780,2515,1,festival_shopper
u_0780,1501,1,festival_shopper
u_0780,4144,1,festival_shopper
u_0780,3683,1,festival_shopper
u_0780,359,1,festival_shopper
u_0780,1726,1,festival_shopper
u_0780,1669,1,festival_shopper
u_0780,4972,1,festival_shopper
u_0780,1491,1,festival_shopper
u_0780,1837,1,festival_shopper
u_0780,1581,1,festival_shopper
u_0780,1374,1,festival_shopper
u_0780,1436,1,festival_shopper
u_0780,1648,1,festival_shopper
u_0780,1164,1,festival_shopper
u_0780,1296,1,festival_shopper
u_0780,1754,1,festival_shopper
u_0780,1446,1,festival_shopper
u_0780,633,1,festival_shopper
u_0781,366,1,household_stocker
u_0781,3899,1,household_stocker
u_0781,522,1,household_stocker
u_0781,2869,1,household_stocker
u_0781,2985,1,household_stocker
u_0781,2966,1,household_stocker
u_0781,2653,1,household_stocker
u_0781,2886,1,household_stocker
u_0781,2962,1,household_stocker
u_0781,1781,1,household_stocker
u_0781,2900,1,household_stocker
u_0781,3047,1,household_stocker
u_0781,1518,1,household_stocker
u_0781,2811,1,household_stocker
u_0781,2925,1,household_stocker
u_0781,2518,1,household_stocker
u_0781,1124,1,household_stocker
u_0781,160,1,household_stocker
u_0781,2476,1,household_stocker
u_0781,1869,1,household_stocker
u_0781,2991,1,household_stocker
u_0781,2731,1,household_stocker
u_0781,598,1,household_stocker
u_0781,3813,1,household_stocker
u_0781,1843,1,household_stocker
u_0781,3153,1,household_stocker
u_0781,470,1,household_stocker
u_0781,2718,1,household_stocker
u_0781,711,1,household_stocker
u_0781,34,1,household_stocker
u_0781,2070,1,household_stocker
u_0781,688,1,household_stocker
u_0781,380,1,household_stocker
u_0782,280,1,fruit_lover
u_0782,312,1,fruit_lover
u_0782,58,1,fruit_lover
u_0782,1884,1,fruit_lover
u_0782,2667,1,fruit_lover
u_0782,547,1,fruit_lover
u_0782,453,1,fruit_lover
u_0782,3163,1,fruit_lover
u_0782,1428,1,fruit_lover
u_0782,401,1,fruit_lover
u_0782,454,1,fruit_lover
u_0782,403,1,fruit_lover
u_0782,207,1,fruit_lover
u_0782,443,2,fruit_lover
u_0782,535,1,fruit_lover
u_0782,693,1,fruit_lover
u_0782,191,1,fruit_lover
u_0782,2186,1,fruit_lover
u_0782,23,1,fruit_lover
u_0782,1336,1,fruit_lover
u_0782,2247,1,fruit_lover
u_0782,2675,1,fruit_lover
u_0782,154,1,fruit_lover
u_0782,237,1,fruit_lover
u_0782,1911,1,fruit_lover
u_0782,2672,1,fruit_lover
u_0782,749,1,fruit_lover
u_0782,598,1,fruit_lover
u_0782,3151,1,fruit_lover
u_0782,1805,1,fruit_lover
u_0782,894,1,fruit_lover
u_0782,3506,1,fruit_lover
u_0782,449,1,fruit_lover
u_0782,68,1,fruit_lover
u_0782,719,1,fruit_lover
u_0782,103,1,fruit_lover
u_0782,4821,1,fruit_lover
u_0782,1031,1,fruit_lover
u_0782,406,1,fruit_lover
u_0782,249,1,fruit_lover
u_0782,120,1,fruit_lover
u_0782,496,1,fruit_lover
u_0783,4353,1,snack_lover
u_0783,3405,1,snack_lover
u_0783,3512,1,snack_lover
u_0783,3829,1,snack_lover
u_0783,4554,1,snack_lover
u_0783,3006,1,snack_lover
u_0783,2925,1,snack_lover
u_0783,3559,1,snack_lover
u_0783,4825,1,snack_lover
u_0783,743,1,snack_lover
u_0783,2716,1,snack_lover
u_0783,3529,1,snack_lover
u_0783,4006,1,snack_lover
u_0783,4129,1,snack_lover
u_0783,1924,1,snack_lover
u_0783,3646,1,snack_lover
u_0783,3614,1,snack_lover
u_0783,2240,1,snack_lover
u_0783,4341,1,snack_lover
u_0783,4033,1,snack_lover
u_0783,2111,1,snack_lover
u_0783,4231,1,snack_lover
u_0783,3376,1,snack_lover
u_0783,1457,1,snack_lover
u_0783,3523,1,snack_lover
u_0783,3351,1,snack_lover
u_0783,3448,1,snack_lover
u_0783,3913,1,snack_lover
u_0783,4316,1,snack_lover
u_0783,4088,1,snack_lover
u_0784,3019,1,household_stocker
u_0784,4157,1,household_stocker
u_0784,505,1,household_stocker
u_0784,1773,1,household_stocker
u_0784,2521,1,household_stocker
u_0784,2905,1,household_stocker
u_0784,3053,1,household_stocker
u_0784,4108,1,household_stocker
u_0784,813,1,household_stocker
u_0784,822,1,household_stocker
u_0784,2619,1,household_stocker
u_0784,2930,1,household_stocker
u_0784,2217,1,household_stocker
u_0784,3067,1,household_stocker
u_0784,2953,1,household_stocker
u_0784,327,1,household_stocker
u_0784,2050,1,household_stocker
u_0784,2752,1,household_stocker
u_0784,2379,1,household_stocker
u_0784,2647,1,household_stocker
u_0784,3122,1,household_stocker
u_0784,3215,1,household_stocker
u_0784,652,1,household_stocker
u_0784,213,1,household_stocker
u_0785,1565,1,festival_shopper
u_0785,1412,1,festival_shopper
u_0785,982,1,festival_shopper
u_0785,114,1,festival_shopper
u_0785,2136,1,festival_shopper
u_0785,1141,1,festival_shopper
u_0785,1398,1,festival_shopper
u_0785,669,1,festival_shopper
u_0785,2580,1,festival_shopper
u_0785,1676,1,festival_shopper
u_0785,216,1,festival_shopper
u_0785,1641,1,festival_shopper
u_0785,2692,1,festival_shopper
u_0785,51,1,festival_shopper
u_0785,867,1,festival_shopper
u_0785,284,1,festival_shopper
u_0785,2532,1,festival_shopper
u_0785,121,1,festival_shopper
u_0785,1460,1,festival_shopper
u_0785,2704,1,festival_shopper
u_0785,4574,1,festival_shopper
u_0785,1545,1,festival_shopper
u_0785,2452,1,festival_shopper
u_0785,64,1,festival_shopper
u_0785,2590,1,festival_shopper
u_0785,1514,1,festival_shopper
u_0785,2587,1,festival_shopper
u_0785,1729,1,festival_shopper
u_0785,1924,1,festival_shopper
u_0785,1601,1,festival_shopper
u_0785,2338,1,festival_shopper
u_0785,1990,1,festival_shopper
u_0785,554,1,festival_shopper
u_0785,597,1,festival_shopper
u_0785,864,1,festival_shopper
u_0785,336,1,festival_shopper
u_0785,600,1,festival_shopper
u_0785,2006,1,festival_shopper
u_0785,4595,1,festival_shopper
u_0785,1440,1,festival_shopper
u_0786,2656,1,household_stocker
u_0786,1162,1,household_stocker
u_0786,3179,1,household_stocker
u_0786,281,1,household_stocker
u_0786,2785,1,household_stocker
u_0786,1252,1,household_stocker
u_0786,3205,1,household_stocker
u_0786,2925,1,household_stocker
u_0786,2563,1,household_stocker
u_0786,111,1,household_stocker
u_0786,3027,1,household_stocker
u_0786,2630,1,household_stocker
u_0786,2641,1,household_stocker
u_0786,3062,1,household_stocker
u_0786,1168,1,household_stocker
u_0786,1437,1,household_stocker
u_0786,3169,1,household_stocker
u_0786,644,1,household_stocker
u_0786,1137,1,household_stocker
u_0786,3019,1,household_stocker
u_0786,1942,1,household_stocker
u_0786,1084,1,household_stocker
u_0786,2890,1,household_stocker
u_0786,2568,1,household_stocker
u_0787,2449,1,gourmet
u_0787,1607,1,gourmet
u_0787,1922,1,gourmet
u_0787,2495,1,gourmet
u_0787,294,1,gourmet
u_0787,1927,1,gourmet
u_0787,2530,1,gourmet
u_0787,2101,1,gourmet
u_0787,405,1,gourmet
u_0787,2257,1,gourmet
u_0787,1934,1,gourmet
u_0787,1875,1,gourmet
u_0787,2643,1,gourmet
u_0787,1940,1,gourmet
u_0787,2106,1,gourmet
u_0787,3153,1,gourmet
u_0787,1293,1,gourmet
u_0787,4905,1,gourmet
u_0787,2196,1,gourmet
u_0787,3807,1,gourmet
u_0787,825,1,gourmet
u_0787,3615,1,gourmet
u_0787,183,1,gourmet
u_0787,289,1,gourmet
u_0788,4184,1,snack_lover
u_0788,1835,1,snack_lover
u_0788,3693,1,snack_lover
u_0788,3663,1,snack_lover
u_0788,3294,1,snack_lover
u_0788,3257,1,snack_lover
u_0788,814,1,snack_lover
u_0788,3290,1,snack_lover
u_0788,4113,1,snack_lover
u_0788,3159,1,snack_lover
u_0788,2366,1,snack_lover
u_0788,3335,1,snack_lover
u_0788,2304,1,snack_lover
u_0788,3447,1,snack_lover
u_0788,3463,1,snack_lover
u_0788,3892,1,snack_lover
u_0788,522,1,snack_lover
u_0788,4014,1,snack_lover
u_0788,4437,1,snack_lover
u_0788,4170,1,snack_lover
u_0788,3310,1,snack_lover
u_0788,3478,1,snack_lover
u_0788,3379,1,snack_lover
u_0788,3109,1,snack_lover
u_0788,3134,1,snack_lover
u_0788,2180,1,snack_lover
u_0788,4012,1,snack_lover
u_0789,3332,1,veg_cook
u_0789,2507,1,veg_cook
u_0789,2189,1,veg_cook
u_0789,5012,1,veg_cook
u_0789,519,1,veg_cook
u_0789,2641,1,veg_cook
u_0789,2281,1,veg_cook
u_0789,562,1,veg_cook
u_0789,1421,1,veg_cook
u_0789,1042,1,veg_cook
u_0789,1054,1,veg_cook
u_0789,545,1,veg_cook
u_0789,1998,1,veg_cook
u_0789,2294,1,veg_cook
u_0789,669,1,veg_cook
u_0789,610,1,veg_cook
u_0789,1706,1,veg_cook
u_0789,798,1,veg_cook
u_0789,899,1,veg_cook
u_0789,722,1,veg_cook
u_0789,528,1,veg_cook
u_0789,603,1,veg_cook
u_0789,490,1,veg_cook
u_0789,120,1,veg_cook
u_0789,982,1,veg_cook
u_0789,2492,1,veg_cook
u_0789,2214,1,veg_cook
u_0789,683,1,veg_cook
u_0789,1048,1,veg_cook
u_0789,1931,1,veg_cook
u_0789,2447,1,veg_cook
u_0789,2057,1,veg_cook
u_0789,2456,1,veg_cook
u_0789,1312,1,veg_cook
u_0789,3316,1,veg_cook
u_0789,716,1,veg_cook
u_0789,897,1,veg_cook
u_0789,360,1,veg_cook
u_0789,831,2,veg_cook
u_0789,882,1,veg_cook
u_0789,2224,1,veg_cook
u_0789,2666,1,veg_cook
u_0789,1057,1,veg_cook
u_0789,1890,1,veg_cook
u_0789,822,1,veg_cook
u_0790,1167,1,fruit_lover
u_0790,620,1,fruit_lover
u_0790,3443,1,fruit_lover
u_0790,403,1,fruit_lover
u_0790,507,1,fruit_lover
u_0790,89,1,fruit_lover
u_0790,2739,1,fruit_lover
u_0790,663,1,fruit_lover
u_0790,308,1,fruit_lover
u_0790,236,1,fruit_lover
u_0790,2447,1,fruit_lover
u_0790,2377,1,fruit_lover
u_0790,93,1,fruit_lover
u_0790,584,1,fruit_lover
u_0790,2702,1,fruit_lover
u_0790,481,1,fruit_lover
u_0790,178,1,fruit_lover
u_0790,2099,1,fruit_lover
u_0790,775,1,fruit_lover
u_0790,129,1,fruit_lover
u_0790,331,1,fruit_lover
u_0790,360,1,fruit_lover
u_0790,2360,1,fruit_lover
u_0790,243,1,fruit_lover
u_0790,453,1,fruit_lover
u_0790,3336,1,fruit_lover
u_0790,326,1,fruit_lover
u_0790,2415,1,fruit_lover
u_0790,2071,1,fruit_lover
u_0790,966,1,fruit_lover
u_0790,1521,1,fruit_lover
u_0790,262,1,fruit_lover
u_0790,1003,1,fruit_lover
u_0790,524,1,fruit_lover
u_0790,418,1,fruit_lover
u_0790,79,1,fruit_lover
u_0790,2268,1,fruit_lover
u_0790,45,1,fruit_lover
u_0790,264,1,fruit_lover
u_0790,2281,1,fruit_lover
u_0790,299,1,fruit_lover
u_0791,2688,1,breakfast_shopper
u_0791,3261,1,breakfast_shopper
u_0791,2544,1,breakfast_shopper
u_0791,94,1,breakfast_shopper
u_0791,1233,1,breakfast_shopper
u_0791,211,1,breakfast_shopper
u_0791,4503,1,breakfast_shopper
u_0791,619,1,breakfast_shopper
u_0791,4511,1,breakfast_shopper
u_0791,4330,1,breakfast_shopper
u_0791,2504,1,breakfast_shopper
u_0791,3558,1,breakfast_shopper
u_0791,3989,1,breakfast_shopper
u_0791,2560,1,breakfast_shopper
u_0791,602,1,breakfast_shopper
u_0791,2379,1,breakfast_shopper
u_0791,171,1,breakfast_shopper
u_0791,4516,1,breakfast_shopper
u_0791,4242,1,breakfast_shopper
u_0791,4494,1,breakfast_shopper
u_0791,4455,1,breakfast_shopper
u_0791,2438,1,breakfast_shopper
u_0791,2432,1,breakfast_shopper
u_0791,357,1,breakfast_shopper
u_0791,4362,1,breakfast_shopper
u_0791,4200,1,breakfast_shopper
u_0791,4522,1,breakfast_shopper
u_0791,4153,1,breakfast_shopper
u_0791,4430,1,breakfast_shopper
u_0791,4214,1,breakfast_shopper
u_0791,2651,1,breakfast_shopper
u_0791,2073,1,breakfast_shopper
u_0791,4496,1,breakfast_shopper
u_0791,2753,1,breakfast_shopper
u_0791,2358,1,breakfast_shopper
u_0791,2613,1,breakfast_shopper
u_0791,2447,1,breakfast_shopper
u_0791,4248,1,breakfast_shopper
u_0791,4197,1,breakfast_shopper
u_0791,4396,1,breakfast_shopper
u_0791,286,1,breakfast_shopper
u_0791,3505,1,breakfast_shopper
u_0791,2547,1,breakfast_shopper
u_0791,4425,1,breakfast_shopper
u_0792,3488,1,snack_lover
u_0792,3595,1,snack_lover
u_0792,4260,1,snack_lover
u_0792,3680,1,snack_lover
u_0792,3615,1,snack_lover
u_0792,4186,1,snack_lover
u_0792,3584,2,snack_lover
u_0792,4207,1,snack_lover
u_0792,4039,1,snack_lover
u_0792,2896,1,snack_lover
u_0792,4258,1,snack_lover
u_0792,261,1,snack_lover
u_0792,4088,1,snack_lover
u_0792,3468,1,snack_lover
u_0792,4558,1,snack_lover
u_0792,3377,1,snack_lover
u_0792,3851,1,snack_lover
u_0792,3375,1,snack_lover
u_0792,3244,1,snack_lover
u_0792,871,1,snack_lover
u_0792,4028,1,snack_lover
u_0792,3457,1,snack_lover
u_0792,4188,1,snack_lover
u_0792,3515,1,snack_lover
u_0793,2512,1,festival_shopper
u_0793,1424,1,festival_shopper
u_0793,2307,1,festival_shopper
u_0793,616,1,festival_shopper
u_0793,3066,1,festival_shopper
u_0793,2732,1,festival_shopper
u_0793,2550,1,festival_shopper
u_0793,870,1,festival_shopper
u_0793,1732,1,festival_shopper
u_0793,516,1,festival_shopper
u_0793,353,1,festival_shopper
u_0793,2622,1,festival_shopper
u_0793,402,1,festival_shopper
u_0793,383,1,festival_shopper
u_0793,414,1,festival_shopper
u_0793,2327,1,festival_shopper
u_0793,4043,1,festival_shopper
u_0793,367,1,festival_shopper
u_0793,532,1,festival_shopper
u_0793,323,1,festival_shopper
u_0793,3763,1,festival_shopper
u_0793,98,1,festival_shopper
u_0793,1715,1,festival_shopper
u_0793,88,1,festival_shopper
u_0793,1415,1,festival_shopper
u_0793,147,1,festival_shopper
u_0793,2417,1,festival_shopper
u_0793,419,1,festival_shopper
u_0793,1655,1,festival_shopper
u_0793,969,1,festival_shopper
u_0793,331,1,festival_shopper
u_0793,1582,1,festival_shopper
u_0793,1795,1,festival_shopper
u_0793,1142,1,festival_shopper
u_0793,272,1,festival_shopper
u_0793,1385,1,festival_shopper
u_0793,818,1,festival_shopper
u_0793,1608,1,festival_shopper
u_0793,1380,1,festival_shopper
u_0793,1147,1,festival_shopper
u_0793,859,1,festival_shopper
u_0793,439,1,festival_shopper
u_0794,2705,1,household_stocker
u_0794,211,1,household_stocker
u_0794,2319,1,household_stocker
u_0794,957,1,household_stocker
u_0794,2395,1,household_stocker
u_0794,1002,1,household_stocker
u_0794,2162,1,household_stocker
u_0794,2606,1,household_stocker
u_0794,2731,1,household_stocker
u_0794,2778,1,household_stocker
u_0794,2458,1,household_stocker
u_0794,2547,1,household_stocker
u_0794,3198,1,household_stocker
u_0794,2362,1,household_stocker
u_0794,3099,1,household_stocker
u_0794,3905,1,household_stocker
u_0794,2600,1,household_stocker
u_0794,1762,1,household_stocker
u_0794,2999,1,household_stocker
u_0794,2886,1,household_stocker
u_0794,2123,1,household_stocker
u_0794,4346,1,household_stocker
u_0794,2007,1,household_stocker
u_0794,3786,1,household_stocker
u_0794,1210,1,household_stocker
u_0794,2968,1,household_stocker
u_0794,3152,1,household_stocker
u_0794,2956,1,household_stocker
u_0794,203,1,household_stocker
u_0794,3159,1,household_stocker
u_0794,909,1,household_stocker
u_0794,4605,1,household_stocker
u_0794,1290,1,household_stocker
u_0795,590,1,veg_cook
u_0795,1020,1,veg_cook
u_0795,2966,1,veg_cook
u_0795,366,1,veg_cook
u_0795,2581,1,veg_cook
u_0795,2602,1,veg_cook
u_0795,632,1,veg_cook
u_0795,484,1,veg_cook
u_0795,4517,1,veg_cook
u_0795,2029,1,veg_cook
u_0795,2397,1,veg_cook
u_0795,4437,1,veg_cook
u_0795,2950,1,veg_cook
u_0795,1946,1,veg_cook
u_0795,2111,1,veg_cook
u_0795,1153,1,veg_cook
u_0795,1474,1,veg_cook
u_0795,830,1,veg_cook
u_0795,633,1,veg_cook
u_0795,727,1,veg_cook
u_0795,2552,1,veg_cook
u_0795,686,1,veg_cook
u_0795,911,1,veg_cook
u_0795,689,1,veg_cook
u_0795,1402,1,veg_cook
u_0795,490,1,veg_cook
u_0795,1373,1,veg_cook
u_0795,690,1,veg_cook
u_0795,1233,1,veg_cook
u_0795,3183,1,veg_cook
u_0795,888,1,veg_cook
u_0795,1996,1,veg_cook
u_0795,2668,1,veg_cook
u_0796,280,1,gourmet
u_0796,53,1,gourmet
u_0796,200,1,gourmet
u_0796,2217,1,gourmet
u_0796,2296,1,gourmet
u_0796,2423,1,gourmet
u_0796,1559,1,gourmet
u_0796,2978,1,gourmet
u_0796,1880,1,gourmet
u_0796,957,1,gourmet
u_0796,870,1,gourmet
u_0796,1992,1,gourmet
u_0796,2030,1,gourmet
u_0796,3654,1,gourmet
u_0796,1962,1,gourmet
u_0796,1277,1,gourmet
u_0796,2379,1,gourmet
u_0796,2262,1,gourmet
u_0796,793,1,gourmet
u_0796,1457,1,gourmet
u_0796,59,1,gourmet
u_0796,460,1,gourmet
u_0796,1842,1,gourmet
u_0796,2133,1,gourmet
u_0796,198,1,gourmet
u_0796,2600,1,gourmet
u_0796,1205,1,gourmet
u_0796,3572,1,gourmet
u_0796,4065,1,gourmet
u_0796,350,1,gourmet
u_0796,2957,1,gourmet
u_0796,634,1,gourmet
u_0796,88,1,gourmet
u_0796,2181,1,gourmet
u_0796,1024,1,gourmet
u_0796,2159,1,gourmet
u_0796,2787,1,gourmet
u_0796,1844,1,gourmet
u_0796,2364,1,gourmet
u_0796,2517,1,gourmet
u_0796,1850,1,gourmet
u_0796,215,1,gourmet
u_0797,4012,1,breakfast_shopper
u_0797,2603,1,breakfast_shopper
u_0797,1959,1,breakfast_shopper
u_0797,4203,1,breakfast_shopper
u_0797,3363,1,breakfast_shopper
u_0797,2429,1,breakfast_shopper
u_0797,58,1,breakfast_shopper
u_0797,4075,1,breakfast_shopper
u_0797,4292,1,breakfast_shopper
u_0797,2646,1,breakfast_shopper
u_0797,263,1,breakfast_shopper
u_0797,4283,1,breakfast_shopper
u_0797,166,1,breakfast_shopper
u_0797,508,1,breakfast_shopper
u_0797,846,1,breakfast_shopper
u_0797,714,1,breakfast_shopper
u_0797,375,1,breakfast_shopper
u_0797,2534,1,breakfast_shopper
u_0797,3453,1,breakfast_shopper
u_0797,4287,1,breakfast_shopper
u_0797,276,1,breakfast_shopper
u_0797,4420,1,breakfast_shopper
u_0797,2476,1,breakfast_shopper
u_0797,152,1,breakfast_shopper
u_0797,4486,1,breakfast_shopper
u_0797,4827,1,breakfast_shopper
u_0798,2626,1,veg_cook
u_0798,2285,1,veg_cook
u_0798,1041,1,veg_cook
u_0798,894,1,veg_cook
u_0798,1303,1,veg_cook
u_0798,651,1,veg_cook
u_0798,1055,1,veg_cook
u_0798,816,1,veg_cook
u_0798,1799,1,veg_cook
u_0798,516,1,veg_cook
u_0798,659,1,veg_cook
u_0798,4439,1,veg_cook
u_0798,2239,1,veg_cook
u_0798,1866,1,veg_cook
u_0798,3035,1,veg_cook
u_0798,2225,1,veg_cook
u_0798,1739,1,veg_cook
u_0798,1960,1,veg_cook
u_0798,1227,1,veg_cook
u_0798,330,1,veg_cook
u_0798,642,1,veg_cook
u_0798,2129,1,veg_cook
u_0798,3258,1,veg_cook
u_0799,258,1,fruit_lover
u_0799,279,1,fruit_lover
u_0799,2219,1,fruit_lover
u_0799,1590,1,fruit_lover
u_0799,3198,1,fruit_lover
u_0799,2244,1,fruit_lover
u_0799,40,1,fruit_lover
u_0799,259,1,fruit_lover
u_0799,662,1,fruit_lover
u_0799,78,1,fruit_lover
u_0799,223,1,fruit_lover
u_0799,884,1,fruit_lover
u_0799,128,1,fruit_lover
u_0799,14,1,fruit_lover
u_0799,341,1,fruit_lover
u_0799,781,1,fruit_lover
u_0799,1181,1,fruit_lover
u_0799,1243,1,fruit_lover
u_0799,188,1,fruit_lover
u_0799,1047,1,fruit_lover
u_0799,767,1,fruit_lover
u_0799,152,1,fruit_lover
u_0799,3066,1,fruit_lover
u_0799,1220,1,fruit_lover
u_0799,1713,1,fruit_lover
u_0799,418,1,fruit_lover
u_0799,186,1,fruit_lover
u_0799,2671,1,fruit_lover
u_0799,1573,1,fruit_lover
u_0799,74,1,fruit_lover
u_0799,281,1,fruit_lover
u_0799,89,1,fruit_lover
u_0799,230,1,fruit_lover
u_0799,968,1,fruit_lover
u_0799,1222,1,fruit_lover
u_0799,4486,1,fruit_lover
u_0799,862,1,fruit_lover
u_0799,222,1,fruit_lover
u_0799,1472,1,fruit_lover
u_0799,30,1,fruit_lover
u_0799,2249,1,fruit_lover
u_0800,3770,1,festival_shopper
u_0800,267,1,festival_shopper
u_0800,27,1,festival_shopper
u_0800,743,2,festival_shopper
u_0800,91,1,festival_shopper
u_0800,2702,1,festival_shopper
u_0800,1640,1,festival_shopper
u_0800,278,1,festival_shopper
u_0800,2542,1,festival_shopper
u_0800,2375,1,festival_shopper
u_0800,60,1,festival_shopper
u_0800,1655,1,festival_shopper
u_0800,1209,1,festival_shopper
u_0800,1666,1,festival_shopper
u_0800,991,1,festival_shopper
u_0800,1579,1,festival_shopper
u_0800,640,1,festival_shopper
u_0800,2455,1,festival_shopper
u_0800,1390,1,festival_shopper
u_0800,2510,1,festival_shopper
u_0800,2601,1,festival_shopper
u_0800,258,1,festival_shopper
u_0800,1,1,festival_shopper
u_0800,976,1,festival_shopper
u_0800,3167,1,festival_shopper
u_0800,4737,1,festival_shopper
u_0800,2596,1,festival_shopper
u_0800,4703,1,festival_shopper
u_0800,1888,1,festival_shopper
u_0801,831,1,veg_cook
u_0801,1251,1,veg_cook
u_0801,3210,1,veg_cook
u_0801,511,1,veg_cook
u_0801,1074,1,veg_cook
u_0801,552,1,veg_cook
u_0801,788,1,veg_cook
u_0801,1853,1,veg_cook
u_0801,4154,1,veg_cook
u_0801,4611,1,veg_cook
u_0801,3175,1,veg_cook
u_0801,648,1,veg_cook
u_0801,1858,1,veg_cook
u_0801,1026,1,veg_cook
u_0801,2737,1,veg_cook
u_0801,1910,1,veg_cook
u_0801,1032,1,veg_cook
u_0801,2535,1,veg_cook
u_0801,2369,1,veg_cook
u_0801,803,1,veg_cook
u_0801,897,1,veg_cook
u_0801,2807,1,veg_cook
u_0801,2315,1,veg_cook
u_0801,778,1,veg_cook
u_0801,575,1,veg_cook
u_0801,683,1,veg_cook
u_0801,1080,1,veg_cook
u_0801,2856,1,veg_cook
u_0801,948,1,veg_cook
u_0801,1995,1,veg_cook
u_0801,565,1,veg_cook
u_0801,1577,1,veg_cook
u_0801,1997,1,veg_cook
u_0801,2706,1,veg_cook
u_0801,4840,1,veg_cook
u_0801,1999,1,veg_cook
u_0801,310,1,veg_cook
u_0801,1196,1,veg_cook
u_0801,870,1,veg_cook
u_0801,1933,1,veg_cook
u_0801,2321,1,veg_cook
u_0801,2386,1,veg_cook
u_0801,4198,1,veg_cook
u_0801,987,1,veg_cook
u_0801,1353,1,veg_cook
u_0801,2323,1,veg_cook
u_0802,2001,1,household_stocker
u_0802,2768,1,household_stocker
u_0802,2758,1,household_stocker
u_0802,1564,1,household_stocker
u_0802,2939,1,household_stocker
u_0802,3072,1,household_stocker
u_0802,2410,1,household_stocker
u_0802,2687,1,household_stocker
u_0802,2422,1,household_stocker
u_0802,2813,1,household_stocker
u_0802,1814,1,household_stocker
u_0802,49,1,household_stocker
u_0802,1230,1,household_stocker
u_0802,4279,1,household_stocker
u_0802,1624,1,household_stocker
u_0802,2928,1,household_stocker
u_0802,182,1,household_stocker
u_0802,3014,1,household_stocker
u_0802,2689,1,household_stocker
u_0802,2471,2,household_stocker
u_0802,2771,1,household_stocker
u_0802,2345,1,household_stocker
u_0802,2976,1,household_stocker
u_0802,4565,1,household_stocker
u_0802,2737,1,household_stocker
u_0802,1808,1,household_stocker
u_0802,2959,1,household_stocker
u_0802,4385,1,household_stocker
u_0802,1194,1,household_stocker
u_0802,1328,1,household_stocker
u_0802,1239,1,household_stocker
u_0802,104,1,household_stocker
u_0802,160,1,household_stocker
u_0802,1289,1,household_stocker
u_0802,1715,1,household_stocker
u_0802,1158,1,household_stocker
u_0802,2743,1,household_stocker
u_0802,2628,1,household_stocker
u_0802,2910,1,household_stocker
u_0802,4665,1,household_stocker
u_0802,4405,1,household_stocker
u_0802,2314,1,household_stocker
u_0802,2303,1,household_stocker
u_0803,2364,1,gourmet
u_0803,2683,1,gourmet
u_0803,512,1,gourmet
u_0803,4954,1,gourmet
u_0803,3139,1,gourmet
u_0803,402,1,gourmet
u_0803,1915,1,gourmet
u_0803,1432,1,gourmet
u_0803,1889,1,gourmet
u_0803,798,1,gourmet
u_0803,1243,1,gourmet
u_0803,859,1,gourmet
u_0803,2217,1,gourmet
u_0803,2155,1,gourmet
u_0803,2118,1,gourmet
u_0803,1526,1,gourmet
u_0803,2879,1,gourmet
u_0803,1893,1,gourmet
u_0803,2867,1,gourmet
u_0803,166,1,gourmet
u_0803,2195,1,gourmet
u_0803,2575,1,gourmet
u_0803,1299,1,gourmet
u_0803,3931,1,gourmet
u_0803,1968,1,gourmet
u_0803,937,1,gourmet
u_0804,2040,1,household_stocker
u_0804,487,1,household_stocker
u_0804,3907,1,household_stocker
u_0804,2901,1,household_stocker
u_0804,3031,1,household_stocker
u_0804,417,1,household_stocker
u_0804,2761,1,household_stocker
u_0804,2383,1,household_stocker
u_0804,1501,1,household_stocker
u_0804,4205,1,household_stocker
u_0804,352,1,household_stocker
u_0804,97,1,household_stocker
u_0804,2479,1,household_stocker
u_0804,2822,1,household_stocker
u_0804,810,1,household_stocker
u_0804,1482,1,household_stocker
u_0804,1366,1,household_stocker
u_0804,2658,1,household_stocker
u_0804,798,1,household_stocker
u_0804,1918,1,household_stocker
u_0804,1790,1,household_stocker
u_0804,402,1,household_stocker
u_0804,2119,1,household_stocker
u_0804,1735,1,household_stocker
u_0804,780,1,household_stocker
u_0804,2423,1,household_stocker
u_0804,2833,2,household_stocker
u_0804,2499,1,household_stocker
u_0804,1599,1,household_stocker
u_0804,618,1,household_stocker
u_0804,4456,1,household_stocker
u_0804,3189,1,household_stocker
u_0805,2456,1,festival_shopper
u_0805,130,1,festival_shopper
u_0805,513,1,festival_shopper
u_0805,1800,1,festival_shopper
u_0805,4854,1,festival_shopper
u_0805,1255,2,festival_shopper
u_0805,2828,1,festival_shopper
u_0805,113,1,festival_shopper
u_0805,1695,1,festival_shopper
u_0805,532,1,festival_shopper
u_0805,1470,1,festival_shopper
u_0805,1225,1,festival_shopper
u_0805,444,1,festival_shopper
u_0805,699,1,festival_shopper
u_0805,4332,1,festival_shopper
u_0805,185,1,festival_shopper
u_0805,1780,1,festival_shopper
u_0805,2342,1,festival_shopper
u_0805,1386,1,festival_shopper
u_0805,3033,1,festival_shopper
u_0805,2268,1,festival_shopper
u_0805,799,1,festival_shopper
u_0805,2223,1,festival_shopper
u_0805,2246,1,festival_shopper
u_0805,682,1,festival_shopper
u_0805,1437,1,festival_shopper
u_0805,2150,1,festival_shopper
u_0806,1842,1,gourmet
u_0806,2215,1,gourmet
u_0806,3283,1,gourmet
u_0806,569,1,gourmet
u_0806,2092,1,gourmet
u_0806,2595,1,gourmet
u_0806,1012,1,gourmet
u_0806,2372,1,gourmet
u_0806,2700,1,gourmet
u_0806,2584,1,gourmet
u_0806,523,1,gourmet
u_0806,2225,1,gourmet
u_0806,727,1,gourmet
u_0806,3404,1,gourmet
u_0806,3033,1,gourmet
u_0806,1865,1,gourmet
u_0806,789,1,gourmet
u_0806,2020,1,gourmet
u_0806,676,1,gourmet
u_0806,2511,1,gourmet
u_0806,2447,1,gourmet
u_0806,285,1,gourmet
u_0806,1804,1,gourmet
u_0806,3148,1,gourmet
u_0807,166,1,household_stocker
u_0807,32,1,household_stocker
u_0807,452,1,household_stocker
u_0807,2725,1,household_stocker
u_0807,2685,2,household_stocker
u_0807,836,1,household_stocker
u_0807,531,1,household_stocker
u_0807,2635,1,household_stocker
u_0807,2059,1,household_stocker
u_0807,1339,1,household_stocker
u_0807,3018,1,household_stocker
u_0807,4878,1,household_stocker
u_0807,435,1,household_stocker
u_0807,3173,1,household_stocker
u_0807,2904,1,household_stocker
u_0807,3080,1,household_stocker
u_0807,680,1,household_stocker
u_0807,3024,1,household_stocker
u_0807,2336,1,household_stocker
u_0807,907,1,household_stocker
u_0807,2934,1,household_stocker
u_0807,2611,1,household_stocker
u_0807,3006,1,household_stocker
u_0807,3013,1,household_stocker
u_0807,3854,1,household_stocker
u_0807,2908,1,household_stocker
u_0807,846,1,household_stocker
u_0807,3127,1,household_stocker
u_0807,1816,1,household_stocker
u_0807,2634,1,household_stocker
u_0807,829,1,household_stocker
u_0807,2986,1,household_stocker
u_0807,329,1,household_stocker
u_0807,2530,1,household_stocker
u_0807,2651,1,household_stocker
u_0807,2786,1,household_stocker
u_0807,2797,1,household_stocker
u_0807,1306,1,household_stocker
u_0807,2380,1,household_stocker
u_0807,177,1,household_stocker
u_0807,2960,1,household_stocker
u_0807,2391,1,household_stocker
u_0807,5007,1,household_stocker
u_0807,3555,1,household_stocker
u_0807,3020,1,household_stocker
u_0807,2456,1,household_stocker
u_0808,305,1,fruit_lover
u_0808,1186,1,fruit_lover
u_0808,1571,1,fruit_lover
u_0808,422,1,fruit_lover
u_0808,2132,1,fruit_lover
u_0808,960,1,fruit_lover
u_0808,1167,1,fruit_lover
u_0808,2352,1,fruit_lover
u_0808,2931,1,fruit_lover
u_0808,529,1,fruit_lover
u_0808,22,1,fruit_lover
u_0808,1350,1,fruit_lover
u_0808,2005,1,fruit_lover
u_0808,540,1,fruit_lover
u_0808,4080,1,fruit_lover
u_0808,4396,1,fruit_lover
u_0808,722,1,fruit_lover
u_0808,2830,1,fruit_lover
u_0808,1101,1,fruit_lover
u_0808,2458,1,fruit_lover
u_0808,331,1,fruit_lover
u_0808,2306,1,fruit_lover
u_0808,1907,1,fruit_lover
u_0808,2631,1,fruit_lover
u_0808,483,1,fruit_lover
u_0808,2203,1,fruit_lover
u_0808,2945,1,fruit_lover
u_0808,2547,1,fruit_lover
u_0809,3079,1,veg_cook
u_0809,761,1,veg_cook
u_0809,507,1,veg_cook
u_0809,3125,1,veg_cook
u_0809,1145,1,veg_cook
u_0809,1329,1,veg_cook
u_0809,1397,1,veg_cook
u_0809,3129,1,veg_cook
u_0809,1127,1,veg_cook
u_0809,2923,1,veg_cook
u_0809,908,1,veg_cook
u_0809,2250,1,veg_cook
u_0809,704,1,veg_cook
u_0809,205,1,veg_cook
u_0809,2708,1,veg_cook
u_0809,1071,1,veg_cook
u_0809,563,1,veg_cook
u_0809,1936,1,veg_cook
u_0809,1103,1,veg_cook
u_0809,2637,1,veg_cook
u_0809,1022,1,veg_cook
u_0809,390,1,veg_cook
u_0809,1314,1,veg_cook
u_0809,784,1,veg_cook
u_0809,867,1,veg_cook
u_0809,906,1,veg_cook
u_0809,166,1,veg_cook
u_0809,2094,1,veg_cook
u_0809,2617,1,veg_cook
u_0809,954,1,veg_cook
u_0809,484,1,veg_cook
u_0809,4400,1,veg_cook
u_0809,3277,1,veg_cook
u_0809,247,1,veg_cook
u_0809,816,1,veg_cook
u_0809,1836,1,veg_cook
u_0809,79,1,veg_cook
u_0809,1292,1,veg_cook
u_0809,731,1,veg_cook
u_0809,1863,1,veg_cook
u_0809,782,1,veg_cook
u_0810,3504,1,snack_lover
u_0810,2548,1,snack_lover
u_0810,2210,1,snack_lover
u_0810,3738,1,snack_lover
u_0810,1146,1,snack_lover
u_0810,3415,1,snack_lover
u_0810,3979,1,snack_lover
u_0810,2953,1,snack_lover
u_0810,3254,1,snack_lover
u_0810,3904,1,snack_lover
u_0810,4803,1,snack_lover
u_0810,3320,1,snack_lover
u_0810,3315,1,snack_lover
u_0810,3711,1,snack_lover
u_0810,2885,1,snack_lover
u_0810,1151,1,snack_lover
u_0810,2606,1,snack_lover
u_0810,2852,1,snack_lover
u_0810,4115,1,snack_lover
u_0810,3220,1,snack_lover
u_0810,4099,1,snack_lover
u_0810,3301,1,snack_lover
u_0810,3232,1,snack_lover
u_0810,3815,1,snack_lover
u_0810,4705,1,snack_lover
u_0810,3631,1,snack_lover
u_0810,4222,1,snack_lover
u_0810,3890,1,snack_lover
u_0811,1314,1,gourmet
u_0811,237,1,gourmet
u_0811,3134,1,gourmet
u_0811,2649,1,gourmet
u_0811,2379,1,gourmet
u_0811,2125,1,gourmet
u_0811,779,1,gourmet
u_0811,2342,1,gourmet
u_0811,896,1,gourmet
u_0811,2537,1,gourmet
u_0811,1621,1,gourmet
u_0811,2294,2,gourmet
u_0811,2593,1,gourmet
u_0811,2434,1,gourmet
u_0811,1483,1,gourmet
u_0811,1027,1,gourmet
u_0811,2143,1,gourmet
u_0811,601,1,gourmet
u_0811,2728,1,gourmet
u_0811,1946,1,gourmet
u_0811,931,1,gourmet
u_0811,2079,1,gourmet
u_0811,1933,1,gourmet
u_0811,1961,1,gourmet
u_0811,2096,1,gourmet
u_0811,418,1,gourmet
u_0811,2664,1,gourmet
u_0811,2502,1,gourmet
u_0811,1993,1,gourmet
u_0811,1969,1,gourmet
u_0811,3666,1,gourmet
u_0811,1959,1,gourmet
u_0811,3021,1,gourmet
u_0811,1058,1,gourmet
u_0811,969,1,gourmet
u_0811,2097,1,gourmet
u_0811,575,1,gourmet
u_0812,2024,1,gourmet
u_0812,994,1,gourmet
u_0812,3116,1,gourmet
u_0812,2603,1,gourmet
u_0812,2435,1,gourmet
u_0812,2490,1,gourmet
u_0812,2161,1,gourmet
u_0812,1871,1,gourmet
u_0812,479,1,gourmet
u_0812,2110,1,gourmet
u_0812,2188,1,gourmet
u_0812,1692,1,gourmet
u_0812,3135,1,gourmet
u_0812,727,1,gourmet
u_0812,677,1,gourmet
u_0812,802,1,gourmet
u_0812,245,1,gourmet
u_0812,2485,1,gourmet
u_0812,3681,1,gourmet
u_0812,1928,1,gourmet
u_0812,1983,1,gourmet
u_0812,1047,1,gourmet
u_0812,953,1,gourmet
u_0812,26,1,gourmet
u_0812,793,1,gourmet
u_0812,521,1,gourmet
u_0812,2420,1,gourmet
u_0812,2001,1,gourmet
u_0812,3299,1,gourmet
u_0812,2393,1,gourmet
u_0812,1326,1,gourmet
u_0812,604,1,gourmet
u_0812,2213,1,gourmet
u_0812,2136,1,gourmet
u_0812,1800,1,gourmet
u_0812,71,1,gourmet
u_0812,2173,1,gourmet
u_0812,1744,1,gourmet
u_0812,2150,2,gourmet
u_0812,1886,1,gourmet
u_0812,1048,1,gourmet
u_0812,1858,1,gourmet
u_0812,2680,1,gourmet
u_0812,1032,1,gourmet
u_0812,158,1,gourmet
u_0812,4976,1,gourmet
u_0812,635,1,gourmet
u_0813,2568,1,festival_shopper
u_0813,2065,1,festival_shopper
u_0813,1701,1,festival_shopper
u_0813,1737,1,festival_shopper
u_0813,1194,1,festival_shopper
u_0813,1554,1,festival_shopper
u_0813,1502,1,festival_shopper
u_0813,2008,1,festival_shopper
u_0813,1435,1,festival_shopper
u_0813,1098,1,festival_shopper
u_0813,2491,1,festival_shopper
u_0813,1011,1,festival_shopper
u_0813,1268,1,festival_shopper
u_0813,114,1,festival_shopper
u_0813,2336,1,festival_shopper
u_0813,4987,1,festival_shopper
u_0813,2334,1,festival_shopper
u_0813,491,1,festival_shopper
u_0813,59,1,festival_shopper
u_0813,2751,1,festival_shopper
u_0813,141,1,festival_shopper
u_0813,2493,1,festival_shopper
u_0813,4687,1,festival_shopper
u_0813,1467,1,festival_shopper
u_0813,1473,1,festival_shopper
u_0813,2158,1,festival_shopper
u_0813,1646,1,festival_shopper
u_0813,1740,1,festival_shopper
u_0813,37,1,festival_shopper
u_0813,2555,1,festival_shopper
u_0813,1728,1,festival_shopper
u_0813,3501,1,festival_shopper
u_0813,1608,1,festival_shopper
u_0813,1459,1,festival_shopper
u_0814,943,1,household_stocker
u_0814,268,1,household_stocker
u_0814,779,1,household_stocker
u_0814,2333,1,household_stocker
u_0814,850,1,household_stocker
u_0814,3210,1,household_stocker
u_0814,2397,1,household_stocker
u_0814,3161,1,household_stocker
u_0814,2892,1,household_stocker
u_0814,829,1,household_stocker
u_0814,3136,1,household_stocker
u_0814,2680,1,household_stocker
u_0814,2812,1,household_stocker
u_0814,2821,1,household_stocker
u_0814,1595,1,household_stocker
u_0814,2604,1,household_stocker
u_0814,2910,1,household_stocker
u_0814,3001,1,household_stocker
u_0814,1704,1,household_stocker
u_0814,905,1,household_stocker
u_0814,3043,1,household_stocker
u_0814,3011,1,household_stocker
u_0814,2565,1,household_stocker
u_0814,2726,1,household_stocker
u_0814,2014,1,household_stocker
u_0815,662,1,breakfast_shopper
u_0815,4527,1,breakfast_shopper
u_0815,2398,1,breakfast_shopper
u_0815,438,1,breakfast_shopper
u_0815,3528,1,breakfast_shopper
u_0815,4194,1,breakfast_shopper
u_0815,4400,1,breakfast_shopper
u_0815,4292,1,breakfast_shopper
u_0815,647,1,breakfast_shopper
u_0815,4351,1,breakfast_shopper
u_0815,3636,1,breakfast_shopper
u_0815,3736,1,breakfast_shopper
u_0815,792,1,breakfast_shopper
u_0815,3614,1,breakfast_shopper
u_0815,2753,1,breakfast_shopper
u_0815,3317,1,breakfast_shopper
u_0815,4034,1,breakfast_shopper
u_0815,2734,1,breakfast_shopper
u_0815,2432,1,breakfast_shopper
u_0815,4945,1,breakfast_shopper
u_0815,2368,1,breakfast_shopper
u_0815,4504,1,breakfast_shopper
u_0815,3641,1,breakfast_shopper
u_0815,4391,1,breakfast_shopper
u_0815,4313,1,breakfast_shopper
u_0815,781,1,breakfast_shopper
u_0815,301,1,breakfast_shopper
u_0815,4442,1,breakfast_shopper
u_0815,4451,1,breakfast_shopper
u_0815,4280,1,breakfast_shopper
u_0815,341,1,breakfast_shopper
u_0815,304,1,breakfast_shopper
u_0815,3267,1,breakfast_shopper
u_0815,2897,1,breakfast_shopper
u_0815,769,1,breakfast_shopper
u_0815,4766,1,breakfast_shopper
u_0816,4068,1,household_stocker
u_0816,1743,1,household_stocker
u_0816,2473,1,household_stocker
u_0816,3508,1,household_stocker
u_0816,1155,1,household_stocker
u_0816,2953,1,household_stocker
u_0816,1762,1,household_stocker
u_0816,1241,1,household_stocker
u_0816,705,1,household_stocker
u_0816,3162,1,household_stocker
u_0816,2819,1,household_stocker
u_0816,1794,1,household_stocker
u_0816,337,1,household_stocker
u_0816,2306,1,household_stocker
u_0816,3069,1,household_stocker
u_0816,732,1,household_stocker
u_0816,2892,1,household_stocker
u_0816,3060,1,household_stocker
u_0816,2916,1,household_stocker
u_0816,1648,1,household_stocker
u_0816,1426,1,household_stocker
u_0816,539,1,household_stocker
u_0816,2887,1,household_stocker
u_0816,2084,1,household_stocker
u_0816,1503,1,household_stocker
u_0817,2274,1,gourmet
u_0817,277,1,gourmet
u_0817,2559,1,gourmet
u_0817,2028,1,gourmet
u_0817,2244,1,gourmet
u_0817,2529,1,gourmet
u_0817,2025,1,gourmet
u_0817,1560,1,gourmet
u_0817,1726,1,gourmet
u_0817,448,1,gourmet
u_0817,130,1,gourmet
u_0817,2070,1,gourmet
u_0817,4220,1,gourmet
u_0817,2148,1,gourmet
u_0817,2585,1,gourmet
u_0817,212,1,gourmet
u_0817,834,1,gourmet
u_0817,1252,1,gourmet
u_0817,1305,1,gourmet
u_0817,480,1,gourmet
u_0817,848,1,gourmet
u_0817,5047,1,gourmet
u_0817,4253,1,gourmet
u_0817,2064,1,gourmet
u_0817,735,1,gourmet
u_0817,2088,1,gourmet
u_0817,2216,1,gourmet
u_0817,2257,1,gourmet
u_0818,1195,1,snack_lover
u_0818,3866,1,snack_lover
u_0818,3482,1,snack_lover
u_0818,3680,1,snack_lover
u_0818,3700,1,snack_lover
u_0818,2818,1,snack_lover
u_0818,4094,1,snack_lover
u_0818,1796,1,snack_lover
u_0818,4210,1,snack_lover
u_0818,3540,1,snack_lover
u_0818,3458,1,snack_lover
u_0818,4205,1,snack_lover
u_0818,3188,1,snack_lover
u_0818,4342,1,snack_lover
u_0818,3260,1,snack_lover
u_0818,4518,1,snack_lover
u_0818,3609,1,snack_lover
u_0818,4068,1,snack_lover
u_0818,4481,1,snack_lover
u_0818,3783,1,snack_lover
u_0818,4405,1,snack_lover
u_0818,4025,1,snack_lover
u_0818,3517,1,snack_lover
u_0818,3916,1,snack_lover
u_0819,1839,1,household_stocker
u_0819,2811,1,household_stocker
u_0819,2968,1,household_stocker
u_0819,2355,1,household_stocker
u_0819,1878,1,household_stocker
u_0819,2888,1,household_stocker
u_0819,2543,1,household_stocker
u_0819,3219,1,household_stocker
u_0819,2489,1,household_stocker
u_0819,3144,1,household_stocker
u_0819,841,1,household_stocker
u_0819,3124,1,household_stocker
u_0819,2803,1,household_stocker
u_0819,251,1,household_stocker
u_0819,2869,1,household_stocker
u_0819,3050,1,household_stocker
u_0819,4308,1,household_stocker
u_0819,1826,1,household_stocker
u_0819,3074,1,household_stocker
u_0819,1023,1,household_stocker
u_0819,2222,1,household_stocker
u_0819,3160,1,household_stocker
u_0819,307,1,household_stocker
u_0819,495,1,household_stocker
u_0819,172,1,household_stocker
u_0819,646,1,household_stocker
u_0819,674,1,household_stocker
u_0819,2587,1,household_stocker
u_0819,2865,1,household_stocker
u_0819,2571,1,household_stocker
u_0819,1435,1,household_stocker
u_0819,1631,1,household_stocker
u_0819,531,1,household_stocker
u_0819,2569,1,household_stocker
u_0819,942,1,household_stocker
u_0819,2158,1,household_stocker
u_0819,3155,1,household_stocker
u_0819,1092,1,household_stocker
u_0819,2733,1,household_stocker
u_0819,2589,1,household_stocker
u_0819,2184,1,household_stocker
u_0819,1006,1,household_stocker
u_0819,1155,1,household_stocker
u_0819,2972,1,household_stocker
u_0820,877,1,veg_cook
u_0820,593,1,veg_cook
u_0820,1026,1,veg_cook
u_0820,2006,1,veg_cook
u_0820,3201,1,veg_cook
u_0820,2471,1,veg_cook
u_0820,711,1,veg_cook
u_0820,2941,1,veg_cook
u_0820,3059,1,veg_cook
u_0820,2316,1,veg_cook
u_0820,4042,1,veg_cook
u_0820,3644,1,veg_cook
u_0820,861,1,veg_cook
u_0820,547,1,veg_cook
u_0820,899,1,veg_cook
u_0820,2875,1,veg_cook
u_0820,3142,1,veg_cook
u_0820,782,1,veg_cook
u_0820,1999,1,veg_cook
u_0820,530,1,veg_cook
u_0820,1016,1,veg_cook
u_0820,2657,1,veg_cook
u_0820,491,1,veg_cook
u_0820,571,1,veg_cook
u_0820,1296,1,veg_cook
u_0820,1787,1,veg_cook
u_0820,4988,1,veg_cook
u_0820,1454,1,veg_cook
u_0820,183,1,veg_cook
u_0820,2616,1,veg_cook
u_0820,1814,1,veg_cook
u_0820,2250,1,veg_cook
u_0820,641,1,veg_cook
u_0820,953,1,veg_cook
u_0820,766,1,veg_cook
u_0820,2781,1,veg_cook
u_0820,3082,1,veg_cook
u_0820,3062,1,veg_cook
u_0820,2010,1,veg_cook
u_0820,935,1,veg_cook
u_0820,887,1,veg_cook
u_0820,758,1,veg_cook
u_0820,984,1,veg_cook
u_0820,2275,1,veg_cook
u_0820,940,1,veg_cook
u_0820,380,1,veg_cook
u_0821,915,1,festival_shopper
u_0821,2215,1,festival_shopper
u_0821,3180,1,festival_shopper
u_0821,375,1,festival_shopper
u_0821,1411,1,festival_shopper
u_0821,2369,1,festival_shopper
u_0821,2509,1,festival_shopper
u_0821,801,1,festival_shopper
u_0821,1563,1,festival_shopper
u_0821,4026,1,festival_shopper
u_0821,2107,1,festival_shopper
u_0821,1473,1,festival_shopper
u_0821,1502,1,festival_shopper
u_0821,3514,1,festival_shopper
u_0821,1592,1,festival_shopper
u_0821,613,1,festival_shopper
u_0821,3066,1,festival_shopper
u_0821,4718,1,festival_shopper
u_0821,2961,1,festival_shopper
u_0821,1804,1,festival_shopper
u_0821,1734,1,festival_shopper
u_0821,773,1,festival_shopper
u_0821,4950,1,festival_shopper
u_0821,1605,1,festival_shopper
u_0821,2410,1,festival_shopper
u_0821,2880,1,festival_shopper
u_0821,2466,1,festival_shopper
u_0821,50,1,festival_shopper
u_0821,169,1,festival_shopper
u_0822,2637,1,household_stocker
u_0822,3061,1,household_stocker
u_0822,3130,1,household_stocker
u_0822,3160,1,household_stocker
u_0822,2045,1,household_stocker
u_0822,227,1,household_stocker
u_0822,1451,1,household_stocker
u_0822,2025,1,household_stocker
u_0822,3023,1,household_stocker
u_0822,1748,1,household_stocker
u_0822,3054,1,household_stocker
u_0822,2564,1,household_stocker
u_0822,2866,1,household_stocker
u_0822,2526,1,household_stocker
u_0822,595,1,household_stocker
u_0822,3095,1,household_stocker
u_0822,859,1,household_stocker
u_0822,188,1,household_stocker
u_0822,1599,1,household_stocker
u_0822,2973,1,household_stocker
u_0822,1232,1,household_stocker
u_0822,3100,1,household_stocker
u_0822,3059,1,household_stocker
u_0822,3136,1,household_stocker
u_0822,2759,1,household_stocker
u_0822,2267,1,household_stocker
u_0822,589,1,household_stocker
u_0822,37,1,household_stocker
u_0822,1688,1,household_stocker
u_0822,2966,1,household_stocker
u_0822,33,1,household_stocker
u_0822,873,1,household_stocker
u_0822,2894,1,household_stocker
u_0822,837,1,household_stocker
u_0822,3150,1,household_stocker
u_0822,3213,1,household_stocker
u_0822,3069,1,household_stocker
u_0822,4557,1,household_stocker
u_0822,4511,1,household_stocker
u_0822,3567,1,household_stocker
u_0823,2791,1,fruit_lover
u_0823,2003,1,fruit_lover
u_0823,62,1,fruit_lover
u_0823,927,1,fruit_lover
u_0823,783,1,fruit_lover
u_0823,604,1,fruit_lover
u_0823,594,1,fruit_lover
u_0823,2822,1,fruit_lover
u_0823,1364,1,fruit_lover
u_0823,21,1,fruit_lover
u_0823,2337,1,fruit_lover
u_0823,1352,1,fruit_lover
u_0823,3418,1,fruit_lover
u_0823,1903,1,fruit_lover
u_0823,970,1,fruit_lover
u_0823,2014,1,fruit_lover
u_0823,2170,1,fruit_lover
u_0823,213,1,fruit_lover
u_0823,862,1,fruit_lover
u_0823,1356,1,fruit_lover
u_0823,669,1,fruit_lover
u_0823,336,1,fruit_lover
u_0823,241,1,fruit_lover
u_0823,304,1,fruit_lover
u_0823,2209,1,fruit_lover
u_0823,1376,1,fruit_lover
u_0823,391,1,fruit_lover
u_0823,1936,1,fruit_lover
u_0823,2421,1,fruit_lover
u_0823,781,1,fruit_lover
u_0823,1214,1,fruit_lover
u_0823,2128,1,fruit_lover
u_0823,2478,1,fruit_lover
u_0823,2524,1,fruit_lover
u_0823,386,1,fruit_lover
u_0823,223,1,fruit_lover
u_0823,1945,1,fruit_lover
u_0823,3028,1,fruit_lover
u_0823,2796,1,fruit_lover
u_0823,192,1,fruit_lover
u_0824,3502,1,snack_lover
u_0824,3383,1,snack_lover
u_0824,4439,1,snack_lover
u_0824,1469,1,snack_lover
u_0824,2840,1,snack_lover
u_0824,3540,1,snack_lover
u_0824,3524,1,snack_lover
u_0824,3231,1,snack_lover
u_0824,3896,1,snack_lover
u_0824,3633,1,snack_lover
u_0824,4534,1,snack_lover
u_0824,4362,1,snack_lover
u_0824,4953,1,snack_lover
u_0824,3295,1,snack_lover
u_0824,3926,1,snack_lover
u_0824,946,1,snack_lover
u_0824,3389,1,snack_lover
u_0824,3897,1,snack_lover
u_0824,3394,2,snack_lover
u_0824,1119,1,snack_lover
u_0824,3361,1,snack_lover
u_0824,3817,1,snack_lover
u_0824,4088,1,snack_lover
u_0824,671,1,snack_lover
u_0824,4034,1,snack_lover
u_0824,3769,1,snack_lover
u_0824,4388,1,snack_lover
u_0824,3768,1,snack_lover
u_0824,3887,1,snack_lover
u_0824,4768,1,snack_lover
u_0824,1110,1,snack_lover
u_0824,2852,1,snack_lover
u_0824,3757,1,snack_lover
u_0824,2967,1,snack_lover
u_0824,3449,1,snack_lover
u_0824,4399,1,snack_lover
u_0824,3405,1,snack_lover
u_0824,3659,1,snack_lover
u_0824,4381,1,snack_lover
u_0825,1901,1,gourmet
u_0825,547,1,gourmet
u_0825,1876,1,gourmet
u_0825,2253,1,gourmet
u_0825,695,1,gourmet
u_0825,2042,1,gourmet
u_0825,1801,1,gourmet
u_0825,1531,1,gourmet
u_0825,2676,1,gourmet
u_0825,1267,1,gourmet
u_0825,3371,1,gourmet
u_0825,329,1,gourmet
u_0825,4318,1,gourmet
u_0825,401,1,gourmet
u_0825,113,1,gourmet
u_0825,2154,1,gourmet
u_0825,318,1,gourmet
u_0825,2584,1,gourmet
u_0825,2218,1,gourmet
u_0825,4489,1,gourmet
u_0825,2169,1,gourmet
u_0825,1699,1,gourmet
u_0825,1946,1,gourmet
u_0825,2608,1,gourmet
u_0825,782,1,gourmet
u_0825,635,1,gourmet
u_0825,1639,1,gourmet
u_0825,1966,1,gourmet
u_0825,2221,1,gourmet
u_0825,378,1,gourmet
u_0825,1858,1,gourmet
u_0825,855,1,gourmet
u_0825,2063,1,gourmet
u_0825,863,1,gourmet
u_0825,1182,1,gourmet
u_0825,210,1,gourmet
u_0825,1268,1,gourmet
u_0825,2096,1,gourmet
u_0825,1752,1,gourmet
u_0825,566,1,gourmet
u_0826,1455,1,festival_shopper
u_0826,4237,1,festival_shopper
u_0826,191,2,festival_shopper
u_0826,4545,1,festival_shopper
u_0826,864,1,festival_shopper
u_0826,2464,1,festival_shopper
u_0826,1507,1,festival_shopper
u_0826,3074,1,festival_shopper
u_0826,1474,1,festival_shopper
u_0826,2000,1,festival_shopper
u_0826,1524,1,festival_shopper
u_0826,1037,1,festival_shopper
u_0826,2656,1,festival_shopper
u_0826,1650,1,festival_shopper
u_0826,317,1,festival_shopper
u_0826,4,1,festival_shopper
u_0826,176,1,festival_shopper
u_0826,1743,1,festival_shopper
u_0826,4174,1,festival_shopper
u_0826,4552,1,festival_shopper
u_0826,2585,1,festival_shopper
u_0826,1786,1,festival_shopper
u_0826,1410,1,festival_shopper
u_0826,1823,1,festival_shopper
u_0826,2707,1,festival_shopper
u_0826,1059,1,festival_shopper
u_0826,2981,1,festival_shopper
u_0826,2508,1,festival_shopper
u_0826,1803,1,festival_shopper
u_0826,2373,1,festival_shopper
u_0826,1470,1,festival_shopper
u_0826,890,1,festival_shopper
u_0826,2260,1,festival_shopper
u_0826,1261,1,festival_shopper
u_0826,175,1,festival_shopper
u_0826,269,1,festival_shopper
u_0826,919,1,festival_shopper
u_0826,3177,1,festival_shopper
u_0826,349,1,festival_shopper
u_0826,446,1,festival_shopper
u_0826,936,1,festival_shopper
u_0826,198,1,festival_shopper
u_0827,2167,1,fruit_lover
u_0827,171,1,fruit_lover
u_0827,1368,1,fruit_lover
u_0827,1678,1,fruit_lover
u_0827,2987,1,fruit_lover
u_0827,1130,1,fruit_lover
u_0827,134,1,fruit_lover
u_0827,197,1,fruit_lover
u_0827,4681,1,fruit_lover
u_0827,495,1,fruit_lover
u_0827,2693,1,fruit_lover
u_0827,3200,1,fruit_lover
u_0827,392,1,fruit_lover
u_0827,1942,1,fruit_lover
u_0827,1311,1,fruit_lover
u_0827,98,1,fruit_lover
u_0827,51,1,fruit_lover
u_0827,278,1,fruit_lover
u_0827,413,1,fruit_lover
u_0827,114,1,fruit_lover
u_0827,3332,1,fruit_lover
u_0827,181,1,fruit_lover
u_0827,168,1,fruit_lover
u_0827,1295,1,fruit_lover
u_0827,552,1,fruit_lover
u_0827,2540,1,fruit_lover
u_0827,452,1,fruit_lover
u_0827,3291,1,fruit_lover
u_0827,4236,1,fruit_lover
u_0827,3889,1,fruit_lover
u_0827,3998,1,fruit_lover
u_0828,1978,1,veg_cook
u_0828,649,1,veg_cook
u_0828,655,1,veg_cook
u_0828,2874,1,veg_cook
u_0828,637,1,veg_cook
u_0828,2183,1,veg_cook
u_0828,2292,1,veg_cook
u_0828,1370,1,veg_cook
u_0828,3501,1,veg_cook
u_0828,684,1,veg_cook
u_0828,2983,1,veg_cook
u_0828,598,1,veg_cook
u_0828,2744,1,veg_cook
u_0828,4625,1,veg_cook
u_0828,2104,1,veg_cook
u_0828,1434,1,veg_cook
u_0828,5041,1,veg_cook
u_0828,3084,1,veg_cook
u_0828,2814,1,veg_cook
u_0828,2161,1,veg_cook
u_0828,3735,1,veg_cook
u_0828,1096,1,veg_cook
u_0828,1911,1,veg_cook
u_0828,631,1,veg_cook
u_0828,1298,1,veg_cook
u_0828,3207,1,veg_cook
u_0828,2409,1,veg_cook
u_0828,620,1,veg_cook
u_0828,2212,1,veg_cook
u_0828,2745,1,veg_cook
u_0828,865,1,veg_cook
u_0828,2168,1,veg_cook
u_0829,4146,1,household_stocker
u_0829,2459,1,household_stocker
u_0829,455,1,household_stocker
u_0829,2921,1,household_stocker
u_0829,1922,1,household_stocker
u_0829,2689,2,household_stocker
u_0829,3044,1,household_stocker
u_0829,3431,1,household_stocker
u_0829,850,1,household_stocker
u_0829,3185,1,household_stocker
u_0829,760,1,household_stocker
u_0829,4816,1,household_stocker
u_0829,2090,1,household_stocker
u_0829,1759,1,household_stocker
u_0829,1464,1,household_stocker
u_0829,954,1,household_stocker
u_0829,1130,1,household_stocker
u_0829,2596,1,household_stocker
u_0829,128,1,household_stocker
u_0829,1840,1,household_stocker
u_0829,2343,1,household_stocker
u_0829,348,1,household_stocker
u_0829,2804,1,household_stocker
u_0829,17,1,household_stocker
u_0829,3059,1,household_stocker
u_0829,2708,1,household_stocker
u_0829,2465,1,household_stocker
u_0829,4121,1,household_stocker
u_0829,4481,1,household_stocker
u_0829,3151,1,household_stocker
u_0829,139,1,household_stocker
u_0829,2855,1,household_stocker
u_0829,2590,1,household_stocker
u_0829,2641,1,household_stocker
u_0829,3038,1,household_stocker
u_0829,2508,1,household_stocker
u_0829,152,1,household_stocker
u_0829,4641,1,household_stocker
u_0829,739,1,household_stocker
u_0829,2864,1,household_stocker
u_0829,1952,1,household_stocker
u_0830,1755,1,household_stocker
u_0830,463,1,household_stocker
u_0830,111,1,household_stocker
u_0830,2797,1,household_stocker
u_0830,402,1,household_stocker
u_0830,1584,1,household_stocker
u_0830,3183,1,household_stocker
u_0830,1285,1,household_stocker
u_0830,1808,1,household_stocker
u_0830,1341,1,household_stocker
u_0830,3065,1,household_stocker
u_0830,2652,1,household_stocker
u_0830,895,1,household_stocker
u_0830,2447,1,household_stocker
u_0830,3081,1,household_stocker
u_0830,2854,1,household_stocker
u_0830,628,1,household_stocker
u_0830,2469,1,household_stocker
u_0830,1034,1,household_stocker
u_0830,3003,1,household_stocker
u_0830,1511,1,household_stocker
u_0830,1854,1,household_stocker
u_0830,1892,1,household_stocker
u_0830,2369,1,household_stocker
u_0830,2756,1,household_stocker
u_0830,2856,1,household_stocker
u_0830,2964,1,household_stocker
u_0830,967,1,household_stocker
u_0830,552,1,household_stocker
u_0830,2771,1,household_stocker
u_0831,523,1,snack_lover
u_0831,3353,1,snack_lover
u_0831,2905,1,snack_lover
u_0831,352,1,snack_lover
u_0831,4035,1,snack_lover
u_0831,3108,1,snack_lover
u_0831,3578,1,snack_lover
u_0831,3669,1,snack_lover
u_0831,3080,1,snack_lover
u_0831,1412,1,snack_lover
u_0831,3257,1,snack_lover
u_0831,3842,1,snack_lover
u_0831,562,1,snack_lover
u_0831,3319,1,snack_lover
u_0831,3716,1,snack_lover
u_0831,4002,1,snack_lover
u_0831,4179,1,snack_lover
u_0831,3803,1,snack_lover
u_0831,3551,1,snack_lover
u_0831,1723,1,snack_lover
u_0831,2688,1,snack_lover
u_0831,4122,1,snack_lover
u_0831,4060,1,snack_lover
u_0831,4095,1,snack_lover
u_0832,368,1,breakfast_shopper
u_0832,4305,2,breakfast_shopper
u_0832,4564,1,breakfast_shopper
u_0832,687,1,breakfast_shopper
u_0832,4548,1,breakfast_shopper
u_0832,4393,1,breakfast_shopper
u_0832,3540,1,breakfast_shopper
u_0832,4573,1,breakfast_shopper
u_0832,2439,1,breakfast_shopper
u_0832,2211,1,breakfast_shopper
u_0832,564,1,breakfast_shopper
u_0832,4598,2,breakfast_shopper
u_0832,1495,1,breakfast_shopper
u_0832,4201,1,breakfast_shopper
u_0832,4369,1,breakfast_shopper
u_0832,4515,1,breakfast_shopper
u_0832,4710,1,breakfast_shopper
u_0832,656,1,breakfast_shopper
u_0832,397,1,breakfast_shopper
u_0832,2711,1,breakfast_shopper
u_0832,4181,1,breakfast_shopper
u_0832,349,1,breakfast_shopper
u_0832,2387,1,breakfast_shopper
u_0832,2640,1,breakfast_shopper
u_0832,360,1,breakfast_shopper
u_0832,378,1,breakfast_shopper
u_0832,4440,1,breakfast_shopper
u_0832,1387,1,breakfast_shopper
u_0832,122,1,breakfast_shopper
u_0832,2466,1,breakfast_shopper
u_0832,4506,1,breakfast_shopper
u_0832,4744,1,breakfast_shopper
u_0832,2517,1,breakfast_shopper
u_0832,859,1,breakfast_shopper
u_0832,23,1,breakfast_shopper
u_0832,4034,1,breakfast_shopper
u_0832,74,1,breakfast_shopper
u_0832,305,1,breakfast_shopper
u_0832,4520,1,breakfast_shopper
u_0832,4456,1,breakfast_shopper
u_0832,4210,1,breakfast_shopper
u_0832,457,1,breakfast_shopper
u_0833,311,1,fruit_lover
u_0833,1055,1,fruit_lover
u_0833,453,1,fruit_lover
u_0833,2969,1,fruit_lover
u_0833,1896,1,fruit_lover
u_0833,2444,1,fruit_lover
u_0833,682,1,fruit_lover
u_0833,1400,1,fruit_lover
u_0833,2934,1,fruit_lover
u_0833,2547,1,fruit_lover
u_0833,2005,1,fruit_lover
u_0833,3170,1,fruit_lover
u_0833,793,1,fruit_lover
u_0833,506,1,fruit_lover
u_0833,843,1,fruit_lover
u_0833,2096,1,fruit_lover
u_0833,3267,1,fruit_lover
u_0833,2079,1,fruit_lover
u_0833,179,1,fruit_lover
u_0833,390,1,fruit_lover
u_0833,1087,1,fruit_lover
u_0833,338,1,fruit_lover
u_0833,2869,1,fruit_lover
u_0833,1231,1,fruit_lover
u_0833,668,1,fruit_lover
u_0833,344,1,fruit_lover
u_0833,1611,1,fruit_lover
u_0833,1767,1,fruit_lover
u_0833,2902,1,fruit_lover
u_0833,3642,1,fruit_lover
u_0833,3166,1,fruit_lover
u_0833,945,1,fruit_lover
u_0833,2815,1,fruit_lover
u_0833,550,2,fruit_lover
u_0833,694,1,fruit_lover
u_0833,1751,1,fruit_lover
u_0833,287,1,fruit_lover
u_0833,120,1,fruit_lover
u_0833,458,1,fruit_lover
u_0833,1018,1,fruit_lover
u_0833,3552,1,fruit_lover
u_0833,220,1,fruit_lover
u_0833,1697,1,fruit_lover
u_0833,1268,1,fruit_lover
u_0833,2991,1,fruit_lover
u_0834,2451,1,fruit_lover
u_0834,4063,1,fruit_lover
u_0834,4424,1,fruit_lover
u_0834,5053,1,fruit_lover
u_0834,328,2,fruit_lover
u_0834,825,1,fruit_lover
u_0834,312,1,fruit_lover
u_0834,2735,1,fruit_lover
u_0834,4399,1,fruit_lover
u_0834,2008,1,fruit_lover
u_0834,940,1,fruit_lover
u_0834,2542,1,fruit_lover
u_0834,1927,1,fruit_lover
u_0834,761,1,fruit_lover
u_0834,2710,1,fruit_lover
u_0834,40,1,fruit_lover
u_0834,1929,1,fruit_lover
u_0834,95,1,fruit_lover
u_0834,409,1,fruit_lover
u_0834,274,1,fruit_lover
u_0834,2132,1,fruit_lover
u_0834,824,1,fruit_lover
u_0834,117,1,fruit_lover
u_0834,68,2,fruit_lover
u_0835,2834,1,household_stocker
u_0835,732,1,household_stocker
u_0835,3142,1,household_stocker
u_0835,2908,1,household_stocker
u_0835,2024,1,household_stocker
u_0835,3109,1,household_stocker
u_0835,3071,1,household_stocker
u_0835,2959,1,household_stocker
u_0835,3066,2,household_stocker
u_0835,2996,1,household_stocker
u_0835,1132,1,household_stocker
u_0835,394,1,household_stocker
u_0835,634,1,household_stocker
u_0835,684,1,household_stocker
u_0835,2433,1,household_stocker
u_0835,781,2,household_stocker
u_0835,2357,1,household_stocker
u_0835,3031,1,household_stocker
u_0835,1586,1,household_stocker
u_0835,264,1,household_stocker
u_0835,2372,1,household_stocker
u_0835,1452,1,household_stocker
u_0835,364,1,household_stocker
u_0835,587,1,household_stocker
u_0835,2802,1,household_stocker
u_0835,540,1,household_stocker
u_0835,1717,1,household_stocker
u_0835,2807,1,household_stocker
u_0835,2390,1,household_stocker
u_0835,2974,1,household_stocker
u_0836,1972,1,household_stocker
u_0836,1981,1,household_stocker
u_0836,3169,1,household_stocker
u_0836,4568,1,household_stocker
u_0836,4383,1,household_stocker
u_0836,3990,1,household_stocker
u_0836,320,2,household_stocker
u_0836,656,1,household_stocker
u_0836,2762,1,household_stocker
u_0836,2973,1,household_stocker
u_0836,521,1,household_stocker
u_0836,2672,1,household_stocker
u_0836,2680,1,household_stocker
u_0836,3003,1,household_stocker
u_0836,790,1,household_stocker
u_0836,2483,1,household_stocker
u_0836,2925,1,household_stocker
u_0836,2784,1,household_stocker
u_0836,2982,1,household_stocker
u_0836,3178,1,household_stocker
u_0836,2686,1,household_stocker
u_0836,2060,1,household_stocker
u_0836,643,1,household_stocker
u_0836,3088,1,household_stocker
u_0837,865,1,festival_shopper
u_0837,646,1,festival_shopper
u_0837,2891,1,festival_shopper
u_0837,782,1,festival_shopper
u_0837,992,1,festival_shopper
u_0837,269,1,festival_shopper
u_0837,1605,1,festival_shopper
u_0837,2609,1,festival_shopper
u_0837,2228,1,festival_shopper
u_0837,1027,1,festival_shopper
u_0837,1403,1,festival_shopper
u_0837,1783,1,festival_shopper
u_0837,1109,1,festival_shopper
u_0837,1834,1,festival_shopper
u_0837,406,1,festival_shopper
u_0837,616,1,festival_shopper
u_0837,335,1,festival_shopper
u_0837,476,1,festival_shopper
u_0837,208,1,festival_shopper
u_0837,1034,1,festival_shopper
u_0837,1169,1,festival_shopper
u_0837,4952,1,festival_shopper
u_0837,44,1,festival_shopper
u_0837,596,1,festival_shopper
u_0837,1696,1,festival_shopper
u_0838,2712,1,veg_cook
u_0838,2968,1,veg_cook
u_0838,684,1,veg_cook
u_0838,891,1,veg_cook
u_0838,2457,1,veg_cook
u_0838,1070,1,veg_cook
u_0838,1976,1,veg_cook
u_0838,816,1,veg_cook
u_0838,2584,1,veg_cook
u_0838,1888,1,veg_cook
u_0838,2510,1,veg_cook
u_0838,2855,1,veg_cook
u_0838,648,1,veg_cook
u_0838,755,1,veg_cook
u_0838,1056,1,veg_cook
u_0838,2724,1,veg_cook
u_0838,2223,1,veg_cook
u_0838,171,1,veg_cook
u_0838,1083,1,veg_cook
u_0838,875,1,veg_cook
u_0838,2177,1,veg_cook
u_0838,1075,1,veg_cook
u_0838,2351,1,veg_cook
u_0838,1356,1,veg_cook
u_0838,4446,1,veg_cook
u_0838,2792,1,veg_cook
u_0838,44,1,veg_cook
u_0838,2596,1,veg_cook
u_0838,1197,1,veg_cook
u_0838,1028,1,veg_cook
u_0838,32,1,veg_cook
u_0838,416,1,veg_cook
u_0838,544,1,veg_cook
u_0839,1867,1,festival_shopper
u_0839,378,1,festival_shopper
u_0839,3573,1,festival_shopper
u_0839,794,1,festival_shopper
u_0839,1593,1,festival_shopper
u_0839,4442,1,festival_shopper
u_0839,2623,1,festival_shopper
u_0839,735,1,festival_shopper
u_0839,1770,1,festival_shopper
u_0839,133,1,festival_shopper
u_0839,1685,1,festival_shopper
u_0839,1803,1,festival_shopper
u_0839,1516,1,festival_shopper
u_0839,673,1,festival_shopper
u_0839,2598,1,festival_shopper
u_0839,937,1,festival_shopper
u_0839,1272,1,festival_shopper
u_0839,1426,1,festival_shopper
u_0839,1630,1,festival_shopper
u_0839,980,1,festival_shopper
u_0839,2305,1,festival_shopper
u_0839,1523,1,festival_shopper
u_0839,1456,1,festival_shopper
u_0839,2836,1,festival_shopper
u_0839,246,1,festival_shopper
u_0840,674,1,household_stocker
u_0840,3205,1,household_stocker
u_0840,3155,1,household_stocker
u_0840,2585,1,household_stocker
u_0840,3086,1,household_stocker
u_0840,4428,1,household_stocker
u_0840,2978,1,household_stocker
u_0840,2643,1,household_stocker
u_0840,2619,1,household_stocker
u_0840,837,1,household_stocker
u_0840,1839,1,household_stocker
u_0840,2910,1,household_stocker
u_0840,1899,1,household_stocker
u_0840,3173,1,household_stocker
u_0840,3015,1,household_stocker
u_0840,4052,1,household_stocker
u_0840,1967,1,household_stocker
u_0840,4716,1,household_stocker
u_0840,2214,1,household_stocker
u_0840,2881,1,household_stocker
u_0840,2932,1,household_stocker
u_0840,3911,1,household_stocker
u_0840,3009,1,household_stocker
u_0840,1830,1,household_stocker
u_0840,2947,1,household_stocker
u_0840,2405,1,household_stocker
u_0840,644,1,household_stocker
u_0840,469,1,household_stocker
u_0840,3807,1,household_stocker
u_0841,529,1,breakfast_shopper
u_0841,1983,1,breakfast_shopper
u_0841,4270,1,breakfast_shopper
u_0841,4210,1,breakfast_shopper
u_0841,4612,1,breakfast_shopper
u_0841,194,1,breakfast_shopper
u_0841,4469,1,breakfast_shopper
u_0841,84,1,breakfast_shopper
u_0841,876,1,breakfast_shopper
u_0841,4259,1,breakfast_shopper
u_0841,3236,1,breakfast_shopper
u_0841,4502,1,breakfast_shopper
u_0841,4427,1,breakfast_shopper
u_0841,769,1,breakfast_shopper
u_0841,4742,1,breakfast_shopper
u_0841,1126,1,breakfast_shopper
u_0841,2564,1,breakfast_shopper
u_0841,4556,1,breakfast_shopper
u_0841,1933,1,breakfast_shopper
u_0841,826,1,breakfast_shopper
u_0841,4588,1,breakfast_shopper
u_0841,113,1,breakfast_shopper
u_0841,448,1,breakfast_shopper
u_0841,2302,1,breakfast_shopper
u_0841,4459,1,breakfast_shopper
u_0841,3320,1,breakfast_shopper
u_0841,142,1,breakfast_shopper
u_0841,3373,1,breakfast_shopper
u_0841,4476,1,breakfast_shopper
u_0841,2608,1,breakfast_shopper
u_0841,2598,1,breakfast_shopper
u_0841,3532,1,breakfast_shopper
u_0841,4569,1,breakfast_shopper
u_0841,3402,1,breakfast_shopper
u_0841,2713,1,breakfast_shopper
u_0841,2669,1,breakfast_shopper
u_0841,2931,1,breakfast_shopper
u_0841,4174,1,breakfast_shopper
u_0842,1445,1,household_stocker
u_0842,3156,1,household_stocker
u_0842,3796,1,household_stocker
u_0842,2968,1,household_stocker
u_0842,2441,1,household_stocker
u_0842,1956,1,household_stocker
u_0842,658,1,household_stocker
u_0842,2590,1,household_stocker
u_0842,2974,1,household_stocker
u_0842,1323,1,household_stocker
u_0842,480,1,household_stocker
u_0842,2341,1,household_stocker
u_0842,1381,1,household_stocker
u_0842,3134,1,household_stocker
u_0842,2984,1,household_stocker
u_0842,2766,1,household_stocker
u_0842,1917,1,household_stocker
u_0842,2805,1,household_stocker
u_0842,2851,1,household_stocker
u_0842,2522,1,household_stocker
u_0842,465,1,household_stocker
u_0842,110,1,household_stocker
u_0842,2680,1,household_stocker
u_0842,103,1,household_stocker
u_0842,2736,1,household_stocker
u_0842,932,1,household_stocker
u_0842,307,1,household_stocker
u_0842,489,1,household_stocker
u_0842,3288,1,household_stocker
u_0842,2910,1,household_stocker
u_0842,1301,1,household_stocker
u_0842,9,1,household_stocker
u_0842,3178,1,household_stocker
u_0843,2146,1,fruit_lover
u_0843,192,1,fruit_lover
u_0843,263,1,fruit_lover
u_0843,2590,1,fruit_lover
u_0843,680,1,fruit_lover
u_0843,2469,1,fruit_lover
u_0843,91,1,fruit_lover
u_0843,4497,1,fruit_lover
u_0843,2696,1,fruit_lover
u_0843,799,1,fruit_lover
u_0843,287,1,fruit_lover
u_0843,1918,1,fruit_lover
u_0843,3,1,fruit_lover
u_0843,1857,1,fruit_lover
u_0843,383,1,fruit_lover
u_0843,5026,1,fruit_lover
u_0843,3484,1,fruit_lover
u_0843,445,1,fruit_lover
u_0843,60,1,fruit_lover
u_0843,1674,1,fruit_lover
u_0843,2185,1,fruit_lover
u_0843,64,1,fruit_lover
u_0843,2094,1,fruit_lover
u_0843,2392,1,fruit_lover
u_0843,432,1,fruit_lover
u_0843,4767,1,fruit_lover
u_0843,206,1,fruit_lover
u_0843,122,1,fruit_lover
u_0843,3185,1,fruit_lover
u_0843,2819,1,fruit_lover
u_0843,228,1,fruit_lover
u_0843,3354,1,fruit_lover
u_0843,3214,1,fruit_lover
u_0843,1928,1,fruit_lover
u_0843,1677,1,fruit_lover
u_0843,324,1,fruit_lover
u_0843,2158,1,fruit_lover
u_0844,1621,1,festival_shopper
u_0844,830,1,festival_shopper
u_0844,3182,1,festival_shopper
u_0844,1605,1,festival_shopper
u_0844,267,1,festival_shopper
u_0844,2568,1,festival_shopper
u_0844,400,1,festival_shopper
u_0844,2298,1,festival_shopper
u_0844,99,1,festival_shopper
u_0844,1708,1,festival_shopper
u_0844,1611,1,festival_shopper
u_0844,767,1,festival_shopper
u_0844,2656,1,festival_shopper
u_0844,1381,1,festival_shopper
u_0844,2297,1,festival_shopper
u_0844,437,1,festival_shopper
u_0844,1529,1,festival_shopper
u_0844,1695,1,festival_shopper
u_0844,834,1,festival_shopper
u_0844,1822,1,festival_shopper
u_0844,802,1,festival_shopper
u_0844,544,1,festival_shopper
u_0844,809,1,festival_shopper
u_0844,1862,1,festival_shopper
u_0844,869,1,festival_shopper
u_0844,4450,1,festival_shopper
u_0844,1768,1,festival_shopper
u_0844,194,1,festival_shopper
u_0845,81,1,breakfast_shopper
u_0845,2521,1,breakfast_shopper
u_0845,4351,1,breakfast_shopper
u_0845,741,1,breakfast_shopper
u_0845,360,1,breakfast_shopper
u_0845,2358,1,breakfast_shopper
u_0845,1983,1,breakfast_shopper
u_0845,4462,1,breakfast_shopper
u_0845,2510,1,breakfast_shopper
u_0845,973,1,breakfast_shopper
u_0845,4478,1,breakfast_shopper
u_0845,634,1,breakfast_shopper
u_0845,3436,1,breakfast_shopper
u_0845,3128,1,breakfast_shopper
u_0845,3631,1,breakfast_shopper
u_0845,4430,1,breakfast_shopper
u_0845,2319,1,breakfast_shopper
u_0845,2591,1,breakfast_shopper
u_0845,4372,1,breakfast_shopper
u_0845,4174,1,breakfast_shopper
u_0845,4966,1,breakfast_shopper
u_0845,4220,1,breakfast_shopper
u_0845,740,1,breakfast_shopper
u_0845,4183,1,breakfast_shopper
u_0845,670,1,breakfast_shopper
u_0845,4422,1,breakfast_shopper
u_0845,2494,1,breakfast_shopper
u_0845,77,1,breakfast_shopper
u_0845,4446,1,breakfast_shopper
u_0845,593,1,breakfast_shopper
u_0845,1375,1,breakfast_shopper
u_0845,4871,1,breakfast_shopper
u_0845,4238,1,breakfast_shopper
u_0845,477,1,breakfast_shopper
u_0845,339,1,breakfast_shopper
u_0845,3277,1,breakfast_shopper
u_0845,2709,1,breakfast_shopper
u_0845,4058,1,breakfast_shopper
u_0846,4279,1,breakfast_shopper
u_0846,4319,1,breakfast_shopper
u_0846,3065,1,breakfast_shopper
u_0846,624,1,breakfast_shopper
u_0846,4144,1,breakfast_shopper
u_0846,2411,1,breakfast_shopper
u_0846,2747,1,breakfast_shopper
u_0846,4372,1,breakfast_shopper
u_0846,638,1,breakfast_shopper
u_0846,2602,1,breakfast_shopper
u_0846,31,1,breakfast_shopper
u_0846,4430,1,breakfast_shopper
u_0846,4283,1,breakfast_shopper
u_0846,3489,1,breakfast_shopper
u_0846,1475,1,breakfast_shopper
u_0846,2552,1,breakfast_shopper
u_0846,4451,1,breakfast_shopper
u_0846,2326,1,breakfast_shopper
u_0846,411,1,breakfast_shopper
u_0846,4233,1,breakfast_shopper
u_0846,3286,1,breakfast_shopper
u_0846,4457,1,breakfast_shopper
u_0846,4336,1,breakfast_shopper
u_0846,4493,1,breakfast_shopper
u_0846,754,1,breakfast_shopper
u_0846,212,1,breakfast_shopper
u_0846,647,2,breakfast_shopper
u_0846,123,1,breakfast_shopper
u_0846,2743,1,breakfast_shopper
u_0846,3783,1,breakfast_shopper
u_0846,4208,1,breakfast_shopper
u_0846,2600,1,breakfast_shopper
u_0846,2653,1,breakfast_shopper
u_0846,4310,1,breakfast_shopper
u_0846,2741,1,breakfast_shopper
u_0846,4535,1,breakfast_shopper
u_0846,4433,1,breakfast_shopper
u_0847,264,1,fruit_lover
u_0847,2591,1,fruit_lover
u_0847,431,1,fruit_lover
u_0847,1470,1,fruit_lover
u_0847,666,1,fruit_lover
u_0847,4088,1,fruit_lover
u_0847,887,1,fruit_lover
u_0847,1292,1,fruit_lover
u_0847,30,1,fruit_lover
u_0847,1438,1,fruit_lover
u_0847,2059,1,fruit_lover
u_0847,2234,1,fruit_lover
u_0847,4818,1,fruit_lover
u_0847,1079,1,fruit_lover
u_0847,1878,1,fruit_lover
u_0847,2109,1,fruit_lover
u_0847,1944,1,fruit_lover
u_0847,835,1,fruit_lover
u_0847,218,1,fruit_lover
u_0847,765,1,fruit_lover
u_0847,373,1,fruit_lover
u_0847,1968,1,fruit_lover
u_0847,1422,1,fruit_lover
u_0847,522,1,fruit_lover
u_0847,85,1,fruit_lover
u_0847,972,1,fruit_lover
u_0847,2158,1,fruit_lover
u_0847,2460,1,fruit_lover
u_0847,1935,1,fruit_lover
u_0847,1268,1,fruit_lover
u_0847,1730,1,fruit_lover
u_0847,4847,1,fruit_lover
u_0847,2107,1,fruit_lover
u_0847,196,1,fruit_lover
u_0847,351,1,fruit_lover
u_0847,334,1,fruit_lover
u_0847,135,1,fruit_lover
u_0847,70,1,fruit_lover
u_0847,180,1,fruit_lover
u_0847,1344,1,fruit_lover
u_0847,1953,1,fruit_lover
u_0847,1332,1,fruit_lover
u_0847,1412,1,fruit_lover
u_0848,2269,1,fruit_lover
u_0848,1207,1,fruit_lover
u_0848,697,1,fruit_lover
u_0848,940,1,fruit_lover
u_0848,773,1,fruit_lover
u_0848,3540,1,fruit_lover
u_0848,642,1,fruit_lover
u_0848,58,1,fruit_lover
u_0848,1157,1,fruit_lover
u_0848,2383,1,fruit_lover
u_0848,3042,1,fruit_lover
u_0848,216,1,fruit_lover
u_0848,377,1,fruit_lover
u_0848,1090,1,fruit_lover
u_0848,1984,1,fruit_lover
u_0848,856,1,fruit_lover
u_0848,692,1,fruit_lover
u_0848,891,1,fruit_lover
u_0848,533,1,fruit_lover
u_0848,2702,1,fruit_lover
u_0848,272,1,fruit_lover
u_0848,371,1,fruit_lover
u_0848,1099,1,fruit_lover
u_0848,714,1,fruit_lover
u_0848,2312,1,fruit_lover
u_0848,408,1,fruit_lover
u_0848,1448,1,fruit_lover
u_0848,1923,1,fruit_lover
u_0848,79,1,fruit_lover
u_0848,331,1,fruit_lover
u_0848,896,1,fruit_lover
u_0848,1723,1,fruit_lover
u_0848,329,1,fruit_lover
u_0848,2020,1,fruit_lover
u_0848,1751,1,fruit_lover
u_0848,3065,1,fruit_lover
u_0849,408,1,gourmet
u_0849,4611,1,gourmet
u_0849,31,1,gourmet
u_0849,3903,1,gourmet
u_0849,759,1,gourmet
u_0849,937,1,gourmet
u_0849,2261,1,gourmet
u_0849,2092,1,gourmet
u_0849,2107,1,gourmet
u_0849,2242,1,gourmet
u_0849,1980,1,gourmet
u_0849,1799,1,gourmet
u_0849,272,1,gourmet
u_0849,1949,1,gourmet
u_0849,61,1,gourmet
u_0849,2387,1,gourmet
u_0849,1082,1,gourmet
u_0849,1076,1,gourmet
u_0849,2703,1,gourmet
u_0849,3076,1,gourmet
u_0849,3039,1,gourmet
u_0849,627,1,gourmet
u_0849,1683,1,gourmet
u_0849,2218,1,gourmet
u_0849,2096,1,gourmet
u_0849,2240,1,gourmet
u_0849,1953,1,gourmet
u_0849,2166,1,gourmet
u_0849,707,1,gourmet
u_0849,2232,1,gourmet
u_0849,237,1,gourmet
u_0849,180,1,gourmet
u_0849,1003,1,gourmet
u_0849,1280,1,gourmet
u_0849,2174,1,gourmet
u_0849,766,1,gourmet
u_0849,4543,1,gourmet
u_0849,364,1,gourmet
u_0849,545,1,gourmet
u_0849,2403,1,gourmet
u_0849,2284,1,gourmet
u_0849,1283,1,gourmet
u_0849,2551,1,gourmet
u_0849,3065,1,gourmet
u_0849,2636,1,gourmet
u_0849,4920,1,gourmet
u_0850,1236,1,household_stocker
u_0850,1209,1,household_stocker
u_0850,3155,1,household_stocker
u_0850,885,1,household_stocker
u_0850,3140,1,household_stocker
u_0850,2594,1,household_stocker
u_0850,1333,1,household_stocker
u_0850,3062,1,household_stocker
u_0850,2563,1,household_stocker
u_0850,2538,1,household_stocker
u_0850,1037,1,household_stocker
u_0850,322,1,household_stocker
u_0850,210,1,household_stocker
u_0850,857,1,household_stocker
u_0850,2847,1,household_stocker
u_0850,21,1,household_stocker
u_0850,2963,1,household_stocker
u_0850,2648,1,household_stocker
u_0850,3529,1,household_stocker
u_0850,454,1,household_stocker
u_0850,2557,1,household_stocker
u_0850,3194,1,household_stocker
u_0850,2803,1,household_stocker
u_0850,668,1,household_stocker
u_0850,4095,1,household_stocker
u_0850,2044,1,household_stocker
u_0850,580,1,household_stocker
u_0850,3565,1,household_stocker
u_0850,5026,1,household_stocker
u_0850,3084,1,household_stocker
u_0850,4076,1,household_stocker
u_0850,2970,1,household_stocker
u_0850,1965,1,household_stocker
u_0850,2875,1,household_stocker
u_0850,229,1,household_stocker
u_0850,2923,1,household_stocker
u_0850,3046,2,household_stocker
u_0850,2904,1,household_stocker
u_0850,3087,1,household_stocker
u_0850,2879,1,household_stocker
u_0850,697,1,household_stocker
u_0850,3016,1,household_stocker
u_0850,3159,1,household_stocker
u_0850,3038,1,household_stocker
u_0851,3985,1,snack_lover
u_0851,3679,1,snack_lover
u_0851,2640,1,snack_lover
u_0851,4301,1,snack_lover
u_0851,2055,1,snack_lover
u_0851,3259,1,snack_lover
u_0851,4308,1,snack_lover
u_0851,3278,1,snack_lover
u_0851,3341,2,snack_lover
u_0851,3601,1,snack_lover
u_0851,2809,1,snack_lover
u_0851,4039,1,snack_lover
u_0851,4178,1,snack_lover
u_0851,3432,1,snack_lover
u_0851,2983,1,snack_lover
u_0851,2869,1,snack_lover
u_0851,4020,1,snack_lover
u_0851,3540,1,snack_lover
u_0851,3340,1,snack_lover
u_0851,3850,1,snack_lover
u_0851,2989,1,snack_lover
u_0851,4341,1,snack_lover
u_0851,3145,1,snack_lover
u_0851,3539,1,snack_lover
u_0851,3207,1,snack_lover
u_0851,3437,1,snack_lover
u_0851,4928,1,snack_lover
u_0851,1929,1,snack_lover
u_0851,4247,1,snack_lover
u_0851,3614,1,snack_lover
u_0851,3468,1,snack_lover
u_0851,3266,1,snack_lover
u_0851,2839,1,snack_lover
u_0851,3719,1,snack_lover
u_0851,2920,1,snack_lover
u_0851,3709,1,snack_lover
u_0851,946,1,snack_lover
u_0851,3069,1,snack_lover
u_0851,4231,1,snack_lover
u_0851,3505,1,snack_lover
u_0851,3325,1,snack_lover
u_0851,3593,1,snack_lover
u_0851,1409,1,snack_lover
u_0852,325,1,festival_shopper
u_0852,505,1,festival_shopper
u_0852,1058,1,festival_shopper
u_0852,564,1,festival_shopper
u_0852,534,1,festival_shopper
u_0852,2653,1,festival_shopper
u_0852,1511,1,festival_shopper
u_0852,1533,1,festival_shopper
u_0852,2657,1,festival_shopper
u_0852,1094,1,festival_shopper
u_0852,4627,1,festival_shopper
u_0852,3032,1,festival_shopper
u_0852,3203,1,festival_shopper
u_0852,3672,1,festival_shopper
u_0852,2584,1,festival_shopper
u_0852,1593,1,festival_shopper
u_0852,1801,1,festival_shopper
u_0852,2422,1,festival_shopper
u_0852,484,1,festival_shopper
u_0852,2119,1,festival_shopper
u_0852,2324,1,festival_shopper
u_0852,1127,1,festival_shopper
u_0852,1494,1,festival_shopper
u_0852,1571,1,festival_shopper
u_0852,2693,1,festival_shopper
u_0852,346,1,festival_shopper
u_0852,2675,1,festival_shopper
u_0852,2402,1,festival_shopper
u_0852,1956,1,festival_shopper
u_0852,2752,1,festival_shopper
u_0852,1925,1,festival_shopper
u_0852,813,1,festival_shopper
u_0852,458,1,festival_shopper
u_0852,1598,1,festival_shopper
u_0852,89,1,festival_shopper
u_0852,1055,1,festival_shopper
u_0852,3078,1,festival_shopper
u_0852,183,1,festival_shopper
u_0852,726,1,festival_shopper
u_0852,4977,1,festival_shopper
u_0852,2613,1,festival_shopper
u_0852,1499,1,festival_shopper
u_0853,3111,1,veg_cook
u_0853,1523,1,veg_cook
u_0853,760,1,veg_cook
u_0853,1258,1,veg_cook
u_0853,438,1,veg_cook
u_0853,526,1,veg_cook
u_0853,785,1,veg_cook
u_0853,796,1,veg_cook
u_0853,809,1,veg_cook
u_0853,4989,1,veg_cook
u_0853,3198,1,veg_cook
u_0853,873,1,veg_cook
u_0853,837,1,veg_cook
u_0853,500,1,veg_cook
u_0853,504,1,veg_cook
u_0853,1333,1,veg_cook
u_0853,844,1,veg_cook
u_0853,2560,1,veg_cook
u_0853,1077,1,veg_cook
u_0853,396,1,veg_cook
u_0853,2697,1,veg_cook
u_0853,2192,1,veg_cook
u_0853,1085,1,veg_cook
u_0853,1599,1,veg_cook
u_0853,4881,1,veg_cook
u_0853,4947,1,veg_cook
u_0853,662,1,veg_cook
u_0853,4779,1,veg_cook
u_0853,4661,1,veg_cook
u_0853,2009,2,veg_cook
u_0853,265,1,veg_cook
u_0853,933,1,veg_cook
u_0854,3972,1,snack_lover
u_0854,4109,1,snack_lover
u_0854,3306,1,snack_lover
u_0854,3419,1,snack_lover
u_0854,4936,1,snack_lover
u_0854,3531,1,snack_lover
u_0854,3598,1,snack_lover
u_0854,3235,1,snack_lover
u_0854,3350,1,snack_lover
u_0854,2835,1,snack_lover
u_0854,3464,1,snack_lover
u_0854,3911,1,snack_lover
u_0854,3861,1,snack_lover
u_0854,3230,1,snack_lover
u_0854,3612,1,snack_lover
u_0854,3573,1,snack_lover
u_0854,2405,1,snack_lover
u_0854,3680,1,snack_lover
u_0854,3323,1,snack_lover
u_0854,1632,1,snack_lover
u_0854,4172,1,snack_lover
u_0854,4074,1,snack_lover
u_0854,4426,1,snack_lover
u_0854,4036,1,snack_lover
u_0855,1023,1,household_stocker
u_0855,3195,1,household_stocker
u_0855,986,1,household_stocker
u_0855,3029,1,household_stocker
u_0855,1127,1,household_stocker
u_0855,947,1,household_stocker
u_0855,3218,1,household_stocker
u_0855,3170,1,household_stocker
u_0855,4302,1,household_stocker
u_0855,883,1,household_stocker
u_0855,2771,1,household_stocker
u_0855,797,1,household_stocker
u_0855,4234,1,household_stocker
u_0855,2844,1,household_stocker
u_0855,2796,1,household_stocker
u_0855,2752,1,household_stocker
u_0855,1340,1,household_stocker
u_0855,1537,1,household_stocker
u_0855,1288,1,household_stocker
u_0855,4007,1,household_stocker
u_0855,2434,1,household_stocker
u_0855,1513,1,household_stocker
u_0855,3179,1,household_stocker
u_0855,2004,1,household_stocker
u_0855,2392,1,household_stocker
u_0855,4267,1,household_stocker
u_0855,2707,1,household_stocker
u_0855,3219,1,household_stocker
u_0856,2563,1,veg_cook
u_0856,2000,1,veg_cook
u_0856,1215,1,veg_cook
u_0856,2530,1,veg_cook
u_0856,347,1,veg_cook
u_0856,2696,1,veg_cook
u_0856,2262,1,veg_cook
u_0856,622,1,veg_cook
u_0856,497,1,veg_cook
u_0856,3111,1,veg_cook
u_0856,1278,1,veg_cook
u_0856,2893,1,veg_cook
u_0856,2646,1,veg_cook
u_0856,283,1,veg_cook
u_0856,546,1,veg_cook
u_0856,1114,1,veg_cook
u_0856,1552,1,veg_cook
u_0856,1288,1,veg_cook
u_0856,3125,1,veg_cook
u_0856,1071,1,veg_cook
u_0856,2125,1,veg_cook
u_0856,2662,1,veg_cook
u_0856,2984,1,veg_cook
u_0856,663,1,veg_cook
u_0856,555,1,veg_cook
u_0856,570,1,veg_cook
u_0856,2885,1,veg_cook
u_0856,2276,1,veg_cook
u_0856,2660,1,veg_cook
u_0856,471,1,veg_cook
u_0856,862,1,veg_cook
u_0856,2169,1,veg_cook
u_0856,2258,1,veg_cook
u_0856,2655,1,veg_cook
u_0856,323,1,veg_cook
u_0856,56,1,veg_cook
u_0857,814,1,veg_cook
u_0857,2586,1,veg_cook
u_0857,1246,1,veg_cook
u_0857,499,1,veg_cook
u_0857,1974,1,veg_cook
u_0857,2014,1,veg_cook
u_0857,1130,1,veg_cook
u_0857,4606,1,veg_cook
u_0857,2636,1,veg_cook
u_0857,1063,1,veg_cook
u_0857,2574,1,veg_cook
u_0857,2676,1,veg_cook
u_0857,2046,1,veg_cook
u_0857,3503,1,veg_cook
u_0857,2346,1,veg_cook
u_0857,3179,1,veg_cook
u_0857,2858,1,veg_cook
u_0857,2260,1,veg_cook
u_0857,1128,1,veg_cook
u_0857,951,1,veg_cook
u_0857,1139,1,veg_cook
u_0857,711,1,veg_cook
u_0857,18,1,veg_cook
u_0857,707,1,veg_cook
u_0857,3139,1,veg_cook
u_0857,2841,1,veg_cook
u_0857,1013,1,veg_cook
u_0857,1934,1,veg_cook
u_0857,44,1,veg_cook
u_0857,2327,1,veg_cook
u_0857,574,1,veg_cook
u_0857,2680,1,veg_cook
u_0857,2207,1,veg_cook
u_0857,766,1,veg_cook
u_0857,554,1,veg_cook
u_0857,1944,1,veg_cook
u_0857,2452,1,veg_cook
u_0857,2282,1,veg_cook
u_0857,1034,1,veg_cook
u_0857,1200,1,veg_cook
u_0857,1887,1,veg_cook
u_0857,962,1,veg_cook
u_0857,589,1,veg_cook
u_0857,486,1,veg_cook
u_0858,2252,1,gourmet
u_0858,1427,1,gourmet
u_0858,2904,1,gourmet
u_0858,4031,1,gourmet
u_0858,216,1,gourmet
u_0858,266,1,gourmet
u_0858,2313,1,gourmet
u_0858,1648,1,gourmet
u_0858,2285,1,gourmet
u_0858,828,1,gourmet
u_0858,2154,1,gourmet
u_0858,1292,1,gourmet
u_0858,1094,1,gourmet
u_0858,2524,1,gourmet
u_0858,580,1,gourmet
u_0858,2525,1,gourmet
u_0858,2968,1,gourmet
u_0858,1974,1,gourmet
u_0858,693,1,gourmet
u_0858,1913,1,gourmet
u_0858,2486,1,gourmet
u_0858,2872,1,gourmet
u_0858,2030,1,gourmet
u_0858,472,1,gourmet
u_0858,1833,1,gourmet
u_0858,2526,1,gourmet
u_0858,3349,1,gourmet
u_0858,2741,1,gourmet
u_0858,2494,1,gourmet
u_0858,1463,1,gourmet
u_0858,2107,1,gourmet
u_0858,2647,1,gourmet
u_0858,1006,1,gourmet
u_0858,1797,1,gourmet
u_0858,783,1,gourmet
u_0858,2418,1,gourmet
u_0858,253,1,gourmet
u_0858,2085,1,gourmet
u_0858,1461,1,gourmet
u_0858,2256,1,gourmet
u_0858,2161,1,gourmet
u_0859,4618,1,snack_lover
u_0859,4173,1,snack_lover
u_0859,3280,1,snack_lover
u_0859,4566,1,snack_lover
u_0859,2175,1,snack_lover
u_0859,4074,1,snack_lover
u_0859,2982,1,snack_lover
u_0859,3728,1,snack_lover
u_0859,2909,1,snack_lover
u_0859,3635,1,snack_lover
u_0859,4453,1,snack_lover
u_0859,2987,1,snack_lover
u_0859,3531,1,snack_lover
u_0859,3385,1,snack_lover
u_0859,3539,1,snack_lover
u_0859,4222,1,snack_lover
u_0859,3438,1,snack_lover
u_0859,1178,1,snack_lover
u_0859,3986,1,snack_lover
u_0859,3679,1,snack_lover
u_0859,3865,1,snack_lover
u_0859,534,1,snack_lover
u_0859,4208,1,snack_lover
u_0859,3862,1,snack_lover
u_0859,3751,1,snack_lover
u_0859,3153,1,snack_lover
u_0859,3627,1,snack_lover
u_0859,3660,1,snack_lover
u_0859,3393,1,snack_lover
u_0859,3377,1,snack_lover
u_0859,3879,1,snack_lover
u_0859,3519,1,snack_lover
u_0859,3840,1,snack_lover
u_0859,3648,1,snack_lover
u_0859,4355,1,snack_lover
u_0859,3479,1,snack_lover
u_0859,3634,1,snack_lover
u_0859,3414,1,snack_lover
u_0859,3360,1,snack_lover
u_0859,3229,1,snack_lover
u_0859,3769,1,snack_lover
u_0859,3331,1,snack_lover
u_0859,1636,1,snack_lover
u_0859,3978,1,snack_lover
u_0860,2093,1,gourmet
u_0860,2112,1,gourmet
u_0860,2330,1,gourmet
u_0860,2205,1,gourmet
u_0860,3060,1,gourmet
u_0860,611,1,gourmet
u_0860,199,1,gourmet
u_0860,3540,1,gourmet
u_0860,78,1,gourmet
u_0860,56,1,gourmet
u_0860,1695,1,gourmet
u_0860,2050,1,gourmet
u_0860,2101,1,gourmet
u_0860,2165,1,gourmet
u_0860,2652,1,gourmet
u_0860,751,1,gourmet
u_0860,4725,1,gourmet
u_0860,1905,1,gourmet
u_0860,2753,1,gourmet
u_0860,4110,1,gourmet
u_0860,2185,1,gourmet
u_0860,2105,1,gourmet
u_0860,244,1,gourmet
u_0860,952,1,gourmet
u_0860,1210,1,gourmet
u_0860,1281,1,gourmet
u_0860,117,1,gourmet
u_0860,4052,1,gourmet
u_0860,2154,1,gourmet
u_0860,2684,1,gourmet
u_0860,2094,1,gourmet
u_0861,2348,1,gourmet
u_0861,2189,1,gourmet
u_0861,549,2,gourmet
u_0861,2381,1,gourmet
u_0861,2511,1,gourmet
u_0861,1163,1,gourmet
u_0861,687,1,gourmet
u_0861,995,2,gourmet
u_0861,1702,1,gourmet
u_0861,68,1,gourmet
u_0861,58,1,gourmet
u_0861,2531,1,gourmet
u_0861,850,1,gourmet
u_0861,2203,1,gourmet
u_0861,282,1,gourmet
u_0861,1047,1,gourmet
u_0861,2892,1,gourmet
u_0861,3998,1,gourmet
u_0861,1967,1,gourmet
u_0861,1895,1,gourmet
u_0861,2809,1,gourmet
u_0861,842,1,gourmet
u_0861,1868,1,gourmet
u_0861,1968,1,gourmet
u_0861,2015,1,gourmet
u_0861,2594,1,gourmet
u_0861,1585,1,gourmet
u_0861,3038,1,gourmet
u_0861,2214,1,gourmet
u_0861,2854,1,gourmet
u_0861,2076,1,gourmet
u_0861,2228,1,gourmet
u_0861,2225,1,gourmet
u_0861,2645,1,gourmet
u_0861,1848,1,gourmet
u_0861,2791,1,gourmet
u_0862,4547,1,breakfast_shopper
u_0862,4470,1,breakfast_shopper
u_0862,4366,1,breakfast_shopper
u_0862,4369,1,breakfast_shopper
u_0862,557,1,breakfast_shopper
u_0862,2621,1,breakfast_shopper
u_0862,82,1,breakfast_shopper
u_0862,2547,1,breakfast_shopper
u_0862,2480,1,breakfast_shopper
u_0862,4155,1,breakfast_shopper
u_0862,2706,1,breakfast_shopper
u_0862,3478,1,breakfast_shopper
u_0862,2168,1,breakfast_shopper
u_0862,42,1,breakfast_shopper
u_0862,4154,1,breakfast_shopper
u_0862,3280,1,breakfast_shopper
u_0862,4944,1,breakfast_shopper
u_0862,595,1,breakfast_shopper
u_0862,3431,1,breakfast_shopper
u_0862,514,1,breakfast_shopper
u_0862,4356,1,breakfast_shopper
u_0862,4325,1,breakfast_shopper
u_0862,566,2,breakfast_shopper
u_0862,30,1,breakfast_shopper
u_0862,3615,1,breakfast_shopper
u_0862,4415,1,breakfast_shopper
u_0862,1462,1,breakfast_shopper
u_0862,4414,1,breakfast_shopper
u_0863,3317,1,snack_lover
u_0863,4307,1,snack_lover
u_0863,3388,1,snack_lover
u_0863,3313,1,snack_lover
u_0863,3562,1,snack_lover
u_0863,4332,1,snack_lover
u_0863,4008,1,snack_lover
u_0863,2158,1,snack_lover
u_0863,640,1,snack_lover
u_0863,4555,1,snack_lover
u_0863,1399,1,snack_lover
u_0863,636,1,snack_lover
u_0863,4212,1,snack_lover
u_0863,3976,1,snack_lover
u_0863,3071,1,snack_lover
u_0863,3312,1,snack_lover
u_0863,4505,1,snack_lover
u_0863,3858,1,snack_lover
u_0863,3384,1,snack_lover
u_0863,1000,1,snack_lover
u_0863,3351,1,snack_lover
u_0863,3706,1,snack_lover
u_0863,3847,1,snack_lover
u_0863,5030,1,snack_lover
u_0863,4147,1,snack_lover
u_0863,4081,1,snack_lover
u_0863,4084,1,snack_lover
u_0863,3512,1,snack_lover
u_0863,3769,1,snack_lover
u_0863,4118,1,snack_lover
u_0863,3661,1,snack_lover
u_0863,3788,1,snack_lover
u_0863,3257,2,snack_lover
u_0863,4123,1,snack_lover
u_0863,4444,1,snack_lover
u_0863,3055,1,snack_lover
u_0863,3818,1,snack_lover
u_0863,3240,1,snack_lover
u_0863,3447,1,snack_lover
u_0863,3887,1,snack_lover
u_0863,102,1,snack_lover
u_0863,3307,1,snack_lover
u_0863,4479,1,snack_lover
u_0863,3437,1,snack_lover
u_0863,3707,1,snack_lover
u_0863,3641,1,snack_lover
u_0863,3694,1,snack_lover
u_0864,859,1,household_stocker
u_0864,2888,1,household_stocker
u_0864,298,1,household_stocker
u_0864,3089,1,household_stocker
u_0864,2035,1,household_stocker
u_0864,1245,1,household_stocker
u_0864,968,1,household_stocker
u_0864,2415,1,household_stocker
u_0864,2556,1,household_stocker
u_0864,4117,1,household_stocker
u_0864,3104,1,household_stocker
u_0864,2850,1,household_stocker
u_0864,2539,1,household_stocker
u_0864,2767,1,household_stocker
u_0864,2561,1,household_stocker
u_0864,2351,1,household_stocker
u_0864,596,1,household_stocker
u_0864,2544,1,household_stocker
u_0864,484,1,household_stocker
u_0864,690,1,household_stocker
u_0864,3152,1,household_stocker
u_0864,3099,1,household_stocker
u_0864,3199,1,household_stocker
u_0864,4540,1,household_stocker
u_0864,2813,1,household_stocker
u_0864,2845,1,household_stocker
u_0865,1269,1,gourmet
u_0865,775,1,gourmet
u_0865,1967,1,gourmet
u_0865,3143,1,gourmet
u_0865,4918,1,gourmet
u_0865,2264,1,gourmet
u_0865,1594,1,gourmet
u_0865,2383,1,gourmet
u_0865,1200,1,gourmet
u_0865,67,1,gourmet
u_0865,2,1,gourmet
u_0865,123,1,gourmet
u_0865,549,1,gourmet
u_0865,1285,1,gourmet
u_0865,2338,1,gourmet
u_0865,158,1,gourmet
u_0865,2151,1,gourmet
u_0865,2076,1,gourmet
u_0865,6,1,gourmet
u_0865,2565,1,gourmet
u_0865,250,1,gourmet
u_0865,3416,1,gourmet
u_0865,2003,1,gourmet
u_0865,2142,1,gourmet
u_0865,1358,1,gourmet
u_0865,501,1,gourmet
u_0865,2586,1,gourmet
u_0865,2672,1,gourmet
u_0865,2687,1,gourmet
u_0865,2979,1,gourmet
u_0865,1915,1,gourmet
u_0865,2246,1,gourmet
u_0865,1907,1,gourmet
u_0865,1498,1,gourmet
u_0865,280,1,gourmet
u_0865,1902,1,gourmet
u_0865,1474,1,gourmet
u_0865,2546,1,gourmet
u_0865,2421,1,gourmet
u_0865,3670,1,gourmet
u_0865,1234,1,gourmet
u_0865,4561,1,gourmet
u_0865,2171,1,gourmet
u_0865,679,1,gourmet
u_0866,595,1,fruit_lover
u_0866,2458,1,fruit_lover
u_0866,2091,1,fruit_lover
u_0866,2427,1,fruit_lover
u_0866,2646,1,fruit_lover
u_0866,809,1,fruit_lover
u_0866,1513,1,fruit_lover
u_0866,1924,1,fruit_lover
u_0866,846,1,fruit_lover
u_0866,1619,1,fruit_lover
u_0866,4366,1,fruit_lover
u_0866,1721,1,fruit_lover
u_0866,333,1,fruit_lover
u_0866,1430,1,fruit_lover
u_0866,2291,1,fruit_lover
u_0866,1274,1,fruit_lover
u_0866,762,1,fruit_lover
u_0866,81,1,fruit_lover
u_0866,246,1,fruit_lover
u_0866,394,1,fruit_lover
u_0866,3230,1,fruit_lover
u_0866,1212,1,fruit_lover
u_0866,639,1,fruit_lover
u_0866,2077,1,fruit_lover
u_0866,477,1,fruit_lover
u_0866,918,1,fruit_lover
u_0866,4,1,fruit_lover
u_0866,320,1,fruit_lover
u_0866,3189,1,fruit_lover
u_0866,2595,1,fruit_lover
u_0866,2313,1,fruit_lover
u_0867,3488,1,snack_lover
u_0867,3565,1,snack_lover
u_0867,3558,1,snack_lover
u_0867,3254,1,snack_lover
u_0867,3012,1,snack_lover
u_0867,3527,1,snack_lover
u_0867,3789,1,snack_lover
u_0867,3782,1,snack_lover
u_0867,3961,1,snack_lover
u_0867,3803,1,snack_lover
u_0867,3508,1,snack_lover
u_0867,3402,2,snack_lover
u_0867,2918,1,snack_lover
u_0867,3436,1,snack_lover
u_0867,3115,1,snack_lover
u_0867,2987,1,snack_lover
u_0867,3538,1,snack_lover
u_0867,3580,1,snack_lover
u_0867,2999,1,snack_lover
u_0867,3905,1,snack_lover
u_0867,2849,1,snack_lover
u_0867,2943,1,snack_lover
u_0867,3250,1,snack_lover
u_0867,4559,1,snack_lover
u_0867,3480,1,snack_lover
u_0867,3753,1,snack_lover
u_0868,4400,1,breakfast_shopper
u_0868,2486,1,breakfast_shopper
u_0868,4467,1,breakfast_shopper
u_0868,4296,1,breakfast_shopper
u_0868,621,1,breakfast_shopper
u_0868,2422,1,breakfast_shopper
u_0868,194,1,breakfast_shopper
u_0868,4161,1,breakfast_shopper
u_0868,2551,1,breakfast_shopper
u_0868,3239,1,breakfast_shopper
u_0868,2421,1,breakfast_shopper
u_0868,4160,1,breakfast_shopper
u_0868,4165,1,breakfast_shopper
u_0868,400,1,breakfast_shopper
u_0868,4168,1,breakfast_shopper
u_0868,2668,1,breakfast_shopper
u_0868,4186,1,breakfast_shopper
u_0868,3727,1,breakfast_shopper
u_0868,3255,1,breakfast_shopper
u_0868,733,1,breakfast_shopper
u_0868,3477,1,breakfast_shopper
u_0868,4202,1,breakfast_shopper
u_0868,4451,1,breakfast_shopper
u_0868,3017,1,breakfast_shopper
u_0868,4374,1,breakfast_shopper
u_0868,2865,1,breakfast_shopper
u_0868,4209,1,breakfast_shopper
u_0868,4397,1,breakfast_shopper
u_0868,355,1,breakfast_shopper
u_0868,839,1,breakfast_shopper
u_0868,2732,1,breakfast_shopper
u_0868,4449,1,breakfast_shopper
u_0868,4222,1,breakfast_shopper
u_0868,3827,1,breakfast_shopper
u_0869,3319,1,breakfast_shopper
u_0869,815,1,breakfast_shopper
u_0869,4324,1,breakfast_shopper
u_0869,4580,1,breakfast_shopper
u_0869,6,1,breakfast_shopper
u_0869,4532,1,breakfast_shopper
u_0869,2677,1,breakfast_shopper
u_0869,3335,1,breakfast_shopper
u_0869,721,1,breakfast_shopper
u_0869,3387,2,breakfast_shopper
u_0869,375,1,breakfast_shopper
u_0869,2531,1,breakfast_shopper
u_0869,3714,1,breakfast_shopper
u_0869,4445,1,breakfast_shopper
u_0869,66,1,breakfast_shopper
u_0869,326,1,breakfast_shopper
u_0869,2519,1,breakfast_shopper
u_0869,3122,1,breakfast_shopper
u_0869,4299,1,breakfast_shopper
u_0869,158,1,breakfast_shopper
u_0869,3623,1,breakfast_shopper
u_0869,2915,1,breakfast_shopper
u_0869,2585,1,breakfast_shopper
u_0869,4149,1,breakfast_shopper
u_0869,640,1,breakfast_shopper
u_0869,2499,1,breakfast_shopper
u_0869,4142,1,breakfast_shopper
u_0869,351,1,breakfast_shopper
u_0869,4166,1,breakfast_shopper
u_0869,577,1,breakfast_shopper
u_0869,836,1,breakfast_shopper
u_0869,2709,1,breakfast_shopper
u_0869,4234,1,breakfast_shopper
u_0869,3601,1,breakfast_shopper
u_0869,1048,1,breakfast_shopper
u_0869,3105,1,breakfast_shopper
u_0869,1216,1,breakfast_shopper
u_0869,776,1,breakfast_shopper
u_0869,4255,1,breakfast_shopper
u_0870,2478,1,breakfast_shopper
u_0870,2507,1,breakfast_shopper
u_0870,759,1,breakfast_shopper
u_0870,2459,1,breakfast_shopper
u_0870,4563,1,breakfast_shopper
u_0870,889,1,breakfast_shopper
u_0870,682,1,breakfast_shopper
u_0870,4579,1,breakfast_shopper
u_0870,2449,1,breakfast_shopper
u_0870,4521,1,breakfast_shopper
u_0870,4233,1,breakfast_shopper
u_0870,2554,1,breakfast_shopper
u_0870,4580,1,breakfast_shopper
u_0870,217,1,breakfast_shopper
u_0870,4259,1,breakfast_shopper
u_0870,126,1,breakfast_shopper
u_0870,4485,1,breakfast_shopper
u_0870,2415,1,breakfast_shopper
u_0870,513,1,breakfast_shopper
u_0870,4187,1,breakfast_shopper
u_0870,2504,1,breakfast_shopper
u_0870,4445,1,breakfast_shopper
u_0870,4474,1,breakfast_shopper
u_0870,242,1,breakfast_shopper
u_0870,573,1,breakfast_shopper
u_0870,1462,1,breakfast_shopper
u_0870,4397,1,breakfast_shopper
u_0871,4837,1,gourmet
u_0871,524,1,gourmet
u_0871,1249,1,gourmet
u_0871,1025,1,gourmet
u_0871,2270,1,gourmet
u_0871,1862,1,gourmet
u_0871,1904,1,gourmet
u_0871,3150,1,gourmet
u_0871,1986,1,gourmet
u_0871,2018,1,gourmet
u_0871,2636,1,gourmet
u_0871,1013,1,gourmet
u_0871,2639,1,gourmet
u_0871,35,1,gourmet
u_0871,2650,1,gourmet
u_0871,2135,1,gourmet
u_0871,228,1,gourmet
u_0871,822,1,gourmet
u_0871,2169,1,gourmet
u_0871,492,1,gourmet
u_0871,1289,1,gourmet
u_0871,3187,1,gourmet
u_0871,1329,1,gourmet
u_0871,1059,1,gourmet
u_0871,1999,1,gourmet
u_0871,3024,1,gourmet
u_0871,1149,1,gourmet
u_0871,3121,1,gourmet
u_0871,2721,1,gourmet
u_0871,2271,1,gourmet
u_0871,768,1,gourmet
u_0871,2120,1,gourmet
u_0871,1794,1,gourmet
u_0871,2376,1,gourmet
u_0871,1953,1,gourmet
u_0871,1963,1,gourmet
u_0871,865,1,gourmet
u_0871,667,1,gourmet
u_0871,83,1,gourmet
u_0871,4027,1,gourmet
u_0871,2129,1,gourmet
u_0871,2516,1,gourmet
u_0871,2263,1,gourmet
u_0871,713,1,gourmet
u_0872,2903,1,fruit_lover
u_0872,993,1,fruit_lover
u_0872,1378,1,fruit_lover
u_0872,3412,1,fruit_lover
u_0872,2751,1,fruit_lover
u_0872,2159,1,fruit_lover
u_0872,1799,1,fruit_lover
u_0872,372,1,fruit_lover
u_0872,306,1,fruit_lover
u_0872,2238,1,fruit_lover
u_0872,4513,1,fruit_lover
u_0872,348,1,fruit_lover
u_0872,2904,1,fruit_lover
u_0872,172,1,fruit_lover
u_0872,11,1,fruit_lover
u_0872,1332,1,fruit_lover
u_0872,1116,1,fruit_lover
u_0872,4090,1,fruit_lover
u_0872,1501,1,fruit_lover
u_0872,1962,1,fruit_lover
u_0872,59,1,fruit_lover
u_0872,4740,1,fruit_lover
u_0872,1981,1,fruit_lover
u_0872,1997,1,fruit_lover
u_0872,4356,1,fruit_lover
u_0872,707,1,fruit_lover
u_0872,427,1,fruit_lover
u_0872,967,1,fruit_lover
u_0872,128,1,fruit_lover
u_0872,451,1,fruit_lover
u_0872,1071,1,fruit_lover
u_0873,3293,1,snack_lover
u_0873,3436,1,snack_lover
u_0873,3547,1,snack_lover
u_0873,3224,1,snack_lover
u_0873,3401,1,snack_lover
u_0873,3458,1,snack_lover
u_0873,2562,1,snack_lover
u_0873,3759,1,snack_lover
u_0873,3316,1,snack_lover
u_0873,3715,1,snack_lover
u_0873,4494,1,snack_lover
u_0873,3539,1,snack_lover
u_0873,3355,1,snack_lover
u_0873,4070,1,snack_lover
u_0873,4428,1,snack_lover
u_0873,4175,1,snack_lover
u_0873,4005,1,snack_lover
u_0873,3587,1,snack_lover
u_0873,2255,1,snack_lover
u_0873,4735,1,snack_lover
u_0873,3118,1,snack_lover
u_0873,2849,1,snack_lover
u_0873,3862,1,snack_lover
u_0873,3992,1,snack_lover
u_0873,3100,1,snack_lover
u_0873,3771,1,snack_lover
u_0873,3599,1,snack_lover
u_0873,3043,1,snack_lover
u_0873,4109,1,snack_lover
u_0873,3032,1,snack_lover
u_0873,3250,1,snack_lover
u_0873,3758,1,snack_lover
u_0873,3548,1,snack_lover
u_0874,6,1,fruit_lover
u_0874,162,1,fruit_lover
u_0874,368,1,fruit_lover
u_0874,310,1,fruit_lover
u_0874,446,1,fruit_lover
u_0874,1944,1,fruit_lover
u_0874,710,1,fruit_lover
u_0874,775,2,fruit_lover
u_0874,1874,1,fruit_lover
u_0874,1521,1,fruit_lover
u_0874,56,1,fruit_lover
u_0874,2347,1,fruit_lover
u_0874,198,1,fruit_lover
u_0874,1710,1,fruit_lover
u_0874,39,1,fruit_lover
u_0874,413,1,fruit_lover
u_0874,2429,1,fruit_lover
u_0874,2172,1,fruit_lover
u_0874,2324,1,fruit_lover
u_0874,1930,1,fruit_lover
u_0874,382,1,fruit_lover
u_0874,1627,1,fruit_lover
u_0874,567,1,fruit_lover
u_0874,709,1,fruit_lover
u_0874,13,1,fruit_lover
u_0874,1784,1,fruit_lover
u_0874,4430,1,fruit_lover
u_0874,1514,1,fruit_lover
u_0874,4693,1,fruit_lover
u_0874,1292,1,fruit_lover
u_0874,155,1,fruit_lover
u_0874,2536,1,fruit_lover
u_0874,2053,1,fruit_lover
u_0874,2313,1,fruit_lover
u_0874,1972,1,fruit_lover
u_0874,4362,1,fruit_lover
u_0874,137,1,fruit_lover
u_0874,791,1,fruit_lover
u_0874,2523,1,fruit_lover
u_0874,2030,1,fruit_lover
u_0874,449,1,fruit_lover
u_0874,347,1,fruit_lover
u_0874,195,1,fruit_lover
u_0874,3569,1,fruit_lover
u_0874,1498,1,fruit_lover
u_0874,3187,1,fruit_lover
u_0874,111,1,fruit_lover
u_0875,2422,1,household_stocker
u_0875,2105,1,household_stocker
u_0875,451,1,household_stocker
u_0875,601,1,household_stocker
u_0875,2536,1,household_stocker
u_0875,2383,1,household_stocker
u_0875,3114,1,household_stocker
u_0875,339,1,household_stocker
u_0875,2735,1,household_stocker
u_0875,3192,1,household_stocker
u_0875,633,1,household_stocker
u_0875,2948,1,household_stocker
u_0875,3220,1,household_stocker
u_0875,1545,1,household_stocker
u_0875,2688,1,household_stocker
u_0875,3002,1,household_stocker
u_0875,4735,1,household_stocker
u_0875,2795,1,household_stocker
u_0875,932,1,household_stocker
u_0875,3128,1,household_stocker
u_0875,2478,1,household_stocker
u_0875,2914,1,household_stocker
u_0875,894,1,household_stocker
u_0875,698,1,household_stocker
u_0875,2424,1,household_stocker
u_0875,2849,1,household_stocker
u_0875,2749,1,household_stocker
u_0875,2935,1,household_stocker
u_0875,2059,1,household_stocker
u_0875,2195,1,household_stocker
u_0875,2979,1,household_stocker
u_0875,254,1,household_stocker
u_0875,2872,1,household_stocker
u_0875,716,1,household_stocker
u_0875,461,1,household_stocker
u_0875,3843,1,household_stocker
u_0875,2587,1,household_stocker
u_0875,2944,1,household_stocker
u_0875,2880,1,household_stocker
u_0875,1684,1,household_stocker
u_0876,1462,1,festival_shopper
u_0876,1804,1,festival_shopper
u_0876,230,1,festival_shopper
u_0876,1601,1,festival_shopper
u_0876,1669,1,festival_shopper
u_0876,2321,1,festival_shopper
u_0876,810,1,festival_shopper
u_0876,818,1,festival_shopper
u_0876,797,1,festival_shopper
u_0876,545,1,festival_shopper
u_0876,142,1,festival_shopper
u_0876,2349,1,festival_shopper
u_0876,802,1,festival_shopper
u_0876,1612,1,festival_shopper
u_0876,833,1,festival_shopper
u_0876,4807,1,festival_shopper
u_0876,1733,1,festival_shopper
u_0876,3639,1,festival_shopper
u_0876,96,1,festival_shopper
u_0876,356,1,festival_shopper
u_0876,515,1,festival_shopper
u_0876,1693,1,festival_shopper
u_0876,1483,1,festival_shopper
u_0876,207,1,festival_shopper
u_0876,2054,1,festival_shopper
u_0876,1656,1,festival_shopper
u_0876,2844,1,festival_shopper
u_0876,2086,1,festival_shopper
u_0876,3797,1,festival_shopper
u_0876,347,1,festival_shopper
u_0876,1575,1,festival_shopper
u_0876,1141,1,festival_shopper
u_0876,2692,1,festival_shopper
u_0876,1706,1,festival_shopper
u_0876,1383,1,festival_shopper
u_0876,4223,1,festival_shopper
u_0876,2124,1,festival_shopper
u_0876,59,1,festival_shopper
u_0876,288,1,festival_shopper
u_0876,2633,1,festival_shopper
u_0876,2792,1,festival_shopper
u_0876,1743,1,festival_shopper
u_0876,4232,1,festival_shopper
u_0876,1441,1,festival_shopper
u_0876,694,1,festival_shopper
u_0876,406,1,festival_shopper
u_0877,1780,1,fruit_lover
u_0877,2274,1,fruit_lover
u_0877,2460,1,fruit_lover
u_0877,828,1,fruit_lover
u_0877,2006,1,fruit_lover
u_0877,3684,1,fruit_lover
u_0877,313,1,fruit_lover
u_0877,3229,1,fruit_lover
u_0877,32,1,fruit_lover
u_0877,80,1,fruit_lover
u_0877,1066,1,fruit_lover
u_0877,645,1,fruit_lover
u_0877,1893,1,fruit_lover
u_0877,3390,1,fruit_lover
u_0877,1174,1,fruit_lover
u_0877,125,1,fruit_lover
u_0877,2236,1,fruit_lover
u_0877,37,1,fruit_lover
u_0877,1697,1,fruit_lover
u_0877,1847,1,fruit_lover
u_0877,4953,1,fruit_lover
u_0877,2054,1,fruit_lover
u_0877,262,1,fruit_lover
u_0877,1230,1,fruit_lover
u_0877,834,1,fruit_lover
u_0877,2032,1,fruit_lover
u_0877,250,1,fruit_lover
u_0877,1907,1,fruit_lover
u_0877,75,2,fruit_lover
u_0877,303,1,fruit_lover
u_0877,1854,1,fruit_lover
u_0877,886,1,fruit_lover
u_0877,2173,1,fruit_lover
u_0877,391,1,fruit_lover
u_0877,917,1,fruit_lover
u_0877,2493,1,fruit_lover
u_0877,2755,1,fruit_lover
u_0877,292,1,fruit_lover
u_0877,1876,1,fruit_lover
u_0877,4990,1,fruit_lover
u_0877,337,1,fruit_lover
u_0877,284,1,fruit_lover
u_0877,183,1,fruit_lover
u_0877,752,1,fruit_lover
u_0878,1317,1,fruit_lover
u_0878,2243,1,fruit_lover
u_0878,3131,1,fruit_lover
u_0878,416,1,fruit_lover
u_0878,194,1,fruit_lover
u_0878,3718,1,fruit_lover
u_0878,265,1,fruit_lover
u_0878,1798,1,fruit_lover
u_0878,742,1,fruit_lover
u_0878,2268,1,fruit_lover
u_0878,3157,1,fruit_lover
u_0878,3105,1,fruit_lover
u_0878,423,1,fruit_lover
u_0878,4857,1,fruit_lover
u_0878,22,1,fruit_lover
u_0878,383,1,fruit_lover
u_0878,3814,1,fruit_lover
u_0878,2259,1,fruit_lover
u_0878,1091,1,fruit_lover
u_0878,529,1,fruit_lover
u_0878,164,1,fruit_lover
u_0878,250,1,fruit_lover
u_0878,0,1,fruit_lover
u_0878,3152,1,fruit_lover
u_0878,431,1,fruit_lover
u_0878,750,1,fruit_lover
u_0878,463,1,fruit_lover
u_0878,682,1,fruit_lover
u_0878,1146,1,fruit_lover
u_0878,1581,1,fruit_lover
u_0878,651,1,fruit_lover
u_0878,4254,1,fruit_lover
u_0879,2648,1,household_stocker
u_0879,976,1,household_stocker
u_0879,2396,1,household_stocker
u_0879,2852,1,household_stocker
u_0879,975,1,household_stocker
u_0879,3215,1,household_stocker
u_0879,1208,1,household_stocker
u_0879,2126,1,household_stocker
u_0879,2785,1,household_stocker
u_0879,396,1,household_stocker
u_0879,3095,1,household_stocker
u_0879,856,1,household_stocker
u_0879,2549,1,household_stocker
u_0879,3482,1,household_stocker
u_0879,563,1,household_stocker
u_0879,2204,1,household_stocker
u_0879,2334,1,household_stocker
u_0879,2901,1,household_stocker
u_0879,260,1,household_stocker
u_0879,899,1,household_stocker
u_0879,504,1,household_stocker
u_0879,737,1,household_stocker
u_0879,2378,1,household_stocker
u_0879,709,1,household_stocker
u_0879,2737,1,household_stocker
u_0879,2899,1,household_stocker
u_0879,656,1,household_stocker
u_0879,3067,1,household_stocker
u_0879,2574,1,household_stocker
u_0879,2384,1,household_stocker
u_0879,3058,1,household_stocker
u_0879,1651,1,household_stocker
u_0879,2080,1,household_stocker
u_0879,2534,1,household_stocker
u_0879,287,1,household_stocker
u_0879,3102,1,household_stocker
u_0879,2878,1,household_stocker
u_0879,2439,1,household_stocker
u_0879,1836,1,household_stocker
u_0879,2404,1,household_stocker
u_0880,2488,1,breakfast_shopper
u_0880,3597,1,breakfast_shopper
u_0880,2406,1,breakfast_shopper
u_0880,399,1,breakfast_shopper
u_0880,4307,1,breakfast_shopper
u_0880,4083,1,breakfast_shopper
u_0880,660,1,breakfast_shopper
u_0880,3350,1,breakfast_shopper
u_0880,2606,1,breakfast_shopper
u_0880,4420,1,breakfast_shopper
u_0880,4353,1,breakfast_shopper
u_0880,4302,1,breakfast_shopper
u_0880,2577,1,breakfast_shopper
u_0880,4369,1,breakfast_shopper
u_0880,4386,1,breakfast_shopper
u_0880,4524,1,breakfast_shopper
u_0880,2416,1,breakfast_shopper
u_0880,4165,1,breakfast_shopper
u_0880,4355,1,breakfast_shopper
u_0880,3607,1,breakfast_shopper
u_0880,857,1,breakfast_shopper
u_0880,1555,1,breakfast_shopper
u_0880,635,1,breakfast_shopper
u_0880,2493,1,breakfast_shopper
u_0880,779,1,breakfast_shopper
u_0880,1401,1,breakfast_shopper
u_0880,4513,1,breakfast_shopper
u_0880,4575,1,breakfast_shopper
u_0880,4183,1,breakfast_shopper
u_0880,2615,1,breakfast_shopper
u_0880,4581,1,breakfast_shopper
u_0880,4534,1,breakfast_shopper
u_0880,205,1,breakfast_shopper
u_0880,895,1,breakfast_shopper
u_0881,2059,1,fruit_lover
u_0881,2481,1,fruit_lover
u_0881,82,1,fruit_lover
u_0881,2323,1,fruit_lover
u_0881,3121,1,fruit_lover
u_0881,2270,1,fruit_lover
u_0881,2218,1,fruit_lover
u_0881,397,1,fruit_lover
u_0881,2285,1,fruit_lover
u_0881,232,1,fruit_lover
u_0881,646,1,fruit_lover
u_0881,39,1,fruit_lover
u_0881,15,1,fruit_lover
u_0881,1138,1,fruit_lover
u_0881,154,1,fruit_lover
u_0881,2133,1,fruit_lover
u_0881,2125,1,fruit_lover
u_0881,562,1,fruit_lover
u_0881,774,1,fruit_lover
u_0881,789,1,fruit_lover
u_0881,242,1,fruit_lover
u_0881,41,1,fruit_lover
u_0881,167,1,fruit_lover
u_0881,1213,1,fruit_lover
u_0881,279,1,fruit_lover
u_0881,394,1,fruit_lover
u_0881,1859,1,fruit_lover
u_0881,2617,1,fruit_lover
u_0881,93,1,fruit_lover
u_0881,2297,1,fruit_lover
u_0881,4415,1,fruit_lover
u_0881,1568,1,fruit_lover
u_0881,5042,1,fruit_lover
u_0881,2768,1,fruit_lover
u_0881,2302,1,fruit_lover
u_0881,3172,1,fruit_lover
u_0881,399,1,fruit_lover
u_0882,685,1,veg_cook
u_0882,1371,1,veg_cook
u_0882,2126,1,veg_cook
u_0882,1818,1,veg_cook
u_0882,788,1,veg_cook
u_0882,517,1,veg_cook
u_0882,2108,1,veg_cook
u_0882,1142,1,veg_cook
u_0882,810,1,veg_cook
u_0882,386,1,veg_cook
u_0882,659,1,veg_cook
u_0882,311,1,veg_cook
u_0882,2439,1,veg_cook
u_0882,1950,1,veg_cook
u_0882,783,1,veg_cook
u_0882,530,1,veg_cook
u_0882,33,1,veg_cook
u_0882,555,1,veg_cook
u_0882,2795,1,veg_cook
u_0882,3089,1,veg_cook
u_0882,3898,1,veg_cook
u_0882,1929,1,veg_cook
u_0882,1013,1,veg_cook
u_0882,1317,1,veg_cook
u_0882,2839,1,veg_cook
u_0882,1114,1,veg_cook
u_0882,1180,1,veg_cook
u_0882,1291,1,veg_cook
u_0882,1997,1,veg_cook
u_0882,1156,1,veg_cook
u_0882,723,1,veg_cook
u_0882,2908,1,veg_cook
u_0883,2003,1,festival_shopper
u_0883,146,1,festival_shopper
u_0883,2429,1,festival_shopper
u_0883,2509,1,festival_shopper
u_0883,1070,1,festival_shopper
u_0883,1483,1,festival_shopper
u_0883,2873,1,festival_shopper
u_0883,2455,1,festival_shopper
u_0883,1016,1,festival_shopper
u_0883,1693,1,festival_shopper
u_0883,16,1,festival_shopper
u_0883,2471,1,festival_shopper
u_0883,1630,1,festival_shopper
u_0883,190,1,festival_shopper
u_0883,1684,1,festival_shopper
u_0883,2448,1,festival_shopper
u_0883,537,1,festival_shopper
u_0883,1269,1,festival_shopper
u_0883,4693,1,festival_shopper
u_0883,2074,1,festival_shopper
u_0883,1782,1,festival_shopper
u_0883,1463,1,festival_shopper
u_0883,1542,1,festival_shopper
u_0883,805,1,festival_shopper
u_0883,399,1,festival_shopper
u_0883,1469,1,festival_shopper
u_0883,817,1,festival_shopper
u_0883,1465,1,festival_shopper
u_0883,717,1,festival_shopper
u_0883,1553,1,festival_shopper
u_0883,1496,1,festival_shopper
u_0883,1652,1,festival_shopper
u_0883,2476,1,festival_shopper
u_0883,862,1,festival_shopper
u_0883,275,1,festival_shopper
u_0883,1976,1,festival_shopper
u_0883,1429,1,festival_shopper
u_0884,4574,1,breakfast_shopper
u_0884,4572,1,breakfast_shopper
u_0884,4350,1,breakfast_shopper
u_0884,4382,1,breakfast_shopper
u_0884,2481,1,breakfast_shopper
u_0884,4409,1,breakfast_shopper
u_0884,4345,1,breakfast_shopper
u_0884,3400,1,breakfast_shopper
u_0884,4361,1,breakfast_shopper
u_0884,2338,1,breakfast_shopper
u_0884,1170,1,breakfast_shopper
u_0884,235,1,breakfast_shopper
u_0884,4285,1,breakfast_shopper
u_0884,4567,1,breakfast_shopper
u_0884,4576,1,breakfast_shopper
u_0884,1025,1,breakfast_shopper
u_0884,876,1,breakfast_shopper
u_0884,4533,1,breakfast_shopper
u_0884,2420,1,breakfast_shopper
u_0884,4203,1,breakfast_shopper
u_0884,2628,1,breakfast_shopper
u_0884,3519,1,breakfast_shopper
u_0884,3765,1,breakfast_shopper
u_0884,4140,1,breakfast_shopper
u_0884,4494,1,breakfast_shopper
u_0884,2384,1,breakfast_shopper
u_0884,2395,1,breakfast_shopper
u_0884,4177,1,breakfast_shopper
u_0884,4539,1,breakfast_shopper
u_0884,3629,1,breakfast_shopper
u_0884,848,1,breakfast_shopper
u_0884,514,1,breakfast_shopper
u_0884,274,1,breakfast_shopper
u_0884,2746,1,breakfast_shopper
u_0884,3504,1,breakfast_shopper
u_0884,4505,1,breakfast_shopper
u_0884,4275,1,breakfast_shopper
u_0884,148,1,breakfast_shopper
u_0884,4580,1,breakfast_shopper
u_0884,4375,1,breakfast_shopper
u_0884,2297,1,breakfast_shopper
u_0884,4564,1,breakfast_shopper
u_0884,531,1,breakfast_shopper
u_0885,3479,1,snack_lover
u_0885,3277,1,snack_lover
u_0885,3475,1,snack_lover
u_0885,3454,1,snack_lover
u_0885,3186,1,snack_lover
u_0885,3008,1,snack_lover
u_0885,4066,1,snack_lover
u_0885,3778,1,snack_lover
u_0885,3477,1,snack_lover
u_0885,5,1,snack_lover
u_0885,2858,1,snack_lover
u_0885,4533,1,snack_lover
u_0885,3498,1,snack_lover
u_0885,3978,1,snack_lover
u_0885,2684,1,snack_lover
u_0885,2955,1,snack_lover
u_0885,3962,1,snack_lover
u_0885,4054,1,snack_lover
u_0885,4178,1,snack_lover
u_0885,3947,1,snack_lover
u_0885,3345,1,snack_lover
u_0885,3439,1,snack_lover
u_0885,3448,1,snack_lover
u_0885,4546,1,snack_lover
u_0885,3030,1,snack_lover
u_0885,3568,1,snack_lover
u_0885,3111,1,snack_lover
u_0885,3691,1,snack_lover
u_0885,4986,1,snack_lover
u_0885,2106,1,snack_lover
u_0885,4171,1,snack_lover
u_0885,3281,1,snack_lover
u_0885,4138,1,snack_lover
u_0885,2578,1,snack_lover
u_0885,4131,1,snack_lover
u_0885,2269,1,snack_lover
u_0885,2885,1,snack_lover
u_0885,3458,1,snack_lover
u_0885,3494,1,snack_lover
u_0885,4317,1,snack_lover
u_0885,386,1,snack_lover
u_0885,3768,1,snack_lover
u_0885,3600,1,snack_lover
u_0885,1668,1,snack_lover
u_0885,268,1,snack_lover
u_0886,2589,1,household_stocker
u_0886,2894,1,household_stocker
u_0886,2705,1,household_stocker
u_0886,936,1,household_stocker
u_0886,3034,2,household_stocker
u_0886,3613,1,household_stocker
u_0886,330,1,household_stocker
u_0886,5,1,household_stocker
u_0886,2851,2,household_stocker
u_0886,523,1,household_stocker
u_0886,852,1,household_stocker
u_0886,2788,1,household_stocker
u_0886,1348,1,household_stocker
u_0886,1994,1,household_stocker
u_0886,2364,1,household_stocker
u_0886,4210,1,household_stocker
u_0886,677,1,household_stocker
u_0886,493,1,household_stocker
u_0886,1789,1,household_stocker
u_0886,2831,1,household_stocker
u_0886,3588,1,household_stocker
u_0886,236,1,household_stocker
u_0886,3202,1,household_stocker
u_0886,221,1,household_stocker
u_0886,3104,1,household_stocker
u_0886,3923,1,household_stocker
u_0886,3213,1,household_stocker
u_0886,3134,1,household_stocker
u_0886,2277,1,household_stocker
u_0886,1442,1,household_stocker
u_0886,1351,1,household_stocker
u_0886,2967,1,household_stocker
u_0886,4894,1,household_stocker
u_0886,3737,1,household_stocker
u_0886,87,1,household_stocker
u_0886,816,1,household_stocker
u_0886,2343,1,household_stocker
u_0886,3113,1,household_stocker
u_0886,758,1,household_stocker
u_0886,2593,1,household_stocker
u_0887,956,1,festival_shopper
u_0887,2604,1,festival_shopper
u_0887,2251,1,festival_shopper
u_0887,1527,1,festival_shopper
u_0887,1750,1,festival_shopper
u_0887,2266,1,festival_shopper
u_0887,1388,1,festival_shopper
u_0887,1624,1,festival_shopper
u_0887,4928,1,festival_shopper
u_0887,412,1,festival_shopper
u_0887,900,1,festival_shopper
u_0887,2531,1,festival_shopper
u_0887,1400,1,festival_shopper
u_0887,423,1,festival_shopper
u_0887,668,1,festival_shopper
u_0887,1474,1,festival_shopper
u_0887,2963,1,festival_shopper
u_0887,4100,1,festival_shopper
u_0887,1932,1,festival_shopper
u_0887,2426,1,festival_shopper
u_0887,3151,1,festival_shopper
u_0887,438,1,festival_shopper
u_0887,606,1,festival_shopper
u_0887,1644,1,festival_shopper
u_0887,361,1,festival_shopper
u_0887,457,1,festival_shopper
u_0887,772,1,festival_shopper
u_0887,25,1,festival_shopper
u_0887,3348,1,festival_shopper
u_0887,1548,1,festival_shopper
u_0887,2669,1,festival_shopper
u_0887,2653,1,festival_shopper
u_0888,142,1,household_stocker
u_0888,151,1,household_stocker
u_0888,2910,1,household_stocker
u_0888,693,1,household_stocker
u_0888,984,1,household_stocker
u_0888,2305,1,household_stocker
u_0888,3194,1,household_stocker
u_0888,2904,1,household_stocker
u_0888,2753,1,household_stocker
u_0888,3124,1,household_stocker
u_0888,2950,1,household_stocker
u_0888,3200,1,household_stocker
u_0888,2997,1,household_stocker
u_0888,864,1,household_stocker
u_0888,3086,1,household_stocker
u_0888,462,1,household_stocker
u_0888,2514,1,household_stocker
u_0888,2505,1,household_stocker
u_0888,2786,1,household_stocker
u_0888,1229,1,household_stocker
u_0888,2399,1,household_stocker
u_0888,1654,1,household_stocker
u_0888,1107,1,household_stocker
u_0888,99,1,household_stocker
u_0888,2613,1,household_stocker
u_0888,2875,1,household_stocker
u_0888,1999,1,household_stocker
u_0889,844,1,veg_cook
u_0889,1295,1,veg_cook
u_0889,153,1,veg_cook
u_0889,2072,1,veg_cook
u_0889,829,1,veg_cook
u_0889,344,1,veg_cook
u_0889,1896,1,veg_cook
u_0889,1062,1,veg_cook
u_0889,708,1,veg_cook
u_0889,3074,1,veg_cook
u_0889,2470,1,veg_cook
u_0889,859,1,veg_cook
u_0889,1762,1,veg_cook
u_0889,1619,1,veg_cook
u_0889,4691,1,veg_cook
u_0889,2266,1,veg_cook
u_0889,2192,1,veg_cook
u_0889,2981,1,veg_cook
u_0889,1076,1,veg_cook
u_0889,4137,1,veg_cook
u_0889,2698,1,veg_cook
u_0889,64,1,veg_cook
u_0889,1574,1,veg_cook
u_0889,1102,1,veg_cook
u_0889,2313,1,veg_cook
u_0889,2065,1,veg_cook
u_0889,1059,1,veg_cook
u_0889,1042,1,veg_cook
u_0889,782,1,veg_cook
u_0889,772,1,veg_cook
u_0889,1027,1,veg_cook
u_0889,556,1,veg_cook
u_0889,826,1,veg_cook
u_0889,2544,1,veg_cook
u_0889,1092,1,veg_cook
u_0889,2414,1,veg_cook
u_0889,577,1,veg_cook
u_0889,948,1,veg_cook
u_0889,2425,1,veg_cook
u_0889,754,1,veg_cook
u_0890,4159,1,breakfast_shopper
u_0890,10,1,breakfast_shopper
u_0890,456,1,breakfast_shopper
u_0890,2380,1,breakfast_shopper
u_0890,4369,1,breakfast_shopper
u_0890,887,1,breakfast_shopper
u_0890,4503,1,breakfast_shopper
u_0890,2092,1,breakfast_shopper
u_0890,894,1,breakfast_shopper
u_0890,536,1,breakfast_shopper
u_0890,4597,1,breakfast_shopper
u_0890,3778,1,breakfast_shopper
u_0890,2475,1,breakfast_shopper
u_0890,2390,1,breakfast_shopper
u_0890,4456,1,breakfast_shopper
u_0890,1926,1,breakfast_shopper
u_0890,757,1,breakfast_shopper
u_0890,2310,1,breakfast_shopper
u_0890,3404,1,breakfast_shopper
u_0890,4480,1,breakfast_shopper
u_0890,4566,1,breakfast_shopper
u_0890,4536,1,breakfast_shopper
u_0890,834,1,breakfast_shopper
u_0890,3600,1,breakfast_shopper
u_0890,5008,1,breakfast_shopper
u_0890,2583,1,breakfast_shopper
u_0890,4146,1,breakfast_shopper
u_0890,2474,1,breakfast_shopper
u_0890,2577,1,breakfast_shopper
u_0890,4266,1,breakfast_shopper
u_0890,130,1,breakfast_shopper
u_0890,2422,1,breakfast_shopper
u_0890,559,1,breakfast_shopper
u_0890,873,1,breakfast_shopper
u_0890,29,1,breakfast_shopper
u_0890,4238,1,breakfast_shopper
u_0890,2355,1,breakfast_shopper
u_0890,3304,1,breakfast_shopper
u_0890,2548,1,breakfast_shopper
u_0890,4358,1,breakfast_shopper
u_0890,318,1,breakfast_shopper
u_0890,253,1,breakfast_shopper
u_0890,2476,1,breakfast_shopper
u_0890,4583,1,breakfast_shopper
u_0891,1966,1,gourmet
u_0891,1466,1,gourmet
u_0891,336,1,gourmet
u_0891,4735,1,gourmet
u_0891,559,1,gourmet
u_0891,905,1,gourmet
u_0891,509,1,gourmet
u_0891,1942,1,gourmet
u_0891,264,1,gourmet
u_0891,925,1,gourmet
u_0891,583,1,gourmet
u_0891,1936,1,gourmet
u_0891,1053,1,gourmet
u_0891,2272,1,gourmet
u_0891,1971,1,gourmet
u_0891,706,1,gourmet
u_0891,1004,1,gourmet
u_0891,2604,1,gourmet
u_0891,2135,1,gourmet
u_0891,2130,1,gourmet
u_0891,707,1,gourmet
u_0891,2226,1,gourmet
u_0891,55,1,gourmet
u_0891,2551,2,gourmet
u_0891,834,1,gourmet
u_0891,2153,1,gourmet
u_0891,1837,1,gourmet
u_0891,2755,1,gourmet
u_0891,2531,1,gourmet
u_0891,1164,1,gourmet
u_0891,2181,1,gourmet
u_0891,1945,1,gourmet
u_0891,1976,1,gourmet
u_0891,795,1,gourmet
u_0891,2187,1,gourmet
u_0891,458,1,gourmet
u_0891,2218,2,gourmet
u_0891,1739,1,gourmet
u_0891,3107,1,gourmet
u_0891,1854,1,gourmet
u_0891,2253,1,gourmet
u_0891,1753,1,gourmet
u_0891,2458,1,gourmet
u_0891,2929,1,gourmet
u_0892,2108,1,fruit_lover
u_0892,1534,1,fruit_lover
u_0892,237,1,fruit_lover
u_0892,35,1,fruit_lover
u_0892,96,1,fruit_lover
u_0892,30,1,fruit_lover
u_0892,98,1,fruit_lover
u_0892,793,1,fruit_lover
u_0892,19,1,fruit_lover
u_0892,1082,1,fruit_lover
u_0892,57,1,fruit_lover
u_0892,2615,1,fruit_lover
u_0892,2613,1,fruit_lover
u_0892,2332,1,fruit_lover
u_0892,3179,1,fruit_lover
u_0892,3642,1,fruit_lover
u_0892,2012,1,fruit_lover
u_0892,298,1,fruit_lover
u_0892,1505,1,fruit_lover
u_0892,445,1,fruit_lover
u_0892,2283,1,fruit_lover
u_0892,418,1,fruit_lover
u_0892,2562,1,fruit_lover
u_0892,338,1,fruit_lover
u_0892,78,1,fruit_lover
u_0892,914,1,fruit_lover
u_0892,169,1,fruit_lover
u_0892,2338,1,fruit_lover
u_0892,3006,1,fruit_lover
u_0892,402,1,fruit_lover
u_0892,187,1,fruit_lover
u_0892,631,1,fruit_lover
u_0892,2511,1,fruit_lover
u_0892,942,1,fruit_lover
u_0892,4983,1,fruit_lover
u_0892,1002,1,fruit_lover
u_0893,4334,1,snack_lover
u_0893,2146,1,snack_lover
u_0893,4112,1,snack_lover
u_0893,3509,1,snack_lover
u_0893,4044,1,snack_lover
u_0893,4134,1,snack_lover
u_0893,2787,1,snack_lover
u_0893,4240,1,snack_lover
u_0893,3882,1,snack_lover
u_0893,3143,1,snack_lover
u_0893,3113,1,snack_lover
u_0893,3965,1,snack_lover
u_0893,2952,1,snack_lover
u_0893,3270,1,snack_lover
u_0893,3723,1,snack_lover
u_0893,3924,1,snack_lover
u_0893,4428,1,snack_lover
u_0893,1087,1,snack_lover
u_0893,4025,1,snack_lover
u_0893,3589,1,snack_lover
u_0893,4465,1,snack_lover
u_0893,2866,1,snack_lover
u_0893,3438,1,snack_lover
u_0893,2912,1,snack_lover
u_0893,4101,1,snack_lover
u_0893,3847,1,snack_lover
u_0894,2862,1,household_stocker
u_0894,3746,1,household_stocker
u_0894,2069,1,household_stocker
u_0894,2947,1,household_stocker
u_0894,1018,1,household_stocker
u_0894,3112,1,household_stocker
u_0894,2118,1,household_stocker
u_0894,2529,1,household_stocker
u_0894,4377,1,household_stocker
u_0894,1089,1,household_stocker
u_0894,2943,1,household_stocker
u_0894,3107,1,household_stocker
u_0894,2672,1,household_stocker
u_0894,1213,1,household_stocker
u_0894,2762,1,household_stocker
u_0894,2763,1,household_stocker
u_0894,2312,1,household_stocker
u_0894,2972,1,household_stocker
u_0894,2738,1,household_stocker
u_0894,2877,1,household_stocker
u_0894,2700,1,household_stocker
u_0894,2713,1,household_stocker
u_0894,262,1,household_stocker
u_0894,2968,1,household_stocker
u_0894,423,1,household_stocker
u_0894,1865,1,household_stocker
u_0894,2976,2,household_stocker
u_0894,2874,1,household_stocker
u_0894,2316,1,household_stocker
u_0894,2819,1,household_stocker
u_0894,3041,1,household_stocker
u_0894,3085,1,household_stocker
u_0894,771,1,household_stocker
u_0894,3130,1,household_stocker
u_0894,146,1,household_stocker
u_0894,2436,1,household_stocker
u_0894,2420,1,household_stocker
u_0894,1514,1,household_stocker
u_0894,1648,1,household_stocker
u_0894,2469,1,household_stocker
u_0894,1593,1,household_stocker
u_0894,3885,1,household_stocker
u_0894,2085,1,household_stocker
u_0894,672,1,household_stocker
u_0895,3250,1,snack_lover
u_0895,3939,1,snack_lover
u_0895,3952,1,snack_lover
u_0895,3464,1,snack_lover
u_0895,4189,1,snack_lover
u_0895,4345,2,snack_lover
u_0895,3486,1,snack_lover
u_0895,1218,1,snack_lover
u_0895,4103,1,snack_lover
u_0895,4587,1,snack_lover
u_0895,3552,1,snack_lover
u_0895,3535,1,snack_lover
u_0895,2841,1,snack_lover
u_0895,3932,1,snack_lover
u_0895,1611,1,snack_lover
u_0895,3337,1,snack_lover
u_0895,2977,1,snack_lover
u_0895,3840,2,snack_lover
u_0895,919,1,snack_lover
u_0895,3696,1,snack_lover
u_0895,4039,1,snack_lover
u_0895,4093,1,snack_lover
u_0895,3510,1,snack_lover
u_0895,4101,1,snack_lover
u_0895,4066,1,snack_lover
u_0895,4592,1,snack_lover
u_0895,4018,1,snack_lover
u_0895,4536,1,snack_lover
u_0895,2463,1,snack_lover
u_0895,3750,1,snack_lover
u_0895,3626,1,snack_lover
u_0895,4239,1,snack_lover
u_0895,2915,1,snack_lover
u_0895,3524,1,snack_lover
u_0895,4959,1,snack_lover
u_0895,3886,1,snack_lover
u_0895,3984,1,snack_lover
u_0895,3309,1,snack_lover
u_0895,3450,1,snack_lover
u_0895,3627,1,snack_lover
u_0895,4358,1,snack_lover
u_0895,4157,1,snack_lover
u_0895,4244,1,snack_lover
u_0895,3271,1,snack_lover
u_0895,2375,1,snack_lover
u_0896,3427,1,breakfast_shopper
u_0896,4201,1,breakfast_shopper
u_0896,4231,1,breakfast_shopper
u_0896,1469,1,breakfast_shopper
u_0896,2598,1,breakfast_shopper
u_0896,301,1,breakfast_shopper
u_0896,3621,1,breakfast_shopper
u_0896,2401,1,breakfast_shopper
u_0896,2475,1,breakfast_shopper
u_0896,4301,1,breakfast_shopper
u_0896,2634,1,breakfast_shopper
u_0896,3450,1,breakfast_shopper
u_0896,229,1,breakfast_shopper
u_0896,3412,1,breakfast_shopper
u_0896,2622,1,breakfast_shopper
u_0896,4456,1,breakfast_shopper
u_0896,1075,1,breakfast_shopper
u_0896,4048,1,breakfast_shopper
u_0896,2601,1,breakfast_shopper
u_0896,4481,2,breakfast_shopper
u_0896,109,1,breakfast_shopper
u_0896,369,1,breakfast_shopper
u_0896,4541,1,breakfast_shopper
u_0896,2519,1,breakfast_shopper
u_0896,4342,1,breakfast_shopper
u_0896,577,1,breakfast_shopper
u_0896,330,1,breakfast_shopper
u_0896,2558,1,breakfast_shopper
u_0896,1941,1,breakfast_shopper
u_0896,2662,1,breakfast_shopper
u_0896,2593,1,breakfast_shopper
u_0896,4510,1,breakfast_shopper
u_0896,3230,1,breakfast_shopper
u_0896,3383,1,breakfast_shopper
u_0896,2417,1,breakfast_shopper
u_0896,392,1,breakfast_shopper
u_0896,4279,1,breakfast_shopper
u_0896,4270,2,breakfast_shopper
u_0896,4802,1,breakfast_shopper
u_0896,90,1,breakfast_shopper
u_0896,240,1,breakfast_shopper
u_0896,4181,1,breakfast_shopper
u_0897,2045,1,gourmet
u_0897,2407,1,gourmet
u_0897,1511,1,gourmet
u_0897,1815,1,gourmet
u_0897,512,1,gourmet
u_0897,2041,1,gourmet
u_0897,2491,1,gourmet
u_0897,2056,1,gourmet
u_0897,1223,1,gourmet
u_0897,2357,1,gourmet
u_0897,685,1,gourmet
u_0897,4098,1,gourmet
u_0897,2012,1,gourmet
u_0897,3096,1,gourmet
u_0897,315,1,gourmet
u_0897,1870,1,gourmet
u_0897,538,1,gourmet
u_0897,1360,1,gourmet
u_0897,4230,1,gourmet
u_0897,2375,1,gourmet
u_0897,180,1,gourmet
u_0897,2215,1,gourmet
u_0897,2469,1,gourmet
u_0897,2003,1,gourmet
u_0897,1359,1,gourmet
u_0897,2580,1,gourmet
u_0897,3309,1,gourmet
u_0897,1843,1,gourmet
u_0897,4717,1,gourmet
u_0897,3047,1,gourmet
u_0897,730,1,gourmet
u_0897,1163,1,gourmet
u_0897,3140,1,gourmet
u_0897,2545,1,gourmet
u_0897,2563,1,gourmet
u_0897,3018,1,gourmet
u_0897,886,1,gourmet
u_0897,2221,1,gourmet
u_0897,2439,1,gourmet
u_0897,3164,1,gourmet
u_0897,646,1,gourmet
u_0897,1797,1,gourmet
u_0897,3387,1,gourmet
u_0897,2142,1,gourmet
u_0898,2162,1,gourmet
u_0898,1333,1,gourmet
u_0898,2318,1,gourmet
u_0898,1392,1,gourmet
u_0898,2289,1,gourmet
u_0898,1847,1,gourmet
u_0898,1906,1,gourmet
u_0898,718,1,gourmet
u_0898,2303,1,gourmet
u_0898,2368,1,gourmet
u_0898,199,1,gourmet
u_0898,2869,1,gourmet
u_0898,2233,1,gourmet
u_0898,805,1,gourmet
u_0898,2140,1,gourmet
u_0898,1232,1,gourmet
u_0898,2753,1,gourmet
u_0898,915,1,gourmet
u_0898,215,1,gourmet
u_0898,2530,1,gourmet
u_0898,2080,1,gourmet
u_0898,3186,1,gourmet
u_0898,2039,1,gourmet
u_0898,2059,1,gourmet
u_0898,1014,1,gourmet
u_0898,1044,1,gourmet
u_0898,4566,1,gourmet
u_0898,3320,1,gourmet
u_0899,3625,1,breakfast_shopper
u_0899,4554,1,breakfast_shopper
u_0899,2644,1,breakfast_shopper
u_0899,2344,1,breakfast_shopper
u_0899,4551,1,breakfast_shopper
u_0899,3593,1,breakfast_shopper
u_0899,2484,1,breakfast_shopper
u_0899,4490,1,breakfast_shopper
u_0899,3583,1,breakfast_shopper
u_0899,586,1,breakfast_shopper
u_0899,723,1,breakfast_shopper
u_0899,4342,1,breakfast_shopper
u_0899,4556,1,breakfast_shopper
u_0899,4219,1,breakfast_shopper
u_0899,2653,1,breakfast_shopper
u_0899,2534,1,breakfast_shopper
u_0899,4236,1,breakfast_shopper
u_0899,4261,1,breakfast_shopper
u_0899,4384,1,breakfast_shopper
u_0899,2362,1,breakfast_shopper
u_0899,737,1,breakfast_shopper
u_0899,4168,1,breakfast_shopper
u_0899,3736,1,breakfast_shopper
u_0899,4187,1,breakfast_shopper
u_0899,730,1,breakfast_shopper
u_0899,2574,1,breakfast_shopper
u_0899,4346,1,breakfast_shopper
u_0899,4279,1,breakfast_shopper
u_0899,2695,1,breakfast_shopper
u_0899,5031,1,breakfast_shopper
u_0900,258,1,festival_shopper
u_0900,573,1,festival_shopper
u_0900,2323,1,festival_shopper
u_0900,3655,1,festival_shopper
u_0900,967,1,festival_shopper
u_0900,959,1,festival_shopper
u_0900,2329,1,festival_shopper
u_0900,1253,1,festival_shopper
u_0900,2941,1,festival_shopper
u_0900,248,1,festival_shopper
u_0900,1616,1,festival_shopper
u_0900,836,1,festival_shopper
u_0900,449,1,festival_shopper
u_0900,2514,2,festival_shopper
u_0900,1759,1,festival_shopper
u_0900,2698,1,festival_shopper
u_0900,1071,1,festival_shopper
u_0900,2839,1,festival_shopper
u_0900,1635,1,festival_shopper
u_0900,93,1,festival_shopper
u_0900,2331,1,festival_shopper
u_0900,3144,1,festival_shopper
u_0900,671,1,festival_shopper
u_0900,188,1,festival_shopper
u_0900,1712,1,festival_shopper
u_0900,129,1,festival_shopper
u_0900,1761,1,festival_shopper
u_0900,1531,1,festival_shopper
u_0900,2414,1,festival_shopper
u_0900,440,1,festival_shopper
u_0900,224,1,festival_shopper
u_0900,107,1,festival_shopper
u_0900,2599,1,festival_shopper
u_0900,1695,1,festival_shopper
u_0900,2387,1,festival_shopper
u_0900,178,1,festival_shopper
u_0900,1605,1,festival_shopper
u_0900,1180,1,festival_shopper
u_0900,1088,1,festival_shopper
u_0900,468,1,festival_shopper
u_0901,574,1,veg_cook
u_0901,787,1,veg_cook
u_0901,714,1,veg_cook
u_0901,1130,1,veg_cook
u_0901,466,1,veg_cook
u_0901,323,1,veg_cook
u_0901,1031,1,veg_cook
u_0901,1499,1,veg_cook
u_0901,845,1,veg_cook
u_0901,2359,1,veg_cook
u_0901,1971,1,veg_cook
u_0901,2347,1,veg_cook
u_0901,785,1,veg_cook
u_0901,1126,1,veg_cook
u_0901,3123,1,veg_cook
u_0901,1002,1,veg_cook
u_0901,1935,1,veg_cook
u_0901,2237,1,veg_cook
u_0901,1230,1,veg_cook
u_0901,500,1,veg_cook
u_0901,1059,1,veg_cook
u_0901,661,1,veg_cook
u_0901,3525,1,veg_cook
u_0901,2736,1,veg_cook
u_0901,3504,1,veg_cook
u_0901,992,1,veg_cook
u_0901,217,1,veg_cook
u_0901,557,1,veg_cook
u_0901,525,1,veg_cook
u_0901,4448,1,veg_cook
u_0901,1896,1,veg_cook
u_0901,521,1,veg_cook
u_0901,4346,1,veg_cook
u_0901,1415,1,veg_cook
u_0901,536,1,veg_cook
u_0901,2640,1,veg_cook
u_0902,2367,1,fruit_lover
u_0902,1004,1,fruit_lover
u_0902,656,1,fruit_lover
u_0902,721,1,fruit_lover
u_0902,3419,1,fruit_lover
u_0902,804,1,fruit_lover
u_0902,1349,1,fruit_lover
u_0902,605,1,fruit_lover
u_0902,1539,1,fruit_lover
u_0902,358,1,fruit_lover
u_0902,1390,1,fruit_lover
u_0902,207,1,fruit_lover
u_0902,336,1,fruit_lover
u_0902,148,1,fruit_lover
u_0902,819,1,fruit_lover
u_0902,889,1,fruit_lover
u_0902,383,1,fruit_lover
u_0902,416,1,fruit_lover
u_0902,550,1,fruit_lover
u_0902,4281,1,fruit_lover
u_0902,466,1,fruit_lover
u_0902,2528,1,fruit_lover
u_0902,428,1,fruit_lover
u_0902,1340,1,fruit_lover
u_0902,353,1,fruit_lover
u_0902,1164,1,fruit_lover
u_0902,384,1,fruit_lover
u_0902,784,1,fruit_lover
u_0902,1454,1,fruit_lover
u_0902,2335,1,fruit_lover
u_0902,1564,1,fruit_lover
u_0902,1852,1,fruit_lover
u_0902,424,1,fruit_lover
u_0902,2182,1,fruit_lover
u_0902,2064,1,fruit_lover
u_0902,2158,1,fruit_lover
u_0902,410,1,fruit_lover
u_0903,1677,1,veg_cook
u_0903,2655,1,veg_cook
u_0903,708,1,veg_cook
u_0903,761,1,veg_cook
u_0903,592,1,veg_cook
u_0903,1008,1,veg_cook
u_0903,251,1,veg_cook
u_0903,671,1,veg_cook
u_0903,932,1,veg_cook
u_0903,1682,1,veg_cook
u_0903,1063,1,veg_cook
u_0903,1848,1,veg_cook
u_0903,877,1,veg_cook
u_0903,476,1,veg_cook
u_0903,2244,1,veg_cook
u_0903,3428,1,veg_cook
u_0903,2510,1,veg_cook
u_0903,1841,1,veg_cook
u_0903,555,1,veg_cook
u_0903,1031,1,veg_cook
u_0903,1313,1,veg_cook
u_0903,824,1,veg_cook
u_0903,181,1,veg_cook
u_0903,2353,1,veg_cook
u_0903,576,1,veg_cook
u_0903,1573,1,veg_cook
u_0903,1151,1,veg_cook
u_0903,3182,1,veg_cook
u_0903,3673,1,veg_cook
u_0903,2262,1,veg_cook
u_0903,517,1,veg_cook
u_0903,1305,1,veg_cook
u_0904,3691,1,snack_lover
u_0904,3550,1,snack_lover
u_0904,1224,1,snack_lover
u_0904,4121,1,snack_lover
u_0904,3980,1,snack_lover
u_0904,3526,1,snack_lover
u_0904,2890,1,snack_lover
u_0904,1739,1,snack_lover
u_0904,3530,1,snack_lover
u_0904,1630,1,snack_lover
u_0904,3847,1,snack_lover
u_0904,3975,1,snack_lover
u_0904,4526,1,snack_lover
u_0904,3769,1,snack_lover
u_0904,3415,1,snack_lover
u_0904,4560,1,snack_lover
u_0904,3610,1,snack_lover
u_0904,4032,1,snack_lover
u_0904,3826,1,snack_lover
u_0904,3738,1,snack_lover
u_0904,3942,1,snack_lover
u_0904,3589,1,snack_lover
u_0904,3695,1,snack_lover
u_0904,4302,1,snack_lover
u_0904,2779,1,snack_lover
u_0904,3834,1,snack_lover
u_0905,46,1,household_stocker
u_0905,3046,1,household_stocker
u_0905,452,1,household_stocker
u_0905,2425,1,household_stocker
u_0905,854,1,household_stocker
u_0905,2968,1,household_stocker
u_0905,3129,1,household_stocker
u_0905,376,1,household_stocker
u_0905,1738,1,household_stocker
u_0905,2851,1,household_stocker
u_0905,3065,1,household_stocker
u_0905,29,1,household_stocker
u_0905,1247,1,household_stocker
u_0905,2310,1,household_stocker
u_0905,2804,1,household_stocker
u_0905,2401,1,household_stocker
u_0905,553,1,household_stocker
u_0905,2889,1,household_stocker
u_0905,3186,1,household_stocker
u_0905,3157,1,household_stocker
u_0905,2623,1,household_stocker
u_0905,2528,1,household_stocker
u_0905,3196,1,household_stocker
u_0905,1152,1,household_stocker
u_0905,3102,1,household_stocker
u_0905,2246,1,household_stocker
u_0905,3536,1,household_stocker
u_0905,289,1,household_stocker
u_0905,4366,1,household_stocker
u_0905,2405,1,household_stocker
u_0905,3443,1,household_stocker
u_0905,3695,1,household_stocker
u_0905,1198,1,household_stocker
u_0905,4348,1,household_stocker
u_0906,305,1,breakfast_shopper
u_0906,2749,1,breakfast_shopper
u_0906,4159,1,breakfast_shopper
u_0906,704,1,breakfast_shopper
u_0906,245,1,breakfast_shopper
u_0906,2561,1,breakfast_shopper
u_0906,724,1,breakfast_shopper
u_0906,991,1,breakfast_shopper
u_0906,242,1,breakfast_shopper
u_0906,2624,1,breakfast_shopper
u_0906,2396,1,breakfast_shopper
u_0906,4501,1,breakfast_shopper
u_0906,418,1,breakfast_shopper
u_0906,702,1,breakfast_shopper
u_0906,2369,1,breakfast_shopper
u_0906,4327,1,breakfast_shopper
u_0906,2545,1,breakfast_shopper
u_0906,2427,1,breakfast_shopper
u_0906,3325,1,breakfast_shopper
u_0906,2434,1,breakfast_shopper
u_0906,4478,1,breakfast_shopper
u_0906,4139,1,breakfast_shopper
u_0906,31,1,breakfast_shopper
u_0906,2742,1,breakfast_shopper
u_0906,1032,1,breakfast_shopper
u_0906,4232,1,breakfast_shopper
u_0906,4447,2,breakfast_shopper
u_0906,2302,1,breakfast_shopper
u_0906,4292,1,breakfast_shopper
u_0906,692,1,breakfast_shopper
u_0906,629,1,breakfast_shopper
u_0906,30,1,breakfast_shopper
u_0906,2329,1,breakfast_shopper
u_0906,656,1,breakfast_shopper
u_0907,606,1,veg_cook
u_0907,4169,1,veg_cook
u_0907,2091,1,veg_cook
u_0907,876,1,veg_cook
u_0907,558,1,veg_cook
u_0907,1682,1,veg_cook
u_0907,607,1,veg_cook
u_0907,2729,1,veg_cook
u_0907,470,1,veg_cook
u_0907,1073,1,veg_cook
u_0907,890,1,veg_cook
u_0907,888,1,veg_cook
u_0907,1961,1,veg_cook
u_0907,2637,1,veg_cook
u_0907,2170,1,veg_cook
u_0907,3513,1,veg_cook
u_0907,1520,1,veg_cook
u_0907,3122,1,veg_cook
u_0907,745,1,veg_cook
u_0907,2974,1,veg_cook
u_0907,1448,1,veg_cook
u_0907,789,1,veg_cook
u_0907,753,1,veg_cook
u_0907,1465,1,veg_cook
u_0907,2278,1,veg_cook
u_0907,2517,1,veg_cook
u_0907,794,1,veg_cook
u_0907,3963,1,veg_cook
u_0907,1182,1,veg_cook
u_0907,1091,1,veg_cook
u_0907,2338,1,veg_cook
u_0907,2597,1,veg_cook
u_0907,156,1,veg_cook
u_0907,3146,1,veg_cook
u_0907,528,1,veg_cook
u_0908,1679,1,festival_shopper
u_0908,1817,1,festival_shopper
u_0908,132,1,festival_shopper
u_0908,670,1,festival_shopper
u_0908,3781,1,festival_shopper
u_0908,2204,1,festival_shopper
u_0908,2241,1,festival_shopper
u_0908,2150,1,festival_shopper
u_0908,692,1,festival_shopper
u_0908,1302,1,festival_shopper
u_0908,3568,1,festival_shopper
u_0908,114,1,festival_shopper
u_0908,2002,1,festival_shopper
u_0908,1497,1,festival_shopper
u_0908,2446,1,festival_shopper
u_0908,1750,1,festival_shopper
u_0908,1337,1,festival_shopper
u_0908,61,1,festival_shopper
u_0908,1657,1,festival_shopper
u_0908,3139,1,festival_shopper
u_0908,2624,1,festival_shopper
u_0908,2445,1,festival_shopper
u_0908,2460,1,festival_shopper
u_0908,1172,1,festival_shopper
u_0908,1577,1,festival_shopper
u_0908,4677,1,festival_shopper
u_0908,1100,1,festival_shopper
u_0908,271,1,festival_shopper
u_0908,2995,1,festival_shopper
u_0908,88,1,festival_shopper
u_0908,1532,1,festival_shopper
u_0908,770,1,festival_shopper
u_0908,2584,1,festival_shopper
u_0908,1580,1,festival_shopper
u_0908,2230,1,festival_shopper
u_0909,3229,1,breakfast_shopper
u_0909,2454,1,breakfast_shopper
u_0909,4595,1,breakfast_shopper
u_0909,2466,1,breakfast_shopper
u_0909,4169,1,breakfast_shopper
u_0909,4581,1,breakfast_shopper
u_0909,4718,1,breakfast_shopper
u_0909,340,1,breakfast_shopper
u_0909,552,1,breakfast_shopper
u_0909,3411,1,breakfast_shopper
u_0909,3494,1,breakfast_shopper
u_0909,4515,1,breakfast_shopper
u_0909,3408,1,breakfast_shopper
u_0909,4492,1,breakfast_shopper
u_0909,2459,1,breakfast_shopper
u_0909,8,1,breakfast_shopper
u_0909,1352,1,breakfast_shopper
u_0909,912,1,breakfast_shopper
u_0909,4472,1,breakfast_shopper
u_0909,4241,1,breakfast_shopper
u_0909,2353,1,breakfast_shopper
u_0909,4470,1,breakfast_shopper
u_0909,2636,1,breakfast_shopper
u_0909,2537,1,breakfast_shopper
u_0910,632,1,festival_shopper
u_0910,2643,1,festival_shopper
u_0910,156,1,festival_shopper
u_0910,1479,1,festival_shopper
u_0910,4213,1,festival_shopper
u_0910,2514,1,festival_shopper
u_0910,1196,1,festival_shopper
u_0910,2353,1,festival_shopper
u_0910,1759,1,festival_shopper
u_0910,98,1,festival_shopper
u_0910,922,1,festival_shopper
u_0910,212,1,festival_shopper
u_0910,1835,1,festival_shopper
u_0910,1657,1,festival_shopper
u_0910,1757,1,festival_shopper
u_0910,887,1,festival_shopper
u_0910,2329,1,festival_shopper
u_0910,1608,1,festival_shopper
u_0910,827,1,festival_shopper
u_0910,4529,1,festival_shopper
u_0910,1611,1,festival_shopper
u_0910,4933,1,festival_shopper
u_0910,2724,1,festival_shopper
u_0910,1722,1,festival_shopper
u_0911,1090,1,gourmet
u_0911,2074,1,gourmet
u_0911,2275,1,gourmet
u_0911,4666,1,gourmet
u_0911,2561,1,gourmet
u_0911,693,1,gourmet
u_0911,620,1,gourmet
u_0911,1320,1,gourmet
u_0911,1610,1,gourmet
u_0911,598,1,gourmet
u_0911,1091,1,gourmet
u_0911,177,1,gourmet
u_0911,3062,1,gourmet
u_0911,2007,1,gourmet
u_0911,57,1,gourmet
u_0911,2396,1,gourmet
u_0911,77,1,gourmet
u_0911,2298,1,gourmet
u_0911,2186,1,gourmet
u_0911,2209,1,gourmet
u_0911,820,1,gourmet
u_0911,229,1,gourmet
u_0911,2260,1,gourmet
u_0911,1270,1,gourmet
u_0911,387,1,gourmet
u_0911,2266,1,gourmet
u_0911,3479,1,gourmet
u_0911,559,1,gourmet
u_0911,2333,1,gourmet
u_0911,2654,1,gourmet
u_0911,2164,1,gourmet
u_0911,181,1,gourmet
u_0911,1615,1,gourmet
u_0911,1857,1,gourmet
u_0911,308,1,gourmet
u_0911,2171,1,gourmet
u_0911,2244,1,gourmet
u_0911,528,1,gourmet
u_0911,2119,1,gourmet
u_0911,2315,1,gourmet
u_0912,677,1,gourmet
u_0912,554,1,gourmet
u_0912,2694,1,gourmet
u_0912,2672,1,gourmet
u_0912,829,1,gourmet
u_0912,1869,1,gourmet
u_0912,2069,1,gourmet
u_0912,2285,1,gourmet
u_0912,721,1,gourmet
u_0912,1965,1,gourmet
u_0912,2374,1,gourmet
u_0912,164,1,gourmet
u_0912,79,1,gourmet
u_0912,1878,1,gourmet
u_0912,4677,1,gourmet
u_0912,1290,1,gourmet
u_0912,1099,1,gourmet
u_0912,1860,1,gourmet
u_0912,69,1,gourmet
u_0912,2853,1,gourmet
u_0912,4626,1,gourmet
u_0912,45,1,gourmet
u_0912,2518,1,gourmet
u_0912,4546,1,gourmet
u_0912,2651,1,gourmet
u_0912,3086,1,gourmet
u_0912,1963,1,gourmet
u_0912,2831,1,gourmet
u_0912,430,1,gourmet
u_0912,2083,1,gourmet
u_0912,1954,1,gourmet
u_0912,3216,1,gourmet
u_0912,2749,1,gourmet
u_0912,1918,1,gourmet
u_0912,2357,1,gourmet
u_0912,274,1,gourmet
u_0912,2708,1,gourmet
u_0912,905,1,gourmet
u_0912,2147,1,gourmet
u_0912,2119,1,gourmet
u_0912,1892,1,gourmet
u_0912,3775,1,gourmet
u_0913,4263,1,breakfast_shopper
u_0913,4588,1,breakfast_shopper
u_0913,2767,1,breakfast_shopper
u_0913,3501,1,breakfast_shopper
u_0913,664,1,breakfast_shopper
u_0913,3423,1,breakfast_shopper
u_0913,4550,1,breakfast_shopper
u_0913,2454,1,breakfast_shopper
u_0913,2480,1,breakfast_shopper
u_0913,4420,1,breakfast_shopper
u_0913,4376,1,breakfast_shopper
u_0913,2495,1,breakfast_shopper
u_0913,4195,1,breakfast_shopper
u_0913,4419,1,breakfast_shopper
u_0913,301,1,breakfast_shopper
u_0913,401,1,breakfast_shopper
u_0913,4352,1,breakfast_shopper
u_0913,4250,1,breakfast_shopper
u_0913,3624,1,breakfast_shopper
u_0913,4275,1,breakfast_shopper
u_0913,2508,1,breakfast_shopper
u_0913,4362,1,breakfast_shopper
u_0913,2472,1,breakfast_shopper
u_0913,2619,1,breakfast_shopper
u_0914,4092,1,snack_lover
u_0914,3486,1,snack_lover
u_0914,3908,1,snack_lover
u_0914,3357,1,snack_lover
u_0914,2837,1,snack_lover
u_0914,1782,1,snack_lover
u_0914,3038,1,snack_lover
u_0914,618,1,snack_lover
u_0914,3438,1,snack_lover
u_0914,1563,1,snack_lover
u_0914,4526,1,snack_lover
u_0914,4362,1,snack_lover
u_0914,3878,1,snack_lover
u_0914,3956,1,snack_lover
u_0914,4571,1,snack_lover
u_0914,3745,1,snack_lover
u_0914,3301,1,snack_lover
u_0914,3696,1,snack_lover
u_0914,2975,1,snack_lover
u_0914,3955,1,snack_lover
u_0914,4423,1,snack_lover
u_0914,4574,1,snack_lover
u_0914,3150,1,snack_lover
u_0914,3816,1,snack_lover
u_0914,4211,1,snack_lover
u_0914,3570,1,snack_lover
u_0914,3736,1,snack_lover
u_0914,3433,1,snack_lover
u_0914,1469,1,snack_lover
u_0914,4232,1,snack_lover
u_0914,3695,1,snack_lover
u_0914,4013,1,snack_lover
u_0914,4485,1,snack_lover
u_0914,3362,1,snack_lover
u_0914,3105,1,snack_lover
u_0914,3613,1,snack_lover
u_0914,2140,1,snack_lover
u_0914,2624,1,snack_lover
u_0914,3126,1,snack_lover
u_0914,890,1,snack_lover
u_0914,3343,1,snack_lover
u_0915,3523,1,festival_shopper
u_0915,665,1,festival_shopper
u_0915,1697,1,festival_shopper
u_0915,888,1,festival_shopper
u_0915,262,1,festival_shopper
u_0915,602,1,festival_shopper
u_0915,1746,1,festival_shopper
u_0915,3639,1,festival_shopper
u_0915,2808,2,festival_shopper
u_0915,1845,1,festival_shopper
u_0915,1527,1,festival_shopper
u_0915,1679,1,festival_shopper
u_0915,10,1,festival_shopper
u_0915,829,1,festival_shopper
u_0915,2580,1,festival_shopper
u_0915,2578,1,festival_shopper
u_0915,2736,1,festival_shopper
u_0915,2454,1,festival_shopper
u_0915,1554,1,festival_shopper
u_0915,514,1,festival_shopper
u_0915,2606,1,festival_shopper
u_0915,169,1,festival_shopper
u_0915,2614,1,festival_shopper
u_0915,4,1,festival_shopper
u_0915,204,1,festival_shopper
u_0915,465,1,festival_shopper
u_0915,489,1,festival_shopper
u_0915,1442,1,festival_shopper
u_0915,1410,1,festival_shopper
u_0916,506,1,gourmet
u_0916,2020,1,gourmet
u_0916,2280,1,gourmet
u_0916,2096,1,gourmet
u_0916,2990,1,gourmet
u_0916,273,1,gourmet
u_0916,497,1,gourmet
u_0916,2080,1,gourmet
u_0916,2786,1,gourmet
u_0916,2454,1,gourmet
u_0916,2055,1,gourmet
u_0916,2580,1,gourmet
u_0916,4096,1,gourmet
u_0916,332,1,gourmet
u_0916,457,1,gourmet
u_0916,541,1,gourmet
u_0916,3967,1,gourmet
u_0916,645,1,gourmet
u_0916,1751,1,gourmet
u_0916,2045,1,gourmet
u_0916,4604,1,gourmet
u_0916,2263,1,gourmet
u_0916,2060,1,gourmet
u_0916,1954,1,gourmet
u_0916,2458,1,gourmet
u_0916,2293,1,gourmet
u_0917,3314,1,breakfast_shopper
u_0917,4456,1,breakfast_shopper
u_0917,4521,1,breakfast_shopper
u_0917,4596,1,breakfast_shopper
u_0917,3269,1,breakfast_shopper
u_0917,2488,1,breakfast_shopper
u_0917,2759,1,breakfast_shopper
u_0917,4503,1,breakfast_shopper
u_0917,2707,1,breakfast_shopper
u_0917,2746,1,breakfast_shopper
u_0917,2745,1,breakfast_shopper
u_0917,835,1,breakfast_shopper
u_0917,393,1,breakfast_shopper
u_0917,4272,1,breakfast_shopper
u_0917,2720,1,breakfast_shopper
u_0917,292,1,breakfast_shopper
u_0917,4297,1,breakfast_shopper
u_0917,2323,1,breakfast_shopper
u_0917,4362,1,breakfast_shopper
u_0917,3267,1,breakfast_shopper
u_0917,2427,1,breakfast_shopper
u_0917,3553,1,breakfast_shopper
u_0917,3460,1,breakfast_shopper
u_0917,2650,1,breakfast_shopper
u_0917,4391,1,breakfast_shopper
u_0917,16,1,breakfast_shopper
u_0917,2435,1,breakfast_shopper
u_0917,4479,1,breakfast_shopper
u_0917,267,1,breakfast_shopper
u_0917,1044,1,breakfast_shopper
u_0917,4313,1,breakfast_shopper
u_0917,2684,1,breakfast_shopper
u_0917,4542,1,breakfast_shopper
u_0917,407,1,breakfast_shopper
u_0917,97,1,breakfast_shopper
u_0917,4192,1,breakfast_shopper
u_0917,217,1,breakfast_shopper
u_0917,297,1,breakfast_shopper
u_0917,3569,1,breakfast_shopper
u_0917,1389,1,breakfast_shopper
u_0917,4279,1,breakfast_shopper
u_0917,4562,1,breakfast_shopper
u_0917,141,1,breakfast_shopper
u_0917,2380,1,breakfast_shopper
u_0917,627,1,breakfast_shopper
u_0918,2439,1,festival_shopper
u_0918,1734,1,festival_shopper
u_0918,2086,1,festival_shopper
u_0918,1023,1,festival_shopper
u_0918,2076,1,festival_shopper
u_0918,2143,1,festival_shopper
u_0918,2404,1,festival_shopper
u_0918,1396,1,festival_shopper
u_0918,1401,1,festival_shopper
u_0918,4193,1,festival_shopper
u_0918,2301,1,festival_shopper
u_0918,1430,1,festival_shopper
u_0918,10,1,festival_shopper
u_0918,882,1,festival_shopper
u_0918,1519,1,festival_shopper
u_0918,2288,1,festival_shopper
u_0918,4625,1,festival_shopper
u_0918,4003,1,festival_shopper
u_0918,3588,1,festival_shopper
u_0918,2087,1,festival_shopper
u_0918,1444,1,festival_shopper
u_0918,1791,1,festival_shopper
u_0918,43,1,festival_shopper
u_0918,390,1,festival_shopper
u_0918,19,1,festival_shopper
u_0918,757,1,festival_shopper
u_0918,948,1,festival_shopper
u_0918,1687,1,festival_shopper
u_0919,3929,1,gourmet
u_0919,2093,1,gourmet
u_0919,1489,1,gourmet
u_0919,2036,1,gourmet
u_0919,579,1,gourmet
u_0919,1242,1,gourmet
u_0919,1975,1,gourmet
u_0919,2205,1,gourmet
u_0919,3522,1,gourmet
u_0919,2124,1,gourmet
u_0919,16,1,gourmet
u_0919,2739,1,gourmet
u_0919,108,1,gourmet
u_0919,2156,1,gourmet
u_0919,1917,1,gourmet
u_0919,1102,1,gourmet
u_0919,2049,1,gourmet
u_0919,4015,1,gourmet
u_0919,2895,1,gourmet
u_0919,2246,1,gourmet
u_0919,2183,1,gourmet
u_0919,2664,1,gourmet
u_0919,1991,1,gourmet
u_0919,1350,1,gourmet
u_0919,4216,1,gourmet
u_0919,4638,1,gourmet
u_0919,259,1,gourmet
u_0919,1268,1,gourmet
u_0919,183,1,gourmet
u_0919,951,1,gourmet
u_0919,1911,1,gourmet
u_0919,1327,1,gourmet
u_0919,1812,1,gourmet
u_0919,1405,1,gourmet
u_0919,2621,1,gourmet
u_0919,152,1,gourmet
u_0919,1628,1,gourmet
u_0919,589,1,gourmet
u_0919,950,1,gourmet
u_0920,3583,1,snack_lover
u_0920,3987,1,snack_lover
u_0920,3810,1,snack_lover
u_0920,2855,1,snack_lover
u_0920,4115,1,snack_lover
u_0920,3425,1,snack_lover
u_0920,3599,1,snack_lover
u_0920,3880,1,snack_lover
u_0920,4128,1,snack_lover
u_0920,4801,1,snack_lover
u_0920,4386,1,snack_lover
u_0920,3943,1,snack_lover
u_0920,3516,1,snack_lover
u_0920,3936,1,snack_lover
u_0920,4268,1,snack_lover
u_0920,4161,1,snack_lover
u_0920,3333,1,snack_lover
u_0920,3879,1,snack_lover
u_0920,1054,1,snack_lover
u_0920,3931,1,snack_lover
u_0920,3697,1,snack_lover
u_0920,2772,1,snack_lover
u_0920,3857,1,snack_lover
u_0920,3668,1,snack_lover
u_0920,3761,1,snack_lover
u_0920,3438,1,snack_lover
u_0921,3283,1,veg_cook
u_0921,67,1,veg_cook
u_0921,590,1,veg_cook
u_0921,889,1,veg_cook
u_0921,530,1,veg_cook
u_0921,1634,1,veg_cook
u_0921,654,1,veg_cook
u_0921,538,1,veg_cook
u_0921,759,1,veg_cook
u_0921,2441,1,veg_cook
u_0921,73,1,veg_cook
u_0921,3038,1,veg_cook
u_0921,1120,1,veg_cook
u_0921,2599,1,veg_cook
u_0921,1277,1,veg_cook
u_0921,1081,1,veg_cook
u_0921,875,1,veg_cook
u_0921,3244,1,veg_cook
u_0921,2241,1,veg_cook
u_0921,778,1,veg_cook
u_0921,619,1,veg_cook
u_0921,287,1,veg_cook
u_0921,1025,1,veg_cook
u_0921,764,1,veg_cook
u_0921,728,1,veg_cook
u_0921,1817,1,veg_cook
u_0921,1338,1,veg_cook
u_0921,847,1,veg_cook
u_0921,1238,1,veg_cook
u_0922,210,1,breakfast_shopper
u_0922,4235,1,breakfast_shopper
u_0922,4171,1,breakfast_shopper
u_0922,3396,1,breakfast_shopper
u_0922,2075,1,breakfast_shopper
u_0922,4393,1,breakfast_shopper
u_0922,4591,1,breakfast_shopper
u_0922,116,1,breakfast_shopper
u_0922,2603,1,breakfast_shopper
u_0922,4256,1,breakfast_shopper
u_0922,4491,1,breakfast_shopper
u_0922,2357,1,breakfast_shopper
u_0922,4398,1,breakfast_shopper
u_0922,4578,1,breakfast_shopper
u_0922,3555,1,breakfast_shopper
u_0922,4324,1,breakfast_shopper
u_0922,2076,1,breakfast_shopper
u_0922,2745,1,breakfast_shopper
u_0922,3815,1,breakfast_shopper
u_0922,4371,1,breakfast_shopper
u_0922,2373,1,breakfast_shopper
u_0922,4309,1,breakfast_shopper
u_0922,2358,1,breakfast_shopper
u_0922,2328,1,breakfast_shopper
u_0922,2423,1,breakfast_shopper
u_0922,289,1,breakfast_shopper
u_0922,4213,1,breakfast_shopper
u_0922,4321,1,breakfast_shopper
u_0922,4455,1,breakfast_shopper
u_0922,211,1,breakfast_shopper
u_0922,4269,1,breakfast_shopper
u_0922,317,1,breakfast_shopper
u_0922,4170,1,breakfast_shopper
u_0922,397,1,breakfast_shopper
u_0922,4338,1,breakfast_shopper
u_0922,4933,1,breakfast_shopper
u_0922,4486,1,breakfast_shopper
u_0922,4399,1,breakfast_shopper
u_0922,79,1,breakfast_shopper
u_0922,4505,1,breakfast_shopper
u_0923,1677,1,snack_lover
u_0923,3993,1,snack_lover
u_0923,4156,1,snack_lover
u_0923,3701,1,snack_lover
u_0923,3682,1,snack_lover
u_0923,4206,1,snack_lover
u_0923,3421,1,snack_lover
u_0923,4340,1,snack_lover
u_0923,2828,1,snack_lover
u_0923,2984,1,snack_lover
u_0923,3606,1,snack_lover
u_0923,3214,1,snack_lover
u_0923,3666,1,snack_lover
u_0923,4091,1,snack_lover
u_0923,4503,1,snack_lover
u_0923,3515,1,snack_lover
u_0923,3803,1,snack_lover
u_0923,3024,1,snack_lover
u_0923,2887,1,snack_lover
u_0923,3468,1,snack_lover
u_0923,3407,1,snack_lover
u_0923,3220,1,snack_lover
u_0923,3137,1,snack_lover
u_0923,3331,1,snack_lover
u_0923,3545,1,snack_lover
u_0923,3588,1,snack_lover
u_0923,48,1,snack_lover
u_0923,3534,1,snack_lover
u_0923,3622,1,snack_lover
u_0923,3313,1,snack_lover
u_0923,4746,1,snack_lover
u_0923,3504,1,snack_lover
u_0923,2002,1,snack_lover
u_0923,3084,1,snack_lover
u_0923,3553,1,snack_lover
u_0924,4443,1,breakfast_shopper
u_0924,475,1,breakfast_shopper
u_0924,4401,1,breakfast_shopper
u_0924,4448,1,breakfast_shopper
u_0924,2664,1,breakfast_shopper
u_0924,119,1,breakfast_shopper
u_0924,4344,1,breakfast_shopper
u_0924,3211,1,breakfast_shopper
u_0924,4161,1,breakfast_shopper
u_0924,4834,1,breakfast_shopper
u_0924,4287,1,breakfast_shopper
u_0924,4193,1,breakfast_shopper
u_0924,4560,1,breakfast_shopper
u_0924,4328,1,breakfast_shopper
u_0924,2402,1,breakfast_shopper
u_0924,4336,1,breakfast_shopper
u_0924,4143,1,breakfast_shopper
u_0924,252,1,breakfast_shopper
u_0924,651,1,breakfast_shopper
u_0924,2740,1,breakfast_shopper
u_0924,3638,1,breakfast_shopper
u_0924,4418,1,breakfast_shopper
u_0924,733,1,breakfast_shopper
u_0924,4554,1,breakfast_shopper
u_0924,2430,1,breakfast_shopper
u_0924,253,1,breakfast_shopper
u_0924,290,1,breakfast_shopper
u_0924,1072,1,breakfast_shopper
u_0924,4548,1,breakfast_shopper
u_0924,4538,1,breakfast_shopper
u_0925,3541,1,snack_lover
u_0925,3939,1,snack_lover
u_0925,1700,1,snack_lover
u_0925,4318,1,snack_lover
u_0925,3266,1,snack_lover
u_0925,2999,1,snack_lover
u_0925,4587,1,snack_lover
u_0925,1175,1,snack_lover
u_0925,3820,1,snack_lover
u_0925,4094,1,snack_lover
u_0925,3260,1,snack_lover
u_0925,3555,1,snack_lover
u_0925,2784,1,snack_lover
u_0925,3116,1,snack_lover
u_0925,2820,1,snack_lover
u_0925,3577,1,snack_lover
u_0925,4212,1,snack_lover
u_0925,3984,1,snack_lover
u_0925,1000,1,snack_lover
u_0925,3570,1,snack_lover
u_0925,3526,1,snack_lover
u_0925,3165,1,snack_lover
u_0925,4124,1,snack_lover
u_0925,4047,1,snack_lover
u_0926,2241,1,veg_cook
u_0926,738,1,veg_cook
u_0926,1707,1,veg_cook
u_0926,1388,1,veg_cook
u_0926,2061,1,veg_cook
u_0926,998,1,veg_cook
u_0926,2137,1,veg_cook
u_0926,825,1,veg_cook
u_0926,734,1,veg_cook
u_0926,537,1,veg_cook
u_0926,1351,1,veg_cook
u_0926,2995,1,veg_cook
u_0926,648,1,veg_cook
u_0926,2153,1,veg_cook
u_0926,2203,1,veg_cook
u_0926,822,1,veg_cook
u_0926,462,1,veg_cook
u_0926,579,1,veg_cook
u_0926,2642,1,veg_cook
u_0926,645,1,veg_cook
u_0926,520,1,veg_cook
u_0926,1270,1,veg_cook
u_0926,2709,1,veg_cook
u_0926,1287,1,veg_cook
u_0926,2648,1,veg_cook
u_0926,764,1,veg_cook
u_0926,984,1,veg_cook
u_0926,1851,1,veg_cook
u_0926,1353,1,veg_cook
u_0926,742,1,veg_cook
u_0926,917,1,veg_cook
u_0926,2749,1,veg_cook
u_0926,2537,1,veg_cook
u_0926,379,1,veg_cook
u_0926,2347,1,veg_cook
u_0926,1131,1,veg_cook
u_0926,2836,1,veg_cook
u_0926,653,1,veg_cook
u_0926,908,1,veg_cook
u_0926,3765,1,veg_cook
u_0927,28,1,household_stocker
u_0927,2889,1,household_stocker
u_0927,2897,1,household_stocker
u_0927,2926,1,household_stocker
u_0927,1329,1,household_stocker
u_0927,289,1,household_stocker
u_0927,3181,1,household_stocker
u_0927,2657,1,household_stocker
u_0927,3028,1,household_stocker
u_0927,2975,1,household_stocker
u_0927,2876,1,household_stocker
u_0927,2752,1,household_stocker
u_0927,715,1,household_stocker
u_0927,2777,1,household_stocker
u_0927,3178,1,household_stocker
u_0927,2957,1,household_stocker
u_0927,2895,1,household_stocker
u_0927,2475,1,household_stocker
u_0927,2756,1,household_stocker
u_0927,576,1,household_stocker
u_0927,4120,1,household_stocker
u_0927,660,1,household_stocker
u_0927,2347,1,household_stocker
u_0927,1066,1,household_stocker
u_0927,2936,1,household_stocker
u_0927,1681,1,household_stocker
u_0927,2891,1,household_stocker
u_0927,2479,1,household_stocker
u_0927,409,1,household_stocker
u_0927,2576,1,household_stocker
u_0927,911,1,household_stocker
u_0927,856,1,household_stocker
u_0927,2739,1,household_stocker
u_0927,2849,1,household_stocker
u_0927,2357,1,household_stocker
u_0927,1244,1,household_stocker
u_0927,116,1,household_stocker
u_0927,2496,1,household_stocker
u_0927,1906,1,household_stocker
u_0927,2315,1,household_stocker
u_0927,2869,1,household_stocker
u_0927,2955,1,household_stocker
u_0927,982,1,household_stocker
u_0927,138,1,household_stocker
u_0927,2962,1,household_stocker
u_0927,2947,1,household_stocker
u_0927,2959,1,household_stocker
u_0927,4808,1,household_stocker
u_0928,1743,1,household_stocker
u_0928,3644,1,household_stocker
u_0928,3208,1,household_stocker
u_0928,595,1,household_stocker
u_0928,3101,1,household_stocker
u_0928,2353,1,household_stocker
u_0928,2461,1,household_stocker
u_0928,3020,1,household_stocker
u_0928,2523,1,household_stocker
u_0928,2389,1,household_stocker
u_0928,3181,1,household_stocker
u_0928,2844,1,household_stocker
u_0928,2502,1,household_stocker
u_0928,3034,1,household_stocker
u_0928,2479,1,household_stocker
u_0928,3167,1,household_stocker
u_0928,2550,1,household_stocker
u_0928,3186,1,household_stocker
u_0928,662,1,household_stocker
u_0928,2391,1,household_stocker
u_0928,142,1,household_stocker
u_0928,2531,1,household_stocker
u_0928,519,1,household_stocker
u_0928,636,1,household_stocker
u_0928,2897,1,household_stocker
u_0928,2654,1,household_stocker
u_0928,2174,1,household_stocker
u_0928,1886,1,household_stocker
u_0928,52,1,household_stocker
u_0928,2847,1,household_stocker
u_0928,36,1,household_stocker
u_0928,2518,1,household_stocker
u_0929,243,1,gourmet
u_0929,1841,1,gourmet
u_0929,1401,1,gourmet
u_0929,2061,1,gourmet
u_0929,745,1,gourmet
u_0929,2624,1,gourmet
u_0929,338,1,gourmet
u_0929,2512,1,gourmet
u_0929,1971,1,gourmet
u_0929,510,1,gourmet
u_0929,2014,1,gourmet
u_0929,2268,1,gourmet
u_0929,2292,1,gourmet
u_0929,3021,1,gourmet
u_0929,659,1,gourmet
u_0929,2386,1,gourmet
u_0929,2384,1,gourmet
u_0929,1932,1,gourmet
u_0929,2210,1,gourmet
u_0929,3044,1,gourmet
u_0929,3161,1,gourmet
u_0929,1205,1,gourmet
u_0929,1188,1,gourmet
u_0929,2311,1,gourmet
u_0929,781,1,gourmet
u_0929,2096,1,gourmet
u_0929,2567,1,gourmet
u_0929,1530,1,gourmet
u_0929,1316,1,gourmet
u_0929,273,1,gourmet
u_0929,2075,1,gourmet
u_0930,4135,1,snack_lover
u_0930,4187,1,snack_lover
u_0930,1553,1,snack_lover
u_0930,4748,1,snack_lover
u_0930,3685,1,snack_lover
u_0930,4314,1,snack_lover
u_0930,3931,1,snack_lover
u_0930,3392,1,snack_lover
u_0930,2842,1,snack_lover
u_0930,4133,1,snack_lover
u_0930,2881,1,snack_lover
u_0930,4026,1,snack_lover
u_0930,3216,1,snack_lover
u_0930,3910,1,snack_lover
u_0930,4048,1,snack_lover
u_0930,3849,1,snack_lover
u_0930,3930,1,snack_lover
u_0930,3591,1,snack_lover
u_0930,4180,1,snack_lover
u_0930,3660,1,snack_lover
u_0930,4009,1,snack_lover
u_0930,4409,1,snack_lover
u_0930,4269,1,snack_lover
u_0930,1572,1,snack_lover
u_0930,4130,1,snack_lover
u_0930,3348,1,snack_lover
u_0930,843,1,snack_lover
u_0930,4364,1,snack_lover
u_0930,3366,1,snack_lover
u_0930,1446,1,snack_lover
u_0930,4029,1,snack_lover
u_0930,3387,1,snack_lover
u_0930,2944,1,snack_lover
u_0930,136,1,snack_lover
u_0930,3517,1,snack_lover
u_0930,336,1,snack_lover
u_0930,3323,1,snack_lover
u_0930,4404,1,snack_lover
u_0930,3690,1,snack_lover
u_0930,3504,1,snack_lover
u_0931,4479,1,breakfast_shopper
u_0931,1606,1,breakfast_shopper
u_0931,1567,1,breakfast_shopper
u_0931,4538,1,breakfast_shopper
u_0931,2445,1,breakfast_shopper
u_0931,2447,1,breakfast_shopper
u_0931,879,1,breakfast_shopper
u_0931,84,1,breakfast_shopper
u_0931,4199,1,breakfast_shopper
u_0931,1670,1,breakfast_shopper
u_0931,297,1,breakfast_shopper
u_0931,2634,1,breakfast_shopper
u_0931,2489,1,breakfast_shopper
u_0931,2701,1,breakfast_shopper
u_0931,725,1,breakfast_shopper
u_0931,175,1,breakfast_shopper
u_0931,3043,1,breakfast_shopper
u_0931,4349,1,breakfast_shopper
u_0931,4460,1,breakfast_shopper
u_0931,3646,1,breakfast_shopper
u_0931,385,1,breakfast_shopper
u_0931,2416,1,breakfast_shopper
u_0931,4496,1,breakfast_shopper
u_0931,71,1,breakfast_shopper
u_0931,2676,1,breakfast_shopper
u_0931,4405,1,breakfast_shopper
u_0931,4848,1,breakfast_shopper
u_0931,4207,1,breakfast_shopper
u_0931,3562,1,breakfast_shopper
u_0931,1707,1,breakfast_shopper
u_0931,2443,1,breakfast_shopper
u_0931,3602,1,breakfast_shopper
u_0931,4147,1,breakfast_shopper
u_0931,413,1,breakfast_shopper
u_0931,4298,1,breakfast_shopper
u_0931,54,1,breakfast_shopper
u_0931,246,1,breakfast_shopper
u_0931,1093,1,breakfast_shopper
u_0931,3179,1,breakfast_shopper
u_0931,225,1,breakfast_shopper
u_0931,2571,1,breakfast_shopper
u_0931,3340,1,breakfast_shopper
u_0931,4423,1,breakfast_shopper
u_0931,3875,1,breakfast_shopper
u_0931,2362,1,breakfast_shopper
u_0931,460,1,breakfast_shopper
u_0931,2352,2,breakfast_shopper
u_0932,890,1,gourmet
u_0932,2239,1,gourmet
u_0932,2133,1,gourmet
u_0932,2189,1,gourmet
u_0932,3318,1,gourmet
u_0932,2513,1,gourmet
u_0932,3230,1,gourmet
u_0932,322,1,gourmet
u_0932,146,1,gourmet
u_0932,348,1,gourmet
u_0932,2589,1,gourmet
u_0932,2277,1,gourmet
u_0932,1166,1,gourmet
u_0932,2710,1,gourmet
u_0932,282,1,gourmet
u_0932,181,1,gourmet
u_0932,109,1,gourmet
u_0932,370,1,gourmet
u_0932,2115,1,gourmet
u_0932,153,1,gourmet
u_0932,1239,1,gourmet
u_0932,1710,1,gourmet
u_0932,2252,1,gourmet
u_0932,2131,1,gourmet
u_0932,1703,1,gourmet
u_0932,330,1,gourmet
u_0932,1205,1,gourmet
u_0932,2483,1,gourmet
u_0932,617,1,gourmet
u_0932,194,1,gourmet
u_0932,949,1,gourmet
u_0932,1584,1,gourmet
u_0932,2653,1,gourmet
u_0932,1793,1,gourmet
u_0932,102,1,gourmet
u_0932,733,1,gourmet
u_0932,3052,1,gourmet
u_0932,857,1,gourmet
u_0932,2325,1,gourmet
u_0932,959,1,gourmet
u_0932,1687,1,gourmet
u_0932,2516,1,gourmet
u_0932,377,1,gourmet
u_0932,1624,1,gourmet
u_0932,881,1,gourmet
u_0933,73,1,gourmet
u_0933,2383,1,gourmet
u_0933,2834,1,gourmet
u_0933,2350,1,gourmet
u_0933,1931,1,gourmet
u_0933,1940,1,gourmet
u_0933,98,1,gourmet
u_0933,4091,1,gourmet
u_0933,797,1,gourmet
u_0933,2712,1,gourmet
u_0933,343,1,gourmet
u_0933,2136,1,gourmet
u_0933,1995,1,gourmet
u_0933,2473,1,gourmet
u_0933,705,1,gourmet
u_0933,1340,1,gourmet
u_0933,2208,1,gourmet
u_0933,2434,1,gourmet
u_0933,2271,1,gourmet
u_0933,2155,1,gourmet
u_0933,926,1,gourmet
u_0933,2478,1,gourmet
u_0933,3095,1,gourmet
u_0933,354,1,gourmet
u_0933,2119,1,gourmet
u_0933,823,1,gourmet
u_0933,2480,1,gourmet
u_0933,2231,1,gourmet
u_0933,2150,1,gourmet
u_0934,1604,1,gourmet
u_0934,500,1,gourmet
u_0934,2970,1,gourmet
u_0934,1408,1,gourmet
u_0934,1155,1,gourmet
u_0934,1085,1,gourmet
u_0934,2220,1,gourmet
u_0934,2764,1,gourmet
u_0934,2530,1,gourmet
u_0934,4264,1,gourmet
u_0934,2003,1,gourmet
u_0934,407,1,gourmet
u_0934,2019,1,gourmet
u_0934,380,1,gourmet
u_0934,4529,1,gourmet
u_0934,4562,1,gourmet
u_0934,2132,1,gourmet
u_0934,671,1,gourmet
u_0934,1409,1,gourmet
u_0934,310,1,gourmet
u_0934,2621,1,gourmet
u_0934,4448,1,gourmet
u_0934,488,1,gourmet
u_0934,4162,1,gourmet
u_0934,450,1,gourmet
u_0934,240,1,gourmet
u_0934,2084,1,gourmet
u_0934,524,1,gourmet
u_0934,2562,1,gourmet
u_0934,969,1,gourmet
u_0934,1905,1,gourmet
u_0934,2299,1,gourmet
u_0935,1214,1,festival_shopper
u_0935,2461,1,festival_shopper
u_0935,1830,1,festival_shopper
u_0935,1148,2,festival_shopper
u_0935,2809,1,festival_shopper
u_0935,2702,1,festival_shopper
u_0935,360,1,festival_shopper
u_0935,893,1,festival_shopper
u_0935,475,1,festival_shopper
u_0935,3117,1,festival_shopper
u_0935,1171,1,festival_shopper
u_0935,1610,1,festival_shopper
u_0935,1481,1,festival_shopper
u_0935,4634,1,festival_shopper
u_0935,1355,1,festival_shopper
u_0935,888,1,festival_shopper
u_0935,70,1,festival_shopper
u_0935,2913,1,festival_shopper
u_0935,4294,1,festival_shopper
u_0935,1392,1,festival_shopper
u_0935,1637,1,festival_shopper
u_0935,1711,1,festival_shopper
u_0935,1111,1,festival_shopper
u_0935,1280,1,festival_shopper
u_0935,807,1,festival_shopper
u_0935,1563,1,festival_shopper
u_0935,1410,1,festival_shopper
u_0935,2741,1,festival_shopper
u_0935,1150,1,festival_shopper
u_0935,1872,1,festival_shopper
u_0935,3570,1,festival_shopper
u_0935,384,1,festival_shopper
u_0935,621,1,festival_shopper
u_0935,2410,1,festival_shopper
u_0935,1667,1,festival_shopper
u_0935,2815,1,festival_shopper
u_0935,1399,1,festival_shopper
u_0935,1803,1,festival_shopper
u_0935,208,1,festival_shopper
u_0935,2736,1,festival_shopper
u_0935,3820,1,festival_shopper
u_0935,97,1,festival_shopper
u_0935,4121,1,festival_shopper
u_0935,1878,1,festival_shopper
u_0935,2186,1,festival_shopper
u_0936,85,1,snack_lover
u_0936,3422,1,snack_lover
u_0936,2955,1,snack_lover
u_0936,3521,1,snack_lover
u_0936,4518,1,snack_lover
u_0936,3152,1,snack_lover
u_0936,916,1,snack_lover
u_0936,2862,1,snack_lover
u_0936,3172,1,snack_lover
u_0936,3579,1,snack_lover
u_0936,3706,1,snack_lover
u_0936,3976,1,snack_lover
u_0936,3797,1,snack_lover
u_0936,3260,1,snack_lover
u_0936,3837,1,snack_lover
u_0936,2806,1,snack_lover
u_0936,4038,1,snack_lover
u_0936,3080,1,snack_lover
u_0936,3732,1,snack_lover
u_0936,3644,1,snack_lover
u_0936,3372,1,snack_lover
u_0936,3242,1,snack_lover
u_0936,3710,1,snack_lover
u_0936,2852,1,snack_lover
u_0936,3502,1,snack_lover
u_0936,3111,1,snack_lover
u_0936,3369,1,snack_lover
u_0937,2541,1,household_stocker
u_0937,3552,1,household_stocker
u_0937,2831,1,household_stocker
u_0937,436,1,household_stocker
u_0937,4751,1,household_stocker
u_0937,182,1,household_stocker
u_0937,2506,1,household_stocker
u_0937,3009,1,household_stocker
u_0937,2991,2,household_stocker
u_0937,4581,1,household_stocker
u_0937,365,1,household_stocker
u_0937,3092,1,household_stocker
u_0937,2751,1,household_stocker
u_0937,1944,1,household_stocker
u_0937,2727,1,household_stocker
u_0937,2373,1,household_stocker
u_0937,1414,1,household_stocker
u_0937,309,1,household_stocker
u_0937,2682,1,household_stocker
u_0937,2791,1,household_stocker
u_0937,2797,1,household_stocker
u_0937,416,1,household_stocker
u_0937,2781,1,household_stocker
u_0937,2315,1,household_stocker
u_0937,560,1,household_stocker
u_0937,4019,1,household_stocker
u_0937,2988,1,household_stocker
u_0937,2514,1,household_stocker
u_0937,882,1,household_stocker
u_0938,4546,1,breakfast_shopper
u_0938,200,1,breakfast_shopper
u_0938,2635,1,breakfast_shopper
u_0938,4460,1,breakfast_shopper
u_0938,2393,1,breakfast_shopper
u_0938,10,1,breakfast_shopper
u_0938,4201,1,breakfast_shopper
u_0938,4236,1,breakfast_shopper
u_0938,1765,1,breakfast_shopper
u_0938,4493,1,breakfast_shopper
u_0938,16,1,breakfast_shopper
u_0938,5056,1,breakfast_shopper
u_0938,5027,1,breakfast_shopper
u_0938,3300,1,breakfast_shopper
u_0938,128,1,breakfast_shopper
u_0938,4427,1,breakfast_shopper
u_0938,264,1,breakfast_shopper
u_0938,3577,1,breakfast_shopper
u_0938,3079,1,breakfast_shopper
u_0938,3442,1,breakfast_shopper
u_0938,873,1,breakfast_shopper
u_0938,100,1,breakfast_shopper
u_0938,4489,1,breakfast_shopper
u_0938,3457,1,breakfast_shopper
u_0938,4405,1,breakfast_shopper
u_0938,4698,1,breakfast_shopper
u_0938,85,1,breakfast_shopper
u_0938,4336,1,breakfast_shopper
u_0938,2424,1,breakfast_shopper
u_0938,4424,1,breakfast_shopper
u_0938,4265,1,breakfast_shopper
u_0938,3556,1,breakfast_shopper
u_0938,4488,1,breakfast_shopper
u_0938,2651,1,breakfast_shopper
u_0938,4407,1,breakfast_shopper
u_0939,1380,1,festival_shopper
u_0939,567,1,festival_shopper
u_0939,559,1,festival_shopper
u_0939,2423,1,festival_shopper
u_0939,1853,1,festival_shopper
u_0939,1136,1,festival_shopper
u_0939,157,1,festival_shopper
u_0939,2230,1,festival_shopper
u_0939,433,1,festival_shopper
u_0939,1752,1,festival_shopper
u_0939,1551,1,festival_shopper
u_0939,4019,1,festival_shopper
u_0939,8,1,festival_shopper
u_0939,1815,1,festival_shopper
u_0939,1498,1,festival_shopper
u_0939,982,1,festival_shopper
u_0939,4251,1,festival_shopper
u_0939,682,1,festival_shopper
u_0939,1682,1,festival_shopper
u_0939,29,1,festival_shopper
u_0939,1473,1,festival_shopper
u_0939,709,1,festival_shopper
u_0939,927,1,festival_shopper
u_0939,2532,1,festival_shopper
u_0939,1528,1,festival_shopper
u_0939,1391,1,festival_shopper
u_0939,1460,1,festival_shopper
u_0939,113,1,festival_shopper
u_0939,787,1,festival_shopper
u_0939,563,1,festival_shopper
u_0939,1605,1,festival_shopper
u_0939,985,1,festival_shopper
u_0939,3336,1,festival_shopper
u_0940,2419,1,veg_cook
u_0940,1896,1,veg_cook
u_0940,1251,1,veg_cook
u_0940,1332,1,veg_cook
u_0940,780,1,veg_cook
u_0940,1833,1,veg_cook
u_0940,166,1,veg_cook
u_0940,1009,1,veg_cook
u_0940,585,1,veg_cook
u_0940,574,1,veg_cook
u_0940,1459,1,veg_cook
u_0940,2283,1,veg_cook
u_0940,441,1,veg_cook
u_0940,465,1,veg_cook
u_0940,3098,1,veg_cook
u_0940,2613,1,veg_cook
u_0940,3063,1,veg_cook
u_0940,1768,1,veg_cook
u_0940,3441,1,veg_cook
u_0940,1853,1,veg_cook
u_0940,1484,1,veg_cook
u_0940,1257,1,veg_cook
u_0940,1084,1,veg_cook
u_0940,1,1,veg_cook
u_0940,3211,1,veg_cook
u_0940,57,1,veg_cook
u_0940,1069,1,veg_cook
u_0940,463,1,veg_cook
u_0940,480,1,veg_cook
u_0940,515,1,veg_cook
u_0940,602,1,veg_cook
u_0940,2258,1,veg_cook
u_0940,2164,1,veg_cook
u_0940,2074,1,veg_cook
u_0941,1317,1,festival_shopper
u_0941,2053,1,festival_shopper
u_0941,1341,1,festival_shopper
u_0941,1767,1,festival_shopper
u_0941,852,1,festival_shopper
u_0941,248,1,festival_shopper
u_0941,254,1,festival_shopper
u_0941,3132,1,festival_shopper
u_0941,1321,1,festival_shopper
u_0941,3078,1,festival_shopper
u_0941,1899,1,festival_shopper
u_0941,2979,1,festival_shopper
u_0941,1440,1,festival_shopper
u_0941,1768,1,festival_shopper
u_0941,2355,1,festival_shopper
u_0941,2795,1,festival_shopper
u_0941,620,1,festival_shopper
u_0941,772,1,festival_shopper
u_0941,1087,1,festival_shopper
u_0941,550,1,festival_shopper
u_0941,883,1,festival_shopper
u_0941,3574,1,festival_shopper
u_0941,253,1,festival_shopper
u_0941,818,1,festival_shopper
u_0941,1706,1,festival_shopper
u_0941,850,1,festival_shopper
u_0941,1785,1,festival_shopper
u_0941,1251,1,festival_shopper
u_0941,2347,1,festival_shopper
u_0941,611,1,festival_shopper
u_0941,1884,1,festival_shopper
u_0941,1765,1,festival_shopper
u_0941,813,1,festival_shopper
u_0941,2488,1,festival_shopper
u_0941,1794,1,festival_shopper
u_0941,1616,1,festival_shopper
u_0941,1497,1,festival_shopper
u_0941,1423,1,festival_shopper
u_0941,3647,1,festival_shopper
u_0941,19,1,festival_shopper
u_0942,4118,1,snack_lover
u_0942,3164,1,snack_lover
u_0942,3959,1,snack_lover
u_0942,3830,1,snack_lover
u_0942,3354,1,snack_lover
u_0942,2315,1,snack_lover
u_0942,2853,1,snack_lover
u_0942,3934,1,snack_lover
u_0942,4192,1,snack_lover
u_0942,3610,1,snack_lover
u_0942,3898,1,snack_lover
u_0942,3767,1,snack_lover
u_0942,3068,1,snack_lover
u_0942,4218,1,snack_lover
u_0942,2778,1,snack_lover
u_0942,4750,1,snack_lover
u_0942,3982,1,snack_lover
u_0942,2813,1,snack_lover
u_0942,4190,1,snack_lover
u_0942,3631,1,snack_lover
u_0942,3711,1,snack_lover
u_0942,3919,1,snack_lover
u_0942,3506,1,snack_lover
u_0942,2744,1,snack_lover
u_0942,4082,1,snack_lover
u_0942,4025,1,snack_lover
u_0942,3653,1,snack_lover
u_0942,3279,1,snack_lover
u_0942,2761,1,snack_lover
u_0942,3424,1,snack_lover
u_0942,3265,1,snack_lover
u_0942,3401,1,snack_lover
u_0942,3262,1,snack_lover
u_0942,2850,1,snack_lover
u_0942,2352,1,snack_lover
u_0942,3914,1,snack_lover
u_0942,3525,1,snack_lover
u_0942,3334,1,snack_lover
u_0942,3347,1,snack_lover
u_0942,4180,1,snack_lover
u_0942,4056,1,snack_lover
u_0942,3391,1,snack_lover
u_0942,3277,1,snack_lover
u_0942,3874,1,snack_lover
u_0943,1173,1,fruit_lover
u_0943,3948,1,fruit_lover
u_0943,2139,1,fruit_lover
u_0943,1416,1,fruit_lover
u_0943,2459,1,fruit_lover
u_0943,2562,1,fruit_lover
u_0943,2663,1,fruit_lover
u_0943,266,1,fruit_lover
u_0943,307,1,fruit_lover
u_0943,577,1,fruit_lover
u_0943,882,1,fruit_lover
u_0943,1995,1,fruit_lover
u_0943,2888,1,fruit_lover
u_0943,72,1,fruit_lover
u_0943,2058,1,fruit_lover
u_0943,452,1,fruit_lover
u_0943,1943,1,fruit_lover
u_0943,1913,1,fruit_lover
u_0943,2535,1,fruit_lover
u_0943,132,1,fruit_lover
u_0943,2667,1,fruit_lover
u_0943,16,1,fruit_lover
u_0943,962,1,fruit_lover
u_0943,3425,1,fruit_lover
u_0943,424,1,fruit_lover
u_0943,1071,1,fruit_lover
u_0943,401,1,fruit_lover
u_0943,87,1,fruit_lover
u_0944,511,1,veg_cook
u_0944,905,1,veg_cook
u_0944,502,1,veg_cook
u_0944,1288,1,veg_cook
u_0944,2308,1,veg_cook
u_0944,487,1,veg_cook
u_0944,2405,1,veg_cook
u_0944,796,1,veg_cook
u_0944,2748,1,veg_cook
u_0944,563,1,veg_cook
u_0944,1930,1,veg_cook
u_0944,942,1,veg_cook
u_0944,1579,1,veg_cook
u_0944,753,1,veg_cook
u_0944,997,1,veg_cook
u_0944,462,1,veg_cook
u_0944,2280,1,veg_cook
u_0944,2178,1,veg_cook
u_0944,625,1,veg_cook
u_0944,2230,1,veg_cook
u_0944,1676,1,veg_cook
u_0944,844,1,veg_cook
u_0944,328,1,veg_cook
u_0944,4078,1,veg_cook
u_0944,2333,1,veg_cook
u_0944,2710,1,veg_cook
u_0944,1169,1,veg_cook
u_0944,2092,1,veg_cook
u_0944,1006,1,veg_cook
u_0944,2128,1,veg_cook
u_0944,2045,1,veg_cook
u_0944,529,1,veg_cook
u_0944,669,1,veg_cook
u_0944,2103,1,veg_cook
u_0944,1227,1,veg_cook
u_0944,574,1,veg_cook
u_0944,4946,1,veg_cook
u_0944,572,1,veg_cook
u_0944,2635,1,veg_cook
u_0944,1182,1,veg_cook
u_0944,1877,1,veg_cook
u_0944,1209,1,veg_cook
u_0944,1990,1,veg_cook
u_0944,1608,1,veg_cook
u_0944,886,1,veg_cook
u_0944,558,1,veg_cook
u_0945,684,1,gourmet
u_0945,594,1,gourmet
u_0945,2376,1,gourmet
u_0945,2933,1,gourmet
u_0945,264,1,gourmet
u_0945,1023,1,gourmet
u_0945,1978,1,gourmet
u_0945,2707,1,gourmet
u_0945,959,1,gourmet
u_0945,1949,1,gourmet
u_0945,2117,1,gourmet
u_0945,2158,1,gourmet
u_0945,652,1,gourmet
u_0945,1149,1,gourmet
u_0945,2501,1,gourmet
u_0945,2199,1,gourmet
u_0945,1217,1,gourmet
u_0945,1677,1,gourmet
u_0945,2204,1,gourmet
u_0945,1610,1,gourmet
u_0945,2065,1,gourmet
u_0945,2463,1,gourmet
u_0945,856,1,gourmet
u_0945,2041,1,gourmet
u_0945,2630,1,gourmet
u_0945,294,1,gourmet
u_0945,762,1,gourmet
u_0945,2551,1,gourmet
u_0945,1586,1,gourmet
u_0945,2174,1,gourmet
u_0945,2295,1,gourmet
u_0945,2474,1,gourmet
u_0945,2522,1,gourmet
u_0945,891,1,gourmet
u_0945,3630,1,gourmet
u_0945,2020,1,gourmet
u_0945,2163,1,gourmet
u_0945,1295,1,gourmet
u_0945,2135,1,gourmet
u_0945,2821,1,gourmet
u_0945,1,1,gourmet
u_0945,2576,1,gourmet
u_0945,3008,1,gourmet
u_0945,1201,1,gourmet
u_0945,2675,1,gourmet
u_0945,2048,1,gourmet
u_0945,1168,1,gourmet
u_0946,2761,1,snack_lover
u_0946,3978,1,snack_lover
u_0946,3516,1,snack_lover
u_0946,3046,1,snack_lover
u_0946,430,1,snack_lover
u_0946,3828,1,snack_lover
u_0946,4677,1,snack_lover
u_0946,2513,1,snack_lover
u_0946,3487,1,snack_lover
u_0946,2783,1,snack_lover
u_0946,4034,1,snack_lover
u_0946,3705,1,snack_lover
u_0946,3264,1,snack_lover
u_0946,3550,1,snack_lover
u_0946,2955,1,snack_lover
u_0946,3568,1,snack_lover
u_0946,3211,1,snack_lover
u_0946,3434,1,snack_lover
u_0946,4455,1,snack_lover
u_0946,3123,1,snack_lover
u_0946,4348,1,snack_lover
u_0946,4385,1,snack_lover
u_0946,3915,2,snack_lover
u_0946,3288,1,snack_lover
u_0946,3385,1,snack_lover
u_0946,3668,1,snack_lover
u_0946,4512,1,snack_lover
u_0946,4351,1,snack_lover
u_0946,3573,1,snack_lover
u_0946,1477,1,snack_lover
u_0946,3389,1,snack_lover
u_0946,3391,1,snack_lover
u_0946,3636,1,snack_lover
u_0946,4055,1,snack_lover
u_0946,3232,1,snack_lover
u_0946,3223,1,snack_lover
u_0946,3472,1,snack_lover
u_0946,3350,1,snack_lover
u_0946,4051,1,snack_lover
u_0946,1176,1,snack_lover
u_0946,3057,1,snack_lover
u_0946,2769,1,snack_lover
u_0946,2943,1,snack_lover
u_0947,576,1,veg_cook
u_0947,3202,1,veg_cook
u_0947,1153,1,veg_cook
u_0947,1488,1,veg_cook
u_0947,572,1,veg_cook
u_0947,767,1,veg_cook
u_0947,3033,1,veg_cook
u_0947,3644,1,veg_cook
u_0947,1324,1,veg_cook
u_0947,2257,1,veg_cook
u_0947,834,1,veg_cook
u_0947,785,1,veg_cook
u_0947,1539,1,veg_cook
u_0947,2673,1,veg_cook
u_0947,1075,1,veg_cook
u_0947,556,1,veg_cook
u_0947,2398,1,veg_cook
u_0947,1347,1,veg_cook
u_0947,456,1,veg_cook
u_0947,1240,1,veg_cook
u_0947,2253,1,veg_cook
u_0947,1398,1,veg_cook
u_0947,2658,1,veg_cook
u_0947,588,1,veg_cook
u_0947,1355,1,veg_cook
u_0947,4116,1,veg_cook
u_0947,2056,1,veg_cook
u_0947,2615,1,veg_cook
u_0947,1655,1,veg_cook
u_0947,2495,1,veg_cook
u_0947,1841,1,veg_cook
u_0947,2057,1,veg_cook
u_0948,3312,1,snack_lover
u_0948,3557,1,snack_lover
u_0948,3749,1,snack_lover
u_0948,4122,1,snack_lover
u_0948,3904,1,snack_lover
u_0948,5058,1,snack_lover
u_0948,3340,1,snack_lover
u_0948,3317,1,snack_lover
u_0948,769,1,snack_lover
u_0948,3792,1,snack_lover
u_0948,3230,1,snack_lover
u_0948,3620,1,snack_lover
u_0948,3609,1,snack_lover
u_0948,3294,1,snack_lover
u_0948,3953,1,snack_lover
u_0948,3414,1,snack_lover
u_0948,1687,1,snack_lover
u_0948,3932,1,snack_lover
u_0948,4098,1,snack_lover
u_0948,3293,1,snack_lover
u_0948,3506,1,snack_lover
u_0948,3362,1,snack_lover
u_0948,3907,1,snack_lover
u_0948,4092,1,snack_lover
u_0948,3253,1,snack_lover
u_0948,4463,1,snack_lover
u_0948,3285,1,snack_lover
u_0948,3668,1,snack_lover
u_0948,3660,1,snack_lover
u_0948,3732,1,snack_lover
u_0948,3377,1,snack_lover
u_0948,3822,1,snack_lover
u_0949,3626,1,breakfast_shopper
u_0949,3340,1,breakfast_shopper
u_0949,277,1,breakfast_shopper
u_0949,4312,1,breakfast_shopper
u_0949,2899,1,breakfast_shopper
u_0949,2541,1,breakfast_shopper
u_0949,180,1,breakfast_shopper
u_0949,3615,1,breakfast_shopper
u_0949,4599,1,breakfast_shopper
u_0949,4447,1,breakfast_shopper
u_0949,4333,1,breakfast_shopper
u_0949,414,1,breakfast_shopper
u_0949,2213,1,breakfast_shopper
u_0949,2467,1,breakfast_shopper
u_0949,4428,1,breakfast_shopper
u_0949,2444,1,breakfast_shopper
u_0949,29,1,breakfast_shopper
u_0949,2624,1,breakfast_shopper
u_0949,4299,1,breakfast_shopper
u_0949,4429,1,breakfast_shopper
u_0949,254,1,breakfast_shopper
u_0949,1536,1,breakfast_shopper
u_0949,4208,1,breakfast_shopper
u_0949,2690,1,breakfast_shopper
u_0949,4497,1,breakfast_shopper
u_0949,4202,1,breakfast_shopper
u_0949,4174,1,breakfast_shopper
u_0949,4269,1,breakfast_shopper
u_0949,4371,1,breakfast_shopper
u_0949,4326,1,breakfast_shopper
u_0949,1185,1,breakfast_shopper
u_0949,2835,1,breakfast_shopper
u_0949,793,1,breakfast_shopper
u_0949,45,1,breakfast_shopper
u_0949,4141,1,breakfast_shopper
u_0949,4489,1,breakfast_shopper
u_0950,605,1,household_stocker
u_0950,652,1,household_stocker
u_0950,3086,1,household_stocker
u_0950,2159,1,household_stocker
u_0950,2950,1,household_stocker
u_0950,2659,1,household_stocker
u_0950,2312,1,household_stocker
u_0950,347,1,household_stocker
u_0950,812,1,household_stocker
u_0950,3146,1,household_stocker
u_0950,203,1,household_stocker
u_0950,2333,1,household_stocker
u_0950,448,1,household_stocker
u_0950,2788,1,household_stocker
u_0950,4600,1,household_stocker
u_0950,3164,1,household_stocker
u_0950,2348,1,household_stocker
u_0950,2695,1,household_stocker
u_0950,2069,1,household_stocker
u_0950,90,1,household_stocker
u_0950,1357,1,household_stocker
u_0950,2292,1,household_stocker
u_0950,4901,1,household_stocker
u_0950,4088,1,household_stocker
u_0950,1016,1,household_stocker
u_0950,705,1,household_stocker
u_0950,2430,1,household_stocker
u_0950,2446,1,household_stocker
u_0950,2426,1,household_stocker
u_0951,3497,1,snack_lover
u_0951,4064,1,snack_lover
u_0951,2971,1,snack_lover
u_0951,4462,1,snack_lover
u_0951,3989,1,snack_lover
u_0951,3157,1,snack_lover
u_0951,3496,1,snack_lover
u_0951,4372,1,snack_lover
u_0951,3634,1,snack_lover
u_0951,3982,1,snack_lover
u_0951,3112,1,snack_lover
u_0951,3185,1,snack_lover
u_0951,644,1,snack_lover
u_0951,3611,1,snack_lover
u_0951,3249,1,snack_lover
u_0951,4563,2,snack_lover
u_0951,3702,1,snack_lover
u_0951,3479,1,snack_lover
u_0951,4253,1,snack_lover
u_0951,4490,1,snack_lover
u_0951,4232,1,snack_lover
u_0951,3276,1,snack_lover
u_0951,3343,1,snack_lover
u_0952,851,1,veg_cook
u_0952,2317,1,veg_cook
u_0952,1686,1,veg_cook
u_0952,1308,1,veg_cook
u_0952,1285,1,veg_cook
u_0952,626,1,veg_cook
u_0952,1050,1,veg_cook
u_0952,3294,1,veg_cook
u_0952,1806,1,veg_cook
u_0952,1342,1,veg_cook
u_0952,595,1,veg_cook
u_0952,42,1,veg_cook
u_0952,2370,1,veg_cook
u_0952,1499,1,veg_cook
u_0952,868,1,veg_cook
u_0952,4081,1,veg_cook
u_0952,2231,1,veg_cook
u_0952,2862,1,veg_cook
u_0952,998,1,veg_cook
u_0952,1894,1,veg_cook
u_0952,2690,1,veg_cook
u_0952,380,1,veg_cook
u_0952,1292,1,veg_cook
u_0952,1759,1,veg_cook
u_0952,2061,1,veg_cook
u_0952,2268,1,veg_cook
u_0952,1917,1,veg_cook
u_0952,2355,1,veg_cook
u_0952,807,1,veg_cook
u_0952,2283,1,veg_cook
u_0952,372,1,veg_cook
u_0952,3382,1,veg_cook
u_0953,2131,1,household_stocker
u_0953,1285,1,household_stocker
u_0953,783,1,household_stocker
u_0953,1690,1,household_stocker
u_0953,1700,1,household_stocker
u_0953,3138,1,household_stocker
u_0953,2456,1,household_stocker
u_0953,2902,1,household_stocker
u_0953,2882,1,household_stocker
u_0953,2612,1,household_stocker
u_0953,1378,1,household_stocker
u_0953,1860,1,household_stocker
u_0953,2470,1,household_stocker
u_0953,4096,1,household_stocker
u_0953,2771,1,household_stocker
u_0953,1142,1,household_stocker
u_0953,2557,1,household_stocker
u_0953,2472,1,household_stocker
u_0953,864,1,household_stocker
u_0953,365,1,household_stocker
u_0953,326,1,household_stocker
u_0953,493,1,household_stocker
u_0953,2634,1,household_stocker
u_0953,2874,1,household_stocker
u_0953,228,1,household_stocker
u_0953,2948,1,household_stocker
u_0953,2628,1,household_stocker
u_0953,2702,1,household_stocker
u_0953,3159,1,household_stocker
u_0953,1777,1,household_stocker
u_0953,697,1,household_stocker
u_0953,2815,1,household_stocker
u_0953,2738,1,household_stocker
u_0953,2018,1,household_stocker
u_0953,2479,1,household_stocker
u_0953,4152,1,household_stocker
u_0953,2726,1,household_stocker
u_0953,1257,1,household_stocker
u_0953,3017,1,household_stocker
u_0954,1154,1,gourmet
u_0954,604,1,gourmet
u_0954,185,2,gourmet
u_0954,2199,1,gourmet
u_0954,1901,1,gourmet
u_0954,1887,1,gourmet
u_0954,219,1,gourmet
u_0954,2289,1,gourmet
u_0954,1933,1,gourmet
u_0954,2695,1,gourmet
u_0954,2889,1,gourmet
u_0954,2201,1,gourmet
u_0954,2680,1,gourmet
u_0954,2253,1,gourmet
u_0954,2233,1,gourmet
u_0954,2721,1,gourmet
u_0954,2655,1,gourmet
u_0954,4590,1,gourmet
u_0954,3059,1,gourmet
u_0954,333,1,gourmet
u_0954,2571,1,gourmet
u_0954,64,1,gourmet
u_0954,3581,1,gourmet
u_0954,2198,1,gourmet
u_0954,347,1,gourmet
u_0954,2245,1,gourmet
u_0954,95,1,gourmet
u_0954,1825,1,gourmet
u_0954,1159,1,gourmet
u_0954,2153,1,gourmet
u_0954,2300,1,gourmet
u_0954,2384,1,gourmet
u_0954,700,1,gourmet
u_0954,1427,1,gourmet
u_0954,2042,1,gourmet
u_0954,2831,1,gourmet
u_0954,137,1,gourmet
u_0954,243,1,gourmet
u_0955,2838,1,festival_shopper
u_0955,2841,1,festival_shopper
u_0955,1955,1,festival_shopper
u_0955,4823,1,festival_shopper
u_0955,795,1,festival_shopper
u_0955,1168,1,festival_shopper
u_0955,1128,1,festival_shopper
u_0955,2502,1,festival_shopper
u_0955,928,1,festival_shopper
u_0955,1693,1,festival_shopper
u_0955,2060,1,festival_shopper
u_0955,1398,1,festival_shopper
u_0955,67,1,festival_shopper
u_0955,2425,1,festival_shopper
u_0955,856,1,festival_shopper
u_0955,437,1,festival_shopper
u_0955,2791,1,festival_shopper
u_0955,226,1,festival_shopper
u_0955,2508,1,festival_shopper
u_0955,1828,1,festival_shopper
u_0955,1661,2,festival_shopper
u_0955,453,1,festival_shopper
u_0955,2484,1,festival_shopper
u_0955,778,1,festival_shopper
u_0955,1678,1,festival_shopper
u_0955,4675,1,festival_shopper
u_0955,1558,1,festival_shopper
u_0955,1651,1,festival_shopper
u_0955,618,1,festival_shopper
u_0955,1425,1,festival_shopper
u_0955,2391,1,festival_shopper
u_0955,162,1,festival_shopper
u_0955,1000,1,festival_shopper
u_0955,1722,1,festival_shopper
u_0955,1734,1,festival_shopper
u_0955,1030,1,festival_shopper
u_0955,2737,1,festival_shopper
u_0956,1952,1,veg_cook
u_0956,2743,1,veg_cook
u_0956,2548,1,veg_cook
u_0956,110,1,veg_cook
u_0956,40,1,veg_cook
u_0956,2148,1,veg_cook
u_0956,1843,1,veg_cook
u_0956,834,1,veg_cook
u_0956,1221,1,veg_cook
u_0956,2375,1,veg_cook
u_0956,1319,1,veg_cook
u_0956,2123,1,veg_cook
u_0956,943,1,veg_cook
u_0956,28,1,veg_cook
u_0956,868,1,veg_cook
u_0956,795,1,veg_cook
u_0956,2360,1,veg_cook
u_0956,551,1,veg_cook
u_0956,3515,1,veg_cook
u_0956,2274,1,veg_cook
u_0956,3139,1,veg_cook
u_0956,4647,1,veg_cook
u_0956,2619,1,veg_cook
u_0956,1869,1,veg_cook
u_0956,1606,1,veg_cook
u_0956,3349,1,veg_cook
u_0957,2761,1,household_stocker
u_0957,2175,1,household_stocker
u_0957,2906,2,household_stocker
u_0957,1174,1,household_stocker
u_0957,2361,1,household_stocker
u_0957,3190,1,household_stocker
u_0957,858,1,household_stocker
u_0957,2295,1,household_stocker
u_0957,1850,1,household_stocker
u_0957,374,1,household_stocker
u_0957,2989,1,household_stocker
u_0957,3120,1,household_stocker
u_0957,2728,1,household_stocker
u_0957,696,1,household_stocker
u_0957,2167,1,household_stocker
u_0957,2560,1,household_stocker
u_0957,586,1,household_stocker
u_0957,391,1,household_stocker
u_0957,3184,1,household_stocker
u_0957,1564,1,household_stocker
u_0957,220,1,household_stocker
u_0957,462,1,household_stocker
u_0957,3082,1,household_stocker
u_0957,2796,1,household_stocker
u_0957,3133,1,household_stocker
u_0957,2717,1,household_stocker
u_0957,2064,1,household_stocker
u_0957,2274,1,household_stocker
u_0958,4972,1,breakfast_shopper
u_0958,883,1,breakfast_shopper
u_0958,4254,1,breakfast_shopper
u_0958,4449,1,breakfast_shopper
u_0958,4494,1,breakfast_shopper
u_0958,384,1,breakfast_shopper
u_0958,1471,1,breakfast_shopper
u_0958,2633,1,breakfast_shopper
u_0958,2610,1,breakfast_shopper
u_0958,2567,1,breakfast_shopper
u_0958,4583,1,breakfast_shopper
u_0958,2534,1,breakfast_shopper
u_0958,3376,1,breakfast_shopper
u_0958,3982,1,breakfast_shopper
u_0958,250,1,breakfast_shopper
u_0958,644,1,breakfast_shopper
u_0958,4472,1,breakfast_shopper
u_0958,4412,1,breakfast_shopper
u_0958,2374,1,breakfast_shopper
u_0958,2441,1,breakfast_shopper
u_0958,806,1,breakfast_shopper
u_0958,2497,1,breakfast_shopper
u_0958,2012,1,breakfast_shopper
u_0958,3066,1,breakfast_shopper
u_0958,4342,1,breakfast_shopper
u_0958,2464,1,breakfast_shopper
u_0958,4313,1,breakfast_shopper
u_0958,4308,1,breakfast_shopper
u_0958,3664,1,breakfast_shopper
u_0958,1576,1,breakfast_shopper
u_0958,4564,1,breakfast_shopper
u_0958,2621,1,breakfast_shopper
u_0958,2700,1,breakfast_shopper
u_0958,4176,1,breakfast_shopper
u_0959,2377,1,fruit_lover
u_0959,1157,1,fruit_lover
u_0959,681,1,fruit_lover
u_0959,1199,1,fruit_lover
u_0959,395,1,fruit_lover
u_0959,712,1,fruit_lover
u_0959,2411,1,fruit_lover
u_0959,4333,1,fruit_lover
u_0959,1845,1,fruit_lover
u_0959,1935,1,fruit_lover
u_0959,83,1,fruit_lover
u_0959,17,1,fruit_lover
u_0959,40,1,fruit_lover
u_0959,1490,1,fruit_lover
u_0959,1364,1,fruit_lover
u_0959,2438,1,fruit_lover
u_0959,357,1,fruit_lover
u_0959,2681,1,fruit_lover
u_0959,335,1,fruit_lover
u_0959,4682,1,fruit_lover
u_0959,167,1,fruit_lover
u_0959,2072,1,fruit_lover
u_0959,2824,1,fruit_lover
u_0959,3201,1,fruit_lover
u_0960,1604,1,festival_shopper
u_0960,1694,1,festival_shopper
u_0960,541,1,festival_shopper
u_0960,942,1,festival_shopper
u_0960,1830,1,festival_shopper
u_0960,349,1,festival_shopper
u_0960,3682,1,festival_shopper
u_0960,1592,1,festival_shopper
u_0960,1023,1,festival_shopper
u_0960,1537,1,festival_shopper
u_0960,3518,1,festival_shopper
u_0960,1701,1,festival_shopper
u_0960,3262,1,festival_shopper
u_0960,23,1,festival_shopper
u_0960,1269,1,festival_shopper
u_0960,2343,1,festival_shopper
u_0960,109,1,festival_shopper
u_0960,4605,1,festival_shopper
u_0960,688,1,festival_shopper
u_0960,1677,1,festival_shopper
u_0960,1806,1,festival_shopper
u_0960,2814,1,festival_shopper
u_0960,1175,1,festival_shopper
u_0960,2451,1,festival_shopper
u_0960,1505,1,festival_shopper
u_0960,2953,1,festival_shopper
u_0960,2705,1,festival_shopper
u_0960,858,1,festival_shopper
u_0960,2551,1,festival_shopper
u_0960,1404,1,festival_shopper
u_0960,2843,1,festival_shopper
u_0960,1309,1,festival_shopper
u_0960,1184,1,festival_shopper
u_0960,1727,1,festival_shopper
u_0960,398,1,festival_shopper
u_0960,412,1,festival_shopper
u_0960,1410,1,festival_shopper
u_0960,1695,1,festival_shopper
u_0960,1959,1,festival_shopper
u_0960,1676,1,festival_shopper
u_0960,1565,1,festival_shopper
u_0960,1855,1,festival_shopper
u_0960,1779,1,festival_shopper
u_0960,2217,1,festival_shopper
u_0960,368,1,festival_shopper
u_0961,3097,1,festival_shopper
u_0961,1039,1,festival_shopper
u_0961,796,1,festival_shopper
u_0961,672,1,festival_shopper
u_0961,270,1,festival_shopper
u_0961,2222,1,festival_shopper
u_0961,4240,1,festival_shopper
u_0961,3749,1,festival_shopper
u_0961,1488,1,festival_shopper
u_0961,1409,1,festival_shopper
u_0961,432,1,festival_shopper
u_0961,2379,1,festival_shopper
u_0961,1241,1,festival_shopper
u_0961,123,1,festival_shopper
u_0961,353,1,festival_shopper
u_0961,1630,1,festival_shopper
u_0961,1824,1,festival_shopper
u_0961,1735,1,festival_shopper
u_0961,1528,1,festival_shopper
u_0961,210,1,festival_shopper
u_0961,59,1,festival_shopper
u_0961,2654,1,festival_shopper
u_0961,4173,1,festival_shopper
u_0961,308,1,festival_shopper
u_0961,1813,1,festival_shopper
u_0961,3841,1,festival_shopper
u_0961,1779,1,festival_shopper
u_0961,2540,1,festival_shopper
u_0961,3034,1,festival_shopper
u_0961,57,1,festival_shopper
u_0961,964,1,festival_shopper
u_0961,177,1,festival_shopper
u_0961,2319,1,festival_shopper
u_0961,1022,1,festival_shopper
u_0961,2711,1,festival_shopper
u_0961,1651,1,festival_shopper
u_0961,2724,1,festival_shopper
u_0962,279,1,festival_shopper
u_0962,1527,1,festival_shopper
u_0962,1515,1,festival_shopper
u_0962,2482,1,festival_shopper
u_0962,801,1,festival_shopper
u_0962,3593,1,festival_shopper
u_0962,2199,1,festival_shopper
u_0962,1574,1,festival_shopper
u_0962,3138,1,festival_shopper
u_0962,2362,1,festival_shopper
u_0962,987,1,festival_shopper
u_0962,1981,1,festival_shopper
u_0962,653,1,festival_shopper
u_0962,512,1,festival_shopper
u_0962,1674,1,festival_shopper
u_0962,1683,1,festival_shopper
u_0962,527,1,festival_shopper
u_0962,2954,1,festival_shopper
u_0962,2438,1,festival_shopper
u_0962,4501,1,festival_shopper
u_0962,177,1,festival_shopper
u_0962,24,1,festival_shopper
u_0962,1037,1,festival_shopper
u_0962,16,1,festival_shopper
u_0962,1780,1,festival_shopper
u_0962,2666,1,festival_shopper
u_0962,4210,1,festival_shopper
u_0962,1056,1,festival_shopper
u_0962,2937,1,festival_shopper
u_0962,4148,1,festival_shopper
u_0962,1444,1,festival_shopper
u_0962,814,1,festival_shopper
u_0962,109,1,festival_shopper
u_0962,1541,1,festival_shopper
u_0962,634,1,festival_shopper
u_0962,1493,1,festival_shopper
u_0962,1268,1,festival_shopper
u_0962,2701,1,festival_shopper
u_0963,4293,1,festival_shopper
u_0963,2214,1,festival_shopper
u_0963,299,1,festival_shopper
u_0963,954,1,festival_shopper
u_0963,1727,1,festival_shopper
u_0963,2409,1,festival_shopper
u_0963,434,1,festival_shopper
u_0963,2690,1,festival_shopper
u_0963,1202,1,festival_shopper
u_0963,1403,1,festival_shopper
u_0963,1051,1,festival_shopper
u_0963,1469,1,festival_shopper
u_0963,1470,1,festival_shopper
u_0963,1419,1,festival_shopper
u_0963,1830,1,festival_shopper
u_0963,359,1,festival_shopper
u_0963,144,1,festival_shopper
u_0963,843,1,festival_shopper
u_0963,4067,1,festival_shopper
u_0963,3062,1,festival_shopper
u_0963,609,1,festival_shopper
u_0963,1416,1,festival_shopper
u_0963,1385,1,festival_shopper
u_0963,542,1,festival_shopper
u_0963,1041,1,festival_shopper
u_0963,1360,1,festival_shopper
u_0963,1482,1,festival_shopper
u_0963,3142,1,festival_shopper
u_0963,736,1,festival_shopper
u_0963,2569,1,festival_shopper
u_0963,3110,1,festival_shopper
u_0963,718,1,festival_shopper
u_0963,1604,1,festival_shopper
u_0963,2472,1,festival_shopper
u_0963,775,1,festival_shopper
u_0963,1781,1,festival_shopper
u_0963,2807,1,festival_shopper
u_0963,2846,1,festival_shopper
u_0963,531,1,festival_shopper
u_0963,3613,1,festival_shopper
u_0963,109,1,festival_shopper
u_0963,2184,1,festival_shopper
u_0963,1940,1,festival_shopper
u_0963,2848,1,festival_shopper
u_0963,1753,2,festival_shopper
u_0964,2778,1,household_stocker
u_0964,2422,1,household_stocker
u_0964,1234,1,household_stocker
u_0964,249,1,household_stocker
u_0964,2753,1,household_stocker
u_0964,2341,1,household_stocker
u_0964,2976,1,household_stocker
u_0964,2980,1,household_stocker
u_0964,4501,1,household_stocker
u_0964,2629,1,household_stocker
u_0964,2411,1,household_stocker
u_0964,2476,1,household_stocker
u_0964,721,1,household_stocker
u_0964,2434,1,household_stocker
u_0964,3839,1,household_stocker
u_0964,3094,1,household_stocker
u_0964,582,1,household_stocker
u_0964,3087,1,household_stocker
u_0964,2588,1,household_stocker
u_0964,3374,1,household_stocker
u_0964,237,1,household_stocker
u_0964,1437,1,household_stocker
u_0964,709,1,household_stocker
u_0964,2420,1,household_stocker
u_0964,2361,1,household_stocker
u_0964,1640,1,household_stocker
u_0964,2755,1,household_stocker
u_0964,2440,1,household_stocker
u_0964,2141,1,household_stocker
u_0964,2235,1,household_stocker
u_0964,2891,1,household_stocker
u_0965,3909,1,snack_lover
u_0965,1574,1,snack_lover
u_0965,4049,1,snack_lover
u_0965,3272,1,snack_lover
u_0965,148,1,snack_lover
u_0965,3044,1,snack_lover
u_0965,2955,1,snack_lover
u_0965,4317,1,snack_lover
u_0965,3996,1,snack_lover
u_0965,3936,1,snack_lover
u_0965,4178,1,snack_lover
u_0965,3628,1,snack_lover
u_0965,3146,1,snack_lover
u_0965,4328,1,snack_lover
u_0965,3177,1,snack_lover
u_0965,3959,1,snack_lover
u_0965,1007,1,snack_lover
u_0965,3979,1,snack_lover
u_0965,3641,1,snack_lover
u_0965,3710,1,snack_lover
u_0965,4586,1,snack_lover
u_0965,3012,1,snack_lover
u_0965,4377,1,snack_lover
u_0965,4232,1,snack_lover
u_0965,1729,1,snack_lover
u_0965,1556,1,snack_lover
u_0965,3639,1,snack_lover
u_0965,3686,1,snack_lover
u_0965,3497,1,snack_lover
u_0965,2898,1,snack_lover
u_0965,3369,1,snack_lover
u_0965,2446,1,snack_lover
u_0965,3768,1,snack_lover
u_0965,4153,1,snack_lover
u_0965,3476,1,snack_lover
u_0965,4074,1,snack_lover
u_0965,3843,1,snack_lover
u_0965,3525,1,snack_lover
u_0965,3514,1,snack_lover
u_0965,3999,1,snack_lover
u_0965,2779,1,snack_lover
u_0965,3939,1,snack_lover
u_0965,395,1,snack_lover
u_0965,3316,1,snack_lover
u_0965,3250,1,snack_lover
u_0965,3962,1,snack_lover
u_0965,3275,1,snack_lover
u_0965,4127,1,snack_lover
u_0966,2234,1,gourmet
u_0966,708,1,gourmet
u_0966,1938,1,gourmet
u_0966,547,1,gourmet
u_0966,2032,1,gourmet
u_0966,2552,1,gourmet
u_0966,1544,1,gourmet
u_0966,204,1,gourmet
u_0966,2205,1,gourmet
u_0966,2194,1,gourmet
u_0966,1595,1,gourmet
u_0966,2088,1,gourmet
u_0966,2355,1,gourmet
u_0966,2003,1,gourmet
u_0966,2543,1,gourmet
u_0966,1560,1,gourmet
u_0966,2036,1,gourmet
u_0966,4572,1,gourmet
u_0966,1249,1,gourmet
u_0966,2159,1,gourmet
u_0966,2587,1,gourmet
u_0966,556,1,gourmet
u_0966,2118,1,gourmet
u_0966,3658,1,gourmet
u_0966,1301,1,gourmet
u_0966,2055,2,gourmet
u_0966,260,1,gourmet
u_0966,1204,1,gourmet
u_0966,1842,1,gourmet
u_0966,1987,1,gourmet
u_0966,2206,1,gourmet
u_0966,4914,1,gourmet
u_0966,823,1,gourmet
u_0966,539,1,gourmet
u_0966,2437,1,gourmet
u_0967,111,1,fruit_lover
u_0967,439,1,fruit_lover
u_0967,2384,1,fruit_lover
u_0967,2863,1,fruit_lover
u_0967,6,1,fruit_lover
u_0967,2510,1,fruit_lover
u_0967,1,1,fruit_lover
u_0967,1145,1,fruit_lover
u_0967,3205,1,fruit_lover
u_0967,568,1,fruit_lover
u_0967,3036,1,fruit_lover
u_0967,2613,1,fruit_lover
u_0967,666,1,fruit_lover
u_0967,1203,1,fruit_lover
u_0967,2662,1,fruit_lover
u_0967,4564,1,fruit_lover
u_0967,572,1,fruit_lover
u_0967,45,1,fruit_lover
u_0967,2414,1,fruit_lover
u_0967,143,1,fruit_lover
u_0967,2666,1,fruit_lover
u_0967,4138,1,fruit_lover
u_0967,769,1,fruit_lover
u_0967,2076,1,fruit_lover
u_0967,2521,1,fruit_lover
u_0967,3770,1,fruit_lover
u_0967,2188,1,fruit_lover
u_0968,1662,1,fruit_lover
u_0968,2993,1,fruit_lover
u_0968,2084,1,fruit_lover
u_0968,265,1,fruit_lover
u_0968,3040,1,fruit_lover
u_0968,564,1,fruit_lover
u_0968,2267,1,fruit_lover
u_0968,831,1,fruit_lover
u_0968,585,1,fruit_lover
u_0968,345,1,fruit_lover
u_0968,2294,1,fruit_lover
u_0968,874,1,fruit_lover
u_0968,2813,1,fruit_lover
u_0968,627,1,fruit_lover
u_0968,2604,1,fruit_lover
u_0968,355,1,fruit_lover
u_0968,1274,1,fruit_lover
u_0968,369,1,fruit_lover
u_0968,2092,1,fruit_lover
u_0968,685,1,fruit_lover
u_0968,4190,1,fruit_lover
u_0968,129,1,fruit_lover
u_0968,679,1,fruit_lover
u_0968,2658,1,fruit_lover
u_0968,33,1,fruit_lover
u_0968,1029,1,fruit_lover
u_0968,811,1,fruit_lover
u_0968,210,1,fruit_lover
u_0969,2858,1,fruit_lover
u_0969,76,1,fruit_lover
u_0969,1133,1,fruit_lover
u_0969,239,1,fruit_lover
u_0969,230,1,fruit_lover
u_0969,21,1,fruit_lover
u_0969,2888,1,fruit_lover
u_0969,1948,1,fruit_lover
u_0969,1243,1,fruit_lover
u_0969,4640,1,fruit_lover
u_0969,1921,1,fruit_lover
u_0969,2020,1,fruit_lover
u_0969,114,1,fruit_lover
u_0969,1594,1,fruit_lover
u_0969,3054,1,fruit_lover
u_0969,38,1,fruit_lover
u_0969,46,1,fruit_lover
u_0969,89,1,fruit_lover
u_0969,2174,1,fruit_lover
u_0969,2053,1,fruit_lover
u_0969,252,1,fruit_lover
u_0969,126,1,fruit_lover
u_0969,234,1,fruit_lover
u_0969,1181,1,fruit_lover
u_0969,987,1,fruit_lover
u_0969,78,1,fruit_lover
u_0969,3629,1,fruit_lover
u_0970,818,1,gourmet
u_0970,2215,2,gourmet
u_0970,44,1,gourmet
u_0970,2690,1,gourmet
u_0970,2062,1,gourmet
u_0970,590,1,gourmet
u_0970,1829,1,gourmet
u_0970,2088,1,gourmet
u_0970,2169,1,gourmet
u_0970,2246,1,gourmet
u_0970,830,1,gourmet
u_0970,1974,1,gourmet
u_0970,2023,1,gourmet
u_0970,2498,1,gourmet
u_0970,390,1,gourmet
u_0970,2562,1,gourmet
u_0970,1031,1,gourmet
u_0970,2206,1,gourmet
u_0970,2128,1,gourmet
u_0970,2010,1,gourmet
u_0970,529,1,gourmet
u_0970,2002,1,gourmet
u_0970,366,1,gourmet
u_0970,1872,1,gourmet
u_0970,2671,1,gourmet
u_0970,2581,1,gourmet
u_0970,1937,1,gourmet
u_0970,2402,1,gourmet
u_0970,1878,1,gourmet
u_0970,1956,1,gourmet
u_0970,2900,1,gourmet
u_0970,1330,1,gourmet
u_0970,2224,1,gourmet
u_0970,3030,1,gourmet
u_0970,595,1,gourmet
u_0970,857,1,gourmet
u_0970,2708,1,gourmet
u_0970,3994,1,gourmet
u_0970,654,1,gourmet
u_0971,993,1,breakfast_shopper
u_0971,3307,1,breakfast_shopper
u_0971,476,1,breakfast_shopper
u_0971,4983,1,breakfast_shopper
u_0971,2311,1,breakfast_shopper
u_0971,4499,1,breakfast_shopper
u_0971,4534,1,breakfast_shopper
u_0971,52,1,breakfast_shopper
u_0971,543,1,breakfast_shopper
u_0971,4275,1,breakfast_shopper
u_0971,3275,1,breakfast_shopper
u_0971,3518,1,breakfast_shopper
u_0971,612,1,breakfast_shopper
u_0971,396,1,breakfast_shopper
u_0971,226,1,breakfast_shopper
u_0971,439,1,breakfast_shopper
u_0971,1274,1,breakfast_shopper
u_0971,2312,1,breakfast_shopper
u_0971,4930,1,breakfast_shopper
u_0971,3983,1,breakfast_shopper
u_0971,2624,1,breakfast_shopper
u_0971,15,1,breakfast_shopper
u_0971,3390,1,breakfast_shopper
u_0971,2711,1,breakfast_shopper
u_0972,1582,1,festival_shopper
u_0972,815,1,festival_shopper
u_0972,1405,1,festival_shopper
u_0972,3177,1,festival_shopper
u_0972,2635,1,festival_shopper
u_0972,1830,1,festival_shopper
u_0972,440,1,festival_shopper
u_0972,79,1,festival_shopper
u_0972,2218,1,festival_shopper
u_0972,1078,1,festival_shopper
u_0972,1838,1,festival_shopper
u_0972,37,1,festival_shopper
u_0972,2738,1,festival_shopper
u_0972,1973,1,festival_shopper
u_0972,743,1,festival_shopper
u_0972,2945,1,festival_shopper
u_0972,461,1,festival_shopper
u_0972,603,1,festival_shopper
u_0972,2285,1,festival_shopper
u_0972,325,1,festival_shopper
u_0972,1461,1,festival_shopper
u_0972,1908,1,festival_shopper
u_0972,1601,1,festival_shopper
u_0972,1248,1,festival_shopper
u_0972,2433,1,festival_shopper
u_0972,1622,1,festival_shopper
u_0972,462,1,festival_shopper
u_0972,1831,1,festival_shopper
u_0972,3386,1,festival_shopper
u_0972,2831,1,festival_shopper
u_0972,1710,1,festival_shopper
u_0972,2114,1,festival_shopper
u_0972,1800,1,festival_shopper
u_0972,1478,1,festival_shopper
u_0972,1173,1,festival_shopper
u_0972,1692,1,festival_shopper
u_0972,13,1,festival_shopper
u_0972,1790,1,festival_shopper
u_0972,122,1,festival_shopper
u_0972,1030,1,festival_shopper
u_0973,2531,1,veg_cook
u_0973,702,1,veg_cook
u_0973,750,1,veg_cook
u_0973,776,1,veg_cook
u_0973,1719,1,veg_cook
u_0973,3716,1,veg_cook
u_0973,793,1,veg_cook
u_0973,872,1,veg_cook
u_0973,1240,1,veg_cook
u_0973,879,1,veg_cook
u_0973,4793,1,veg_cook
u_0973,1180,1,veg_cook
u_0973,2109,1,veg_cook
u_0973,508,1,veg_cook
u_0973,4623,1,veg_cook
u_0973,587,1,veg_cook
u_0973,549,1,veg_cook
u_0973,2931,1,veg_cook
u_0973,2992,1,veg_cook
u_0973,888,1,veg_cook
u_0973,947,1,veg_cook
u_0973,589,1,veg_cook
u_0973,936,1,veg_cook
u_0973,2238,1,veg_cook
u_0973,1858,1,veg_cook
u_0973,738,1,veg_cook
u_0973,412,1,veg_cook
u_0973,892,1,veg_cook
u_0973,760,1,veg_cook
u_0973,2455,1,veg_cook
u_0973,1139,2,veg_cook
u_0973,278,1,veg_cook
u_0973,1998,1,veg_cook
u_0973,2552,1,veg_cook
u_0973,818,1,veg_cook
u_0973,2200,1,veg_cook
u_0973,2066,1,veg_cook
u_0974,814,1,fruit_lover
u_0974,500,1,fruit_lover
u_0974,381,1,fruit_lover
u_0974,2279,1,fruit_lover
u_0974,445,1,fruit_lover
u_0974,1160,1,fruit_lover
u_0974,2235,1,fruit_lover
u_0974,4455,1,fruit_lover
u_0974,599,1,fruit_lover
u_0974,2412,1,fruit_lover
u_0974,526,1,fruit_lover
u_0974,4658,1,fruit_lover
u_0974,172,1,fruit_lover
u_0974,3348,1,fruit_lover
u_0974,3919,1,fruit_lover
u_0974,3143,1,fruit_lover
u_0974,1862,1,fruit_lover
u_0974,3209,1,fruit_lover
u_0974,2286,1,fruit_lover
u_0974,2949,1,fruit_lover
u_0974,4317,1,fruit_lover
u_0974,2274,1,fruit_lover
u_0974,1515,1,fruit_lover
u_0974,46,1,fruit_lover
u_0974,243,1,fruit_lover
u_0974,50,1,fruit_lover
u_0974,1674,1,fruit_lover
u_0974,270,1,fruit_lover
u_0974,832,1,fruit_lover
u_0974,2918,1,fruit_lover
u_0974,2498,1,fruit_lover
u_0974,4384,1,fruit_lover
u_0975,3536,1,snack_lover
u_0975,3401,1,snack_lover
u_0975,4492,1,snack_lover
u_0975,2817,1,snack_lover
u_0975,3748,1,snack_lover
u_0975,2242,1,snack_lover
u_0975,4115,1,snack_lover
u_0975,2783,1,snack_lover
u_0975,3789,1,snack_lover
u_0975,3960,1,snack_lover
u_0975,4000,1,snack_lover
u_0975,3588,1,snack_lover
u_0975,1856,1,snack_lover
u_0975,3361,1,snack_lover
u_0975,3689,1,snack_lover
u_0975,3626,1,snack_lover
u_0975,3279,1,snack_lover
u_0975,3773,1,snack_lover
u_0975,3636,1,snack_lover
u_0975,3658,1,snack_lover
u_0975,3663,1,snack_lover
u_0975,2865,1,snack_lover
u_0975,2671,1,snack_lover
u_0975,4186,1,snack_lover
u_0976,957,1,gourmet
u_0976,2384,1,gourmet
u_0976,83,1,gourmet
u_0976,1152,1,gourmet
u_0976,1459,1,gourmet
u_0976,2239,1,gourmet
u_0976,2002,1,gourmet
u_0976,2089,1,gourmet
u_0976,1920,1,gourmet
u_0976,243,1,gourmet
u_0976,1004,1,gourmet
u_0976,1974,1,gourmet
u_0976,2225,1,gourmet
u_0976,1650,1,gourmet
u_0976,1976,1,gourmet
u_0976,1888,1,gourmet
u_0976,522,1,gourmet
u_0976,3708,1,gourmet
u_0976,2316,1,gourmet
u_0976,2802,1,gourmet
u_0976,1996,1,gourmet
u_0976,1127,1,gourmet
u_0976,1087,1,gourmet
u_0976,752,1,gourmet
u_0976,922,1,gourmet
u_0976,1905,1,gourmet
u_0976,1892,1,gourmet
u_0976,1941,1,gourmet
u_0976,1189,1,gourmet
u_0976,1274,1,gourmet
u_0976,2959,1,gourmet
u_0976,2012,1,gourmet
u_0976,188,1,gourmet
u_0976,3016,1,gourmet
u_0976,4668,1,gourmet
u_0976,2040,1,gourmet
u_0976,2109,1,gourmet
u_0976,2252,1,gourmet
u_0976,403,1,gourmet
u_0976,79,2,gourmet
u_0976,976,1,gourmet
u_0976,2522,1,gourmet
u_0977,337,1,fruit_lover
u_0977,175,1,fruit_lover
u_0977,2263,1,fruit_lover
u_0977,385,1,fruit_lover
u_0977,1364,1,fruit_lover
u_0977,150,1,fruit_lover
u_0977,3867,1,fruit_lover
u_0977,2051,1,fruit_lover
u_0977,306,1,fruit_lover
u_0977,269,1,fruit_lover
u_0977,4262,1,fruit_lover
u_0977,2190,1,fruit_lover
u_0977,630,1,fruit_lover
u_0977,4948,1,fruit_lover
u_0977,357,1,fruit_lover
u_0977,1149,1,fruit_lover
u_0977,1958,1,fruit_lover
u_0977,2978,1,fruit_lover
u_0977,2554,1,fruit_lover
u_0977,2229,1,fruit_lover
u_0977,1166,1,fruit_lover
u_0977,807,1,fruit_lover
u_0977,3062,1,fruit_lover
u_0977,115,1,fruit_lover
u_0977,605,1,fruit_lover
u_0977,239,1,fruit_lover
u_0977,945,1,fruit_lover
u_0977,2672,1,fruit_lover
u_0977,703,1,fruit_lover
u_0977,541,1,fruit_lover
u_0977,655,1,fruit_lover
u_0977,222,1,fruit_lover
u_0977,4774,1,fruit_lover
u_0977,136,1,fruit_lover
u_0977,9,1,fruit_lover
u_0978,829,1,veg_cook
u_0978,1845,1,veg_cook
u_0978,937,1,veg_cook
u_0978,3031,1,veg_cook
u_0978,532,1,veg_cook
u_0978,2083,1,veg_cook
u_0978,161,1,veg_cook
u_0978,812,1,veg_cook
u_0978,1604,1,veg_cook
u_0978,2536,1,veg_cook
u_0978,1223,1,veg_cook
u_0978,361,1,veg_cook
u_0978,951,1,veg_cook
u_0978,2521,1,veg_cook
u_0978,103,1,veg_cook
u_0978,983,1,veg_cook
u_0978,4227,1,veg_cook
u_0978,1256,1,veg_cook
u_0978,715,1,veg_cook
u_0978,2192,1,veg_cook
u_0978,1582,1,veg_cook
u_0978,1066,1,veg_cook
u_0978,1186,1,veg_cook
u_0978,526,1,veg_cook
u_0978,472,1,veg_cook
u_0978,1140,1,veg_cook
u_0978,2270,1,veg_cook
u_0978,1972,1,veg_cook
u_0978,2368,1,veg_cook
u_0978,2136,1,veg_cook
u_0978,2354,1,veg_cook
u_0978,1639,1,veg_cook
u_0978,106,1,veg_cook
u_0978,502,1,veg_cook
u_0978,976,1,veg_cook
u_0978,1394,1,veg_cook
u_0978,4198,1,veg_cook
u_0978,680,1,veg_cook
u_0978,1178,1,veg_cook
u_0978,575,1,veg_cook
u_0978,4797,1,veg_cook
u_0978,1064,1,veg_cook
u_0978,2254,1,veg_cook
u_0978,2110,1,veg_cook
u_0979,1943,1,veg_cook
u_0979,1108,1,veg_cook
u_0979,3913,1,veg_cook
u_0979,270,1,veg_cook
u_0979,942,1,veg_cook
u_0979,1318,1,veg_cook
u_0979,934,1,veg_cook
u_0979,2009,1,veg_cook
u_0979,1420,1,veg_cook
u_0979,1326,1,veg_cook
u_0979,4262,1,veg_cook
u_0979,2641,1,veg_cook
u_0979,556,1,veg_cook
u_0979,2252,1,veg_cook
u_0979,948,1,veg_cook
u_0979,2462,1,veg_cook
u_0979,2741,1,veg_cook
u_0979,1338,1,veg_cook
u_0979,793,2,veg_cook
u_0979,694,1,veg_cook
u_0979,3149,1,veg_cook
u_0979,2029,1,veg_cook
u_0979,2142,1,veg_cook
u_0979,551,1,veg_cook
u_0979,1544,1,veg_cook
u_0979,1575,1,veg_cook
u_0979,2990,1,veg_cook
u_0979,932,2,veg_cook
u_0979,2696,1,veg_cook
u_0979,2938,1,veg_cook
u_0979,1194,1,veg_cook
u_0980,2632,1,breakfast_shopper
u_0980,2620,1,breakfast_shopper
u_0980,2629,1,breakfast_shopper
u_0980,250,1,breakfast_shopper
u_0980,3743,1,breakfast_shopper
u_0980,2612,1,breakfast_shopper
u_0980,4335,1,breakfast_shopper
u_0980,2493,1,breakfast_shopper
u_0980,4591,1,breakfast_shopper
u_0980,4411,1,breakfast_shopper
u_0980,4594,1,breakfast_shopper
u_0980,262,1,breakfast_shopper
u_0980,4405,1,breakfast_shopper
u_0980,3444,1,breakfast_shopper
u_0980,4320,1,breakfast_shopper
u_0980,538,1,breakfast_shopper
u_0980,253,1,breakfast_shopper
u_0980,4235,1,breakfast_shopper
u_0980,1115,1,breakfast_shopper
u_0980,4733,1,breakfast_shopper
u_0980,410,1,breakfast_shopper
u_0980,190,1,breakfast_shopper
u_0980,1898,1,breakfast_shopper
u_0980,2460,1,breakfast_shopper
u_0980,4947,1,breakfast_shopper
u_0980,4558,1,breakfast_shopper
u_0980,82,1,breakfast_shopper
u_0980,4319,1,breakfast_shopper
u_0980,2422,1,breakfast_shopper
u_0980,4293,1,breakfast_shopper
u_0980,1353,1,breakfast_shopper
u_0980,4556,1,breakfast_shopper
u_0980,4116,1,breakfast_shopper
u_0980,534,1,breakfast_shopper
u_0980,1275,1,breakfast_shopper
u_0980,4438,1,breakfast_shopper
u_0980,362,1,breakfast_shopper
u_0980,4483,1,breakfast_shopper
u_0980,104,1,breakfast_shopper
u_0980,4250,1,breakfast_shopper
u_0980,4288,1,breakfast_shopper
u_0980,4958,1,breakfast_shopper
u_0980,4374,1,breakfast_shopper
u_0980,4196,1,breakfast_shopper
u_0980,3613,1,breakfast_shopper
u_0980,660,1,breakfast_shopper
u_0980,4476,1,breakfast_shopper
u_0980,3270,1,breakfast_shopper
u_0981,1417,1,fruit_lover
u_0981,67,1,fruit_lover
u_0981,1555,1,fruit_lover
u_0981,397,1,fruit_lover
u_0981,2007,1,fruit_lover
u_0981,892,1,fruit_lover
u_0981,1036,1,fruit_lover
u_0981,2424,1,fruit_lover
u_0981,81,1,fruit_lover
u_0981,324,1,fruit_lover
u_0981,1316,1,fruit_lover
u_0981,114,1,fruit_lover
u_0981,719,1,fruit_lover
u_0981,333,1,fruit_lover
u_0981,873,1,fruit_lover
u_0981,1357,1,fruit_lover
u_0981,187,1,fruit_lover
u_0981,862,1,fruit_lover
u_0981,272,1,fruit_lover
u_0981,107,1,fruit_lover
u_0981,153,1,fruit_lover
u_0981,2068,1,fruit_lover
u_0981,2646,1,fruit_lover
u_0981,580,1,fruit_lover
u_0981,39,1,fruit_lover
u_0981,28,1,fruit_lover
u_0981,664,1,fruit_lover
u_0981,332,1,fruit_lover
u_0981,1520,1,fruit_lover
u_0982,76,1,gourmet
u_0982,4561,1,gourmet
u_0982,2541,1,gourmet
u_0982,228,1,gourmet
u_0982,2075,1,gourmet
u_0982,2181,1,gourmet
u_0982,2570,1,gourmet
u_0982,2627,1,gourmet
u_0982,2677,1,gourmet
u_0982,2246,1,gourmet
u_0982,26,1,gourmet
u_0982,542,1,gourmet
u_0982,727,1,gourmet
u_0982,1065,1,gourmet
u_0982,695,1,gourmet
u_0982,604,1,gourmet
u_0982,2201,1,gourmet
u_0982,3379,1,gourmet
u_0982,2188,1,gourmet
u_0982,2447,1,gourmet
u_0982,1905,1,gourmet
u_0982,1897,1,gourmet
u_0982,256,1,gourmet
u_0982,2635,1,gourmet
u_0982,738,1,gourmet
u_0982,1741,1,gourmet
u_0982,2203,1,gourmet
u_0982,1924,1,gourmet
u_0982,3024,1,gourmet
u_0982,4332,1,gourmet
u_0982,1895,1,gourmet
u_0982,2131,1,gourmet
u_0982,3221,1,gourmet
u_0982,252,1,gourmet
u_0982,1893,1,gourmet
u_0982,57,1,gourmet
u_0982,3946,1,gourmet
u_0982,676,1,gourmet
u_0982,1967,1,gourmet
u_0982,1949,1,gourmet
u_0983,243,1,household_stocker
u_0983,3074,1,household_stocker
u_0983,2885,1,household_stocker
u_0983,3126,1,household_stocker
u_0983,3002,1,household_stocker
u_0983,2982,1,household_stocker
u_0983,2637,1,household_stocker
u_0983,2624,1,household_stocker
u_0983,2371,1,household_stocker
u_0983,3044,1,household_stocker
u_0983,3119,1,household_stocker
u_0983,2608,1,household_stocker
u_0983,2829,1,household_stocker
u_0983,2952,1,household_stocker
u_0983,3129,1,household_stocker
u_0983,3173,1,household_stocker
u_0983,2850,1,household_stocker
u_0983,2389,1,household_stocker
u_0983,4476,1,household_stocker
u_0983,3518,1,household_stocker
u_0983,719,1,household_stocker
u_0983,2953,1,household_stocker
u_0983,2656,1,household_stocker
u_0983,2325,1,household_stocker
u_0983,3081,1,household_stocker
u_0983,2082,1,household_stocker
u_0983,4520,1,household_stocker
u_0983,1360,1,household_stocker
u_0983,2895,1,household_stocker
u_0983,2803,1,household_stocker
u_0983,1055,1,household_stocker
u_0983,1987,1,household_stocker
u_0984,2606,1,festival_shopper
u_0984,1575,1,festival_shopper
u_0984,2389,1,festival_shopper
u_0984,1172,1,festival_shopper
u_0984,5,1,festival_shopper
u_0984,2182,1,festival_shopper
u_0984,473,1,festival_shopper
u_0984,1251,1,festival_shopper
u_0984,2430,1,festival_shopper
u_0984,1705,1,festival_shopper
u_0984,2371,1,festival_shopper
u_0984,3301,1,festival_shopper
u_0984,244,1,festival_shopper
u_0984,566,1,festival_shopper
u_0984,1003,1,festival_shopper
u_0984,1002,1,festival_shopper
u_0984,1778,1,festival_shopper
u_0984,2044,1,festival_shopper
u_0984,839,1,festival_shopper
u_0984,821,1,festival_shopper
u_0984,2863,1,festival_shopper
u_0984,1681,1,festival_shopper
u_0984,3366,1,festival_shopper
u_0984,790,1,festival_shopper
u_0984,664,1,festival_shopper
u_0984,1463,1,festival_shopper
u_0984,1311,1,festival_shopper
u_0984,1789,1,festival_shopper
u_0984,4771,1,festival_shopper
u_0984,1429,1,festival_shopper
u_0984,3123,1,festival_shopper
u_0985,738,1,gourmet
u_0985,2730,1,gourmet
u_0985,2296,1,gourmet
u_0985,2276,1,gourmet
u_0985,2786,1,gourmet
u_0985,2858,1,gourmet
u_0985,533,1,gourmet
u_0985,2759,1,gourmet
u_0985,2013,1,gourmet
u_0985,2015,1,gourmet
u_0985,2356,1,gourmet
u_0985,2003,1,gourmet
u_0985,2892,1,gourmet
u_0985,2240,1,gourmet
u_0985,597,1,gourmet
u_0985,2247,1,gourmet
u_0985,3202,1,gourmet
u_0985,1520,1,gourmet
u_0985,1331,1,gourmet
u_0985,812,1,gourmet
u_0985,2287,1,gourmet
u_0985,79,1,gourmet
u_0985,2399,1,gourmet
u_0985,1319,1,gourmet
u_0985,495,1,gourmet
u_0985,2434,1,gourmet
u_0985,4947,1,gourmet
u_0985,2086,1,gourmet
u_0985,1655,1,gourmet
u_0985,797,1,gourmet
u_0985,1894,1,gourmet
u_0985,509,1,gourmet
u_0985,1706,1,gourmet
u_0985,88,1,gourmet
u_0985,776,1,gourmet
u_0985,2322,1,gourmet
u_0985,208,1,gourmet
u_0985,2582,1,gourmet
u_0985,1955,1,gourmet
u_0985,1990,1,gourmet
u_0986,3981,1,snack_lover
u_0986,3463,1,snack_lover
u_0986,3302,1,snack_lover
u_0986,4379,1,snack_lover
u_0986,3686,1,snack_lover
u_0986,4024,1,snack_lover
u_0986,3631,1,snack_lover
u_0986,4562,1,snack_lover
u_0986,3248,1,snack_lover
u_0986,3232,1,snack_lover
u_0986,579,1,snack_lover
u_0986,332,1,snack_lover
u_0986,4234,1,snack_lover
u_0986,4181,1,snack_lover
u_0986,4508,1,snack_lover
u_0986,3450,1,snack_lover
u_0986,2783,1,snack_lover
u_0986,4325,1,snack_lover
u_0986,2903,1,snack_lover
u_0986,4016,1,snack_lover
u_0986,3805,1,snack_lover
u_0986,3562,1,snack_lover
u_0986,4407,1,snack_lover
u_0986,3425,1,snack_lover
u_0986,3406,1,snack_lover
u_0986,3034,1,snack_lover
u_0986,4471,1,snack_lover
u_0986,3183,1,snack_lover
u_0986,3473,1,snack_lover
u_0986,3690,1,snack_lover
u_0986,4449,1,snack_lover
u_0986,4030,1,snack_lover
u_0986,2836,1,snack_lover
u_0986,2839,1,snack_lover
u_0986,3066,1,snack_lover
u_0986,3586,1,snack_lover
u_0986,3158,1,snack_lover
u_0986,3330,1,snack_lover
u_0986,3338,1,snack_lover
u_0986,3595,1,snack_lover
u_0986,4014,1,snack_lover
u_0986,3593,1,snack_lover
u_0986,1901,1,snack_lover
u_0986,2969,1,snack_lover
u_0987,978,1,veg_cook
u_0987,2729,1,veg_cook
u_0987,1966,1,veg_cook
u_0987,1126,1,veg_cook
u_0987,1366,1,veg_cook
u_0987,4688,1,veg_cook
u_0987,555,1,veg_cook
u_0987,1329,1,veg_cook
u_0987,3028,1,veg_cook
u_0987,1317,1,veg_cook
u_0987,2056,1,veg_cook
u_0987,1173,1,veg_cook
u_0987,860,1,veg_cook
u_0987,557,1,veg_cook
u_0987,2297,1,veg_cook
u_0987,1482,1,veg_cook
u_0987,1983,1,veg_cook
u_0987,530,1,veg_cook
u_0987,1209,1,veg_cook
u_0987,921,1,veg_cook
u_0987,727,1,veg_cook
u_0987,2413,1,veg_cook
u_0987,2634,1,veg_cook
u_0987,2495,1,veg_cook
u_0987,633,1,veg_cook
u_0987,832,1,veg_cook
u_0987,1993,1,veg_cook
u_0987,2569,1,veg_cook
u_0987,2797,1,veg_cook
u_0987,1378,1,veg_cook
u_0987,1522,1,veg_cook
u_0987,933,1,veg_cook
u_0987,1327,1,veg_cook
u_0987,4109,1,veg_cook
u_0987,880,1,veg_cook
u_0987,3879,1,veg_cook
u_0987,607,1,veg_cook
u_0987,1301,1,veg_cook
u_0987,572,1,veg_cook
u_0987,2167,1,veg_cook
u_0987,4559,1,veg_cook
u_0987,779,1,veg_cook
u_0987,1246,1,veg_cook
u_0987,1334,1,veg_cook
u_0988,3425,1,snack_lover
u_0988,4118,1,snack_lover
u_0988,4442,1,snack_lover
u_0988,2950,1,snack_lover
u_0988,4545,1,snack_lover
u_0988,4052,1,snack_lover
u_0988,2796,1,snack_lover
u_0988,3366,1,snack_lover
u_0988,2012,1,snack_lover
u_0988,3474,1,snack_lover
u_0988,3789,1,snack_lover
u_0988,4428,1,snack_lover
u_0988,4064,1,snack_lover
u_0988,4573,1,snack_lover
u_0988,2870,1,snack_lover
u_0988,3233,1,snack_lover
u_0988,4642,1,snack_lover
u_0988,3283,1,snack_lover
u_0988,4028,1,snack_lover
u_0988,4435,1,snack_lover
u_0988,701,1,snack_lover
u_0988,3324,1,snack_lover
u_0988,3580,1,snack_lover
u_0988,2916,1,snack_lover
u_0988,2911,1,snack_lover
u_0988,4844,1,snack_lover
u_0989,971,1,household_stocker
u_0989,2761,1,household_stocker
u_0989,2373,1,household_stocker
u_0989,834,1,household_stocker
u_0989,829,1,household_stocker
u_0989,2382,1,household_stocker
u_0989,3121,1,household_stocker
u_0989,1815,1,household_stocker
u_0989,2991,1,household_stocker
u_0989,2625,1,household_stocker
u_0989,3214,1,household_stocker
u_0989,1666,1,household_stocker
u_0989,192,1,household_stocker
u_0989,3270,1,household_stocker
u_0989,1086,1,household_stocker
u_0989,4155,1,household_stocker
u_0989,3209,1,household_stocker
u_0989,2736,1,household_stocker
u_0989,2137,1,household_stocker
u_0989,2478,1,household_stocker
u_0989,4563,1,household_stocker
u_0989,2745,1,household_stocker
u_0989,2264,1,household_stocker
u_0989,1309,1,household_stocker
u_0989,131,1,household_stocker
u_0989,2321,1,household_stocker
u_0989,4721,1,household_stocker
u_0989,2327,1,household_stocker
u_0989,2737,1,household_stocker
u_0989,1741,1,household_stocker
u_0989,2867,1,household_stocker
u_0990,3393,1,breakfast_shopper
u_0990,331,1,breakfast_shopper
u_0990,540,1,breakfast_shopper
u_0990,14,1,breakfast_shopper
u_0990,4420,1,breakfast_shopper
u_0990,2392,1,breakfast_shopper
u_0990,3260,1,breakfast_shopper
u_0990,2701,1,breakfast_shopper
u_0990,4145,1,breakfast_shopper
u_0990,4518,1,breakfast_shopper
u_0990,4185,1,breakfast_shopper
u_0990,4335,1,breakfast_shopper
u_0990,4451,1,breakfast_shopper
u_0990,1134,1,breakfast_shopper
u_0990,158,1,breakfast_shopper
u_0990,901,1,breakfast_shopper
u_0990,4169,1,breakfast_shopper
u_0990,2460,1,breakfast_shopper
u_0990,2142,1,breakfast_shopper
u_0990,466,1,breakfast_shopper
u_0990,380,1,breakfast_shopper
u_0990,2971,1,breakfast_shopper
u_0990,4476,1,breakfast_shopper
u_0990,3014,1,breakfast_shopper
u_0990,4257,1,breakfast_shopper
u_0990,703,1,breakfast_shopper
u_0990,762,1,breakfast_shopper
u_0990,4615,1,breakfast_shopper
u_0990,4227,1,breakfast_shopper
u_0990,4164,1,breakfast_shopper
u_0990,1025,1,breakfast_shopper
u_0990,1653,1,breakfast_shopper
u_0990,4526,1,breakfast_shopper
u_0990,2329,1,breakfast_shopper
u_0990,3405,1,breakfast_shopper
u_0990,4357,1,breakfast_shopper
u_0990,152,2,breakfast_shopper
u_0991,1752,1,festival_shopper
u_0991,2654,1,festival_shopper
u_0991,1916,1,festival_shopper
u_0991,1672,1,festival_shopper
u_0991,1711,1,festival_shopper
u_0991,530,1,festival_shopper
u_0991,2250,1,festival_shopper
u_0991,2719,1,festival_shopper
u_0991,2584,1,festival_shopper
u_0991,643,1,festival_shopper
u_0991,1861,1,festival_shopper
u_0991,784,1,festival_shopper
u_0991,1527,1,festival_shopper
u_0991,1835,1,festival_shopper
u_0991,1723,1,festival_shopper
u_0991,1432,1,festival_shopper
u_0991,1574,1,festival_shopper
u_0991,2751,1,festival_shopper
u_0991,1732,1,festival_shopper
u_0991,5055,1,festival_shopper
u_0991,51,1,festival_shopper
u_0991,1160,1,festival_shopper
u_0991,2347,1,festival_shopper
u_0991,54,1,festival_shopper
u_0991,79,1,festival_shopper
u_0991,1074,1,festival_shopper
u_0991,1812,1,festival_shopper
u_0991,2574,1,festival_shopper
u_0991,4819,1,festival_shopper
u_0991,403,1,festival_shopper
u_0991,47,1,festival_shopper
u_0991,2332,1,festival_shopper
u_0991,1662,1,festival_shopper
u_0991,2996,1,festival_shopper
u_0991,1799,1,festival_shopper
u_0991,4933,1,festival_shopper
u_0992,3011,1,household_stocker
u_0992,1518,1,household_stocker
u_0992,2453,1,household_stocker
u_0992,2365,1,household_stocker
u_0992,2820,1,household_stocker
u_0992,2306,1,household_stocker
u_0992,2609,1,household_stocker
u_0992,4517,1,household_stocker
u_0992,2591,1,household_stocker
u_0992,250,1,household_stocker
u_0992,3043,1,household_stocker
u_0992,1450,1,household_stocker
u_0992,1442,1,household_stocker
u_0992,1102,1,household_stocker
u_0992,2351,1,household_stocker
u_0992,2574,1,household_stocker
u_0992,372,1,household_stocker
u_0992,2494,1,household_stocker
u_0992,614,1,household_stocker
u_0992,2838,1,household_stocker
u_0992,228,1,household_stocker
u_0992,2809,1,household_stocker
u_0992,4445,1,household_stocker
u_0992,3845,1,household_stocker
u_0992,2890,1,household_stocker
u_0992,2368,1,household_stocker
u_0992,2704,1,household_stocker
u_0992,346,1,household_stocker
u_0992,1563,1,household_stocker
u_0992,842,1,household_stocker
u_0992,2495,1,household_stocker
u_0992,1713,1,household_stocker
u_0992,14,1,household_stocker
u_0992,863,1,household_stocker
u_0992,897,1,household_stocker
u_0992,1388,1,household_stocker
u_0992,1461,1,household_stocker
u_0992,960,1,household_stocker
u_0993,2027,1,household_stocker
u_0993,3192,1,household_stocker
u_0993,919,1,household_stocker
u_0993,111,1,household_stocker
u_0993,2392,1,household_stocker
u_0993,887,1,household_stocker
u_0993,1492,1,household_stocker
u_0993,2736,1,household_stocker
u_0993,1148,1,household_stocker
u_0993,640,1,household_stocker
u_0993,2686,1,household_stocker
u_0993,1645,1,household_stocker
u_0993,646,1,household_stocker
u_0993,2424,1,household_stocker
u_0993,2725,1,household_stocker
u_0993,2472,1,household_stocker
u_0993,2457,1,household_stocker
u_0993,2607,1,household_stocker
u_0993,2451,1,household_stocker
u_0993,3189,1,household_stocker
u_0993,800,1,household_stocker
u_0993,2525,1,household_stocker
u_0993,3013,1,household_stocker
u_0993,282,1,household_stocker
u_0993,763,1,household_stocker
u_0993,2539,1,household_stocker
u_0993,133,1,household_stocker
u_0993,2742,1,household_stocker
u_0994,1678,1,gourmet
u_0994,2432,1,gourmet
u_0994,2476,1,gourmet
u_0994,84,1,gourmet
u_0994,2481,1,gourmet
u_0994,172,1,gourmet
u_0994,2186,1,gourmet
u_0994,1031,1,gourmet
u_0994,627,1,gourmet
u_0994,500,1,gourmet
u_0994,1108,1,gourmet
u_0994,2231,1,gourmet
u_0994,2074,1,gourmet
u_0994,2988,1,gourmet
u_0994,2489,1,gourmet
u_0994,3345,1,gourmet
u_0994,2115,1,gourmet
u_0994,26,1,gourmet
u_0994,626,1,gourmet
u_0994,3779,1,gourmet
u_0994,1895,1,gourmet
u_0994,2789,1,gourmet
u_0994,2251,1,gourmet
u_0994,2051,1,gourmet
u_0994,856,1,gourmet
u_0994,990,1,gourmet
u_0994,1975,1,gourmet
u_0994,2041,1,gourmet
u_0994,674,1,gourmet
u_0994,2715,1,gourmet
u_0994,1881,1,gourmet
u_0994,1926,1,gourmet
u_0994,1890,1,gourmet
u_0994,414,1,gourmet
u_0994,1845,1,gourmet
u_0994,3052,1,gourmet
u_0994,1921,1,gourmet
u_0994,2071,1,gourmet
u_0994,2162,1,gourmet
u_0994,643,1,gourmet
u_0994,482,1,gourmet
u_0994,2253,1,gourmet
u_0995,1155,1,festival_shopper
u_0995,1621,1,festival_shopper
u_0995,1165,1,festival_shopper
u_0995,525,1,festival_shopper
u_0995,912,1,festival_shopper
u_0995,3030,1,festival_shopper
u_0995,103,1,festival_shopper
u_0995,1529,1,festival_shopper
u_0995,1037,1,festival_shopper
u_0995,1434,1,festival_shopper
u_0995,1791,1,festival_shopper
u_0995,3593,1,festival_shopper
u_0995,980,1,festival_shopper
u_0995,1462,1,festival_shopper
u_0995,1552,1,festival_shopper
u_0995,28,1,festival_shopper
u_0995,1470,1,festival_shopper
u_0995,1836,1,festival_shopper
u_0995,1772,1,festival_shopper
u_0995,365,1,festival_shopper
u_0995,2547,1,festival_shopper
u_0995,2444,1,festival_shopper
u_0995,911,1,festival_shopper
u_0995,519,1,festival_shopper
u_0995,1048,1,festival_shopper
u_0995,56,1,festival_shopper
u_0995,2601,1,festival_shopper
u_0995,799,1,festival_shopper
u_0995,2314,1,festival_shopper
u_0995,1466,1,festival_shopper
u_0995,4870,1,festival_shopper
u_0995,2866,1,festival_shopper
u_0995,2043,1,festival_shopper
u_0995,2980,1,festival_shopper
u_0995,1975,1,festival_shopper
u_0995,448,1,festival_shopper
u_0995,1837,1,festival_shopper
u_0995,1433,1,festival_shopper
u_0996,269,1,fruit_lover
u_0996,2482,1,fruit_lover
u_0996,2856,1,fruit_lover
u_0996,414,1,fruit_lover
u_0996,235,1,fruit_lover
u_0996,2794,1,fruit_lover
u_0996,845,1,fruit_lover
u_0996,4032,1,fruit_lover
u_0996,4954,1,fruit_lover
u_0996,3165,1,fruit_lover
u_0996,2059,1,fruit_lover
u_0996,2281,2,fruit_lover
u_0996,1409,1,fruit_lover
u_0996,1860,1,fruit_lover
u_0996,4463,1,fruit_lover
u_0996,2616,1,fruit_lover
u_0996,130,1,fruit_lover
u_0996,3193,1,fruit_lover
u_0996,424,1,fruit_lover
u_0996,847,1,fruit_lover
u_0996,3104,1,fruit_lover
u_0996,733,1,fruit_lover
u_0996,2410,1,fruit_lover
u_0996,1753,1,fruit_lover
u_0996,4021,1,fruit_lover
u_0996,4233,1,fruit_lover
u_0996,2014,1,fruit_lover
u_0996,283,1,fruit_lover
u_0996,1487,1,fruit_lover
u_0996,469,1,fruit_lover
u_0997,2300,1,veg_cook
u_0997,2711,1,veg_cook
u_0997,848,1,veg_cook
u_0997,652,1,veg_cook
u_0997,628,1,veg_cook
u_0997,993,1,veg_cook
u_0997,549,1,veg_cook
u_0997,1156,1,veg_cook
u_0997,918,1,veg_cook
u_0997,715,1,veg_cook
u_0997,705,1,veg_cook
u_0997,355,1,veg_cook
u_0997,1740,1,veg_cook
u_0997,1109,1,veg_cook
u_0997,2136,1,veg_cook
u_0997,3068,1,veg_cook
u_0997,1253,1,veg_cook
u_0997,4267,1,veg_cook
u_0997,480,1,veg_cook
u_0997,521,1,veg_cook
u_0997,498,1,veg_cook
u_0997,1605,1,veg_cook
u_0997,4214,1,veg_cook
u_0997,4301,1,veg_cook
u_0997,2217,1,veg_cook
u_0997,901,1,veg_cook
u_0997,2445,1,veg_cook
u_0997,2322,1,veg_cook
u_0997,2974,1,veg_cook
u_0997,3192,1,veg_cook
u_0997,1082,1,veg_cook
u_0997,2860,1,veg_cook
u_0997,365,1,veg_cook
u_0997,1149,2,veg_cook
u_0997,3200,1,veg_cook
u_0997,2758,1,veg_cook
u_0997,755,1,veg_cook
u_0997,869,1,veg_cook
u_0997,2193,1,veg_cook
u_0997,2026,1,veg_cook
u_0998,4379,1,breakfast_shopper
u_0998,4307,1,breakfast_shopper
u_0998,2525,1,breakfast_shopper
u_0998,2363,1,breakfast_shopper
u_0998,123,1,breakfast_shopper
u_0998,3962,1,breakfast_shopper
u_0998,2440,1,breakfast_shopper
u_0998,2467,1,breakfast_shopper
u_0998,3527,1,breakfast_shopper
u_0998,796,1,breakfast_shopper
u_0998,4532,1,breakfast_shopper
u_0998,2445,1,breakfast_shopper
u_0998,4581,1,breakfast_shopper
u_0998,2375,1,breakfast_shopper
u_0998,4286,1,breakfast_shopper
u_0998,2432,1,breakfast_shopper
u_0998,51,1,breakfast_shopper
u_0998,3602,1,breakfast_shopper
u_0998,2625,1,breakfast_shopper
u_0998,2074,1,breakfast_shopper
u_0998,16,1,breakfast_shopper
u_0998,3135,1,breakfast_shopper
u_0998,2499,1,breakfast_shopper
u_0998,2562,1,breakfast_shopper
u_0998,4231,1,breakfast_shopper
u_0998,759,1,breakfast_shopper
u_0998,2672,1,breakfast_shopper
u_0998,4305,1,breakfast_shopper
u_0998,4543,1,breakfast_shopper
u_0998,4427,1,breakfast_shopper
u_0998,4322,1,breakfast_shopper
u_0998,2682,1,breakfast_shopper
u_0998,4330,1,breakfast_shopper
u_0998,284,1,breakfast_shopper
u_0998,2319,1,breakfast_shopper
u_0998,1332,1,breakfast_shopper
u_0998,4271,1,breakfast_shopper
u_0998,4232,1,breakfast_shopper
u_0998,4405,1,breakfast_shopper
u_0998,4566,1,breakfast_shopper
u_0998,2595,1,breakfast_shopper
u_0999,2439,1,household_stocker
u_0999,2958,1,household_stocker
u_0999,2416,1,household_stocker
u_0999,2539,1,household_stocker
u_0999,2911,1,household_stocker
u_0999,2672,1,household_stocker
u_0999,1097,1,household_stocker
u_0999,1589,1,household_stocker
u_0999,1733,1,household_stocker
u_0999,2543,1,household_stocker
u_0999,2865,1,household_stocker
u_0999,1949,1,household_stocker
u_0999,1878,1,household_stocker
u_0999,687,1,household_stocker
u_0999,56,1,household_stocker
u_0999,2650,1,household_stocker
u_0999,406,1,household_stocker
u_0999,2987,1,household_stocker
u_0999,1438,1,household_stocker
u_0999,3016,1,household_stocker
u_0999,4463,1,household_stocker
u_0999,2867,1,household_stocker
u_0999,3017,1,household_stocker
u_0999,2925,1,household_stocker
u_0999,2724,1,household_stocker
u_0999,2397,1,household_stocker
u_0999,720,1,household_stocker
u_0999,1209,1,household_stocker
u_0999,1575,1,household_stocker
u_0999,2839,1,household_stocker
u_0999,2803,1,household_stocker
u_0999,369,1,household_stocker
u_0999,2982,1,household_stocker
u_0999,2870,1,household_stocker
u_0999,4893,1,household_stocker
u_0999,3733,1,household_stocker
