tree
version=v4
num_class=1
num_tree_per_iteration=1
label_index=0
max_feature_idx=17
objective=lambdarank
feature_names=Column_0 Column_1 Column_2 Column_3 Column_4 Column_5 Column_6 Column_7 Column_8 Column_9 Column_10 Column_11 Column_12 Column_13 Column_14 Column_15 Column_16 Column_17
feature_infos=[-0.12235920131206512:0.14100214838981628] [0:0.80379849672317505] [-0.056701447814702988:0.077564582228660583] [0:1] [4.1999998092651367:4.9000000953674316] [0.0076335878111422062:1] [0:1] [0:1] [0:1] [0:1] [0:1] [0:1] [0:1] [0:1] [0:1] [0:1] [0:1] [0:1]
tree_sizes=924 927 932 936 932 939 934 937 940 929 930 942 940 928 939 933 941 941 938 944 941 937 922 929 935 939 940 945 939 927 925 931 931 928 924 927 923 932 929 932 926 931 927 936 925 940 935 930 937 926 926 933 928 929 928 928 926 922 931 929 932 939 934 929 935 932 930 932 935 926 933 933 925 932 927 926 921 928 927 929 927 930 933 937 939 932 937 926 937 931 931 928 926 931 934 920 933 939 937 921 932 936 929 933 927 936 928 935 927 938 929 934 928 925 933 927 921 936 935 932 933 929 929 927 934 930 925 935 935 925 940 933 937 933 925 935 931 932 929 931 927 925 930 933 937 930 935 939 922 935 930 936 931 942 931 934 931 930 941 936 938 938 937 934 943 936 936 944 938 940 930 942 923 925 927 925 930 922 926 936 931 941 937 942 938 937 926 929 933 935 938 923 929 919 938 942 941 931 932 930

Tree=0
num_leaves=7
num_cat=0
split_feature=11 1 1 1 3 3
split_gain=2916.92 125.507 108.614 52.4983 30.6555 25.3543
threshold=1.0000000180025095e-35 0.38751249015331274 0.12566120177507403 0.15761842578649524 0.90116283297538768 0.68265056610107433
decision_type=2 2 2 2 2 2
left_child=2 3 5 -2 -5 -1
right_child=1 -3 -4 4 -6 -7
leaf_value=0.010937309986618198 -0.054654817824697673 -0.016635669770241088 0.050086693432156583 -0.03809545232077511 0.0029727988290179017 0.034419394516383074
leaf_weight=86.323011496977415 222.12705882396949 225.69371572053751 578.35946852850611 442.17053455545238 16.840633791096479 81.00715795144788
leaf_count=1211601 92095 83409 1759365 179594 9125 684529
internal_value=-1.47429e-10 -0.0361255 0.0439218 -0.0425496 -0.0365855 0.0224423
internal_weight=1652.52 906.832 745.69 681.138 459.011 167.33
internal_count=4019718 364223 3655495 280814 188719 1896130
is_linear=0
shrinkage=0.03


Tree=1
num_leaves=7
num_cat=0
split_feature=12 1 3 1 1 1
split_gain=6030.31 784.798 216.434 180.14 115.786 98.664
threshold=1.0000000180025095e-35 0.17586335539817813 0.88517895340919506 0.35283400118350988 0.12566120177507403 0.12441982328891756
decision_type=2 2 2 2 2 2
left_child=1 4 3 5 -1 -2
right_child=2 -3 -4 -5 -6 -7
leaf_value=0.029441338733601038 0.045628055135864959 0.050165288753020391 0.031380842761409074 -0.014767843350796736 -2.2360295319273047e-05 -0.040555408120708618
leaf_weight=168.51012139025988 11.254323421249863 1383.8077943476783 42.591823396665859 299.22120697691025 411.30877293355297 1772.9714542669226
leaf_count=1882138 74777 1283989 26786 44703 489190 218135
internal_value=3.54586e-10 0.0378956 -0.035002 -0.0363735 0.00857649 -0.0399865
internal_weight=4089.67 1963.63 2126.04 2083.45 579.819 1784.23
internal_count=4019718 3655317 364401 337615 2371328 292912
is_linear=0
shrinkage=0.03


Tree=2
num_leaves=7
num_cat=0
split_feature=15 1 1 14 1 1
split_gain=3401.63 708.071 309.753 279.696 187.805 143.763
threshold=1.0000000180025095e-35 0.24227093160152438 0.17586335539817813 1.0000000180025095e-35 0.17404733598232272 0.19275507330894473
decision_type=2 2 2 2 2 2
left_child=1 2 -1 -3 -2 -4
right_child=4 3 5 -5 -6 -7
leaf_value=0.031234491894053838 0.03860851618550689 0.041421019345096989 -0.025954515867426652 0.012938799913162114 -0.038865757887662007 0.0017958831820968925
leaf_weight=219.2837246699055 27.990179724438349 1122.1195918675076 284.00043802405708 430.40776721833572 1374.0328542134303 409.0329876353062
leaf_count=2282437 218416 766645 124728 168310 147301 311881
internal_value=1.06378e-09 0.0212189 0.000240632 0.0335383 -0.0372926 -0.00959706
internal_weight=3866.87 2464.84 912.317 1552.53 1402.02 693.033
internal_count=4019718 3654001 2719046 934955 365717 436609
is_linear=0
shrinkage=0.03


Tree=3
num_leaves=7
num_cat=0
split_feature=3 7 1 1 9 13
split_gain=645.734 328.25 282.967 459.108 242.461 211.535
threshold=0.7130936086177827 1.0000000180025095e-35 0.24227093160152438 0.30784505605697637 1.0000000180025095e-35 1.0000000180025095e-35
decision_type=2 2 2 2 2 2
left_child=1 2 -1 -4 5 -2
right_child=4 -3 3 -5 -6 -7
leaf_value=0.017891068065062184 0.029318281417194562 0.034947301131202431 -0.039284596998866675 -0.0064701307716305261 -0.0041004370897065644 0.0020348583637000827
leaf_weight=207.5504372408468 824.76912890041422 125.62282549624797 627.97547841724008 985.4163472902037 494.45723233908211 370.73811703359388
leaf_count=1605633 1272233 347295 123258 245157 204394 221748
internal_value=1.03869e-11 -0.0117762 -0.015017 -0.0192588 0.0135633 0.0208662
internal_weight=3636.53 1946.57 1820.94 1613.39 1689.96 1195.51
internal_count=4019718 2321343 1974048 368415 1698375 1493981
is_linear=0
shrinkage=0.03


Tree=4
num_leaves=7
num_cat=0
split_feature=3 7 10 3 12 1
split_gain=419.532 322.172 309.459 247.505 232.529 178.635
threshold=0.88517895340919506 1.0000000180025095e-35 1.0000000180025095e-35 0.7130936086177827 1.0000000180025095e-35 0.30405497550964361
decision_type=2 2 2 2 2 2
left_child=1 2 5 -4 -2 -1
right_child=4 -3 3 -5 -6 -7
leaf_value=0.0051314912491878919 0.017587278246508586 -0.016165391409125207 0.028332066149353345 -0.026101009619189219 -0.028514762372867198 0.02351297874671671
leaf_weight=888.16520876024879 117.68778887488588 522.43488102801348 97.09708802725072 321.92545906169107 583.92810269908659 1025.6613735028695
leaf_count=2604367 87417 366337 307281 58678 26786 568852
internal_value=7.87432e-10 0.00510863 0.00987777 -0.0134502 -0.0207677 0.0149897
internal_weight=3556.9 2855.28 2332.85 419.023 701.616 1913.83
internal_count=4019718 3905515 3539178 365959 114203 3173219
is_linear=0
shrinkage=0.03


Tree=5
num_leaves=7
num_cat=0
split_feature=11 3 1 12 1 10
split_gain=365.441 359.465 401.646 379.437 104.742 116.521
threshold=1.0000000180025095e-35 0.7130936086177827 0.30405497550964361 1.0000000180025095e-35 0.10868228599429132 1.0000000180025095e-35
decision_type=2 2 2 2 2 2
left_child=1 4 -3 -4 -1 -6
right_child=-2 2 3 -5 5 -7
leaf_value=-0.0062189683516057298 0.044773605355336817 0.016663560477015147 -0.015339647060004569 0.054376829944605208 0.031322545570195995 0.0032823214953956563
leaf_weight=148.36220363195753 155.81199482492229 508.98609905762714 2062.7088093684943 71.773950342147145 396.33231602654268 201.15899887392879
leaf_count=1226414 364223 1130508 205080 67750 880661 145082
internal_value=1.72374e-09 -0.0020709 -0.00726088 -0.012971 0.0163086 0.0219034
internal_weight=3545.13 3389.32 2643.47 2134.48 745.854 597.491
internal_count=4019718 3655495 1403338 272830 2252157 1025743
is_linear=0
shrinkage=0.03


Tree=6
num_leaves=7
num_cat=0
split_feature=1 1 3 16 14 10
split_gain=511.369 420.248 536.497 403.333 208.122 188.654
threshold=0.24227093160152438 0.38214334845542913 0.7130936086177827 1.0000000180025095e-35 1.0000000180025095e-35 1.0000000180025095e-35
decision_type=2 2 2 2 2 2
left_child=-1 4 3 -3 5 -2
right_child=1 2 -4 -5 -6 -7
leaf_value=0.027236176150138486 -0.021495942958460912 -0.014734398709071419 0.030040166822164219 0.047920897835052698 0.016674128240337819 0.047808346176953134
leaf_weight=525.97196244911174 1323.7599308732606 800.72028937191862 549.63648826170538 103.54163767793216 157.67521174750436 35.403997100162087
leaf_count=3007336 461027 139747 209209 44889 127109 30401
internal_value=-6.51787e-10 -0.00482973 0.0066933 -0.0075151 -0.0158718 -0.0196569
internal_weight=3496.71 2970.74 1453.9 904.262 1516.84 1359.16
internal_count=4019718 1012382 393845 184636 618537 491428
is_linear=0
shrinkage=0.03


Tree=7
num_leaves=7
num_cat=0
split_feature=13 9 1 1 1 7
split_gain=252.152 190.47 122.056 98.3031 189.576 118.558
threshold=1.0000000180025095e-35 1.0000000180025095e-35 0.24484894424676898 0.24227093160152438 0.12566120177507403 1.0000000180025095e-35
decision_type=2 2 2 2 2 2
left_child=1 3 -3 4 -1 -5
right_child=-2 2 -4 5 -6 -7
leaf_value=-0.0091840709292567279 0.034222426716141695 0.0003673200173625196 0.050936117573526847 -0.0070663878026513537 0.02357917291585012 0.04567541280740478
leaf_weight=321.84947057277896 182.60952419904061 76.867129225269309 96.417131308029639 2472.1062786717703 312.26276302170299 37.977426408877363
leaf_count=1655122 364891 264309 100797 776478 802999 55122
internal_value=7.18299e-10 -0.00189351 0.0286351 -0.00358458 0.00696161 -0.00625054
internal_weight=3500.09 3317.48 173.284 3144.2 634.112 2510.08
internal_count=4019718 3654827 365106 3289721 2458121 831600
is_linear=0
shrinkage=0.03


Tree=8
num_leaves=7
num_cat=0
split_feature=11 12 8 15 1 1
split_gain=544.08 500.169 339.376 241.982 44.9628 21.9405
threshold=1.0000000180025095e-35 1.0000000180025095e-35 1.0000000180025095e-35 1.0000000180025095e-35 0.24727065861225131 0.074573922902345671
decision_type=2 2 2 2 2 2
left_child=1 2 3 -1 -4 -3
right_child=-2 5 4 -5 -6 -7
leaf_value=-0.0096915158326581884 0.049022594815347917 -0.011630570567544333 0.015447165876560278 0.03729758579596925 0.050523163570275725 0.047187287241290995
leaf_weight=2808.3558566372849 191.33790537352616 5.5313198911608188 51.561478024668759 101.25549359434808 95.960446231489186 175.94204296261887
leaf_count=2559629 364223 43577 299475 365717 66273 320824
internal_value=-1.20432e-09 -0.00291051 -0.00578862 -0.00804403 0.03845 0.0453406
internal_weight=3429.94 3238.61 3057.13 2909.61 147.522 181.473
internal_count=4019718 3655495 3291094 2925346 365748 364401
is_linear=0
shrinkage=0.03


Tree=9
num_leaves=7
num_cat=0
split_feature=1 3 1 3 5 6
split_gain=456.426 731.701 389.653 737.45 352.069 289.406
threshold=0.17060384899377826 0.7130936086177827 0.38214334845542913 0.90116283297538768 0.14885496348142627 1.0000000180025095e-35
decision_type=2 2 2 2 2 2
left_child=4 -2 3 -3 -1 -4
right_child=1 2 5 -5 -6 -7
leaf_value=-0.029971262379658765 0.03963804693255752 0.046029945511167118 -0.026037232352706559 -0.034585662236322777 0.017420991354074017 0.00083066968862761362
leaf_weight=636.23668578751676 478.93186852172221 340.6833204030554 560.15482630062615 144.81435445838724 180.46880888167652 1010.4719621354016
leaf_count=1124091 664996 654386 59719 35980 1331056 149490
internal_value=-9.51137e-11 0.00628433 -0.00150022 0.0219622 -0.0194904 -0.00876208
internal_weight=3351.76 2535.06 2056.12 485.498 816.705 1570.63
internal_count=4019718 1564571 899575 690366 2455147 209209
is_linear=0
shrinkage=0.03


Tree=10
num_leaves=7
num_cat=0
split_feature=1 1 3 12 9 1
split_gain=879.236 656.599 405.425 586.15 304.052 249.49
threshold=0.24227093160152438 0.17060384899377826 0.7130936086177827 1.0000000180025095e-35 1.0000000180025095e-35 0.38214334845542913
decision_type=2 2 2 2 2 2
left_child=1 -1 4 -4 5 -2
right_child=2 -3 3 -5 -6 -7
leaf_value=0.024288801899466545 0.049108976267510041 -0.026517249527014907 0.049135430312105502 -0.00056089936674753415 -0.026167885730531873 0.0025653596568876594
leaf_weight=280.73499610101862 125.70102895119635 1223.770640688992 515.47075907660474 364.20552639351808 275.13159012062533 570.45790378502716
leaf_count=2455147 207105 552189 468378 123241 45524 168134
internal_value=-2.2725e-10 -0.0170272 0.0138418 0.0285828 0.00047555 0.0110278
internal_weight=3355.47 1504.51 1850.97 879.676 971.291 696.159
internal_count=4019718 3007336 1012382 591619 420763 375239
is_linear=0
shrinkage=0.03


Tree=11
num_leaves=7
num_cat=0
split_feature=12 1 1 14 11 1
split_gain=356.114 254.287 519.565 129.452 121.177 88.2363
threshold=1.0000000180025095e-35 0.24227093160152438 0.30405497550964361 1.0000000180025095e-35 1.0000000180025095e-35 0.099699433892965331
decision_type=2 2 2 2 2 2
left_child=1 5 4 -4 -3 -1
right_child=-2 2 3 -5 -6 -7
leaf_value=-0.0013086273870471269 0.042100188561512791 -0.027328129042350355 0.001542161884863526 0.040313510287437286 0.023223213277108301 0.027613213563865775
leaf_weight=136.73336471544462 170.65899476699997 830.28276087791892 1812.8745597404741 79.971729693876114 44.253117809188552 308.93517529827659
leaf_count=1522052 364401 213755 495303 104082 52952 1267173
internal_value=1.09185e-09 -0.00224852 -0.00563684 0.00320065 -0.0247465 0.0187568
internal_weight=3383.71 3213.05 2767.38 1892.85 874.536 445.669
internal_count=4019718 3655317 866092 599385 266707 2789225
is_linear=0
shrinkage=0.03


Tree=12
num_leaves=7
num_cat=0
split_feature=14 3 9 16 13 1
split_gain=310.317 921.66 249.66 183.234 198.449 51.1367
threshold=1.0000000180025095e-35 0.7130936086177827 1.0000000180025095e-35 1.0000000180025095e-35 1.0000000180025095e-35 0.30405497550964361
decision_type=2 2 2 2 2 2
left_child=2 5 3 4 -1 -2
right_child=1 -3 -4 -5 -6 -7
leaf_value=-0.0018482637418716279 0.022230580555412962 0.023605281479203079 0.043250861541768534 0.038577784695082912 0.030171985174534038 -0.051370424051287014
leaf_weight=2350.8861497804792 8.1782744296360743 265.24190154718235 139.61755983930198 118.23036254118779 187.13208786558243 359.12245966715273
leaf_count=2559881 40676 306947 365106 365635 364891 16582
internal_value=-1.02944e-09 -0.0189583 0.00429441 0.00223128 0.000523593 -0.0496757
internal_weight=3428.41 632.543 2795.87 2656.25 2538.02 367.301
internal_count=4019718 364205 3655513 3290407 2924772 57258
is_linear=0
shrinkage=0.03


Tree=13
num_leaves=7
num_cat=0
split_feature=1 1 1 5 9 16
split_gain=469.664 808.29 227.11 216.055 188.081 420.286
threshold=0.30405497550964361 0.38214334845542913 0.16720987856388095 0.12595419585704806 1.0000000180025095e-35 1.0000000180025095e-35
decision_type=2 2 2 2 2 2
left_child=2 3 -1 -2 5 -3
right_child=1 4 -4 -5 -6 -7
leaf_value=0.0042277661876207418 0.0056070084546088186 0.035364039208610615 0.036636544493640774 -0.026870475012947259 -0.0087692853350448859 -0.0054339141109936611
leaf_weight=388.96706427552272 218.3917563023715 540.81946905406221 389.0438701405219 1171.0103039556852 307.68092264649749 391.02371615543234
leaf_count=2423210 118070 297370 916628 167965 37014 59461
internal_value=-6.82821e-10 -0.00606046 0.02046 -0.0217652 0.0115466 0.0182568
internal_weight=3406.94 2628.93 778.011 1389.4 1239.52 931.843
internal_count=4019718 679880 3339838 286035 393845 356831
is_linear=0
shrinkage=0.03


Tree=14
num_leaves=7
num_cat=0
split_feature=13 3 3 1 14 6
split_gain=314.605 374.804 364.788 292.049 252.023 231.87
threshold=1.0000000180025095e-35 0.7130936086177827 0.7130936086177827 0.1723466292023659 1.0000000180025095e-35 1.0000000180025095e-35
decision_type=2 2 2 2 2 2
left_child=1 3 5 -1 -3 -2
right_child=2 4 -4 -5 -6 -7
leaf_value=-0.0073513748575196949 -0.048456588400816791 -0.0046190564096298594 0.0028769099287228365 0.040451049181820624 0.027779787021507261 0.042639923421832628
leaf_weight=162.00419454769872 301.61108546132164 1956.7373141966127 355.16452076885616 393.37338340065617 241.89491547446232 26.665776794048725
leaf_count=1576647 124786 1169680 221748 601553 306947 18357
internal_value=3.36689e-10 0.00452237 -0.0182034 0.0265189 -0.00104351 -0.0409498
internal_weight=3437.45 2754.01 683.441 555.378 2198.63 328.277
internal_count=4019718 3654827 364891 2178200 1476627 143143
is_linear=0
shrinkage=0.03


Tree=15
num_leaves=7
num_cat=0
split_feature=3 14 1 1 13 1
split_gain=1493.08 1223.61 697.613 435.695 304.693 423.098
threshold=0.7130936086177827 1.0000000180025095e-35 0.25496406853199011 0.1723466292023659 1.0000000180025095e-35 0.38214334845542913
decision_type=2 2 2 2 2 2
left_child=2 -2 3 -1 5 -4
right_child=1 -3 4 -5 -6 -7
leaf_value=0.023139746772896295 0.051258805201259028 -0.0065824469606636854 -0.0078411366986514235 -0.040371839487268302 -0.025742877423086105 0.040815218017960328
leaf_weight=108.02289466454386 711.55202339061361 611.39079869206762 371.6743086551287 920.85780929223256 249.00709123536944 282.20072122314014
leaf_count=1664303 1391428 306947 192634 267068 29113 168225
internal_value=2.81231e-09 0.024543 -0.016812 -0.0336877 0.00243484 0.0131883
internal_weight=3254.71 1322.94 1931.76 1028.88 902.882 653.875
internal_count=4019718 1698375 2321343 1931371 389972 360859
is_linear=0
shrinkage=0.03


Tree=16
num_leaves=7
num_cat=0
split_feature=14 10 7 1 1 1
split_gain=248.513 118.187 122.191 82.0151 34.8927 33.6472
threshold=1.0000000180025095e-35 1.0000000180025095e-35 1.0000000180025095e-35 0.24227093160152438 0.22826716303825381 0.1591824293136597
decision_type=2 2 2 2 2 2
left_child=1 2 3 -1 -3 -4
right_child=-2 4 5 -5 -6 -7
leaf_value=0.0086528143067139199 0.036859805807594737 0.012950174908598866 -0.0099166416870512739 -0.0055785088809653521 0.053424376871672549 0.037500755509716696
leaf_weight=419.99368738452176 156.16786303327535 36.999626144955982 15.588905649579827 2716.5502853234866 40.736603029858088 83.440240014489973
leaf_count=2181800 364205 314039 293076 741417 51920 73261
internal_value=-2.62789e-10 -0.00174793 -0.00263088 -0.00367074 0.0345693 0.0300119
internal_weight=3469.48 3313.31 3235.57 3136.54 77.7362 99.0291
internal_count=4019718 3655513 3289554 2923217 365959 366337
is_linear=0
shrinkage=0.03


Tree=17
num_leaves=7
num_cat=0
split_feature=14 5 3 10 3 16
split_gain=295.536 297.511 254.807 230.121 186.478 144.094
threshold=1.0000000180025095e-35 0.12595419585704806 0.88517895340919506 1.0000000180025095e-35 0.56702890992164623 1.0000000180025095e-35
decision_type=2 2 2 2 2 2
left_child=3 -2 -3 4 -1 -6
right_child=1 2 -4 -5 5 -7
leaf_value=-0.014900971972626418 -0.036567430483322047 0.019533484007010205 -0.028896859666232112 -0.018604110543722536 0.014155238659131396 -0.010060469743076566
leaf_weight=279.45972342548339 353.47742530233518 253.53261631350324 157.75611179388943 332.16030684956058 1800.0560833042837 251.38711036993482
leaf_count=830816 42737 282867 38601 365959 2170430 288308
internal_value=-2.17766e-10 -0.0164253 0.000932249 0.00472135 0.00805185 0.0111844
internal_weight=3427.83 764.766 411.289 2663.06 2330.9 2051.44
internal_count=4019718 364205 321468 3655513 3289554 2458738
is_linear=0
shrinkage=0.03


Tree=18
num_leaves=7
num_cat=0
split_feature=16 10 7 3 3 1
split_gain=154.662 134.463 84.2201 267.58 67.4421 33.3717
threshold=1.0000000180025095e-35 1.0000000180025095e-35 1.0000000180025095e-35 0.7130936086177827 0.56702890992164623 0.3190333247184754
decision_type=2 2 2 2 2 2
left_child=1 2 3 -1 -4 -2
right_child=5 -3 4 -5 -6 -7
leaf_value=0.028045973222534461 0.0074393680785872244 0.03683975986547141 0.018337755635487632 -0.0032740692939661736 -0.019556285535722345 0.046018499315139252
leaf_weight=270.43100097225397 27.920596840980579 80.852622299586073 47.259753582096891 2568.7431517960249 350.00771049270406 76.139135025441647
leaf_count=1391459 301092 365959 200172 1530328 166165 64543
internal_value=2.0869e-09 -0.00113461 -0.00209437 -0.000282015 -0.0150136 0.0358365
internal_weight=3421.35 3317.29 3236.44 2839.17 397.267 104.06
internal_count=4019718 3654083 3288124 2921787 366337 365635
is_linear=0
shrinkage=0.03


Tree=19
num_leaves=7
num_cat=0
split_feature=3 10 13 14 1 16
split_gain=827.823 448.982 250.657 221.587 336.823 243.338
threshold=0.7130936086177827 1.0000000180025095e-35 1.0000000180025095e-35 1.0000000180025095e-35 0.35283400118350988 1.0000000180025095e-35
decision_type=2 2 2 2 2 2
left_child=3 2 -2 4 -1 -6
right_child=1 -3 -4 -5 5 -7
leaf_value=0.018752717493074063 0.028546616898983634 -0.026783008133831162 -0.00069649626515321374 -0.047502417553580548 -0.02296745984181419 0.012157560393828015
leaf_weight=283.31614867541794 1071.5879449295389 197.88096426930861 349.78148451993911 162.94290224251017 1094.9500786651406 211.16079465515213
leaf_count=2052559 1417949 58678 221748 57258 164606 46920
internal_value=-2.03158e-09 0.0154592 0.0213548 -0.0142855 -0.0108525 -0.0172838
internal_weight=3371.62 1619.25 1421.37 1752.37 1589.43 1306.11
internal_count=4019718 1698375 1639697 2321343 2264085 211526
is_linear=0
shrinkage=0.03


Tree=20
num_leaves=7
num_cat=0
split_feature=13 7 14 1 6 1
split_gain=295.969 110.617 61.6866 150.664 67.0745 29.4568
threshold=1.0000000180025095e-35 1.0000000180025095e-35 1.0000000180025095e-35 0.24227093160152438 1.0000000180025095e-35 0.26567496359348303
decision_type=2 2 2 2 2 2
left_child=1 2 4 -4 -1 -2
right_child=5 -3 3 -5 -6 -7
leaf_value=0.0053330367863724049 0.02464817485124263 0.034232922853082874 -0.024920068470864424 0.0038496431702265696 -0.0046122864227942295 0.052287479366385413
leaf_weight=1018.493317012093 62.129190470790491 73.53022319117008 336.16300066492113 318.2093727656902 1519.7350692869513 87.796644882429973
leaf_count=2655328 297082 366337 195895 168310 268957 67809
internal_value=1.81807e-09 -0.00189737 -0.00273996 -0.0109454 -0.000621083 0.041073
internal_weight=3416.06 3266.13 3192.6 654.372 2538.23 149.926
internal_count=4019718 3654827 3288490 364205 2924285 364891
is_linear=0
shrinkage=0.03


Tree=21
num_leaves=7
num_cat=0
split_feature=1 1 12 14 9 1
split_gain=314.675 451.469 225.417 173.372 139.449 132.409
threshold=0.35283400118350988 0.24227093160152438 1.0000000180025095e-35 1.0000000180025095e-35 1.0000000180025095e-35 0.17586335539817813
decision_type=2 2 2 2 2 2
left_child=1 5 3 -3 -2 -1
right_child=4 2 -4 -5 -6 -7
leaf_value=0.0018965310958655834 0.0084030746895320061 -0.025150182478281675 0.045872942401178188 0.009827458529548215 0.052570948771676507 0.029863684305743349
leaf_weight=414.05971971447434 1403.6907269379808 1069.9699165162892 46.221841960868915 144.24326986457163 66.483640864331392 240.19386970966298
leaf_count=2503034 440292 320284 98160 107282 46364 504302
internal_value=-1.22264e-10 -0.00801352 -0.0185039 -0.0209903 0.0104348 0.0121939
internal_weight=3384.86 1914.69 1260.44 1214.21 1470.17 654.254
internal_count=4019718 3533062 525726 427566 486656 3007336
is_linear=0
shrinkage=0.03


Tree=22
num_leaves=7
num_cat=0
split_feature=1 1 1 3 3 14
split_gain=412.017 600.965 378.953 274.63 217.422 148.427
threshold=0.24227093160152438 0.19275507330894473 0.35283400118350988 0.7130936086177827 0.88517895340919506 1.0000000180025095e-35
decision_type=2 2 2 2 2 2
left_child=1 -1 4 -3 -2 -5
right_child=2 3 -4 5 -6 -7
leaf_value=0.018868492040886125 0.047010915750087381 0.03479580781615798 0.0022831557888874552 -0.035521289218471919 -0.01518719748258579 0.020103283827265596
leaf_weight=351.86436006111035 291.19661040576466 58.132303142629098 1806.92141517856 747.0570358865516 60.667242146955687 45.198404073860729
leaf_count=2647440 496467 152515 486656 161908 29259 45473
internal_value=2.32761e-09 -0.0140682 0.00783765 -0.0277026 0.0362743 -0.0323265
internal_weight=3361.04 1202.25 2158.79 850.388 351.864 792.255
internal_count=4019718 3007336 1012382 359896 525726 207381
is_linear=0
shrinkage=0.03


Tree=23
num_leaves=7
num_cat=0
split_feature=14 1 7 1 1 1
split_gain=2474.96 654.256 651.837 598.327 353.294 262.655
threshold=1.0000000180025095e-35 0.30405497550964361 1.0000000180025095e-35 0.24227093160152438 0.38214334845542913 0.30405497550964361
decision_type=2 2 2 2 2 2
left_child=2 3 4 -2 5 -1
right_child=1 -3 -4 -5 -6 -7
leaf_value=0.031177828808693839 0.043621840703273636 0.02459116537137564 -0.013427334323272205 -0.04519989482189167 0.050943282363370743 -0.0018076076718378455
leaf_weight=658.72612768187537 72.102663548430428 162.59660836910189 371.48974867050129 1075.657131839107 518.65024212319986 323.78741468100634
leaf_count=2758431 195895 104082 366337 64228 323976 206769
internal_value=-1.41077e-10 -0.0316107 0.0221241 -0.039587 0.030925 0.0203167
internal_weight=3183.01 1310.36 1872.65 1147.76 1501.16 982.514
internal_count=4019718 364205 3655513 260123 3289176 2965200
is_linear=0
shrinkage=0.03


Tree=24
num_leaves=7
num_cat=0
split_feature=14 1 11 1 12 1
split_gain=989.221 396.224 366.6 365.912 257.174 207.159
threshold=1.0000000180025095e-35 0.38214334845542913 1.0000000180025095e-35 0.24227093160152438 1.0000000180025095e-35 0.19275507330894473
decision_type=2 2 2 2 2 2
left_child=1 -1 4 5 -3 -2
right_child=3 2 -4 -5 -6 -7
leaf_value=0.026860956713248202 0.031676751194761751 -0.0065507583015031725 0.040349466247992218 0.0037586643268495258 0.044278550656705211 -0.044446148727430058
leaf_weight=796.53399814940349 33.376850274187746 1469.0412747125083 192.18027524318313 234.94644809322199 94.405159695226757 579.19768376261345
leaf_count=3302869 142046 231555 86330 168310 34759 53849
internal_value=6.45931e-10 0.00932639 0.00136013 -0.0280627 -0.0034552 -0.0402536
internal_weight=3399.68 2552.16 1755.63 847.521 1563.45 612.575
internal_count=4019718 3655513 352644 364205 266314 195895
is_linear=0
shrinkage=0.03


Tree=25
num_leaves=7
num_cat=0
split_feature=1 3 8 9 14 1
split_gain=267.88 457.955 436.593 262.687 173.69 156.012
threshold=0.24227093160152438 0.7130936086177827 1.0000000180025095e-35 1.0000000180025095e-35 1.0000000180025095e-35 0.16720987856388095
decision_type=2 2 2 2 2 2
left_child=2 -2 5 4 -3 -1
right_child=1 3 -4 -5 -6 -7
leaf_value=0.019823476973917169 0.038295755835127086 -0.0049848277843830982 -0.040588986422807484 0.045487411220217801 0.031269246561151848 -0.0092550489794779138
leaf_weight=249.94358330877731 332.89982393325772 1699.102272504806 336.56537997927808 108.01994136271242 126.88495225533552 489.8970789173909
leaf_count=2162273 420763 392893 297897 57137 141589 547166
internal_value=-2.59982e-09 0.00585127 -0.0123167 0.000249707 -0.00244985 0.000582174
internal_weight=3343.31 2266.91 1076.41 1934.01 1825.99 739.841
internal_count=4019718 1012382 3007336 591619 534482 2709439
is_linear=0
shrinkage=0.03


Tree=26
num_leaves=7
num_cat=0
split_feature=9 3 12 14 1 1
split_gain=691.019 443.445 505.398 411.367 267.625 235.557
threshold=1.0000000180025095e-35 0.7130936086177827 1.0000000180025095e-35 1.0000000180025095e-35 0.30405497550964361 0.24484894424676898
decision_type=2 2 2 2 2 2
left_child=1 2 -1 -3 5 -2
right_child=4 3 -4 -5 -6 -7
leaf_value=0.005370662462063391 0.025326361603572059 0.035786053352593813 -0.043753494864411359 -0.00080132837083409035 0.00039797499331887675 -0.040609833694032885
leaf_weight=937.79609292556415 53.061804017343093 713.70863012231712 234.85321556446434 451.08912739434891 298.83903588751855 526.59122018977359
leaf_count=2101805 264309 1187034 58826 306947 65839 34958
internal_value=2.90043e-09 0.00852569 -0.00449661 0.0216284 -0.0226686 -0.0345408
internal_weight=3215.94 2337.45 1172.65 1164.8 878.492 579.653
internal_count=4019718 3654612 2160631 1493981 365106 299267
is_linear=0
shrinkage=0.03


Tree=27
num_leaves=7
num_cat=0
split_feature=14 8 3 16 9 1
split_gain=307.202 314.98 139.666 152.565 88.5855 53.6412
threshold=1.0000000180025095e-35 1.0000000180025095e-35 0.7130936086177827 1.0000000180025095e-35 1.0000000180025095e-35 0.30405497550964361
decision_type=2 2 2 2 2 2
left_child=1 2 3 -1 -4 -3
right_child=-2 5 4 -5 -6 -7
leaf_value=0.022600505945613671 0.041034230272640818 0.016803119636109448 -0.0094092802645142897 -0.0056531783385724687 0.0086129187928739425 0.055037987851401515
leaf_weight=330.59849812411994 155.67857713727426 53.262803561010514 2154.4609065295845 356.73862691798422 276.22335079489858 91.313124361608061
leaf_count=1721358 364205 313908 1088705 275308 204394 51840
internal_value=-6.37212e-10 -0.00196997 -0.00398256 0.0079495 -0.00735853 0.0411642
internal_weight=3418.28 3262.6 3118.02 687.337 2430.68 144.576
internal_count=4019718 3655513 3289765 1996666 1293099 365748
is_linear=0
shrinkage=0.03


Tree=28
num_leaves=7
num_cat=0
split_feature=1 1 3 9 8 14
split_gain=723.868 432.712 308.976 266.684 266.303 222.464
threshold=0.35283400118350988 0.30405497550964361 0.7407529652118684 1.0000000180025095e-35 1.0000000180025095e-35 1.0000000180025095e-35
decision_type=2 2 2 2 2 2
left_child=1 2 3 -1 -2 -3
right_child=4 5 -4 -5 -6 -7
leaf_value=0.00068661259305268592 0.026703362369250354 0.0033196881690668424 0.020279197827531265 -0.040377317689386495 -0.0040216631015319998 -0.033347296321968332
leaf_weight=485.94709629096178 897.80798821182543 185.84509324326064 466.28224246313039 200.28047439861984 353.49595835015498 745.05991026158154
leaf_count=2110358 443797 150170 1063539 165941 42859 43054
internal_value=1.80576e-09 -0.0108306 0.00145927 -0.0113395 0.0180272 -0.0260314
internal_weight=3334.72 2083.41 1152.51 686.228 1251.3 930.905
internal_count=4019718 3533062 3339838 2276299 486656 193224
is_linear=0
shrinkage=0.03


Tree=29
num_leaves=7
num_cat=0
split_feature=1 8 3 1 13 3
split_gain=228.649 295.025 127.211 126.626 159.303 113.657
threshold=0.35283400118350988 1.0000000180025095e-35 0.56702890992164623 0.19084142148494723 1.0000000180025095e-35 0.7407529652118684
decision_type=2 2 2 2 2 2
left_child=1 3 -2 -1 -5 -3
right_child=2 5 -4 4 -6 -7
leaf_value=0.0061289343085291909 0.040968610451002967 0.019366178511068879 -0.0062160647301261725 0.037262791848760024 -0.0073115278726619149 -0.035457539391806202
leaf_weight=387.25810751445533 51.60152343120717 43.87155221831199 2319.8934826637123 395.4444733986893 87.856083592865616 142.8264026393299
leaf_count=2355697 59067 267550 427589 785503 68973 55339
internal_value=2.90152e-09 0.0115963 -0.00517253 0.0189345 0.0291615 -0.0225401
internal_weight=3428.75 1057.26 2371.5 870.559 483.301 186.698
internal_count=4019718 3533062 486656 3210173 854476 322889
is_linear=0
shrinkage=0.03


Tree=30
num_leaves=7
num_cat=0
split_feature=1 3 1 10 3 10
split_gain=634.809 1690.74 812.37 492.959 230.501 404.568
threshold=0.30405497550964361 0.56702890992164623 0.19084142148494723 1.0000000180025095e-35 0.7407529652118684 1.0000000180025095e-35
decision_type=2 2 2 2 2 2
left_child=2 -2 -1 -3 5 -4
right_child=1 3 4 -5 -6 -7
leaf_value=0.030736951549784071 -0.03147854893169779 0.045879100888106088 0.041333789846190724 -0.024395919477418784 -0.027296072159409834 -0.028863194971230445
leaf_weight=329.38173009000457 466.76902344520204 836.45878735750011 131.73122966280789 100.0046025449119 1173.6372600333125 165.693003269771
leaf_count=2631935 76474 580373 312791 23033 360413 34699
internal_value=5.83498e-10 0.0151208 -0.0117867 0.0383564 -0.0213225 0.00226185
internal_weight=3203.68 1403.23 1800.44 936.463 1471.06 297.424
internal_count=4019718 679880 3339838 603406 707903 347490
is_linear=0
shrinkage=0.03


Tree=31
num_leaves=7
num_cat=0
split_feature=14 1 5 3 5 1
split_gain=339.182 249.863 137.074 92.9116 88.0635 84.0927
threshold=1.0000000180025095e-35 0.30405497550964361 0.31679388880729681 0.83144876360893261 0.13053435087203982 0.48697400093078619
decision_type=2 2 2 2 2 2
left_child=2 -2 3 5 -3 -1
right_child=1 4 -4 -5 -6 -7
leaf_value=-0.0032003948198862596 0.030531817708115208 0.043900280389122102 0.02450189141765657 0.016232795426256018 -0.024028178175658846 0.012555236936654996
leaf_weight=1461.8295227150229 89.074824220551818 16.710059991703019 298.57412893410947 387.02516709915653 719.84286136164155 384.15300910307269
leaf_count=2695976 260123 12604 571204 282684 91478 105649
internal_value=1.54809e-09 -0.0166858 0.00544619 0.00288844 -0.0224297 8.34092e-05
internal_weight=3357.21 825.628 2531.58 2233.01 736.553 1845.98
internal_count=4019718 364205 3655513 3084309 104082 2801625
is_linear=0
shrinkage=0.03


Tree=32
num_leaves=7
num_cat=0
split_feature=5 14 5 5 11 3
split_gain=252.632 756.745 238.811 159.3 119.759 125.962
threshold=0.31679388880729681 1.0000000180025095e-35 0.3763358891010285 0.13053435087203982 1.0000000180025095e-35 0.83144876360893261
decision_type=2 2 2 2 2 2
left_child=1 4 -2 -3 5 -1
right_child=2 3 -4 -5 -6 -7
leaf_value=0.018453822635828579 -0.026256586288422007 -0.03428295398144561 0.0014939776084746451 0.014216443373681657 0.035567369249359757 -0.00085357346244563435
leaf_weight=971.07935513416305 524.87064484292205 408.09155983345408 594.52655432494066 71.053022653242806 233.99995382034103 442.44414882834826
leaf_count=2603320 212784 45113 591971 85541 304056 176933
internal_value=1.21717e-09 0.00607137 -0.0115297 -0.0270763 0.0157222 0.0124141
internal_weight=3246.07 2126.67 1119.4 479.145 1647.52 1413.52
internal_count=4019718 3214963 804755 130654 3084309 2780253
is_linear=0
shrinkage=0.03


Tree=33
num_leaves=7
num_cat=0
split_feature=5 11 3 1 1 16
split_gain=331.952 219.971 322.373 202.19 175.511 111.577
threshold=0.31679388880729681 1.0000000180025095e-35 0.83144876360893261 0.48697400093078619 0.35283400118350988 1.0000000180025095e-35
decision_type=2 2 2 2 2 2
left_child=1 3 -3 4 -1 -5
right_child=-2 2 -4 5 -6 -7
leaf_value=0.0019405625980102484 0.025104985928541726 0.018511517374283047 -0.025391048245870348 -0.01684875542378933 0.026501231219748012 0.012250496838419334
leaf_weight=884.9716940798171 413.1275179728982 190.84087542339694 700.88459149255505 565.4809876823565 371.01028669301013 149.2100913861068
leaf_count=2620691 804755 198305 105751 47714 200807 41695
internal_value=2.58699e-09 -0.00363088 -0.0159851 0.00196466 0.00921096 -0.0107649
internal_weight=3275.53 2862.4 891.725 1970.67 1255.98 714.691
internal_count=4019718 3214963 304056 2910907 2821498 89409
is_linear=0
shrinkage=0.03


Tree=34
num_leaves=7
num_cat=0
split_feature=1 3 11 5 3 3
split_gain=222.65 275.136 131.217 155.63 352.642 179.241
threshold=0.38214334845542913 0.7407529652118684 1.0000000180025095e-35 0.38702291250228887 0.83144876360893261 0.7130936086177827
decision_type=2 2 2 2 2 2
left_child=1 -1 3 4 -2 -5
right_child=2 -3 -4 5 -6 -7
leaf_value=-0.0022623205867169467 0.02081096653261608 0.026748398712512764 -0.018093658464710415 -0.032125904499228135 -0.015032084697673627 0.0041023324392973157
leaf_weight=679.28878453645302 576.89085084276303 517.83497666953917 576.3712853453253 260.05480174682452 430.57146038280916 231.88190603646217
leaf_count=2408868 227936 1217005 86330 23194 23933 32452
internal_value=1.32537e-10 0.0102986 -0.00594142 -0.00126114 0.00549257 -0.0150755
internal_weight=3272.89 1197.12 2075.77 1499.4 1007.46 491.937
internal_count=4019718 3625873 393845 307515 251869 55646
is_linear=0
shrinkage=0.03


Tree=35
num_leaves=7
num_cat=0
split_feature=5 1 1 5 11 1
split_gain=580.578 583.152 481.244 365.986 261.209 170.674
threshold=0.3763358891010285 0.35283400118350988 0.19084142148494723 0.38702291250228887 1.0000000180025095e-35 0.48697400093078619
decision_type=2 2 2 2 2 2
left_child=1 -1 -2 -4 5 -3
right_child=2 4 3 -5 -6 -7
leaf_value=0.031584601343168872 -0.039362546077893842 -0.011654747662744153 -0.032676078397015043 0.026440064383717231 0.031120783645571876 0.014023085205947458
leaf_weight=671.24765024523367 513.39416387605161 1103.838148163486 149.11110182055563 252.33267893195443 190.43336235263268 294.31017608447291
leaf_count=3021125 356338 212024 12622 223011 99834 94764
internal_value=2.03357e-09 0.00816284 -0.0201507 0.0044555 -0.00174756 -0.00624341
internal_weight=3174.67 2259.83 914.838 401.444 1588.58 1398.15
internal_count=4019718 3427747 591971 235633 406622 306788
is_linear=0
shrinkage=0.03


Tree=36
num_leaves=7
num_cat=0
split_feature=1 14 3 5 1 3
split_gain=331.18 465.922 166.334 158.95 135.858 112.511
threshold=0.19275507330894473 1.0000000180025095e-35 0.7130936086177827 0.33206106722354894 0.24727065861225131 0.88517895340919506
decision_type=2 2 2 2 2 2
left_child=1 -1 -2 -3 -4 -6
right_child=2 3 4 -5 5 -7
leaf_value=0.005300378203332008 0.019401380518715365 -0.046421015804307623 0.036141695407487087 0.02167393666150351 -0.0020103367433649661 0.049354299685290183
leaf_weight=415.65075312168483 588.62520361843053 350.91031918223598 93.253761278014281 33.239895353035536 1689.6462841168686 38.27219839252939
leaf_count=2505394 573278 53362 226460 88684 522550 49990
internal_value=8.03179e-10 -0.0167152 0.00555232 -0.0404879 0.00106794 -0.000844757
internal_weight=3209.6 799.801 2409.8 384.15 1821.17 1727.92
internal_count=4019718 2647440 1372278 142046 799000 572540
is_linear=0
shrinkage=0.03


Tree=37
num_leaves=7
num_cat=0
split_feature=3 1 1 3 14 8
split_gain=312.435 449.156 739.022 473.862 226.84 197.749
threshold=0.88517895340919506 0.24727065861225131 0.24227093160152438 0.7130936086177827 1.0000000180025095e-35 1.0000000180025095e-35
decision_type=2 2 2 2 2 2
left_child=1 2 4 -3 -1 -5
right_child=-2 3 -4 5 -6 -7
leaf_value=0.015775174649403298 -0.020777104614233544 -0.0018964437225726855 -0.050908438401675415 0.037778260992702137 -0.022482682103236458 0.0024096926887587022
leaf_weight=505.37538225478784 540.96366185095394 862.77173095820399 301.41960652472335 639.35294887750933 191.54647843739804 183.0942581779309
leaf_count=2770830 114203 408217 30024 504861 173894 17689
internal_value=-3.05066e-09 0.00419451 -0.0117442 0.0136382 0.00524299 0.029917
internal_weight=3224.52 2683.56 998.341 1685.22 696.922 822.447
internal_count=4019718 3905515 2974748 930767 2944724 522550
is_linear=0
shrinkage=0.03


Tree=38
num_leaves=7
num_cat=0
split_feature=1 6 11 5 3 1
split_gain=331.305 327.815 205.592 297.447 177.74 115.493
threshold=0.24727065861225131 1.0000000180025095e-35 1.0000000180025095e-35 0.31679388880729681 0.83144876360893261 0.12566120177507403
decision_type=2 2 2 2 2 2
left_child=5 -2 3 -3 -4 -1
right_child=1 2 4 -5 -6 -7
leaf_value=0.0033846591100209081 -0.01405675731069686 0.029431871723357917 -0.018579241207377268 -0.0064820451798389906 0.051613831855960114 0.032167759777382537
leaf_weight=199.93286807592085 1436.9481332305877 516.51735578110674 331.70435205758258 346.01582505251281 35.012005657074042 337.01980487431138
leaf_count=1963880 623432 231430 35960 69882 20053 1075081
internal_value=-1.0666e-09 -0.00433167 0.00703878 0.0150337 -0.0117555 0.0214767
internal_weight=3203.15 2666.2 1229.25 862.533 366.716 536.953
internal_count=4019718 980757 357325 301312 56013 3038961
is_linear=0
shrinkage=0.03


Tree=39
num_leaves=7
num_cat=0
split_feature=11 3 6 1 5 5
split_gain=286.723 360.221 256.333 412.765 404.316 180.675
threshold=1.0000000180025095e-35 0.7130936086177827 1.0000000180025095e-35 0.24227093160152438 0.31221374869346624 0.38702291250228887
decision_type=2 2 2 2 2 2
left_child=2 -2 3 -1 -4 -3
right_child=1 5 4 -5 -6 -7
leaf_value=0.0037205727866534864 -0.041487600560454994 0.0075727635328784546 -0.0079015756912754111 0.045167205990534101 0.053890408164103461 -0.041343859079094096
leaf_weight=685.18928192913882 298.8361805202876 432.89951083872438 1252.5493879341229 315.12278339960903 102.14601342847163 79.575346871992224
leaf_count=2835130 69186 287129 231243 517686 71436 7908
internal_value=1.37431e-09 -0.0153697 0.0052992 0.0168093 -0.00320606 -8.85679e-05
internal_weight=3166.32 811.311 2355.01 1000.31 1354.7 512.475
internal_count=4019718 364223 3655495 3352816 302679 295037
is_linear=0
shrinkage=0.03


Tree=40
num_leaves=7
num_cat=0
split_feature=1 1 5 3 3 5
split_gain=238.985 403.142 222.582 214.097 183.611 115.024
threshold=0.3005619496107102 0.35283400118350988 0.31221374869346624 0.83144876360893261 0.56702890992164623 0.31679388880729681
decision_type=2 2 2 2 2 2
left_child=4 -2 3 -3 -1 -4
right_child=1 2 5 -5 -6 -7
leaf_value=-0.015446484480251365 -0.021661645604341768 0.025771925052034274 -0.042738348303819722 -0.0039241628540566658 0.019748856933779809 -0.0046595179710965462
leaf_weight=162.80650944410445 839.0379191103566 534.55104838791885 82.316141482107923 368.69131779191957 721.92889235854091 501.37889056815766
leaf_count=864640 209395 313953 1835 59777 2459027 111091
internal_value=-1.34957e-09 -0.00504809 0.00433474 0.0136594 0.0132622 -0.0100935
internal_weight=3210.71 2325.98 1486.94 903.242 884.735 583.695
internal_count=4019718 696051 486656 373730 3323667 112926
is_linear=0
shrinkage=0.03


Tree=41
num_leaves=7
num_cat=0
split_feature=3 14 3 6 1 11
split_gain=189.857 227.034 504.3 211.36 150.74 250.548
threshold=0.83144876360893261 1.0000000180025095e-35 0.7407529652118684 1.0000000180025095e-35 0.35283400118350988 1.0000000180025095e-35
decision_type=2 2 2 2 2 2
left_child=1 4 -3 -2 -1 -6
right_child=3 2 -4 -5 5 -7
leaf_value=0.010858805298238983 0.039499828339869453 -0.050187297156325909 0.02438840712982316 0.00093265988304794517 -0.0083913243975615448 0.041167357870234636
leaf_weight=790.19471375262947 212.19000971109199 242.41646851597761 122.02701664129563 319.74577256839257 1444.7779600481445 97.049391159307561
leaf_count=2965064 404718 84247 150517 52413 296128 66631
internal_value=1.7615e-09 -0.0032327 -0.0252186 0.0163624 0.000212545 -0.00524722
internal_weight=3228.4 2696.47 364.443 531.936 2332.02 1541.83
internal_count=4019718 3562587 234764 457131 3327823 362759
is_linear=0
shrinkage=0.03


Tree=42
num_leaves=7
num_cat=0
split_feature=3 11 1 1 1 5
split_gain=1165.75 817.565 534.389 225.939 207.108 153.208
threshold=0.83144876360893261 1.0000000180025095e-35 0.34827555716037756 0.38751249015331274 0.3005619496107102 0.38702291250228887
decision_type=2 2 2 2 2 2
left_child=1 4 -2 -3 5 -1
right_child=2 3 -4 -5 -6 -7
leaf_value=0.026970041239908631 -0.027822681806275101 0.033463959169035891 0.030672977328361432 -0.023243848631536723 0.043593763065177329 -0.0061392674813852818
leaf_weight=493.93697114515089 1187.1211347942808 72.805903536602273 158.58072172300308 443.95901669733576 543.22839941491839 168.20710162505566
leaf_count=2478625 369401 179610 87730 53602 475360 375390
internal_value=1.32087e-09 0.0163434 -0.0209118 -0.0152052 0.0298702 0.0185626
internal_weight=3067.84 1722.14 1345.7 516.765 1205.37 662.144
internal_count=4019718 3562587 457131 233212 3329375 2854015
is_linear=0
shrinkage=0.03


Tree=43
num_leaves=7
num_cat=0
split_feature=1 8 11 5 1 11
split_gain=374.717 353.679 308.198 202.794 188.366 156.338
threshold=0.30405497550964361 1.0000000180025095e-35 1.0000000180025095e-35 0.40076336264610296 0.19084142148494723 1.0000000180025095e-35
decision_type=2 2 2 2 2 2
left_child=4 2 3 -2 5 -1
right_child=1 -3 -4 -5 -6 -7
leaf_value=0.012310400963459074 -0.0062020879545533151 0.051837623839614912 0.02370088323507041 -0.027066943201542775 0.031258989939759327 -0.031561797291556101
leaf_weight=351.30979164109158 1405.9453519022572 89.673531805761741 236.73859218624057 596.9162098609886 419.65734772568976 91.249550718042883
leaf_count=2509531 405869 51840 140136 82035 707903 122404
internal_value=-3.40938e-09 -0.00625456 -0.00860267 -0.0124309 0.0168843 0.0032138
internal_weight=3191.49 2329.27 2239.6 2002.86 862.217 442.559
internal_count=4019718 679880 628040 487904 3339838 2631935
is_linear=0
shrinkage=0.03


Tree=44
num_leaves=7
num_cat=0
split_feature=1 8 1 3 5 16
split_gain=1303.37 688.177 646.149 492.55 180.878 110.153
threshold=0.30405497550964361 1.0000000180025095e-35 0.19275507330894473 0.83144876360893261 0.3763358891010285 1.0000000180025095e-35
decision_type=2 2 2 2 2 2
left_child=2 5 -1 4 -4 -2
right_child=1 -3 3 -5 -6 -7
leaf_value=0.020345568202470948 0.047926813294849865 -0.0074817388387486625 -0.029606534832102273 0.048417448989720072 0.023523233314163609 0.020006553038660495
leaf_weight=374.26545879577316 594.8239617466752 380.63164789212169 1417.7054663802701 80.344214682292659 59.403957607471966 164.34085104656697
leaf_count=2647440 562257 51840 473876 130611 87911 65783
internal_value=-3.94238e-09 0.0254284 -0.0150092 -0.0235128 -0.0274554 0.041917
internal_weight=3071.52 1139.8 1931.72 1557.45 1477.11 759.165
internal_count=4019718 679880 3339838 692398 561787 628040
is_linear=0
shrinkage=0.03


Tree=45
num_leaves=7
num_cat=0
split_feature=14 1 3 6 8 5
split_gain=247.753 146.124 162.838 244.951 143.176 97.3347
threshold=1.0000000180025095e-35 0.30784505605697637 0.7130936086177827 1.0000000180025095e-35 1.0000000180025095e-35 0.39770993590354925
decision_type=2 2 2 2 2 2
left_child=1 5 3 -3 -4 -1
right_child=-2 2 4 -5 -6 -7
leaf_value=0.020380293615361776 -0.016327735536666096 -0.0058220502129206313 -0.0070499608912051705 0.038857920130902002 0.046261263217120589 -0.013364079299279663
leaf_weight=600.52617413624102 660.65471209223324 228.94618708265625 1329.5320020581639 211.92845880876121 45.949037458340172 87.512282741139643
leaf_count=2820736 364205 111525 277336 159791 13512 272613
internal_value=-1.9822e-09 0.00431202 -0.000150261 0.0156949 -0.00523674 0.0160751
internal_weight=3165.05 2504.39 1816.36 440.875 1375.48 688.038
internal_count=4019718 3655513 562164 271316 290848 3093349
is_linear=0
shrinkage=0.03


Tree=46
num_leaves=7
num_cat=0
split_feature=14 7 10 3 1 1
split_gain=212.033 109.103 103.173 106.292 35.2218 23.6137
threshold=1.0000000180025095e-35 1.0000000180025095e-35 1.0000000180025095e-35 0.88517895340919506 0.1591824293136597 0.1723466292023659
decision_type=2 2 2 2 2 2
left_child=1 2 3 -1 -3 -4
right_child=-2 4 5 -5 -6 -7
leaf_value=-0.0045524812177562901 0.031618049482421182 -0.008535626434896363 0.011816172951947878 0.036269354162104077 0.042143610923672685 0.047295584456417392
leaf_weight=2806.7015691848283 179.1254800835377 14.847210023057412 29.715725694230059 57.612976187723689 64.292912323755445 40.897656541550532
leaf_count=2849976 364205 293076 280468 73241 73261 85491
internal_value=-2.44685e-09 -0.00188892 -0.00283101 -0.00371902 0.032648 0.0327385
internal_weight=3193.19 3014.07 2934.93 2864.31 79.1401 70.6134
internal_count=4019718 3655513 3289176 2923217 366337 365959
is_linear=0
shrinkage=0.03


Tree=47
num_leaves=7
num_cat=0
split_feature=14 3 7 5 1 1
split_gain=728.166 377.081 321.611 143.773 140.505 117.171
threshold=1.0000000180025095e-35 0.88517895340919506 1.0000000180025095e-35 0.38702291250228887 0.24227093160152438 0.3005619496107102
decision_type=2 2 2 2 2 2
left_child=1 2 3 -1 -2 -6
right_child=4 -3 -4 -5 5 -7
leaf_value=0.024430871331204536 0.017062843234613132 -0.01939197135775669 -0.0122833922549959 0.0017033311327119107 -0.036321239728010352 -0.012951005353184128
leaf_weight=1263.0805230222613 70.817698106911848 355.14013238022017 338.28240544533037 312.61049581777479 475.7925670267432 327.21349174502393
leaf_count=2868682 195895 73241 366337 347253 60801 107509
internal_value=-1.48803e-09 0.00896121 0.0142296 0.0199258 -0.0232538 -0.0268262
internal_weight=3142.94 2269.11 1913.97 1575.69 873.824 803.006
internal_count=4019718 3655513 3582272 3215935 364205 168310
is_linear=0
shrinkage=0.03


Tree=48
num_leaves=7
num_cat=0
split_feature=14 7 3 10 1 3
split_gain=180.279 113.891 111.532 53.2203 25.0854 17.1895
threshold=1.0000000180025095e-35 1.0000000180025095e-35 0.88517895340919506 1.0000000180025095e-35 0.1591824293136597 0.83144876360893261
decision_type=2 2 2 2 2 2
left_child=1 2 3 -1 -3 -2
right_child=5 4 -4 -5 -6 -7
leaf_value=-0.0044156972039081236 0.021606418018249769 -0.0072780405270064449 0.041166118191646131 0.01513641372041289 0.037268458357596804 0.041170666197435486
leaf_weight=2769.206734422005 112.79761632154987 12.921534688248355 50.130515528871911 130.26578671109746 78.908899522197316 67.134166096861009
leaf_count=2849976 234764 293076 73241 365959 73261 129441
internal_value=-2.53033e-09 -0.00173016 -0.00275898 -0.00353236 0.0309894 0.0290932
internal_weight=3221.37 3041.43 2949.6 2899.47 91.8304 179.932
internal_count=4019718 3655513 3289176 3215935 366337 364205
is_linear=0
shrinkage=0.03


Tree=49
num_leaves=7
num_cat=0
split_feature=14 3 7 1 5 1
split_gain=837.682 366.231 276.778 195.843 201.71 89.03
threshold=1.0000000180025095e-35 0.88517895340919506 1.0000000180025095e-35 0.24227093160152438 0.40076336264610296 0.34827555716037756
decision_type=2 2 2 2 2 2
left_child=1 2 -1 -2 5 -5
right_child=3 -3 -4 4 -6 -7
leaf_value=0.019680248064184697 -0.037054735972388973 -0.017935575088255211 -0.010402277840056337 0.0062949595557779863 0.024440465974716993 -0.036793947677365685
leaf_weight=1611.6002637521888 516.61116659575055 371.2822187524871 331.25764600817638 59.680435489310184 115.21946640516398 152.43647764544585
leaf_count=3215935 195895 73241 366337 44631 96786 26893
internal_value=3.60532e-10 0.0093312 0.0145485 -0.0255673 -0.00737992 -0.024698
internal_weight=3158.09 2314.14 1942.86 843.948 327.336 212.117
internal_count=4019718 3655513 3582272 364205 168310 71524
is_linear=0
shrinkage=0.03


Tree=50
num_leaves=7
num_cat=0
split_feature=5 1 1 8 3 3
split_gain=180.135 87.8471 109.487 71.461 66.6023 65.9123
threshold=0.31221374869346624 0.23759356886148456 0.35283400118350988 1.0000000180025095e-35 0.8111911714076997 0.88517895340919506
decision_type=2 2 2 2 2 2
left_child=3 -2 4 5 -3 -1
right_child=1 2 -4 -5 -6 -7
leaf_value=0.0027619941575425791 0.014264166315497437 -0.0073798276791851285 -0.0024392759950181081 0.031621918547562682 -0.031646488392648976 0.036412447730973518
leaf_weight=2127.8415687571105 111.11082585729309 151.07951965660322 399.70997445979447 84.079636553004093 315.80450730698067 52.72106894517492
leaf_count=2944588 576228 86531 112926 178109 43367 77969
internal_value=-1.9742e-10 -0.0107554 -0.013976 0.00464608 -0.0238266 0.0035919
internal_weight=3242.35 977.705 866.594 2264.64 466.884 2180.56
internal_count=4019718 819052 242824 3200666 129898 3022557
is_linear=0
shrinkage=0.03


Tree=51
num_leaves=7
num_cat=0
split_feature=5 3 1 16 1 1
split_gain=285.297 154.241 108.264 120.308 82.6858 67.224
threshold=0.31679388880729681 0.88517895340919506 0.48697400093078619 1.0000000180025095e-35 0.30405497550964361 0.30405497550964361
decision_type=2 2 2 2 2 2
left_child=1 2 4 -4 -1 -2
right_child=5 -3 3 -5 -6 -7
leaf_value=0.0036723479972134345 0.012469712822548142 -0.021235361045676367 0.027104289471412829 -0.0028286679674680909 -0.0088608170978390251 0.037897564121375953
leaf_weight=806.45614954016492 200.62620729180344 372.8901001385093 241.25984178795625 240.79216665060812 1145.8393656262924 176.84260336252919
leaf_count=2637858 646520 77969 78639 41535 378962 158235
internal_value=-3.66144e-09 -0.00329532 -0.000539694 0.0121774 -0.00368438 0.0244512
internal_weight=3184.71 2807.24 2434.35 482.052 1952.3 377.469
internal_count=4019718 3214963 3136994 120174 3016820 804755
is_linear=0
shrinkage=0.03


Tree=52
num_leaves=7
num_cat=0
split_feature=5 1 1 8 1 11
split_gain=569.668 561.624 178.813 157.14 150.001 110.437
threshold=0.31679388880729681 0.48697400093078619 0.30405497550964361 1.0000000180025095e-35 0.30784505605697637 1.0000000180025095e-35
decision_type=2 2 2 2 2 2
left_child=1 4 -2 -4 -1 -3
right_child=2 5 3 -5 -6 -7
leaf_value=0.016752237894972301 0.0056432774347968135 -0.011542293876150937 -0.027428506808942994 0.016644989068490951 0.040983856036642258 0.013935904835338211
leaf_weight=656.23851611498685 242.99816244076646 786.69793179794215 796.8309898662701 79.460084598482354 355.20414380037982 189.16438174947689
leaf_count=2706422 646520 89409 132080 26155 383771 35361
internal_value=2.7431e-10 0.00963992 -0.0171091 -0.0234176 0.0252941 -0.00659431
internal_weight=3106.59 1987.3 1119.29 876.291 1011.44 975.862
internal_count=4019718 3214963 804755 158235 3090193 124770
is_linear=0
shrinkage=0.03


Tree=53
num_leaves=7
num_cat=0
split_feature=5 1 1 11 3 1
split_gain=320.579 245.338 358.017 179.205 74.9424 40.2412
threshold=0.31679388880729681 0.48697400093078619 0.30405497550964361 1.0000000180025095e-35 0.68265056610107433 0.19275507330894473
decision_type=2 2 2 2 2 2
left_child=1 2 -1 -3 -4 -2
right_child=5 3 4 -5 -6 -7
leaf_value=0.0098668569594960627 0.0078516693709618831 0.044278242508833492 -0.023827799947484674 0.0028079392237997094 -0.010371266992953088 0.03036845596939821
leaf_weight=742.32214331399882 94.298883375893638 146.57488926316728 588.71653961843549 257.68399957857036 1019.7363641558914 305.06537907821621
leaf_count=2693318 494455 89409 135322 35361 261553 310300
internal_value=-3.11686e-09 -0.003644 -0.00735773 0.0179163 -0.0153083 0.0250846
internal_weight=3154.4 2755.03 2350.78 404.259 1608.45 399.364
internal_count=4019718 3214963 3090193 124770 396875 804755
is_linear=0
shrinkage=0.03


Tree=54
num_leaves=7
num_cat=0
split_feature=1 5 1 5 10 3
split_gain=632.158 172.965 153.943 97.0184 70.8249 58.5945
threshold=0.48697400093078619 0.31221374869346624 0.3005619496107102 0.30916030704975134 1.0000000180025095e-35 0.7407529652118684
decision_type=2 2 2 2 2 2
left_child=1 2 -1 5 -3 -2
right_child=3 4 -4 -5 -6 -7
leaf_value=0.010973728746234439 -0.022257422527598481 0.0049976715404507887 0.034230008424862769 0.012244401968722257 -0.019507985352916004 -0.0096266937131463393
leaf_weight=712.70112455618073 755.92490957780683 457.64206496563565 400.27713023130491 112.04091256264655 137.10755418924964 591.36886459028756
leaf_count=2669244 74164 647009 407239 34114 138820 49128
internal_value=-2.66411e-09 0.0123868 0.019361 -0.0144937 -0.000674877 -0.0167247
internal_weight=3167.06 1707.73 1112.98 1459.33 594.75 1347.29
internal_count=4019718 3862312 3076483 157406 785829 123292
is_linear=0
shrinkage=0.03


Tree=55
num_leaves=7
num_cat=0
split_feature=1 16 1 1 1 1
split_gain=247.5 133.605 66.9184 83.9134 47.9634 47.2956
threshold=0.3005619496107102 1.0000000180025095e-35 0.19275507330894473 0.19084142148494723 0.093264982104301467 0.48697400093078619
decision_type=2 2 2 2 2 2
left_child=2 -2 3 4 -1 -3
right_child=1 5 -4 -5 -6 -7
leaf_value=-0.0072902082158833852 -0.0071071895340394757 0.0053531040274961261 0.021152332382826943 -0.040799668443166681 0.014976968560160259 0.043657020090980318
leaf_weight=121.81433365911653 2117.8492192003105 54.790237267807242 461.91117412934545 32.49018520458776 299.79481746036618 61.429798723722342
leaf_count=1474590 629960 24396 676227 15505 1157345 41695
internal_value=6.19602e-10 -0.00538458 0.0131241 0.00492917 0.00854135 0.0257989
internal_weight=3150.08 2234.07 916.011 454.099 421.609 116.22
internal_count=4019718 696051 3323667 2647440 2631935 66091
is_linear=0
shrinkage=0.03


Tree=56
num_leaves=7
num_cat=0
split_feature=3 1 3 1 11 11
split_gain=723.768 283.477 224.651 224.287 110.706 101.683
threshold=0.83144876360893261 0.3005619496107102 0.88517895340919506 0.24227093160152438 1.0000000180025095e-35 1.0000000180025095e-35
decision_type=2 2 2 2 2 2
left_child=-1 3 -3 4 -2 -4
right_child=1 2 5 -5 -6 -7
leaf_value=0.01103576379482491 0.027811972207006555 0.029330215170934277 0.049486518816363664 -0.034771644037285394 -0.020141726271497039 -0.031432600565865415
leaf_weight=1990.0982465556299 84.320269068382913 168.80524133528525 14.875674877926938 703.44910184849869 87.055390260458807 121.28807107677858
leaf_count=3562587 202391 94424 19715 63980 61818 14803
internal_value=-6.39869e-10 -0.0186089 0.00628241 -0.0272834 0.00347693 -0.022296
internal_weight=3169.89 1179.79 304.969 874.825 171.376 136.164
internal_count=4019718 457131 128942 328189 264209 34518
is_linear=0
shrinkage=0.03


Tree=57
num_leaves=7
num_cat=0
split_feature=3 5 1 1 1 1
split_gain=451.229 310.484 145.671 136.992 117.318 70.4724
threshold=0.83144876360893261 0.39007633924484258 0.19084142148494723 0.34827555716037756 0.23759356886148456 0.35283400118350988
decision_type=2 2 2 2 2 2
left_child=2 3 -1 -2 -3 -6
right_child=1 4 -4 -5 5 -7
leaf_value=-0.0063595075989653265 0.021638761064595259 -0.042911595222810052 0.012590902361628966 -0.0097740700366009594 0.041144865934728929 -0.01928574771068715
leaf_weight=471.73278012980882 175.03282041904458 333.23434268744313 1605.689900831836 429.5397737238527 18.401775687743793 169.07817473364412
leaf_count=2433322 292352 52322 1129265 70827 25550 16080
internal_value=1.26901e-09 -0.0152921 0.00828673 -0.00065887 -0.0322482 -0.0131675
internal_weight=3202.71 1125.29 2077.42 604.573 520.714 187.48
internal_count=4019718 457131 3562587 363179 93952 41630
is_linear=0
shrinkage=0.03


Tree=58
num_leaves=7
num_cat=0
split_feature=3 1 1 5 12 15
split_gain=138.264 195.097 123.071 94.6594 93.5441 75.1254
threshold=0.83144876360893261 0.23987494409084323 0.17771211266517642 0.34580153226852423 1.0000000180025095e-35 1.0000000180025095e-35
decision_type=2 2 2 2 2 2
left_child=4 2 -2 -4 5 -1
right_child=1 -3 3 -5 -6 -7
leaf_value=0.00056937468482014166 0.0084550820547316038 0.0027195406661829312 -0.038822705052639281 0.026367831325178347 0.02271970336585177 0.026259700696047186
leaf_weight=2043.7415043758592 74.39761861867737 465.14746560483763 290.26116355175327 20.848268462636042 211.58230184127751 106.85392464968027
leaf_count=2941440 182011 195752 60323 19045 261753 359394
internal_value=-3.7583e-09 -0.0103637 -0.0261159 -0.0343836 0.0037349 0.00185743
internal_weight=3212.83 850.655 385.507 311.109 2362.18 2150.6
internal_count=4019718 457131 261379 79368 3562587 3300834
is_linear=0
shrinkage=0.03


Tree=59
num_leaves=7
num_cat=0
split_feature=15 3 1 12 3 1
split_gain=372.515 231.234 115.549 91.7947 186.922 134.655
threshold=1.0000000180025095e-35 0.7407529652118684 0.19084142148494723 1.0000000180025095e-35 0.83144876360893261 0.30405497550964361
decision_type=2 2 2 2 2 2
left_child=3 -2 -3 -1 5 -5
right_child=1 2 -4 4 -6 -7
leaf_value=0.0067161804197238247 0.002936566391082032 -0.049409848558024751 0.039610233598432847 0.014184197013367017 0.03476966057836723 -0.021776001570320374
leaf_weight=2189.4347304952607 145.13473911797337 237.45630081908894 13.167421591730088 122.04104522132548 83.862904411391355 394.64030780797475
leaf_count=3289600 303145 41601 20971 204976 102648 56777
internal_value=1.01131e-09 -0.0271999 -0.044594 0.00386667 -0.00651585 -0.0132711
internal_weight=3185.74 395.758 250.624 2789.98 600.544 516.681
internal_count=4019718 365717 62572 3654001 364401 261753
is_linear=0
shrinkage=0.03


Tree=60
num_leaves=7
num_cat=0
split_feature=12 1 1 8 3 1
split_gain=629.378 300.364 109.582 135.043 73.4259 65.4123
threshold=1.0000000180025095e-35 0.35283400118350988 0.30405497550964361 1.0000000180025095e-35 0.83144876360893261 0.24484894424676898
decision_type=2 2 2 2 2 2
left_child=2 -2 4 -4 -1 -6
right_child=1 -3 3 -5 5 -7
leaf_value=0.0060746797292373046 -0.027030408427576962 0.024085210156478916 0.020581185562601797 -0.0018469091293778711 -0.018855609435570939 0.020713516528834422
leaf_weight=762.08653457208857 822.44045570808521 117.54312549481983 904.49582999230915 329.3440636749001 221.67431426652911 44.376261801531655
leaf_count=2803226 316271 48130 547545 51840 206476 46230
internal_value=4.63436e-09 -0.0206197 0.00857402 0.0145979 0.00133777 -0.0122028
internal_weight=3201.96 939.984 2261.98 1233.84 1028.14 266.051
internal_count=4019718 364401 3655317 599385 3055932 252706
is_linear=0
shrinkage=0.03


Tree=61
num_leaves=7
num_cat=0
split_feature=1 10 1 3 1 11
split_gain=329.397 84.7225 74.6877 72.9747 56.5881 91.9573
threshold=0.34827555716037756 1.0000000180025095e-35 0.099699433892965331 0.56702890992164623 0.38751249015331274 1.0000000180025095e-35
decision_type=2 2 2 2 2 2
left_child=1 2 -1 -2 5 -5
right_child=3 -3 -4 4 -6 -7
leaf_value=-0.0073928693663601842 0.031266853603811692 -0.0059346758092817791 0.019923711275147839 -0.0089557672544226877 -0.0056513395728152675 -0.044922445054001656
leaf_weight=100.6272538240737 43.136552971307538 172.43704674683977 822.76554277738614 217.89950516770477 1762.1218284094939 89.989172701651114
leaf_count=1407521 60536 342552 1767165 88126 330613 23205
internal_value=-3.042e-10 0.0133401 0.0169421 -0.00692093 -0.00773143 -0.0195794
internal_weight=3208.98 1095.83 923.393 2113.15 2070.01 307.889
internal_count=4019718 3517238 3174686 502480 441944 111331
is_linear=0
shrinkage=0.03


Tree=62
num_leaves=7
num_cat=0
split_feature=1 3 1 12 11 8
split_gain=483.555 450.925 317.702 381.079 176.744 159.9
threshold=0.35283400118350988 0.56702890992164623 0.19084142148494723 1.0000000180025095e-35 1.0000000180025095e-35 1.0000000180025095e-35
decision_type=2 2 2 2 2 2
left_child=2 -2 -1 4 -4 -3
right_child=1 5 3 -5 -6 -7
leaf_value=0.016793378423603639 -0.021818148133446305 0.032530490203500149 -0.020707837548893177 0.039832938156497764 0.021536036184409899 0.0042197554958012338
leaf_weight=357.50548736470955 231.42846942400502 671.98033715749625 1461.3930873489517 108.28158266526589 94.132442673755577 245.33442002176889
leaf_count=2631935 59067 392812 597240 165838 138049 34777
internal_value=-1.70482e-09 0.0155345 -0.00883182 -0.0143447 -0.0181393 0.0249717
internal_weight=3170.06 1148.74 2021.31 1663.81 1555.53 917.315
internal_count=4019718 486656 3533062 901127 735289 427589
is_linear=0
shrinkage=0.03


Tree=63
num_leaves=7
num_cat=0
split_feature=12 6 1 1 3 1
split_gain=267.38 498.474 126.333 124.296 112.462 100.802
threshold=1.0000000180025095e-35 1.0000000180025095e-35 0.38214334845542913 0.23987494409084323 0.7130936086177827 0.30405497550964361
decision_type=2 2 2 2 2 2
left_child=1 -1 -3 -2 -4 -5
right_child=3 2 4 5 -6 -7
leaf_value=0.023568757818705637 0.015079553014864057 0.041259783023215688 -0.014497304532519208 -0.030858536320960639 0.002070368708023052 -0.007940852039382388
leaf_weight=842.62903729245591 106.36670776902611 50.043624274869217 787.33058400445589 352.59301372258051 692.39633072608558 339.51001160853775
leaf_count=3339261 215098 55191 135952 68808 124913 80495
internal_value=-1.78671e-09 0.00505446 -0.00515233 -0.0150053 -0.00674877 -0.019644
internal_weight=3170.87 2372.4 1529.77 798.47 1479.73 692.103
internal_count=4019718 3655317 316056 364401 260865 149303
is_linear=0
shrinkage=0.03


Tree=64
num_leaves=7
num_cat=0
split_feature=11 3 16 3 1 9
split_gain=691.711 253.338 228.813 171.379 165.406 155.034
threshold=1.0000000180025095e-35 0.7407529652118684 1.0000000180025095e-35 0.7130936086177827 0.19084142148494723 1.0000000180025095e-35
decision_type=2 2 2 2 2 2
left_child=2 3 5 -2 -4 -1
right_child=1 -3 4 -5 -6 -7
leaf_value=0.018435002554137967 0.033693922605174717 -0.011293729811811959 -0.042597034354258566 -0.052023650505408629 0.00027701645536016162 -0.0027604778841521065
leaf_weight=1404.0953624853137 22.142593113108887 649.65871347556822 108.01632058830728 261.87102219306689 314.90762873397034 398.41639705517446
leaf_count=2924754 69186 274402 275436 20635 90199 365106
internal_value=-4.12365e-09 -0.021659 0.0090926 -0.0452461 -0.0107478 0.0137511
internal_weight=3159.11 933.672 2225.44 284.014 422.924 1802.51
internal_count=4019718 364223 3655495 89821 365635 3289860
is_linear=0
shrinkage=0.03


Tree=65
num_leaves=7
num_cat=0
split_feature=1 13 1 11 5 1
split_gain=751.473 313.665 349.646 139.249 122.852 118.02
threshold=0.38214334845542913 1.0000000180025095e-35 0.35283400118350988 1.0000000180025095e-35 0.40076336264610296 0.19084142148494723
decision_type=2 2 2 2 2 2
left_child=1 2 3 -1 -2 -3
right_child=4 5 -4 -5 -6 -7
leaf_value=0.0077240989675522601 0.028864486851992006 -0.036463994422905655 -0.03005135102603175 -0.016760573761118894 0.0018605173073645842 0.0053528018707781093
leaf_weight=1159.6882755393381 710.50232520590362 420.19739742014644 352.2120931737154 253.99720293495193 192.87055199203314 70.702837410353823
leaf_count=2954494 341051 249142 86149 260453 52794 75635
internal_value=-2.64343e-09 -0.00925586 -0.00335228 0.00331619 0.0231076 -0.0304426
internal_weight=3160.17 2256.8 1765.9 1413.69 903.373 490.9
internal_count=4019718 3625873 3301096 3214947 393845 324777
is_linear=0
shrinkage=0.03


Tree=66
num_leaves=7
num_cat=0
split_feature=1 5 1 1 6 9
split_gain=534.416 150.911 100.656 94.0401 88.2666 93.8741
threshold=0.38751249015331274 0.40687023103237158 0.17586335539817813 0.17060384899377826 1.0000000180025095e-35 1.0000000180025095e-35
decision_type=2 2 2 2 2 2
left_child=2 4 3 -1 5 -2
right_child=1 -3 -4 -5 -6 -7
leaf_value=0.010153596338972637 -0.017318953152569018 0.032196097664960857 0.021656236302400454 -0.028028203752899307 -0.0073636766694880826 -0.058471053443540671
leaf_weight=305.47712683855207 433.76242570771865 74.259660346448072 825.82045655111142 70.631709019660775 1436.6894746046164 55.723764473630581
leaf_count=2455147 77382 49238 1138457 47887 249620 1987
internal_value=4.57939e-09 -0.00949815 0.0158031 0.0029279 -0.0111215 -0.0221134
internal_weight=3202.36 2000.44 1201.93 376.109 1926.18 489.486
internal_count=4019718 378227 3641491 2503034 328989 79369
is_linear=0
shrinkage=0.03


Tree=67
num_leaves=7
num_cat=0
split_feature=1 5 1 9 11 3
split_gain=462.454 610.843 483.236 108.404 108.559 77.7213
threshold=0.38751249015331274 0.40992367267608648 0.38214334845542913 1.0000000180025095e-35 1.0000000180025095e-35 0.7130936086177827
decision_type=2 2 2 2 2 2
left_child=2 -2 3 4 -1 -3
right_child=1 5 -4 -5 -6 -7
leaf_value=-0.0045052705694155594 0.037312562439483013 0.042121931458347743 -0.038468683164060394 0.029053683716650368 0.028309892610133267 -0.017885705378723128
leaf_weight=1708.0269777464418 561.3497035955661 19.789236086173332 370.55712563026464 100.80947179139184 94.826264470997558 308.53259936405811
leaf_count=3019888 329806 19627 15618 328092 277893 28794
internal_value=3.6302e-09 0.0183257 -0.00717389 -0.00106521 -0.00276453 -0.0141519
internal_weight=3163.89 889.672 2274.22 1903.66 1802.85 328.322
internal_count=4019718 378227 3641491 3625873 3297781 48421
is_linear=0
shrinkage=0.03


Tree=68
num_leaves=7
num_cat=0
split_feature=1 5 3 1 13 12
split_gain=676.965 224.586 78.0643 67.3094 67.1938 72.4821
threshold=0.38751249015331274 0.40992367267608648 0.7130936086177827 0.24227093160152438 1.0000000180025095e-35 1.0000000180025095e-35
decision_type=2 2 2 2 2 2
left_child=2 4 3 -1 5 -2
right_child=1 -3 -4 -5 -6 -7
leaf_value=0.00075356742473389315 -0.0064147715778931089 0.043771074289486775 0.025425075463825539 0.027573779311618335 -0.025044477833168599 -0.021705241883446125
leaf_weight=283.10314557173115 1408.6214913213116 66.980588064543554 682.75330915935047 118.91138054979092 289.46616470780282 347.46885104776447
leaf_count=1900580 268030 48421 1498410 242501 29170 32606
internal_value=-3.22916e-09 -0.009891 0.0192536 0.00873542 -0.0116687 -0.00945085
internal_weight=3197.3 2112.54 1084.77 402.015 2045.56 1756.09
internal_count=4019718 378227 3641491 2143081 329806 300636
is_linear=0
shrinkage=0.03


Tree=69
num_leaves=7
num_cat=0
split_feature=9 5 1 1 1 3
split_gain=273.616 418.884 272.871 204.48 202.795 97.6443
threshold=1.0000000180025095e-35 0.40687023103237158 0.38214334845542913 0.48697400093078619 0.35750350356101995 0.7407529652118684
decision_type=2 2 2 2 2 2
left_child=1 4 5 -3 -1 -2
right_child=2 3 -4 -5 -6 -7
leaf_value=0.0045907320479261944 0.020238819072832221 0.00085048709643677461 0.030334904882903923 -0.030579375691849365 0.025441669064245286 -0.029318367977091211
leaf_weight=1169.1410779711005 37.844106968361302 378.68235830053163 90.201899132363906 365.6029667709372 654.50008039839304 500.86981161533186
leaf_count=2794358 181927 482093 37014 16960 361201 146165
internal_value=4.17447e-10 0.00434471 -0.0177186 -0.0146086 0.0120839 -0.025806
internal_weight=3196.84 2567.93 628.916 744.285 1823.64 538.714
internal_count=4019718 3654612 365106 499053 3155559 328092
is_linear=0
shrinkage=0.03


Tree=70
num_leaves=7
num_cat=0
split_feature=6 1 3 12 3 1
split_gain=333.834 95.8531 64.5104 86.6623 63.3158 51.4041
threshold=1.0000000180025095e-35 0.48697400093078619 0.88517895340919506 1.0000000180025095e-35 0.88517895340919506 0.099699433892965331
decision_type=2 2 2 2 2 2
left_child=1 2 5 -4 -2 -1
right_child=4 -3 3 -5 -6 -7
leaf_value=-0.0055290851404185271 -0.0086585488937433383 -0.025006569586150013 0.038034309359023771 -0.02150266992215813 0.045383447208574838 0.017216191959652308
leaf_weight=97.116410251284833 1880.9101129037008 61.180022913904395 27.738501043815631 93.195275167774525 18.738905585152679 1069.4225936137518
leaf_count=1564941 345772 10509 77022 23669 12920 1984885
internal_value=1.77768e-09 0.0114095 0.013158 -0.00764678 -0.00810186 0.0153195
internal_weight=3248.3 1348.65 1287.47 120.934 1899.65 1166.54
internal_count=4019718 3661026 3650517 100691 358692 3549826
is_linear=0
shrinkage=0.03


Tree=71
num_leaves=7
num_cat=0
split_feature=1 3 6 6 5 1
split_gain=334.007 193.218 357.763 152.843 142.694 141.02
threshold=0.48697400093078619 0.88517895340919506 1.0000000180025095e-35 1.0000000180025095e-35 0.30916030704975134 0.3005619496107102
decision_type=2 2 2 2 2 2
left_child=1 2 5 -3 -2 -1
right_child=4 3 -4 -5 -6 -7
leaf_value=0.0018444227932667614 0.042546814619473176 0.01102134960134908 0.026726925146646267 -0.036352062299969304 0.004319309724914751 -0.013549192429721652
leaf_weight=1156.0440606485718 215.63440702625667 80.342981849091302 366.86644697753945 252.28332586718898 148.28219857387012 996.62835361711041
leaf_count=3232844 123292 100691 204340 7455 34114 316982
internal_value=-9.01062e-10 -0.00345648 -0.000615361 -0.0249107 0.0270251 -0.00528538
internal_weight=3216.08 2852.17 2519.54 332.626 363.917 2152.67
internal_count=4019718 3862312 3754166 108146 157406 3549826
is_linear=0
shrinkage=0.03


Tree=72
num_leaves=7
num_cat=0
split_feature=6 1 1 3 5 14
split_gain=478.398 115.026 146.229 71.3891 52.339 131.476
threshold=1.0000000180025095e-35 0.48697400093078619 0.24727065861225131 0.88517895340919506 0.30916030704975134 1.0000000180025095e-35
decision_type=2 2 2 2 2 2
left_child=1 2 -1 4 -2 -6
right_child=3 -3 -4 -5 5 -7
leaf_value=0.0078838013150634711 -0.01113497949911618 -0.024847358247415807 0.02984480352953579 0.038239643893809745 0.020865834199207955 -0.024030860657506724
leaf_weight=623.68492069457716 1788.2693760566399 59.994131112398463 485.54762814345304 27.803690336295404 151.62207205939922 94.411324913875433
leaf_count=3037594 265871 10509 612923 12920 64681 15220
internal_value=8.59848e-10 0.015322 0.0175151 -0.00869091 -0.0093508 0.00360992
internal_weight=3231.33 1169.23 1109.23 2062.11 2034.3 246.033
internal_count=4019718 3661026 3650517 358692 345772 79901
is_linear=0
shrinkage=0.03


Tree=73
num_leaves=7
num_cat=0
split_feature=3 5 6 7 3 6
split_gain=225.93 234.463 265.129 105.231 43.5479 137.444
threshold=0.8683052957057954 0.30916030704975134 1.0000000180025095e-35 1.0000000180025095e-35 0.83144876360893261 1.0000000180025095e-35
decision_type=2 2 2 2 2 2
left_child=1 2 3 -1 5 -3
right_child=-2 4 -4 -5 -6 -7
leaf_value=0.0071060048713963092 -0.015501940941815708 0.017156709243042755 0.029014494625126796 -0.015067849476836139 -0.021033992338433428 -0.014362363181099508
leaf_weight=1035.273800959134 669.89847009707591 174.90289658774418 486.40439024657098 235.62829489783326 209.69574521420145 425.53098167503776
leaf_count=2437482 197888 638169 258767 349743 67179 70490
internal_value=1.30589e-11 0.00404925 0.010203 0.0029863 -0.00929549 -0.00516778
internal_weight=3237.33 2567.44 1757.31 1270.9 810.13 600.434
internal_count=4019718 3821830 3045992 2787225 775838 708659
is_linear=0
shrinkage=0.03


Tree=74
num_leaves=7
num_cat=0
split_feature=6 5 5 3 1 1
split_gain=172.426 249.851 131.547 180.905 121.506 50.972
threshold=1.0000000180025095e-35 0.30916030704975134 0.29694655537605291 0.8111911714076997 0.3005619496107102 0.094184566289186492
decision_type=2 2 2 2 2 2
left_child=2 -2 5 4 -4 -1
right_child=1 -3 3 -5 -6 -7
leaf_value=-0.01050632516047206 -0.0086562311527508679 0.039945459433850736 -0.024559146294981436 0.033111072474641068 0.019902428698004456 0.015783575291774626
leaf_weight=70.868091681441001 1753.3656422940767 99.675420506027876 275.20905484161631 84.353635479179502 68.366391385585302 917.45396622615954
leaf_count=1217932 275426 83266 590307 163142 57156 1632489
internal_value=2.05125e-10 -0.0060218 0.00787769 -0.0060074 -0.0156799 0.0138897
internal_weight=3269.29 1853.04 1416.25 427.929 343.575 988.322
internal_count=4019718 358692 3661026 810605 647463 2850421
is_linear=0
shrinkage=0.03


Tree=75
num_leaves=7
num_cat=0
split_feature=5 6 3 8 1 1
split_gain=642.23 231.889 149.116 113.74 92.4995 82.5934
threshold=0.30000001192092901 1.0000000180025095e-35 0.8111911714076997 1.0000000180025095e-35 0.35750350356101995 0.48697400093078619
decision_type=2 2 2 2 2 2
left_child=1 3 4 -1 -2 -3
right_child=2 5 -4 -5 -6 -7
leaf_value=0.0067722904682096137 0.012616703561863001 0.042069613451138889 -0.02656620087341173 -0.024720183602266268 -0.01282531163942849 0.018410153344787055
leaf_weight=1223.0080367640112 171.94514044191601 205.13114239553397 637.77135026793258 111.7403619888355 501.64750131663459 382.49003622735472
leaf_count=2712085 619732 157944 180098 152183 84360 113316
internal_value=6.4409e-10 0.0110402 -0.0161802 0.00411932 -0.00632176 0.0267268
internal_weight=3233.73 1922.37 1311.36 1334.75 673.593 587.621
internal_count=4019718 3135528 884190 2864268 704092 271260
is_linear=0
shrinkage=0.03


Tree=76
num_leaves=7
num_cat=0
split_feature=6 1 5 3 1 3
split_gain=583.7 195.776 134.206 98.0722 66.7616 61.8517
threshold=1.0000000180025095e-35 0.48697400093078619 0.30000001192092901 0.64879822731018078 0.38214334845542913 0.8683052957057954
decision_type=2 2 2 2 2 2
left_child=-1 2 5 -3 -4 -2
right_child=1 3 4 -5 -6 -7
leaf_value=0.016606321772348682 -0.019736238043605234 -0.013296311816325778 -0.0058157905832407972 0.011995397722322491 0.038966209508565657 0.043272310287978677
leaf_weight=1195.2048871637671 1250.4379142822436 201.37417672683659 67.055028573493473 432.92695013235789 52.840432754615904 13.273738261385004
leaf_count=3661026 148635 46137 18839 100760 35012 9309
internal_value=1.33792e-09 -0.00983926 -0.0161626 0.00395764 0.0140796 -0.0190407
internal_weight=3213.11 2017.91 1383.61 634.301 119.895 1263.71
internal_count=4019718 358692 211795 146897 53851 157944
is_linear=0
shrinkage=0.03


Tree=77
num_leaves=7
num_cat=0
split_feature=1 10 14 1 1 1
split_gain=342.159 83.3055 75.08 175.323 137.643 63.6328
threshold=0.3005619496107102 1.0000000180025095e-35 1.0000000180025095e-35 0.38214334845542913 0.34827555716037756 0.088888935744762435
decision_type=2 2 2 2 2 2
left_child=5 2 3 -2 -4 -1
right_child=1 -3 4 -5 -6 -7
leaf_value=-0.0092801625627484535 0.021979796789461468 0.0416538181708144 -0.02880746960859534 -0.007566484625208687 0.020889183076065715 0.018479867320546184
leaf_weight=81.335501822184597 200.84156230237568 31.45074419771845 275.74145681117807 1730.7197208010912 60.498816061182879 798.0605014427565
leaf_count=1397479 219839 33191 42936 335512 64573 1926188
internal_value=-3.96079e-09 -0.00608736 -0.00676752 -0.00448451 -0.0198303 0.0159047
internal_weight=3178.65 2299.25 2267.8 1931.56 336.24 879.396
internal_count=4019718 696051 662860 555351 107509 3323667
is_linear=0
shrinkage=0.03


Tree=78
num_leaves=7
num_cat=0
split_feature=12 1 1 1 3 1
split_gain=545.166 243.957 190.562 176.971 197.237 126.914
threshold=1.0000000180025095e-35 0.24727065861225131 0.48697400093078619 0.30784505605697637 0.83144876360893261 0.24727065861225131
decision_type=2 2 2 2 2 2
left_child=2 -2 5 -3 -5 -1
right_child=1 3 -4 4 -6 -7
leaf_value=0.017563452916138336 0.018079842130975049 -0.036421348876663949 0.030035009838419061 0.044473176919314739 -0.01909532639541461 -7.9198331880347473e-05
leaf_weight=495.294667963346 131.99166799014347 505.18234682058392 304.82200998926419 53.904676956357434 218.99258377833758 1408.1842265352752
leaf_count=2814612 224349 62818 151435 54511 22723 689270
internal_value=-3.26813e-09 -0.0195269 0.00805251 -0.0259215 -0.00642228 0.00451832
internal_weight=3118.37 910.071 2208.3 778.08 272.897 1903.48
internal_count=4019718 364401 3655317 140052 77234 3503882
is_linear=0
shrinkage=0.03


Tree=79
num_leaves=7
num_cat=0
split_feature=12 3 5 3 1 1
split_gain=680.145 278.804 202.902 171.599 123.349 221.818
threshold=1.0000000180025095e-35 0.8111911714076997 0.28778626024723059 0.8683052957057954 0.34827555716037756 0.31153491139411932
decision_type=2 2 2 2 2 2
left_child=1 2 -1 4 5 -2
right_child=3 -3 -4 -5 -6 -7
leaf_value=-0.00038542626804689075 -0.012359709974896719 0.03254663649970424 0.026207181664713749 0.04470545242216966 -0.0030418720833491346 -0.046279198211331737
leaf_weight=1487.2880339686235 336.04122219830606 378.0023549973921 311.47788785162265 33.046054925245699 196.99756901254295 359.95754293278878
leaf_count=2393885 255718 498503 762929 43368 44419 20896
internal_value=-1.63325e-09 0.00916112 0.00423141 -0.0215209 -0.0240189 -0.0299435
internal_weight=3102.81 2176.77 1798.77 926.042 892.996 695.999
internal_count=4019718 3655317 3156814 364401 321033 276614
is_linear=0
shrinkage=0.03


Tree=80
num_leaves=7
num_cat=0
split_feature=3 5 1 5 3 16
split_gain=961.936 319.492 184.246 133.376 95.5439 93.4172
threshold=0.8111911714076997 0.29083970189094549 0.24227093160152438 0.28778626024723059 0.88517895340919506 1.0000000180025095e-35
decision_type=2 2 2 2 2 2
left_child=3 2 4 5 -2 -1
right_child=1 -3 -4 -5 -6 -7
leaf_value=0.030138917020986502 -0.036351836482498727 0.024181747013763209 -0.011839057864394563 0.0058423812312837532 0.024065245282082787 0.00789060543340433
leaf_weight=689.49133643556706 540.27211774494208 160.26487689505302 893.35660276328417 539.66506828395359 23.969876522984123 226.42973328607331
leaf_count=2258318 233064 184837 184646 762929 42148 353776
internal_value=-3.77328e-09 -0.0159149 -0.0203371 0.0176879 -0.0337472 0.0246534
internal_weight=3073.45 1617.86 1457.6 1455.59 564.242 915.921
internal_count=4019718 644695 459858 3375023 275212 2612094
is_linear=0
shrinkage=0.03


Tree=81
num_leaves=7
num_cat=0
split_feature=1 1 11 5 13 3
split_gain=208.191 213.906 155.685 129.707 115.951 124.92
threshold=0.24227093160152438 0.17586335539817813 1.0000000180025095e-35 0.29083970189094549 1.0000000180025095e-35 0.83144876360893261
decision_type=2 2 2 2 2 2
left_child=1 -1 4 -4 5 -2
right_child=2 -3 3 -5 -6 -7
leaf_value=0.009819097133812512 -0.0023919319747013222 -0.019430408974170831 0.043649677499291488 -0.0030168288971708949 0.029688811783967862 0.024404534674624553
leaf_weight=320.2903259512459 1482.0622997840692 751.50475457603898 161.1356214844127 79.894496938490192 130.65968745278951 174.05546234377834
leaf_count=2503034 625266 504302 149782 43306 78121 115907
internal_value=3.59961e-09 -0.0106886 0.00565194 0.0282325 0.00259181 0.000437364
internal_weight=3099.6 1071.8 2027.81 241.03 1786.78 1656.12
internal_count=4019718 3007336 1012382 193088 819294 741173
is_linear=0
shrinkage=0.03


Tree=82
num_leaves=7
num_cat=0
split_feature=11 1 3 1 5 7
split_gain=1201.3 394.244 261.824 260.958 188.302 121.906
threshold=1.0000000180025095e-35 0.3005619496107102 0.83144876360893261 0.24227093160152438 0.29083970189094549 1.0000000180025095e-35
decision_type=2 2 2 2 2 2
left_child=2 3 5 -2 -4 -1
right_child=1 -3 4 -5 -6 -7
leaf_value=0.025912463525668332 0.027966682679989086 -0.0024958975264347746 0.018910739521753768 -0.043003222619551515 -0.018700751148595776 -0.0001401854755684417
leaf_weight=1136.356492410363 49.557268326258054 473.11784924833773 201.30626050684077 650.28209539937234 292.7988016881136 188.41363930672378
leaf_count=2963829 171135 142997 218757 50091 107363 365546
internal_value=-3.74634e-10 -0.0236607 0.0152629 -0.0379449 -0.00336999 0.0222098
internal_weight=2991.83 1172.96 1818.88 699.839 494.105 1324.77
internal_count=4019718 364223 3655495 221226 326120 3329375
is_linear=0
shrinkage=0.03


Tree=83
num_leaves=7
num_cat=0
split_feature=13 3 1 3 16 6
split_gain=84.4437 102.982 105.829 96.8216 89.8519 82.0951
threshold=1.0000000180025095e-35 0.7130936086177827 0.38214334845542913 0.7407529652118684 1.0000000180025095e-35 1.0000000180025095e-35
decision_type=2 2 2 2 2 2
left_child=1 -1 -3 -2 -4 -5
right_child=3 2 4 5 -6 -7
leaf_value=0.011538112475602026 -0.023944367569590057 0.0062469317583525984 -0.009184493454675681 -0.0094632252515507668 0.048735360319188493 0.031517005711256547
leaf_weight=741.22952708887897 258.9864190708613 858.59675816842355 1053.0827542684565 134.63184923733206 23.688885347510222 64.138020120532019
leaf_count=2178200 183616 1291121 170934 158223 14572 23052
internal_value=1.86597e-09 0.00203756 -0.00160515 -0.0118925 -0.00786623 0.00385163
internal_weight=3134.35 2676.6 1935.37 457.756 1076.77 198.77
internal_count=4019718 3654827 1476627 364891 185506 181275
is_linear=0
shrinkage=0.03


Tree=84
num_leaves=7
num_cat=0
split_feature=15 5 11 1 7 1
split_gain=67.0229 51.5254 52.6059 91.8478 58.5581 24.588
threshold=1.0000000180025095e-35 0.70458015799522411 1.0000000180025095e-35 0.30405497550964361 1.0000000180025095e-35 0.19275507330894473
decision_type=2 2 2 2 2 2
left_child=1 2 4 -4 -1 -2
right_child=5 -3 3 -5 -6 -7
leaf_value=-0.0040030946300823522 0.0075357454434024831 0.029900143536104193 -0.0084046997427796814 0.020338442243486115 0.020694458760710036 0.031386877872075572
leaf_weight=2436.7290882984234 81.558882322977297 46.77153657211602 170.10865756677958 240.45282061937905 88.593681984282739 74.865948039470823
leaf_count=2852997 240275 70444 224087 140136 366337 125442
internal_value=1.16495e-09 -0.0010066 -0.00150898 0.00843776 -0.0031288 0.0190779
internal_weight=3139.08 2982.66 2935.88 410.561 2525.32 156.425
internal_count=4019718 3654001 3583557 364223 3219334 365717
is_linear=0
shrinkage=0.03


Tree=85
num_leaves=7
num_cat=0
split_feature=5 15 1 1 1 1
split_gain=646.799 357.795 209.273 158.607 181.151 144.558
threshold=0.70458015799522411 1.0000000180025095e-35 0.24227093160152438 0.48697400093078619 0.38214334845542913 0.19275507330894473
decision_type=2 2 2 2 2 2
left_child=1 3 5 4 -1 -3
right_child=-2 2 -4 -5 -6 -7
leaf_value=0.0098748919146427645 -0.037075579178784811 0.0099870398378813542 0.039574435187229917 -0.00094654283203419759 0.034553482747969787 -0.034992016529472078
leaf_weight=1124.6206902040358 371.36484509112779 79.531177979704808 47.879569372686092 781.78044236268761 350.92844383988268 326.72629149598652
leaf_count=3209557 70444 240275 77427 153444 220556 48015
internal_value=1.35373e-09 0.0050897 -0.0191792 0.00997853 0.0157636 -0.0261838
internal_weight=3082.83 2711.47 454.137 2257.33 1475.55 406.257
internal_count=4019718 3949274 365717 3583557 3430113 288290
is_linear=0
shrinkage=0.03


Tree=86
num_leaves=7
num_cat=0
split_feature=1 1 11 16 15 3
split_gain=240.016 410.686 137.768 108.275 97.3695 151.242
threshold=0.38214334845542913 0.48697400093078619 1.0000000180025095e-35 1.0000000180025095e-35 1.0000000180025095e-35 0.7130936086177827
decision_type=2 2 2 2 2 2
left_child=4 2 3 -2 -1 -6
right_child=1 -3 -4 -5 5 -7
leaf_value=0.013609427225035093 -0.011862797667710647 0.018096167417975251 -0.031530693967874043 0.038062313231261941 0.027619193384691574 -0.020415899193834821
leaf_weight=1068.7798157399448 905.15491676861711 427.66367065715167 359.6192591878862 39.90024718537461 82.834600661677541 198.27398271336278
leaf_count=3270657 175560 157406 43113 17766 259636 95580
internal_value=-1.07345e-09 -0.00738816 -0.0157492 -0.00971695 0.00947982 -0.00621361
internal_weight=3082.23 1732.34 1304.67 945.055 1349.89 281.109
internal_count=4019718 393845 236439 193326 3625873 355216
is_linear=0
shrinkage=0.03


Tree=87
num_leaves=7
num_cat=0
split_feature=11 5 1 1 3 15
split_gain=220.65 284.226 115.268 140.263 83.6745 60.1614
threshold=1.0000000180025095e-35 0.12595419585704806 0.38214334845542913 0.3005619496107102 0.83144876360893261 1.0000000180025095e-35
decision_type=2 2 2 2 2 2
left_child=5 2 3 -2 -4 -1
right_child=1 -3 4 -5 -6 -7
leaf_value=0.00307750942594575 0.020987463219179485 0.0070547861472093666 0.034276602083871052 -0.049135622127427753 -0.020339622828480446 0.020983125440434378
leaf_weight=2221.8847205969505 28.108037073747255 323.79071815443604 30.572054969292367 244.92824607732473 125.75065294658998 181.83892790944083
leaf_count=3289778 64255 260489 14839 15940 8700 365717
internal_value=-4.18626e-10 -0.0141583 -0.0301349 -0.0418665 -0.00950834 0.00444021
internal_weight=3156.87 753.15 429.359 273.036 156.323 2403.72
internal_count=4019718 364223 103734 80195 23539 3655495
is_linear=0
shrinkage=0.03


Tree=88
num_leaves=7
num_cat=0
split_feature=5 11 12 3 1 1
split_gain=274.536 335.434 168.076 135.353 84.2527 71.9211
threshold=0.12595419585704806 1.0000000180025095e-35 1.0000000180025095e-35 0.8111911714076997 0.38214334845542913 0.16076122224330905
decision_type=2 2 2 2 2 2
left_child=1 2 4 -3 -1 -2
right_child=5 3 -4 -5 -6 -7
leaf_value=-0.010119613461270351 -0.0071052284093618967 -0.033681510995988054 0.02436571768433389 0.016940954285614335 0.0088628863111738995 0.012689637890898664
leaf_weight=723.00074331185169 190.99264011237392 455.14631214513793 217.91986328660278 52.458853704272769 295.77991635098442 1195.5945730441163
leaf_count=1116346 1429576 53976 324794 49758 87721 957547
internal_value=1.85706e-09 -0.0079185 0.000515358 -0.0284269 -0.00460519 0.00995988
internal_weight=3130.89 1744.31 1236.7 507.605 1018.78 1386.59
internal_count=4019718 1632595 1528861 103734 1204067 2387123
is_linear=0
shrinkage=0.03


Tree=89
num_leaves=7
num_cat=0
split_feature=3 12 1 15 9 1
split_gain=175.201 155.026 148.798 65.889 61.2337 58.4799
threshold=0.88517895340919506 1.0000000180025095e-35 0.46944631636142736 1.0000000180025095e-35 1.0000000180025095e-35 0.47806249558925634
decision_type=2 2 2 2 2 2
left_child=2 -2 3 4 -1 -3
right_child=1 5 -4 -5 -6 -7
leaf_value=0.0037101206102817985 0.011805685547312934 -0.036598528628365698 -0.0075274391809881085 0.025575225439030024 0.022665939832571664 0.017252038088902754
leaf_weight=1538.9117826964939 98.677112578385277 232.08405248512281 894.10449732041889 161.97578111040639 169.44575772384997 19.108338447287679
leaf_count=3011536 87417 26272 181113 362858 350008 514
internal_value=8.06195e-10 -0.01997 0.00253373 0.00734488 0.00560244 -0.0324499
internal_weight=3114.31 349.87 2764.44 1870.33 1708.36 251.192
internal_count=4019718 114203 3905515 3724402 3361544 26786
is_linear=0
shrinkage=0.03


Tree=90
num_leaves=7
num_cat=0
split_feature=15 3 3 3 12 5
split_gain=149.189 72.6279 105.628 67.8506 161.262 145.832
threshold=1.0000000180025095e-35 0.7130936086177827 0.83144876360893261 0.8111911714076997 1.0000000180025095e-35 0.41755723953247076
decision_type=2 2 2 2 2 2
left_child=3 -2 -3 -1 5 -5
right_child=1 2 -4 4 -6 -7
leaf_value=0.0064115626931445912 -0.021190533658698142 0.034878315542458446 -0.027440440673185362 -0.011945877317533939 0.030396663308065661 0.032148125633901167
leaf_weight=1688.6735299544525 384.27327911012981 55.046839665286825 42.507418679408147 767.7477470037411 109.95750751893502 73.043793319069664
leaf_count=3021958 267419 91975 6323 376842 146192 109009
internal_value=-3.55158e-10 -0.015333 0.00772119 0.00280379 -0.00360416 -0.00808157
internal_weight=3121.25 481.828 97.5543 2639.42 950.749 840.792
internal_count=4019718 365717 98298 3654001 632043 485851
is_linear=0
shrinkage=0.03


Tree=91
num_leaves=7
num_cat=0
split_feature=15 3 5 3 3 11
split_gain=814.716 389.527 228.539 219.583 181.873 115.509
threshold=1.0000000180025095e-35 0.7130936086177827 0.41755723953247076 0.8111911714076997 0.83144876360893261 1.0000000180025095e-35
decision_type=2 2 2 2 2 2
left_child=2 -2 5 -4 -5 -1
right_child=1 -3 3 4 -6 -7
leaf_value=0.010664389733912229 0.028442477768531479 -0.036158870375964235 0.01757217702140788 -0.036758941282490125 0.012521936438519394 0.032452004713757719
leaf_weight=1543.1411535680018 96.064973393353284 633.48247208740213 182.85825776517595 243.46333248312294 92.476145282867947 254.73172059157514
leaf_count=2822489 267419 98298 359074 24530 84479 363429
internal_value=2.58246e-09 -0.027625 0.00870763 -0.00882059 -0.0231962 0.0137677
internal_weight=3046.22 729.547 2316.67 518.798 335.939 1797.87
internal_count=4019718 365717 3654001 468083 109009 3185918
is_linear=0
shrinkage=0.03


Tree=92
num_leaves=7
num_cat=0
split_feature=11 3 3 3 1 3
split_gain=665.151 282.401 136.428 161.62 111.983 125.365
threshold=1.0000000180025095e-35 0.83144876360893261 0.8683052957057954 0.8111911714076997 0.24227093160152438 0.7407529652118684
decision_type=2 2 2 2 2 2
left_child=2 4 3 -1 -2 -6
right_child=1 -3 -4 -5 5 -7
leaf_value=0.0087187148784827022 -0.043344847227665982 0.019546339846138495 -0.0099805449343524939 0.036382387566997181 0.034875024123034351 -0.023925343941144782
leaf_weight=1685.5075518289668 289.32784508429177 127.05716275508894 297.41836799785233 213.44742195699655 34.337041719118133 445.35218752792571
leaf_count=3182970 109317 131011 133256 339269 48433 75462
internal_value=-2.2367e-09 -0.0217685 0.00888693 0.0118457 -0.028611 -0.0196525
internal_weight=3092.45 896.074 2196.37 1898.95 769.017 479.689
internal_count=4019718 364223 3655495 3522239 233212 123895
is_linear=0
shrinkage=0.03


Tree=93
num_leaves=7
num_cat=0
split_feature=5 3 1 11 3 1
split_gain=437.686 132.998 423.153 288.247 348.075 144.466
threshold=0.12748091667890551 0.83144876360893261 0.30405497550964361 1.0000000180025095e-35 0.7130936086177827 0.21719399839639666
decision_type=2 2 2 2 2 2
left_child=-1 3 5 -2 -5 -3
right_child=1 2 -4 4 -6 -7
leaf_value=0.017074737424065976 0.0060506316086719027 0.016923690622553285 0.028050404480905147 -0.038178101808128771 0.036633645454367078 -0.034706273569024088
leaf_weight=934.23245554670575 1020.4005747511401 53.313839419621218 141.53880766268412 307.89097134576878 67.521397340009571 511.40747310605366
leaf_count=1655630 1912507 144073 81924 46917 120443 58224
internal_value=-2.39694e-09 -0.00759311 -0.0181917 -0.00222117 -0.0246609 -0.0298107
internal_weight=3036.31 2102.07 706.26 1395.81 375.412 564.721
internal_count=4019718 2364088 284221 2079867 167360 202297
is_linear=0
shrinkage=0.03


Tree=94
num_leaves=7
num_cat=0
split_feature=3 6 11 3 3 13
split_gain=190.741 206.784 206.085 150.556 122.818 108.702
threshold=0.8111911714076997 1.0000000180025095e-35 1.0000000180025095e-35 0.7407529652118684 0.8683052957057954 1.0000000180025095e-35
decision_type=2 2 2 2 2 2
left_child=1 2 -1 -4 -2 -3
right_child=4 5 3 -5 -6 -7
leaf_value=0.0051852369490512319 -0.013223682930821878 0.02850017467960277 -0.040438242376200313 0.014050154295247634 0.010413607425981984 -0.00072119749696839474
leaf_weight=999.84191459636349 1053.7269634710174 435.45171058351116 171.70759524802997 61.452650295046624 242.72440865604585 155.28768588564708
leaf_count=2927695 446807 245631 75937 86477 197888 39283
internal_value=-2.78003e-09 0.00625257 -0.000743045 -0.0260784 -0.00879364 0.0208305
internal_weight=3120.19 1823.74 1233 233.16 1296.45 590.739
internal_count=4019718 3375023 3090109 162414 644695 284914
is_linear=0
shrinkage=0.03


Tree=95
num_leaves=7
num_cat=0
split_feature=6 3 5 3 5 3
split_gain=284.58 179.71 118.054 105.647 80.6258 76.327
threshold=1.0000000180025095e-35 0.8111911714076997 0.13206106424331668 0.64879822731018078 0.28320610523223883 0.88517895340919506
decision_type=2 2 2 2 2 2
left_child=-1 2 3 -2 -4 -3
right_child=1 5 4 -5 -6 -7
leaf_value=0.010488346752793328 0.018934390477643399 0.035752333304130912 0.011821605637532704 -0.020368338677480766 -0.0096486770436515195 -0.0012967222432654852
leaf_weight=1340.9262013204861 65.298086680093547 109.60492061446712 258.20727940781944 900.45542425532767 399.85623511881568 91.27915962174302
leaf_count=3661026 37774 60858 99570 70473 77097 12920
internal_value=-3.40321e-09 -0.00770915 -0.0110224 -0.0176941 -0.00121913 0.0189947
internal_weight=3165.63 1824.7 1623.82 965.754 658.064 200.884
internal_count=4019718 358692 284914 108247 176667 73778
is_linear=0
shrinkage=0.03


Tree=96
num_leaves=7
num_cat=0
split_feature=1 1 3 3 11 5
split_gain=128.138 86.4437 86.1797 72.8597 69.9521 135.721
threshold=0.30405497550964361 0.31153491139411932 0.7130936086177827 0.8683052957057954 1.0000000180025095e-35 0.12748091667890551
decision_type=2 2 2 2 2 2
left_child=2 -2 -1 -4 -3 -6
right_child=1 4 3 -5 5 -7
leaf_value=-0.001029000948575072 -0.026332271220151891 0.00073515162766331593 0.022584618415546348 -0.0050917878485068329 0.042067889374019923 -0.016682312467935591
leaf_weight=420.00949462088465 144.65075742042973 1548.5999203765678 430.61186321745481 106.38158814965573 37.383986292159534 459.75167984002474
leaf_count=2027579 33465 512421 1172287 139972 37500 96494
internal_value=3.57361e-09 -0.00400103 0.00915217 0.0171025 -0.00240993 -0.0121888
internal_weight=3147.39 2190.39 957.003 536.993 2045.74 497.136
internal_count=4019718 679880 3339838 1312259 646415 133994
is_linear=0
shrinkage=0.03


Tree=97
num_leaves=7
num_cat=0
split_feature=11 12 1 3 5 10
split_gain=278.031 210.233 246.944 152.076 110.035 125.981
threshold=1.0000000180025095e-35 1.0000000180025095e-35 0.13075958192348483 0.8111911714076997 0.11526717618107797 1.0000000180025095e-35
decision_type=2 2 2 2 2 2
left_child=1 4 -3 -2 5 -1
right_child=3 2 -4 -5 -6 -7
leaf_value=0.027856340596602639 -0.025782636316440462 -0.04753206189545784 -0.00023578797027577007 0.0036181988774390398 0.0054625337069840523 -0.018323948927335972
leaf_weight=427.8172886232278 488.50112836618791 127.43773673433316 438.81365922260738 233.71090734472091 1308.3372528953187 59.98982584496116
leaf_count=1042616 192053 85875 278526 172170 2183271 65207
internal_value=-2.32705e-09 0.00498071 -0.0109451 -0.0162766 0.0100048 0.0221513
internal_weight=3084.61 2362.4 566.251 722.212 1796.14 487.807
internal_count=4019718 3655495 364401 364223 3291094 1107823
is_linear=0
shrinkage=0.03


Tree=98
num_leaves=7
num_cat=0
split_feature=5 12 3 9 5 13
split_gain=622.373 427.601 82.4145 91.5037 80.5456 59.4667
threshold=0.12748091667890551 1.0000000180025095e-35 0.64879822731018078 1.0000000180025095e-35 0.046564886346459396 1.0000000180025095e-35
decision_type=2 2 2 2 2 2
left_child=1 2 3 -1 -4 -2
right_child=5 -3 4 -5 -6 -7
leaf_value=-0.01901018442129675 0.02105457094519789 0.028379378351001971 -0.020553457302694117 -0.050302168916248606 -0.0045749707450115406 0.0044655933232100728
leaf_weight=435.98272446204646 902.79539601950091 226.10012420042767 472.77245354539627 104.13720683830616 710.52678178059432 248.60771568850032
leaf_count=610594 2057873 329537 247609 31864 436026 306215
internal_value=1.08239e-09 -0.0103273 -0.0154189 -0.0251252 -0.0109709 0.0174797
internal_weight=3100.92 1949.52 1723.42 540.12 1183.3 1151.4
internal_count=4019718 1655630 1326093 642458 683635 2364088
is_linear=0
shrinkage=0.03


Tree=99
num_leaves=7
num_cat=0
split_feature=12 5 1 1 1 1
split_gain=154.773 403.053 141.69 164.341 161.951 99.9445
threshold=1.0000000180025095e-35 0.12595419585704806 0.24727065861225131 0.24227093160152438 0.17060384899377826 0.3393035233020783
decision_type=2 2 2 2 2 2
left_child=1 -1 3 4 -2 -4
right_child=2 -3 5 -5 -6 -7
leaf_value=0.02674282750149734 -0.029405871787197987 -0.0028727576331427011 0.025644695074400172 -0.052869048977386604 0.029039588181073342 -0.009740920966169575
leaf_weight=525.69618276231631 121.31965987952572 1925.1291142316841 99.568487533862935 131.20216015685583 64.586177246135776 250.45062446703378
leaf_count=1307801 125621 2347516 84476 6238 92490 55576
internal_value=2.387e-09 0.00348803 -0.0128 -0.0272917 -0.0090544 0.00036946
internal_weight=3117.95 2450.83 667.127 317.108 185.906 350.019
internal_count=4019718 3655317 364401 224349 218111 140052
is_linear=0
shrinkage=0.03


Tree=100
num_leaves=7
num_cat=0
split_feature=5 1 11 1 12 3
split_gain=983.75 235.62 128.732 124.294 117.759 164.532
threshold=0.12595419585704806 0.3393035233020783 1.0000000180025095e-35 0.29710790514945989 1.0000000180025095e-35 0.7407529652118684
decision_type=2 2 2 2 2 2
left_child=1 4 -3 -2 -1 -6
right_child=3 2 -4 -5 5 -7
leaf_value=-0.0092218312036764314 0.013200607828819979 0.010568379074050732 -0.015508619351461065 0.034795655067758509 -0.045377923232453793 -0.016091177395217551
leaf_weight=617.05094900946278 441.3372442315449 510.41111696440203 254.50937860950944 529.50699449995591 274.56147437589971 467.37317958154745
leaf_count=1158825 1949168 167177 30986 437955 72057 203550
internal_value=9.22916e-10 -0.0114351 0.00188295 0.0250024 -0.0189271 -0.0269756
internal_weight=3094.75 2123.91 764.92 970.844 1358.99 741.935
internal_count=4019718 1632595 198163 2387123 1434432 275607
is_linear=0
shrinkage=0.03


Tree=101
num_leaves=7
num_cat=0
split_feature=5 1 9 3 6 1
split_gain=570.973 174.29 83.6945 72.0137 70.9573 64.2137
threshold=0.12595419585704806 0.38751249015331274 1.0000000180025095e-35 0.7407529652118684 1.0000000180025095e-35 0.35283400118350988
decision_type=2 2 2 2 2 2
left_child=4 2 -2 -4 5 -1
right_child=1 -3 3 -5 -6 -7
leaf_value=0.021276297482306774 0.0083327088299117065 -0.014193962623060639 -0.028660831197337627 0.0074562639853399011 0.034366794471757015 -0.0016437916762339978
leaf_weight=424.71406475175172 640.31105257185118 1423.4631638317223 118.93625243927818 84.246326927910559 256.93324187508551 148.16233249037759
leaf_count=1439594 1921857 242160 120109 102997 130265 62736
internal_value=-2.00424e-09 -0.00779414 0.00301009 -0.0137223 0.0212766 0.015356
internal_weight=3096.77 2266.96 843.494 203.183 829.81 572.876
internal_count=4019718 2387123 2144963 223106 1632595 1502330
is_linear=0
shrinkage=0.03


Tree=102
num_leaves=7
num_cat=0
split_feature=5 6 1 1 1 5
split_gain=343.205 162.2 136.977 80.3177 52.7273 28.8899
threshold=0.12748091667890551 1.0000000180025095e-35 0.35283400118350988 0.34827555716037756 0.17060384899377826 0.04809160344302655
decision_type=2 2 2 2 2 2
left_child=1 -1 3 4 -2 -3
right_child=2 5 -4 -5 -6 -7
leaf_value=0.003965378731661205 -0.0047364373174541138 -0.0027808970655359361 0.026269163675469075 -0.028972033298636325 0.013972374285895451 -0.015369157088662237
leaf_weight=742.81196379623725 198.8567138647195 192.46168030360423 444.55797650766908 56.86653241996828 422.29301068162022 1131.6073472669814
leaf_count=1523266 1470753 33063 305332 9293 578710 99301
internal_value=8.68347e-10 -0.00725173 0.0133464 0.00484714 0.00798489 -0.0135429
internal_weight=3189.46 2066.88 1122.57 678.016 621.15 1324.07
internal_count=4019718 1655630 2364088 2058756 2049463 132364
is_linear=0
shrinkage=0.03


Tree=103
num_leaves=7
num_cat=0
split_feature=5 1 3 11 1 9
split_gain=380.674 251.934 42.0485 123.922 95.3655 30.2365
threshold=0.13206106424331668 0.29710790514945989 0.83144876360893261 1.0000000180025095e-35 0.35283400118350988 1.0000000180025095e-35
decision_type=2 2 2 2 2 2
left_child=5 -2 3 -3 -4 -1
right_child=1 2 4 -5 -6 -7
leaf_value=0.016852703596458126 0.013746967980234011 -0.011016887634792277 0.027733704327791188 0.0372056855885795 -0.021638504015853457 -6.9912838859966046e-05
leaf_weight=909.57600666111102 412.94520623873541 1040.1661849227821 36.662043805932626 49.313967491485528 575.5066359508055 106.0880957295376
leaf_count=1590559 1880575 271649 29471 65501 54941 127022
internal_value=-1.97297e-09 -0.00725006 -0.0123506 -0.00880204 -0.0186413 0.0150868
internal_weight=3130.26 2114.59 1701.65 1089.48 612.169 1015.66
internal_count=4019718 2302137 421562 337150 84412 1717581
is_linear=0
shrinkage=0.03


Tree=104
num_leaves=7
num_cat=0
split_feature=11 5 3 5 1 1
split_gain=371.783 298.896 269.791 137.914 94.9037 76.0989
threshold=1.0000000180025095e-35 0.070992365479469313 0.8111911714076997 0.13053435087203982 0.29710790514945989 0.35283400118350988
decision_type=2 2 2 2 2 2
left_child=1 -1 3 -2 -5 -3
right_child=2 5 -4 4 -6 -7
leaf_value=-0.0068941102487027634 0.036085770375182812 0.0084257189922428057 0.007871539529969029 0.019075254287381899 -0.03861427555720981 0.022534229085742107
leaf_weight=995.38429467939568 24.960386184073286 789.29370919692883 229.41540716707823 26.686460432552849 436.0524481522807 611.76598594736424
leaf_count=888436 56351 2463487 172170 80589 55113 303572
internal_value=1.85208e-09 0.0056718 -0.0189354 -0.0315358 -0.0352533 0.0145978
internal_weight=3113.56 2396.44 717.115 487.699 462.739 1401.06
internal_count=4019718 3655495 364223 192053 135702 2767059
is_linear=0
shrinkage=0.03


Tree=105
num_leaves=7
num_cat=0
split_feature=5 5 5 1 3 9
split_gain=225.546 301.325 118.98 80.5684 44.4512 46.0009
threshold=0.070992365479469313 0.13358778506517413 0.12290076538920404 0.34827555716037756 0.51598386466503154 1.0000000180025095e-35
decision_type=2 2 2 2 2 2
left_child=-1 2 3 -2 -3 -6
right_child=1 4 -4 -5 5 -7
leaf_value=0.019176724585330585 0.0053525906227650712 -0.022510865976499084 -0.034249106590559651 -0.014425897563560278 0.0096650710849927393 -0.0042121396160973053
leaf_weight=468.92528384631441 240.80460416531423 46.509435333675356 216.75917018511973 797.6670190431978 1123.0919688373469 265.21164138140011
leaf_count=924858 576887 403259 149319 87157 1651289 226949
internal_value=-2.27265e-09 -0.00334875 -0.014078 -0.00983885 0.00604092 0.00701294
internal_weight=3158.97 2690.04 1255.23 1038.47 1434.81 1388.3
internal_count=4019718 3094860 813363 664044 2281497 1878238
is_linear=0
shrinkage=0.03


Tree=106
num_leaves=7
num_cat=0
split_feature=5 3 10 3 1 5
split_gain=185.714 66.3861 85.4871 69.4063 60.1461 90.3655
threshold=0.070992365479469313 0.8111911714076997 1.0000000180025095e-35 0.8683052957057954 0.31522546708583837 0.046564886346459396
decision_type=2 2 2 2 2 2
left_child=4 2 -2 -3 5 -1
right_child=1 3 -4 -5 -6 -7
leaf_value=0.014847073727023 0.013539420801697429 -0.0055457672183160597 -0.0083536924487895171 0.014832058155387755 -0.01504883045013353 -0.01257061517848109
leaf_weight=186.94805408353568 995.88169029850542 663.8192952347672 190.62487129762303 193.42075497147016 708.60736543673556 253.9487696072174
leaf_count=467925 2235365 366917 327016 165562 123391 333542
internal_value=2.24124e-09 0.0054252 0.010018 -0.000935954 -0.00964199 -0.00093774
internal_weight=3193.25 2043.75 1186.51 857.24 1149.5 440.897
internal_count=4019718 3094860 2562381 532479 924858 801467
is_linear=0
shrinkage=0.03


Tree=107
num_leaves=7
num_cat=0
split_feature=15 3 5 14 3 5
split_gain=96.0065 85.1035 142.646 109.664 85.6109 78.6703
threshold=1.0000000180025095e-35 0.8111911714076997 0.041984731331467635 1.0000000180025095e-35 0.8683052957057954 0.40076336264610296
decision_type=2 2 2 2 2 2
left_child=1 3 -3 -1 -4 -5
right_child=-2 2 4 5 -6 -7
leaf_value=-0.0018228428124286886 0.01888614657185532 -0.023411482457171735 0.022766328737716772 0.015096445068313886 0.0012645245932057481 -0.027975063618426898
leaf_weight=1859.9222272240295 224.02168650249951 116.96567288642109 344.10330322721711 44.326513058986166 322.54130932214321 250.86726549862215
leaf_count=2825962 365717 33187 411212 85724 187644 110272
internal_value=6.21187e-11 -0.00144564 0.00701509 -0.00452383 0.0123806 -0.0214783
internal_weight=3162.75 2938.73 783.61 2155.12 666.645 295.194
internal_count=4019718 3654001 632043 3021958 598856 195996
is_linear=0
shrinkage=0.03


Tree=108
num_leaves=7
num_cat=0
split_feature=15 3 3 5 5 1
split_gain=501.1 401.348 130.761 93.1948 92.2665 85.8661
threshold=1.0000000180025095e-35 0.8111911714076997 0.8683052957057954 0.046564886346459396 0.13358778506517413 0.29050241410732275
decision_type=2 2 2 2 2 2
left_child=1 4 5 -2 -1 -3
right_child=3 2 -4 -5 -6 -7
leaf_value=0.030366587016001072 -0.026465288198555106 0.0045586004298168309 0.013853061835473635 0.01208397599206271 0.012719185275747112 -0.016139794661137408
leaf_weight=389.69606313377153 610.33689904971106 239.91937039693585 237.27813981759391 61.611648699414218 849.47885384073743 721.31550244356185
leaf_count=1118864 277480 310569 197888 88237 1903094 123586
internal_value=2.44754e-09 0.00632415 -0.00605153 -0.022918 0.018289 -0.0109742
internal_weight=3109.64 2437.69 1198.51 671.949 1239.17 961.235
internal_count=4019718 3654001 632043 365717 3021958 434155
is_linear=0
shrinkage=0.03


Tree=109
num_leaves=7
num_cat=0
split_feature=5 3 12 5 1 8
split_gain=537.235 347.62 282.647 232.724 85.1132 59.9718
threshold=0.12290076538920404 0.8111911714076997 1.0000000180025095e-35 0.054198471829295165 0.18900176137685779 1.0000000180025095e-35
decision_type=2 2 2 2 2 2
left_child=1 2 3 -1 -4 -2
right_child=5 -3 4 -5 -6 -7
leaf_value=0.019377974483919314 0.018768327272461621 0.024011975958313357 -0.047333260744168201 -0.013483193640729318 -0.023225479562963742 0.0019871695654038518
leaf_weight=254.72763669559208 983.08849533754983 235.45708518210449 200.03740814675257 802.55996684054116 396.33469370957755 238.34133150037815
leaf_count=562288 2125491 237846 77807 599914 111047 305325
internal_value=-2.34091e-09 -0.0100234 -0.0148811 -0.00555527 -0.0313775 0.0154981
internal_weight=3110.55 1889.12 1653.66 1057.29 596.372 1221.43
internal_count=4019718 1588902 1351056 1162202 188854 2430816
is_linear=0
shrinkage=0.03


Tree=110
num_leaves=7
num_cat=0
split_feature=3 14 5 1 1 1
split_gain=129.686 148.96 101.797 90.1701 147.106 82.6493
threshold=0.83144876360893261 1.0000000180025095e-35 0.12290076538920404 0.23987494409084323 0.29050241410732275 0.48697400093078619
decision_type=2 2 2 2 2 2
left_child=1 -1 3 -2 -5 -4
right_child=2 -3 5 4 -6 -7
leaf_value=0.007102216229929687 0.020432389163488829 -0.015985634242889717 -0.0029579551150804946 -0.038009948422654469 -0.0038753192587245998 0.040871054515384912
leaf_weight=1878.6831219493906 47.828865527553717 289.39477603566775 378.43113709305908 249.85689607114182 208.16973680040974 42.124335818283726
leaf_count=3327823 94948 234764 277117 22117 46361 16588
internal_value=4.19914e-10 0.0040145 -0.00938933 -0.0184431 -0.0225383 0.00151865
internal_weight=3094.49 2168.08 926.411 505.855 458.027 420.555
internal_count=4019718 3562587 457131 163426 68478 293705
is_linear=0
shrinkage=0.03


Tree=111
num_leaves=7
num_cat=0
split_feature=3 14 1 5 5 1
split_gain=140.831 197.794 171.767 139.933 98.4033 48.5139
threshold=0.88517895340919506 1.0000000180025095e-35 0.29710790514945989 0.043511450290679939 0.12748091667890551 0.48697400093078619
decision_type=2 2 2 2 2 2
left_child=1 2 3 -1 -4 -2
right_child=5 -3 4 -5 -6 -7
leaf_value=0.021294014824717707 -0.0050501802219211625 0.034441673768055001 0.019366728662003892 -0.01143772533478026 0.0020893320375207471 -0.027714500679968706
leaf_weight=130.80842067473714 149.66814326588064 160.89248373857845 432.43700450588949 1090.7463394731385 941.26054454964469 197.36338265595259
leaf_count=390147 108146 323243 253553 2613602 324970 6057
internal_value=-2.4389e-09 0.0022699 0.000262913 -0.00791814 0.00753835 -0.0179824
internal_weight=3103.18 2756.14 2595.25 1221.55 1373.7 347.032
internal_count=4019718 3905515 3582272 3003749 578523 114203
is_linear=0
shrinkage=0.03


Tree=112
num_leaves=7
num_cat=0
split_feature=14 5 1 3 5 5
split_gain=626.794 269.472 152.924 145.339 106.813 110.968
threshold=1.0000000180025095e-35 0.06030534394085408 0.25222611427307134 0.8683052957057954 0.16259542107582095 0.70458015799522411
decision_type=2 2 2 2 2 2
left_child=1 2 -1 -3 -2 -6
right_child=4 3 -4 -5 5 -7
leaf_value=0.017696714232623423 0.035403967339227745 0.02062639836918518 -0.013104977804383066 -0.002901967937190812 -0.027547220414172912 0.014949738382913998
leaf_weight=189.18789677504537 26.986332548818609 1161.7039916099602 611.10127900191583 296.26925194112846 737.8776498343359 59.157670116022928
leaf_count=588440 52254 2791803 164105 111165 242304 69647
internal_value=7.04738e-11 0.00817252 -0.00581048 0.0158466 -0.0223798 -0.0243782
internal_weight=3082.28 2258.26 800.289 1457.97 824.022 797.035
internal_count=4019718 3655513 752545 2902968 364205 311951
is_linear=0
shrinkage=0.03


Tree=113
num_leaves=7
num_cat=0
split_feature=1 5 5 3 5 5
split_gain=152.647 235.786 153.679 108.753 47.9313 32.1816
threshold=0.29710790514945989 0.06030534394085408 0.31221374869346624 0.8683052957057954 0.38702291250228887 0.045038169249892242
decision_type=2 2 2 2 2 2
left_child=5 -2 3 -3 -4 -1
right_child=1 2 4 -5 -6 -7
leaf_value=0.00085199380991765573 0.034074129749658844 -0.011846608772979716 0.040249844169432961 0.022991992412759711 0.0077058778292986132 0.013688081764387384
leaf_weight=238.22183834962198 134.42268259091361 1678.2064248507959 47.705408572917804 83.804173036813154 253.78262502400321 671.2022230170769
leaf_count=431914 116544 392379 52917 34775 115587 2875602
internal_value=2.83092e-09 -0.00427708 -0.00679069 -0.0101775 0.0129715 0.0103303
internal_weight=3107.35 2197.92 2063.5 1762.01 301.488 909.424
internal_count=4019718 712202 595658 427154 168504 3307516
is_linear=0
shrinkage=0.03


Tree=114
num_leaves=7
num_cat=0
split_feature=5 1 5 1 3 9
split_gain=135.682 190.704 146.712 195.477 196.428 89.4716
threshold=0.054198471829295165 0.29710790514945989 0.31221374869346624 0.29710790514945989 0.8683052957057954 1.0000000180025095e-35
decision_type=2 2 2 2 2 2
left_child=1 -1 3 -2 -5 -4
right_child=2 -3 5 4 -6 -7
leaf_value=0.012895319558512688 -0.0021949971800536029 -0.018824804179609397 -0.0032954482292436309 0.030817523152304811 -0.0017311821431286571 -0.040588856108280703
leaf_weight=234.00237317342544 658.6860796026449 622.63642790824088 775.50204422563547 508.06630581147328 248.0916767531744 61.59390628359688
leaf_count=586441 2070527 103315 804757 404388 35995 14295
internal_value=-3.13851e-09 -0.0101551 0.00386579 0.00975314 0.0201503 -0.00608467
internal_weight=3108.58 856.639 2251.94 1414.84 756.158 837.096
internal_count=4019718 689756 3329962 2510910 440383 819052
is_linear=0
shrinkage=0.03


Tree=115
num_leaves=7
num_cat=0
split_feature=5 1 5 3 1 3
split_gain=270.532 272.55 269.725 137.895 50.8701 24.0696
threshold=0.31221374869346624 0.29710790514945989 0.054198471829295165 0.8683052957057954 0.14996956288814547 0.68265056610107433
decision_type=2 2 2 2 2 2
left_child=1 4 -3 -4 -1 -2
right_child=5 2 3 -5 -6 -7
leaf_value=7.7799354472168867e-05 0.010685924486808595 0.035355906127579224 -0.013397402392655631 0.023621157673633361 0.018034654480411708 0.028333750586507805
leaf_weight=198.73293304623803 94.816866752640635 116.10495654791885 1815.3593573430117 94.423897342509008 496.31993937391962 278.93813000321825
leaf_count=1837342 307357 103315 404388 35995 819626 511695
internal_value=-3.55434e-10 -0.00329015 -0.00885107 -0.0115557 0.0129078 0.0238972
internal_weight=3094.7 2720.94 2025.89 1909.78 695.053 373.755
internal_count=4019718 3200666 543698 440383 2656968 819052
is_linear=0
shrinkage=0.03


Tree=116
num_leaves=7
num_cat=0
split_feature=5 5 3 5 3 3
split_gain=383.976 317.401 129.926 118.783 89.2513 70.4884
threshold=0.054198471829295165 0.70458015799522411 0.8683052957057954 0.31221374869346624 0.88517895340919506 0.8111911714076997
decision_type=2 2 2 2 2 2
left_child=-1 2 3 -2 -4 -3
right_child=1 5 4 -5 -6 -7
leaf_value=-0.015134737024515996 0.021937601811403692 0.028024507498012729 -0.012989522498869744 0.0040525403218204803 0.019511496884640833 -0.030527806412680485
leaf_weight=1012.7621543210844 945.50808576687996 19.478370743599953 275.7286228015364 517.44611426709889 103.88783060228161 213.49171968690644
leaf_count=689756 2391864 38077 71056 701294 95304 32367
internal_value=-6.0359e-10 0.00738874 0.0115629 0.0156188 -0.00406723 -0.0255335
internal_weight=3088.3 2075.54 1842.57 1462.95 379.616 232.97
internal_count=4019718 3329962 3259518 3093158 166360 70444
is_linear=0
shrinkage=0.03


Tree=117
num_leaves=7
num_cat=0
split_feature=5 1 1 5 9 1
split_gain=329.865 318.415 215.973 138.905 133.546 85.9229
threshold=0.055725190788507468 0.29710790514945989 0.19275507330894473 0.06030534394085408 1.0000000180025095e-35 0.48697400093078619
decision_type=2 2 2 2 2 2
left_child=-1 2 -2 -3 -4 -5
right_child=1 3 4 5 -6 -7
leaf_value=0.029857383758615685 0.0079979903007258747 -0.035745888085982142 -0.023394328566458823 0.014780177319976825 0.028023741676977701 -0.00024551398121478314
leaf_weight=299.29069761239953 303.38254092882562 66.438583414317691 939.44716693476948 798.37927109478915 46.953362616462982 599.25144451265805
leaf_count=706428 2188128 10107 450959 458699 68438 136959
internal_value=-2.93795e-09 -0.00325459 -0.0141177 0.00631844 -0.0209209 0.00834216
internal_weight=3053.14 2753.85 1289.78 1464.07 986.401 1397.63
internal_count=4019718 3313290 2707525 605765 519397 595658
is_linear=0
shrinkage=0.03


Tree=118
num_leaves=7
num_cat=0
split_feature=9 5 1 1 1 1
split_gain=219.823 233.877 164.158 179.166 66.7521 70.4181
threshold=1.0000000180025095e-35 0.055725190788507468 0.29710790514945989 0.24227093160152438 0.48697400093078619 0.29710790514945989
decision_type=2 2 2 2 2 2
left_child=1 -1 3 -2 5 -3
right_child=2 4 -4 -5 -6 -7
leaf_value=-0.0094296639357844599 0.012098034471365928 0.016464393255222368 0.0042892879525369652 -0.041918722364956279 0.022607507433328931 0.0023825678081428065
leaf_weight=833.77606020399253 69.589207523989899 483.05931128819066 192.55905973706103 260.44400795751426 305.55541671770334 941.94772322912468
leaf_count=683387 262445 2430604 69324 33337 130416 410205
internal_value=-5.41381e-10 0.00361558 -0.0177145 -0.0305269 0.00990252 0.00716433
internal_weight=3086.93 2564.34 522.592 330.033 1730.56 1425.01
internal_count=4019718 3654612 365106 295782 2971225 2840809
is_linear=0
shrinkage=0.03


Tree=119
num_leaves=7
num_cat=0
split_feature=5 5 1 1 1 3
split_gain=174.107 151.42 60.0302 169.677 125.706 25.2446
threshold=0.06030534394085408 0.39007633924484258 0.19275507330894473 0.29710790514945989 0.16888043284416202 0.83144876360893261
decision_type=2 2 2 2 2 2
left_child=-1 2 4 -4 -2 -3
right_child=1 5 3 -5 -6 -7
leaf_value=0.018605226783238997 0.00096199247483907057 0.013015036683859093 0.019969869239976051 -0.0062816103400121347 -0.031796910859839739 0.034332639691627677
leaf_weight=394.12864692758012 210.65711115451995 218.41728565306403 252.60484694973275 1755.3321237414857 209.92540114634903 64.946735476558388
leaf_count=766005 1689167 453537 405570 482086 129401 93952
internal_value=1.79836e-09 -0.00270983 -0.00513324 -0.00297079 -0.0154256 0.0180046
internal_weight=3106.01 2711.88 2428.52 2007.94 420.583 283.364
internal_count=4019718 3253713 2706224 887656 1818568 547489
is_linear=0
shrinkage=0.03


Tree=120
num_leaves=7
num_cat=0
split_feature=1 5 5 11 1 5
split_gain=126.296 195.463 200.956 86.8048 70.0517 55.0484
threshold=0.3005619496107102 0.06030534394085408 0.33511450886726385 1.0000000180025095e-35 0.19084142148494723 0.038931297138333328
decision_type=2 2 2 2 2 2
left_child=4 -2 3 -3 -1 -6
right_child=1 2 -4 -5 5 -7
leaf_value=0.0032159773030118353 -0.010845066977820972 0.028231777790759499 -0.0032710773286264935 0.0065054827730188815 0.011787345527789074 -0.013508075289645758
leaf_weight=437.32184500526637 481.25778093895497 517.30195139026182 494.23061607050477 244.22426208145771 84.204183881200152 871.94360455346032
leaf_count=2631935 113156 320503 148484 113908 83922 607810
internal_value=2.70925e-09 0.00539572 0.0116235 0.0212817 -0.00672501 -0.0112704
internal_weight=3130.48 1737.01 1255.76 761.526 1393.47 956.148
internal_count=4019718 696051 582895 434411 3323667 691732
is_linear=0
shrinkage=0.03


Tree=121
num_leaves=7
num_cat=0
split_feature=5 1 5 5 5 1
split_gain=227.209 224.869 221.696 66.7997 47.5735 65.6015
threshold=0.33206106722354894 0.30784505605697637 0.06030534394085408 0.30916030704975134 0.038931297138333328 0.17956072092056277
decision_type=2 2 2 2 2 2
left_child=1 4 -3 -4 -1 -6
right_child=-2 2 3 -5 5 -7
leaf_value=-0.0014855189867596463 0.022185877310651556 0.028388489024531387 -0.0094889232625426072 -0.033167357365506876 0.0038240799634504585 0.0249209408662644
leaf_weight=195.77564641473145 365.23086386247451 137.56942801366677 1737.4660080732065 113.52054861019133 234.91197567789641 304.99810501145839
leaf_count=340644 751534 106123 396298 16478 1857036 551605
internal_value=2.6447e-09 -0.00298144 -0.00822331 -0.0109582 0.0111792 0.0157658
internal_weight=3089.47 2724.24 1988.56 1850.99 735.686 539.91
internal_count=4019718 3268184 518899 412776 2749285 2408641
is_linear=0
shrinkage=0.03


Tree=122
num_leaves=7
num_cat=0
split_feature=5 3 5 5 3 1
split_gain=221.517 159.844 107.156 96.9445 84.4062 71.8371
threshold=0.06030534394085408 0.83144876360893261 0.72137403488159191 0.032824428752064712 0.64879822731018078 0.34827555716037756
decision_type=2 2 2 2 2 2
left_child=3 2 5 4 -1 -2
right_child=1 -3 -4 -5 -6 -7
leaf_value=-0.012538124163427341 0.0061860393269719356 -0.0061610449212790548 -0.024268888134928175 -0.017324115193068656 0.024436328648111055 0.020011239129622136
leaf_weight=114.05962088584056 682.89078462430189 722.3220007862401 72.066426108147425 729.18129358271108 106.5436826602745 671.79623158879986
leaf_count=114719 2467213 403444 42017 478321 172965 341039
internal_value=-8.31444e-10 0.00533209 0.011151 -0.0120578 0.00534893 0.0130517
internal_weight=3098.86 2149.08 1426.75 949.785 220.603 1354.69
internal_count=4019718 3253713 2850269 766005 287684 2808252
is_linear=0
shrinkage=0.03


Tree=123
num_leaves=7
num_cat=0
split_feature=5 1 3 3 1 5
split_gain=423.931 266.764 165.533 102.85 96.4307 88.1296
threshold=0.032824428752064712 0.38214334845542913 0.83144876360893261 0.64879822731018078 0.19084142148494723 0.092366412281990065
decision_type=2 2 2 2 2 2
left_child=3 -2 5 -1 -5 -3
right_child=1 2 -4 4 -6 -7
leaf_value=0.02501202582939771 0.016643402456250893 0.0091241355162280362 0.02942769133703502 0.0078608685101983419 -0.035144786109998452 -0.0096920331706099559
leaf_weight=32.209120236599119 1026.2131936793303 277.61847667509574 128.37152190030611 53.031691485564806 385.78036614714802 1145.0566871969349
leaf_count=114719 3355617 70248 63559 106307 66658 242610
internal_value=3.6964e-09 0.00478538 -0.00306586 -0.0261386 -0.0299414 -0.00601645
internal_weight=3048.28 2577.26 1551.05 471.021 438.812 1422.68
internal_count=4019718 3732034 376417 287684 172965 312858
is_linear=0
shrinkage=0.03


Tree=124
num_leaves=7
num_cat=0
split_feature=5 15 1 11 5 3
split_gain=93.2493 67.0998 54.5291 51.98 96.3305 46.401
threshold=0.06030534394085408 1.0000000180025095e-35 0.18705196678638461 1.0000000180025095e-35 0.33206106722354894 0.83144876360893261
decision_type=2 2 2 2 2 2
left_child=2 3 -1 5 -5 -2
right_child=1 -3 -4 4 -6 -7
leaf_value=-0.0023634976828117394 0.0030727998486021315 -0.041236988102025592 0.020147286627010107 -0.0015218633831159134 -0.03007631176605581 -0.007210747855530871
leaf_weight=143.58825510774477 1591.520939939408 37.888194779632613 295.2919123829779 349.71276495345228 151.85814007310546 524.11301501056005
leaf_count=487421 2610680 23837 278584 287423 49875 281898
internal_value=2.13803e-09 -0.0021188 0.0127938 -0.00153697 -0.0102098 0.000523019
internal_weight=3093.97 2655.09 438.88 2617.2 501.571 2115.63
internal_count=4019718 3253713 766005 3229876 337298 2892578
is_linear=0
shrinkage=0.03


Tree=125
num_leaves=7
num_cat=0
split_feature=5 1 1 3 5 5
split_gain=382.188 116.855 101.141 138.827 113.263 192.985
threshold=0.06030534394085408 0.18705196678638461 0.38214334845542913 0.8111911714076997 0.093893129378557219 0.33206106722354894
decision_type=2 2 2 2 2 2
left_child=1 -1 3 -2 -4 -6
right_child=2 -3 4 -5 5 -7
leaf_value=0.014862891902077567 -0.0038560680654101372 -0.019427830067896813 -0.00097771095726348887 0.020071187294605327 0.039146780706200104 0.0051548577424528454
leaf_weight=99.227430689650646 962.57578121044207 848.82786280554137 278.01565417955135 281.14513003260072 300.18347138421086 300.79148628360417
leaf_count=487421 2431769 278584 45811 482667 212152 81314
internal_value=-2.95043e-09 -0.0158269 0.00707282 0.00156451 0.0148561 0.0221704
internal_weight=3070.77 948.055 2122.71 1243.72 878.991 600.975
internal_count=4019718 766005 3253713 2914436 339277 293466
is_linear=0
shrinkage=0.03


Tree=126
num_leaves=7
num_cat=0
split_feature=1 5 5 12 1 3
split_gain=339.28 393.73 306.404 59.1311 46.3127 63.9171
threshold=0.38214334845542913 0.093893129378557219 0.2938931286334992 1.0000000180025095e-35 0.17060384899377826 0.8111911714076997
decision_type=2 2 2 2 2 2
left_child=4 -2 3 -3 -1 -6
right_child=1 2 -4 -5 5 -7
leaf_value=0.0025812135593822998 0.038957885135759367 -0.015187708804795126 0.021198171125047287 -0.034551663522881054 0.022352408895510621 0.006056187706628806
leaf_weight=332.94926406273589 145.0999875694979 1290.8449514323074 212.06307308530086 159.45834345996263 529.64438356363826 367.68215423621587
leaf_count=2455147 100379 183026 97716 12724 869103 301623
internal_value=3.06706e-09 -0.00826998 -0.0124132 -0.0173391 0.0121467 0.0156892
internal_weight=3037.74 1807.47 1662.37 1450.3 1230.28 897.327
internal_count=4019718 393845 293466 195750 3625873 1170726
is_linear=0
shrinkage=0.03


Tree=127
num_leaves=7
num_cat=0
split_feature=5 5 1 1 1 6
split_gain=272.792 96.819 85.5751 133.799 110.263 68.4697
threshold=0.093893129378557219 0.072519082576036467 0.18705196678638461 0.17404733598232272 0.38214334845542913 1.0000000180025095e-35
decision_type=2 2 2 2 2 2
left_child=1 2 3 -1 -4 -3
right_child=-2 5 4 -5 -6 -7
leaf_value=0.0062023377669089092 0.0083191136840325246 -0.0031257251807887318 0.022189829710199283 -0.041208221271350529 -0.0055635276044884519 -0.024532832732517752
leaf_weight=101.30204200449225 1654.105889105289 191.71173970153905 188.67300180635357 112.16236713061517 400.83001484221313 451.90984330431093
leaf_count=566978 2797011 249811 276415 31074 71029 27400
internal_value=-4.19992e-11 -0.00951169 -0.00255668 -0.018785 0.00334159 -0.0181712
internal_weight=3100.69 1446.59 802.967 213.464 589.503 643.622
internal_count=4019718 1222707 945496 598052 347444 277211
is_linear=0
shrinkage=0.03


Tree=128
num_leaves=7
num_cat=0
split_feature=5 5 1 1 1 1
split_gain=115.015 64.3109 221.863 91.5741 51.0115 113.539
threshold=0.072519082576036467 0.30916030704975134 0.38214334845542913 0.29710790514945989 0.18705196678638461 0.19084142148494723
decision_type=2 2 2 2 2 2
left_child=4 2 -2 -3 -1 -6
right_child=1 3 -4 -5 5 -7
leaf_value=0.010542678082819406 -0.0014639765173492052 0.018364032551466229 0.023771733208606479 -0.0074777542866198031 -0.043661358349701515 -0.0075159216838415911
leaf_weight=107.30206253974757 852.64645483308414 149.74385380332387 494.79877689589921 680.12180924366112 86.647549710527528 734.27472127274814
leaf_count=598052 2003114 667303 231406 172399 8864 338580
internal_value=-1.00485e-09 0.00376956 0.00781365 -0.00279828 -0.00883671 -0.0113795
internal_weight=3105.54 2177.31 1347.45 829.866 928.224 820.922
internal_count=4019718 3074222 2234520 839702 945496 347444
is_linear=0
shrinkage=0.03


Tree=129
num_leaves=7
num_cat=0
split_feature=1 5 5 5 1 3
split_gain=241.178 175.544 166.84 65.9674 60.4694 32.3641
threshold=0.38214334845542913 0.072519082576036467 0.31221374869346624 0.19160304963588717 0.1723466292023659 0.7130936086177827
decision_type=2 2 2 2 2 2
left_child=4 -2 3 -3 5 -1
right_child=1 2 -4 -5 -6 -7
leaf_value=-0.010584684751339234 0.02942230930893627 -0.0070168971463476651 0.015982883782969436 -0.019552089081420677 0.014183978229074901 0.0078879171461247698
leaf_weight=157.06219867159234 111.58284040327999 841.47451541668852 206.9919405139517 687.46380541904364 911.6409325988061 184.58274183610047
leaf_count=1664303 71029 139360 89195 94261 1154819 806751
internal_value=-8.5224e-10 -0.0068897 -0.00923938 -0.0126623 0.0101537 -0.000610478
internal_weight=3100.8 1847.51 1735.93 1528.94 1253.29 341.645
internal_count=4019718 393845 322816 233621 3625873 2471054
is_linear=0
shrinkage=0.03


Tree=130
num_leaves=7
num_cat=0
split_feature=3 5 1 5 3 15
split_gain=53.7946 34.2996 70.5341 68.2109 61.0696 38.8912
threshold=0.8683052957057954 0.15190839767456057 0.38214334845542913 0.31221374869346624 0.83144876360893261 1.0000000180025095e-35
decision_type=2 2 2 2 2 2
left_child=1 5 4 -4 -3 -1
right_child=-2 2 3 -5 -6 -7
leaf_value=-0.0059839966784262797 0.014263124600387258 -0.0057902068473563995 0.022970410015980502 0.0013396447036952662 0.022480252196604499 0.0075375801539477516
leaf_weight=1355.4312078390503 220.20383237217175 731.36823481071769 234.81697153748974 296.06544591913553 74.912275973081705 222.02623208922159
leaf_count=1472477 197888 1660471 121880 80234 121051 365717
internal_value=-1.81811e-09 -0.00108212 0.00245167 0.0109324 -0.00313898 -0.00407727
internal_weight=3134.82 2914.62 1337.16 530.882 806.281 1577.46
internal_count=4019718 3821830 1983636 202114 1781522 1838194
is_linear=0
shrinkage=0.03


Tree=131
num_leaves=7
num_cat=0
split_feature=5 1 3 1 5 15
split_gain=377.919 120.093 102.287 190.576 62.9003 55.4624
threshold=0.15190839767456057 0.24727065861225131 0.83144876360893261 0.38214334845542913 0.40992367267608648 1.0000000180025095e-35
decision_type=2 2 2 2 2 2
left_child=5 -2 3 -3 -4 -1
right_child=1 2 4 -5 -6 -7
leaf_value=0.018382212946733999 0.010300708299867531 0.020728916312038319 -0.0087806542584471323 -0.011152335429417787 -0.027110494892214725 0.0024732640377736507
leaf_weight=800.98559782587836 287.43010366522503 211.30641425629437 289.85447976837168 821.99246331385802 405.94442969039665 261.99595974123804
leaf_count=1556030 1584142 225073 71572 180899 36285 365717
internal_value=-2.50128e-10 -0.0076295 -0.0106143 -0.00461898 -0.0194982 0.0144671
internal_weight=3079.51 2016.53 1729.1 1033.3 695.799 1062.98
internal_count=4019718 2097971 513829 405972 107857 1921747
is_linear=0
shrinkage=0.03


Tree=132
num_leaves=7
num_cat=0
split_feature=5 1 3 1 15 5
split_gain=68.6718 321.141 91.7886 77.2055 56.4936 48.221
threshold=0.18244274705648425 0.38214334845542913 0.83144876360893261 0.24727065861225131 1.0000000180025095e-35 0.020610686391592029
decision_type=2 2 2 2 2 2
left_child=4 2 3 -2 5 -1
right_child=1 -3 -4 -5 -6 -7
leaf_value=-0.026987574594040331 0.006634543434847661 0.031995795804923031 0.01946662616209292 -0.015195993989547804 0.01163505449040992 -0.0039420926766094294
leaf_weight=84.90831806317874 211.2651808251685 307.32310922564648 125.32236231413117 466.15249947149277 202.38891671430611 1693.9204490205739
leaf_count=37321 1228550 192243 202897 199162 365717 1793828
internal_value=-2.17503e-11 0.00597045 -0.00402057 -0.00838799 -0.00334653 -0.00505666
internal_weight=3091.28 1110.06 802.74 677.418 1981.22 1778.83
internal_count=4019718 1822852 1630609 1427712 2196866 1831149
is_linear=0
shrinkage=0.03


Tree=133
num_leaves=7
num_cat=0
split_feature=5 1 5 15 1 5
split_gain=327.975 334.627 108.604 93.6301 76.1794 62.0452
threshold=0.18244274705648425 0.38214334845542913 0.32442748546600347 1.0000000180025095e-35 0.24727065861225131 0.19007633626461032
decision_type=2 2 2 2 2 2
left_child=3 4 5 -1 -2 -3
right_child=1 2 -4 -5 -6 -7
leaf_value=0.016384886964203371 0.0017185196484701545 -0.042174655308739296 -0.0031857010581898119 -0.0028354529388548697 0.02421332019188329 -0.019303814361921145
leaf_weight=952.13950417051819 324.56620309072605 124.79962858486397 368.31654152614647 299.52041704778821 231.79391609778395 749.06391073903796
leaf_count=1831149 1366751 6764 84917 365717 263858 100562
internal_value=-1.79596e-09 -0.00820486 -0.0168609 0.0117869 0.0111171 -0.0226146
internal_weight=3050.2 1798.54 1242.18 1251.66 556.36 873.864
internal_count=4019718 1822852 192243 2196866 1630609 107326
is_linear=0
shrinkage=0.03


Tree=134
num_leaves=7
num_cat=0
split_feature=3 1 1 1 1 1
split_gain=74.6251 45.585 111.307 49.5778 45.0446 38.7644
threshold=0.83144876360893261 0.30405497550964361 0.24484894424676898 0.51796540617942821 0.3005619496107102 0.38214334845542913
decision_type=2 2 2 2 2 2
left_child=5 2 -2 -3 -4 -1
right_child=1 3 4 -5 -6 -7
leaf_value=-0.00052076973003981238 0.006088687057897238 0.0051332652209480556 -0.018823921871843296 -0.016294651256622515 -0.047201072525831202 0.0074417289847680482
leaf_weight=1276.5146485793812 148.48742240196589 337.88283545256127 194.99075764251756 135.25402239518007 68.30897343927063 966.04835156015179
leaf_count=3234038 267303 109070 60886 16425 3447 328549
internal_value=-1.9091e-09 -0.00737222 -0.0146579 -0.00101371 -0.0263367 0.00291109
internal_weight=3127.49 884.924 411.787 473.137 263.3 2242.56
internal_count=4019718 457131 331636 125495 64333 3562587
is_linear=0
shrinkage=0.03


Tree=135
num_leaves=7
num_cat=0
split_feature=5 1 5 15 3 7
split_gain=98.759 68.7749 65.1413 63.2792 34.3869 40.5685
threshold=0.18244274705648425 0.39895732700824743 0.2938931286334992 1.0000000180025095e-35 0.7407529652118684 1.0000000180025095e-35
decision_type=2 2 2 2 2 2
left_child=3 -2 -3 4 5 -1
right_child=1 2 -4 -5 -6 -7
leaf_value=-0.012868097090552436 0.0017416129840678732 0.035906017965431157 0.0091457767750508876 0.012720631114341864 -0.0020907140178013876 0.008363611537190346
leaf_weight=701.72302457919432 763.66039350528445 116.54637251257373 273.267532024096 183.02233366927248 1016.4372941219626 90.855111704200681
leaf_count=882047 1653542 84434 84876 365717 663175 285927
internal_value=-1.13403e-09 0.00698219 0.0172179 -0.00404446 -0.00574671 -0.0104268
internal_weight=3145.51 1153.47 389.814 1992.04 1809.02 792.578
internal_count=4019718 1822852 169310 2196866 1831149 1167974
is_linear=0
shrinkage=0.03


Tree=136
num_leaves=7
num_cat=0
split_feature=5 1 5 16 3 5
split_gain=339.58 270.678 198.449 61.1464 51.8349 45.6103
threshold=0.18244274705648425 0.34827555716037756 0.2938931286334992 1.0000000180025095e-35 0.7130936086177827 0.07404580339789392
decision_type=2 2 2 2 2 2
left_child=3 -2 4 5 -3 -1
right_child=1 2 -4 -5 -6 -7
leaf_value=0.0039047212852011026 0.010543434618828606 -0.030355100084814249 0.0018438805852513179 0.031785182540458159 -0.015902928076438439 0.016013275634737284
leaf_weight=576.91000213413645 497.05236086463992 459.91764132711978 411.07815336626663 125.99252896311373 442.23587128592771 544.53987806780788
leaf_count=863615 1578295 53155 127675 273444 63727 1059807
internal_value=-1.72206e-09 -0.0082974 -0.0154312 0.0120382 -0.0232961 0.00979327
internal_weight=3057.73 1810.28 1313.23 1247.44 902.154 1121.45
internal_count=4019718 1822852 244557 2196866 116882 1923422
is_linear=0
shrinkage=0.03


Tree=137
num_leaves=7
num_cat=0
split_feature=5 5 1 5 4 1
split_gain=80.2354 121.361 45.4692 50.1267 45.1604 35.5854
threshold=0.18244274705648425 0.095419846475124373 0.29710790514945989 0.32900762557983404 4.3500001430511483 0.31522546708583837
decision_type=2 2 2 2 2 2
left_child=1 5 -2 -4 -5 -1
right_child=2 -3 3 4 -6 -7
leaf_value=0.011965288986121547 -0.0010158300618832022 -0.010597947024980174 0.020906271233513025 -0.014450294502902437 0.0096304527613490995 -0.00015941213880257626
leaf_weight=337.92469158424501 460.86530267004855 1059.5086701786131 280.38913427195803 88.210704645665828 326.7880246953282 609.81323886312748
leaf_count=1068060 1482038 951906 183511 30989 126314 176900
internal_value=-2.1598e-09 -0.00362568 0.00629184 0.0111295 0.0044895 0.00417182
internal_weight=3163.5 2007.25 1156.25 695.388 414.999 947.738
internal_count=4019718 2196866 1822852 340814 157303 1244960
is_linear=0
shrinkage=0.03


Tree=138
num_leaves=7
num_cat=0
split_feature=5 5 1 5 9 1
split_gain=118.259 108.901 99.7717 75.177 70.6727 48.5861
threshold=0.19007633626461032 0.10305343568325044 0.48697400093078619 0.30305343866348272 1.0000000180025095e-35 0.3005619496107102
decision_type=2 2 2 2 2 2
left_child=1 -1 4 -4 -2 -6
right_child=2 -3 3 -5 5 -7
leaf_value=0.001167922133535328 0.00336919644172482 0.019375046435739236 -0.022202426792775266 0.006198042929059123 0.013245053356482879 -0.021652256122770854
leaf_weight=1097.0657396848255 880.58306455844286 403.80615856937948 412.96840993527439 104.72809654308367 43.470167828592821 190.62125228905643
leaf_count=1342626 1528248 917045 38901 35174 131545 26179
internal_value=3.83828e-10 0.00607615 -0.00558697 -0.0164562 -0.000528645 -0.0151431
internal_weight=3133.24 1500.87 1632.37 517.697 1114.67 234.091
internal_count=4019718 2259671 1760047 74075 1685972 157724
is_linear=0
shrinkage=0.03


Tree=139
num_leaves=7
num_cat=0
split_feature=5 5 5 1 5 9
split_gain=65.8753 194.932 77.0786 70.3361 40.2821 33.5639
threshold=0.19007633626461032 0.11832061037421228 0.29083970189094549 0.31153491139411932 0.18244274705648425 1.0000000180025095e-35
decision_type=2 2 2 2 2 2
left_child=1 -1 3 -2 5 -3
right_child=2 4 -4 -5 -6 -7
leaf_value=0.004604886248443278 0.0036448708786158356 -0.014342991120343394 0.00067101847464696345 0.030894081147015622 -0.032671634318963381 0.0055133821296027173
leaf_weight=1166.1772881628494 166.22753137208201 646.27173301768926 810.65606363743427 174.66952200912056 95.533789219713071 86.370831758795248
leaf_count=1533285 695976 574714 931877 132194 62805 88867
internal_value=1.7437e-09 -0.00329831 0.0057102 0.0176564 -0.0144192 -0.0119978
internal_weight=3145.91 1994.35 1151.55 340.897 828.176 732.643
internal_count=4019718 2259671 1760047 828170 726386 663581
is_linear=0
shrinkage=0.03


Tree=140
num_leaves=7
num_cat=0
split_feature=5 5 1 1 5 5
split_gain=232.574 319.408 98.9055 38.2261 36.323 30.0538
threshold=0.19007633626461032 0.28778626024723059 0.3005619496107102 0.099699433892965331 0.11526717618107797 0.055725190788507468
decision_type=2 2 2 2 2 2
left_child=3 2 -2 -1 5 -5
right_child=1 -3 -4 4 -6 -7
leaf_value=-0.014283785487286113 0.0057429887871374699 0.0097260005304211639 -0.020513811708209713 0.014128948829872201 0.019029782459176428 0.0034863627984757424
leaf_weight=59.489466865772556 148.66338327623089 630.15790597641171 962.12398368701542 376.18563923394686 314.9313389704912 653.51353127967741
leaf_count=914426 673730 949347 136970 445535 422222 477488
internal_value=2.38826e-09 -0.00732468 -0.0169977 0.0090805 0.010124 0.00738441
internal_weight=3145.07 1740.95 1110.79 1404.12 1344.63 1029.7
internal_count=4019718 1760047 810700 2259671 1345245 923023
is_linear=0
shrinkage=0.03


Tree=141
num_leaves=7
num_cat=0
split_feature=5 3 1 1 1 5
split_gain=163.262 152.739 67.1271 80.0437 59.7945 49.3455
threshold=0.032824428752064712 0.64879822731018078 0.17586335539817813 0.1723466292023659 0.25496406853199011 0.18244274705648425
decision_type=2 2 2 2 2 2
left_child=1 4 3 -3 -1 -2
right_child=5 2 -4 -5 -6 -7
leaf_value=-0.041840220297345465 -0.00085608997236095237 0.0067961452563643507 0.029296229596421974 -0.059955709430541113 -0.0013541125011801742 0.00725677598531643
leaf_weight=179.97842575972754 1659.6193833470388 54.794120489161287 60.097326295406674 21.835263337736251 40.190969652903732 1135.8130248894231
leaf_count=94419 1909182 97085 74070 1810 20300 1822852
internal_value=1.67434e-09 -0.019078 0.00580862 -0.0127519 -0.0344892 0.00244167
internal_weight=3152.33 356.896 136.727 76.6294 220.169 2795.43
internal_count=4019718 287684 172965 98895 114719 3732034
is_linear=0
shrinkage=0.03


Tree=142
num_leaves=7
num_cat=0
split_feature=5 5 1 1 1 5
split_gain=536.191 147.341 87.8273 108.087 51.3991 42.7799
threshold=0.031297710724174983 0.28778626024723059 0.1723466292023659 0.25222611427307134 0.11081951856613161 0.19618320465087893
decision_type=2 2 2 2 2 2
left_child=2 4 -1 -4 -2 -6
right_child=1 -3 3 -5 5 -7
leaf_value=0.0024036068104289683 -0.012014785037297212 -0.0039678399735496635 -0.042477908181813559 -0.01081801586024974 0.0097628447329036038 0.022464840155531223
leaf_weight=75.338133934339567 82.850743164191954 931.89824565323943 309.52852149105456 142.41254975013726 1296.5535989367636 292.78287362540868
leaf_count=159197 1293392 949347 51315 55691 1117376 393400
internal_value=1.79031e-09 0.00558852 -0.0275584 -0.0325474 0.0109134 0.0121154
internal_weight=3131.36 2604.09 527.279 451.941 1672.19 1589.34
internal_count=4019718 3753515 266203 107006 2804168 1510776
is_linear=0
shrinkage=0.03


Tree=143
num_leaves=7
num_cat=0
split_feature=5 5 5 1 3 11
split_gain=223.494 361.627 130.405 108.784 46.6732 34.5433
threshold=0.10916030406951906 0.28778626024723059 0.19618320465087893 0.34827555716037756 0.7130936086177827 1.0000000180025095e-35
decision_type=2 2 2 2 2 2
left_child=4 2 5 -4 -1 -2
right_child=1 -3 3 -5 -6 -7
leaf_value=0.0049263899264543115 -0.004927528077397208 0.015974892787500805 -0.027179148454058968 -0.0054935016260725415 0.018555184893280254 0.016423882995710987
leaf_weight=411.08483669794805 656.47629247776058 545.39564007669105 601.95624549556669 318.91264910680184 504.3213892558415 75.107127651834162
leaf_count=837612 807764 949347 661345 97668 583624 82358
internal_value=-6.84306e-10 -0.00518745 -0.0121776 -0.0196831 0.0124469 -0.00271608
internal_weight=3113.25 2197.85 1652.45 920.869 915.406 731.583
internal_count=4019718 2598482 1649135 759013 1421236 890122
is_linear=0
shrinkage=0.03


Tree=144
num_leaves=7
num_cat=0
split_feature=5 5 11 5 1 1
split_gain=132.217 68.0489 58.0296 64.6188 63.7393 46.2044
threshold=0.10916030406951906 0.28778626024723059 1.0000000180025095e-35 0.19618320465087893 0.14695759117603305 0.25222611427307134
decision_type=2 2 2 2 2 2
left_child=5 2 4 -4 -2 -1
right_child=1 -3 3 -5 -6 -7
leaf_value=-0.013341985663998362 -0.0085387988205272471 1.4072881807533675e-05 -0.011150384087211527 0.02235740208397316 0.021520813622583845 -0.0024553144008383153
leaf_weight=543.57693593164004 72.57520203194872 841.02040117244178 158.15484896660928 75.788969109395111 480.78148591484933 988.02196435417864
leaf_count=1086471 940583 949347 82358 110846 515348 334765
internal_value=6.29293e-10 0.00594978 0.0122824 -0.000246169 0.0175701 -0.00632527
internal_weight=3159.92 1628.32 787.301 233.944 553.357 1531.6
internal_count=4019718 2598482 1649135 193204 1455931 1421236
is_linear=0
shrinkage=0.03


Tree=145
num_leaves=7
num_cat=0
split_feature=5 5 3 11 3 1
split_gain=198.304 199.012 41.3814 38.724 61.6876 36.4426
threshold=0.10916030406951906 0.28625953197479254 0.8111911714076997 1.0000000180025095e-35 0.83144876360893261 0.10868228599429132
decision_type=2 2 2 2 2 2
left_child=2 3 5 -2 -5 -1
right_child=1 -3 -4 4 -6 -7
leaf_value=-0.011311688251933547 -0.012175788410436301 0.0090708540163979626 0.0036746193156801123 0.022932439941886797 -0.010499299583620314 0.01950243430858694
leaf_weight=36.46220697631361 1392.333192101607 672.98903019328282 313.82501105465053 76.579950846120482 137.10660522256512 500.94181050123734
leaf_count=540931 1445603 962047 206234 126889 63943 674071
internal_value=-3.39923e-09 -0.00461498 0.0123467 -0.010352 0.00153282 0.0173946
internal_weight=3130.24 2279.01 851.229 1606.02 213.687 537.404
internal_count=4019718 2598482 1421236 1636435 190832 1215002
is_linear=0
shrinkage=0.03


Tree=146
num_leaves=7
num_cat=0
split_feature=11 5 1 5 1 1
split_gain=149.093 142.244 122.938 103.054 89.0395 74.597
threshold=1.0000000180025095e-35 0.10916030406951906 0.3005619496107102 0.28320610523223883 0.24727065861225131 0.29710790514945989
decision_type=2 2 2 2 2 2
left_child=1 5 4 -3 -2 -1
right_child=2 3 -4 -5 -6 -7
leaf_value=0.007198439840899031 -0.0011020541033406085 0.020868584173845104 0.0003975329792247902 0.0031689227395689697 -0.036218788937954813 -0.0084830698808420323
leaf_weight=392.75312289886642 91.125835179154819 511.68302091733494 309.13816451805178 701.71214230288024 226.06289585299237 889.95569093097583
leaf_count=1129895 175595 1433668 142997 887688 45631 204244
internal_value=-8.20453e-10 0.00328468 -0.0130748 0.0106438 -0.0261652 -0.00367967
internal_weight=3122.43 2496.1 626.327 1213.4 317.189 1282.71
internal_count=4019718 3655495 364223 2321356 221226 1334139
is_linear=0
shrinkage=0.03


Tree=147
num_leaves=7
num_cat=0
split_feature=5 5 5 9 1 5
split_gain=103.001 119.798 119.385 63.5841 50.5127 45.4522
threshold=0.10916030406951906 0.18244274705648425 0.055725190788507468 1.0000000180025095e-35 0.1723466292023659 0.031297710724174983
decision_type=2 2 2 2 2 2
left_child=2 3 4 -2 -1 -6
right_child=1 -3 -4 -5 5 -7
leaf_value=-0.013767012231017204 -0.0064153065214248677 0.0022521638880447798 0.021032285311878691 -0.023447363497127612 0.02630465106683022 0.00048311192189275039
leaf_weight=177.58990649171756 600.22223701066105 1289.9856525743526 387.17584909260768 293.70833604168001 75.030269734415924 318.01111199753359
leaf_count=421962 674852 1822852 714808 100778 107006 177460
internal_value=-1.13991e-09 -0.00359723 0.00819731 -0.0120313 -0.000532829 0.0054666
internal_weight=3141.72 2183.92 957.807 893.931 570.631 393.041
internal_count=4019718 2598482 1421236 775630 706428 284466
is_linear=0
shrinkage=0.03


Tree=148
num_leaves=7
num_cat=0
split_feature=5 3 1 3 5 5
split_gain=312.605 74.7357 76.397 62.5722 38.8249 33.3766
threshold=0.10916030406951906 0.68265056610107433 0.19084142148494723 0.88517895340919506 0.1839694678783417 0.1045801527798176
decision_type=2 2 2 2 2 2
left_child=1 5 -3 -4 -2 -1
right_child=4 2 3 -5 -6 -7
leaf_value=0.0076315853776510508 0.01886735902003828 0.012729272845170773 -0.015517392124631272 0.015302593434226238 0.0073059891852289317 -0.03450664806839298
leaf_weight=266.06759175710613 338.18873833804537 103.51144750146341 1193.5183273152361 61.611301342534716 1153.3110056899823 17.07726100909349
leaf_count=677078 791513 390780 305173 24297 1806969 23908
internal_value=1.15008e-09 -0.00902916 -0.0119497 -0.0139935 0.00993835 0.00497761
internal_weight=3133.29 1641.79 1358.64 1255.13 1491.5 283.145
internal_count=4019718 1421236 720250 329470 2598482 700986
is_linear=0
shrinkage=0.03


Tree=149
num_leaves=7
num_cat=0
split_feature=5 5 1 3 1 1
split_gain=70.5748 85.9648 48.0087 106.832 24.78 48.985
threshold=0.089312978088855757 0.2938931286334992 0.24227093160152438 0.68265056610107433 0.19475050270557406 0.23987494409084323
decision_type=2 2 2 2 2 2
left_child=2 4 -1 -4 -2 -6
right_child=1 -3 3 -5 5 -7
leaf_value=-0.0010696294619289878 0.0053304194098091054 0.0064546803936052308 -0.001741228514909059 0.027929899912349298 -0.021585011684336994 -0.0052779265742059203
leaf_weight=305.99794593814295 153.66577553438401 684.09660531485133 200.60429434823163 238.43275366653688 188.07914639027149 1358.0876706452982
leaf_count=866938 1339809 913606 109284 180581 137703 471797
internal_value=-2.48815e-09 -0.00251912 0.00805313 0.0143995 -0.00613229 -0.00727423
internal_weight=3128.96 2383.93 745.035 439.037 1699.83 1546.17
internal_count=4019718 2862915 1156803 289865 1949309 609500
is_linear=0
shrinkage=0.03


Tree=150
num_leaves=7
num_cat=0
split_feature=5 3 1 5 1 5
split_gain=345.952 125.585 95.1732 65.0019 48.4349 39.6424
threshold=0.087786260992288603 0.68265056610107433 0.24484894424676898 0.31221374869346624 0.14268092811107638 0.029770992696285251
decision_type=2 2 2 2 2 2
left_child=1 -1 -3 4 -2 -4
right_child=3 2 5 -5 -6 -7
leaf_value=0.010580983344621259 -0.0071617746509564607 0.0049535109474504171 -0.030689884796633798 0.0017238676918517816 0.015441767252525015 -0.015741906215173674
leaf_weight=198.70163893200515 93.019087312954071 178.03911477831571 202.59168319831952 712.54574535568099 964.110056186968 774.7271549265206
leaf_count=567134 1193477 393031 27686 819052 873439 145899
internal_value=7.38542e-10 -0.0114089 -0.0151966 0.00873098 0.0134479 -0.0188687
internal_weight=3123.73 1354.06 1155.36 1769.67 1057.13 977.319
internal_count=4019718 1133750 566616 2885968 2066916 173585
is_linear=0
shrinkage=0.03


Tree=151
num_leaves=7
num_cat=0
split_feature=5 5 3 10 2 1
split_gain=129.93 105.64 72.1573 30.6225 31.381 28.1411
threshold=0.084732823073863997 0.32442748546600347 0.68265056610107433 1.0000000180025095e-35 0.014828578103333713 0.24727065861225131
decision_type=2 2 2 2 2 2
left_child=2 3 -1 4 -2 -5
right_child=1 -3 -4 5 -6 -7
leaf_value=-0.00056308571687795832 -0.004047226101590278 0.0083977773153168702 0.020094935898434602 0.011856010769005953 -0.017835130062398584 -0.024699665713981942
leaf_weight=249.05972758796997 1618.2279878501649 557.17935715745261 389.9835190562153 21.588538338233775 162.7514501120022 128.44915526662953
leaf_count=549605 1915351 779338 544432 171927 34474 24591
internal_value=-4.66886e-10 -0.00309979 0.0120554 -0.00641995 -0.00531651 -0.0193961
internal_weight=3127.24 2488.2 639.043 1931.02 1780.98 150.038
internal_count=4019718 2925681 1094037 2146343 1949825 196518
is_linear=0
shrinkage=0.03


Tree=152
num_leaves=7
num_cat=0
split_feature=5 3 5 5 5 1
split_gain=301.422 100.783 77.0237 59.791 52.2478 46.4637
threshold=0.084732823073863997 0.7130936086177827 0.026717556640505794 0.31679388880729681 0.064885497093200697 0.14695759117603305
decision_type=2 2 2 2 2 2
left_child=1 4 -3 5 -1 -2
right_child=3 2 -4 -5 -6 -7
leaf_value=0.011626532072494918 -0.0079259995646171495 -0.032751441344331306 -0.011703517768239052 0.0009409338645830586 -0.013536342738961262 0.013795670719530702
leaf_weight=219.54429114834056 96.155562354477297 196.4580884402385 766.57076793087617 721.12583320929843 111.00684478904441 1049.5386911177047
leaf_count=535744 1244968 61787 378593 804755 117913 875958
internal_value=-2.94847e-09 -0.0111251 -0.0160268 0.00771076 0.00316091 0.0119673
internal_weight=3160.4 1293.58 963.029 1866.82 330.551 1145.69
internal_count=4019718 1094037 440380 2925681 653657 2120926
is_linear=0
shrinkage=0.03


Tree=153
num_leaves=7
num_cat=0
split_feature=5 5 3 2 16 10
split_gain=90.3416 78.9181 68.6305 33.2169 27.1608 23.86
threshold=0.084732823073863997 0.30916030704975134 0.7130936086177827 0.014828578103333713 1.0000000180025095e-35 1.0000000180025095e-35
decision_type=2 2 2 2 2 2
left_child=2 3 4 5 -1 -2
right_child=1 -3 -4 -5 -6 -7
leaf_value=-0.0027102523761984663 -0.0071068092152478191 0.0066629498256889162 0.019705921520375366 0.015776506867861317 0.021945915851320278 0.011790067008023203
leaf_weight=304.61127779219532 1743.2673605660602 615.71869052308466 322.51252384210238 61.638999517759657 45.302737548445293 61.408158012789499
leaf_count=567713 1868712 839702 440380 33803 85944 183464
internal_value=-1.26565e-09 -0.00264313 0.00974566 -0.00571524 0.00053538 -0.00645763
internal_weight=3154.46 2482.03 672.427 1866.31 349.914 1804.68
internal_count=4019718 2925681 1094037 2085979 653657 2052176
is_linear=0
shrinkage=0.03


Tree=154
num_leaves=7
num_cat=0
split_feature=5 2 5 3 2 1
split_gain=228.286 76.0163 63.2251 55.0612 45.6564 44.6921
threshold=0.084732823073863997 0.019061183556914333 0.29083970189094549 0.88517895340919506 0.014828578103333713 0.47806249558925634
decision_type=2 2 2 2 2 2
left_child=3 2 4 -1 -2 -5
right_child=1 -3 -4 5 -6 -7
leaf_value=-0.0075306378449536563 0.014876611175856784 -0.017220876732229919 0.0016697145429802579 -0.036175976850708232 -0.0099991991668593305 0.00117171208233433
leaf_weight=1111.8379084458429 929.97670858577476 112.23553127521882 769.19058675219276 113.25990883547638 70.825107402808499 38.489160952856764
leaf_count=1068042 1961444 25305 923316 24887 15616 1108
internal_value=-1.55953e-09 0.00662032 0.00814096 -0.00985901 0.013108 -0.0267576
internal_weight=3145.81 1882.23 1769.99 1263.59 1000.8 151.749
internal_count=4019718 2925681 2900376 1094037 1977060 25995
is_linear=0
shrinkage=0.03


Tree=155
num_leaves=7
num_cat=0
split_feature=5 5 2 1 1 3
split_gain=170.07 106.321 40.0607 31.0469 27.4618 21.5545
threshold=0.084732823073863997 0.29083970189094549 0.014828578103333713 0.10868228599429132 0.51796540617942821 0.83144876360893261
decision_type=2 2 2 2 2 2
left_child=3 2 5 -1 -3 -2
right_child=1 4 -4 -5 -6 -7
leaf_value=-0.014586023646907536 -0.0094930765439509152 0.0047121021584744759 0.018633550807759799 0.015301988391888937 0.026073409334555108 -0.00063034351425043066
leaf_weight=32.20601025387441 1489.4555843894996 627.2276458395354 51.297648649881012 609.21345904676855 58.388235894948593 296.19910313248693
leaf_count=445763 1752333 906831 32360 648274 25046 209111
internal_value=2.10567e-09 -0.00350818 -0.00726997 0.0137809 0.00656659 -0.00802413
internal_weight=3163.99 2522.57 1836.95 641.419 685.616 1785.65
internal_count=4019718 2925681 1993804 1094037 931877 1961444
is_linear=0
shrinkage=0.03


Tree=156
num_leaves=7
num_cat=0
split_feature=5 5 1 5 2 6
split_gain=158.683 81.1209 84.8234 68.8639 46.3573 63.7428
threshold=0.084732823073863997 0.2938931286334992 0.50684380531311046 0.39770993590354925 0.014828578103333713 1.0000000180025095e-35
decision_type=2 2 2 2 2 2
left_child=-1 4 -3 -4 5 -2
right_child=1 2 3 -5 -6 -7
leaf_value=-0.0084957976529294425 0.0073043268603879248 0.0035803498515139718 -0.028461040041055454 0.01376017527442268 -0.0066802739844435948 0.023554460265745706
leaf_weight=1214.5749329397295 616.07819334625674 668.07148495860747 150.98696003110672 44.413249118835665 120.05615509295603 335.8332067434676
leaf_count=1094037 1810715 885060 14827 13719 32728 168632
internal_value=-1.40729e-09 0.00533313 -0.00150994 -0.0188432 0.0108415 0.0130561
internal_weight=3150.01 1935.44 863.472 195.4 1071.97 951.911
internal_count=4019718 2925681 913606 28546 2012075 1979347
is_linear=0
shrinkage=0.03


Tree=157
num_leaves=7
num_cat=0
split_feature=5 6 5 3 2 1
split_gain=220.594 151.874 142.229 45.2537 42.1685 30.8527
threshold=0.084732823073863997 1.0000000180025095e-35 0.29083970189094549 0.91634613275527965 0.014828578103333713 0.10868228599429132
decision_type=2 2 2 2 2 2
left_child=5 -2 4 -4 -3 -1
right_child=1 2 3 -5 -6 -7
leaf_value=-0.012383699365519137 0.0052431488579128748 -0.015100027805575534 0.010987956313114982 -0.05080952149640925 0.017641032064104483 0.018284054909155828
leaf_weight=30.519339557205967 1013.3885305857912 1213.1262464668544 292.03265295168967 10.089241210211183 35.664887302118586 551.49655049734429
leaf_count=445763 2644812 167180 90149 1608 21932 648274
internal_value=-4.36101e-10 -0.00378574 -0.00968491 0.00876344 -0.0141516 0.0166574
internal_weight=3146.32 2564.3 1550.91 302.122 1248.79 582.016
internal_count=4019718 2925681 280869 91757 189112 1094037
is_linear=0
shrinkage=0.03


Tree=158
num_leaves=7
num_cat=0
split_feature=5 5 2 6 16 3
split_gain=159.236 48.4791 35.198 58.0568 31.7956 53.656
threshold=0.084732823073863997 0.36106869578361517 0.014828578103333713 1.0000000180025095e-35 1.0000000180025095e-35 0.7130936086177827
decision_type=2 2 2 2 2 2
left_child=4 2 3 -2 5 -1
right_child=1 -3 -4 -5 -6 -7
leaf_value=0.0069948443138866676 0.0051534865991484094 -0.0016345027803206494 -0.0057079198300740248 0.018909071274707593 -0.01749425669574094 -0.0098423566868372572
leaf_weight=222.05469944134529 749.20350851771218 612.9639665354116 138.59202010731678 437.39091782810283 273.36216655428143 721.98725865734013
leaf_count=567713 2048893 646734 37647 192407 116856 409468
internal_value=-1.51551e-09 0.00534019 0.00856512 0.0102356 -0.00849917 -0.00587875
internal_weight=3155.55 1938.15 1325.19 1186.59 1217.4 944.042
internal_count=4019718 2925681 2278947 2241300 1094037 977181
is_linear=0
shrinkage=0.03


Tree=159
num_leaves=7
num_cat=0
split_feature=5 5 6 5 3 16
split_gain=108.484 109.206 95.2984 54.6205 30.3808 25.5858
threshold=0.086259540170431151 0.36412213742733007 1.0000000180025095e-35 0.26335877180099493 0.7130936086177827 1.0000000180025095e-35
decision_type=2 2 2 2 2 2
left_child=4 2 -2 -4 5 -1
right_child=1 -3 3 -5 -6 -7
leaf_value=0.0004013930209115185 0.0022553567512501684 0.010952811106982638 -0.0066205170042606407 -0.020066848217784955 0.016695197795412207 0.024969436053762752
leaf_weight=269.71542713241797 814.16247914831183 424.83856494491192 851.74654978483159 399.577752396508 356.1668031092704 43.442566881021776
leaf_count=582042 2048080 637209 169848 46705 448297 87537
internal_value=-1.54606e-09 -0.00288254 -0.00573218 -0.0109268 0.0107132 0.00387821
internal_weight=3159.65 2490.33 2065.49 1251.32 669.325 313.158
internal_count=4019718 2901842 2264633 216553 1117876 669579
is_linear=0
shrinkage=0.03


Tree=160
num_leaves=7
num_cat=0
split_feature=5 5 6 16 3 3
split_gain=130.641 89.8882 60.2314 32.499 44.8289 32.5784
threshold=0.086259540170431151 0.36106869578361517 1.0000000180025095e-35 1.0000000180025095e-35 0.7130936086177827 0.7130936086177827
decision_type=2 2 2 2 2 2
left_child=3 2 -2 4 -1 -5
right_child=1 -3 -4 5 -6 -7
leaf_value=0.0065332136633618519 0.0041728355200755796 -0.0041268272291523781 0.017457900201208722 -0.019903670062474992 -0.0086430434111446335 0.014946290030057414
leaf_weight=230.01475302677136 769.27869135755464 661.37184310398879 511.24052254956041 253.01566281214764 725.55833875415556 25.954051999469812
leaf_count=582042 2039582 646734 215526 87537 417385 30912
internal_value=2.72581e-09 0.00485019 0.00948631 -0.00762692 -0.00498698 -0.0166196
internal_weight=3176.43 1941.89 1280.52 1234.54 955.573 278.97
internal_count=4019718 2901842 2255108 1117876 999427 118449
is_linear=0
shrinkage=0.03


Tree=161
num_leaves=7
num_cat=0
split_feature=6 5 5 1 2 7
split_gain=131.387 132.496 98.4583 40.3761 25.0659 18.384
threshold=1.0000000180025095e-35 0.087786260992288603 0.26183205842971807 0.099699433892965331 0.016580670140683654 1.0000000180025095e-35
decision_type=2 2 2 2 2 2
left_child=3 -2 4 -1 -3 -5
right_child=1 2 -4 5 -6 -7
leaf_value=-0.012337954731172671 0.015382678942336945 -0.014492802451454821 0.0036779320885757202 0.0072654276326626467 0.01071397673889774 0.024847349040889914
leaf_weight=93.080475546950765 233.08928843411559 1042.5765318432459 406.23848854967218 1292.2875832713762 36.069296590780141 55.060157011801493
leaf_count=1584360 81773 151439 110111 1968873 15369 107793
internal_value=-2.54359e-11 -0.00560129 -0.00890338 0.00667981 -0.0136408 0.00800182
internal_weight=3158.4 1717.97 1484.88 1440.43 1078.65 1347.35
internal_count=4019718 358692 276919 3661026 166808 2076666
is_linear=0
shrinkage=0.03


Tree=162
num_leaves=7
num_cat=0
split_feature=5 3 5 1 1 2
split_gain=33.7751 42.3733 35.7584 26.715 21.3511 19.4495
threshold=0.032824428752064712 0.76609617471694957 0.022137404419481758 0.17404733598232272 0.088888935744762435 0.0021946077467873697
decision_type=2 2 2 2 2 2
left_child=1 2 -1 -4 -2 -6
right_child=4 -3 3 -5 5 -7
leaf_value=-0.00050714395065399069 -0.014976650788835838 0.016934890028077632 0.0049002977719737034 -0.030007850356482926 0.0042069605249807993 -0.00081719674859148737
leaf_weight=93.693472473911243 72.68156833620742 43.725236900674645 23.281606280892447 119.63508018724679 1232.5993190353911 1583.1866030595265
leaf_count=119300 1307311 51447 75063 41874 1628782 795941
internal_value=-3.2201e-09 -0.00992274 -0.0149364 -0.0243267 0.000966132 0.00138282
internal_weight=3168.8 280.335 236.61 142.917 2888.47 2815.79
internal_count=4019718 287684 236237 116937 3732034 2424723
is_linear=0
shrinkage=0.03


Tree=163
num_leaves=7
num_cat=0
split_feature=2 5 0 1 1 2
split_gain=51.0512 14.3993 41.8773 17.8283 17.6108 22.0592
threshold=0.00033409183379262691 0.087786260992288603 0.044368324801325805 0.41766215860843664 0.51796540617942821 0.016580670140683654
decision_type=2 2 2 2 2 2
left_child=-1 2 3 -2 -3 -6
right_child=1 4 -4 -5 5 -7
leaf_value=-0.0057047538738425581 0.0052513557534173043 0.002931534617693523 -0.032883380108827465 -0.0043073786364726243 0.018318376822504326 -0.0044217675606663641
leaf_weight=977.64792198196665 367.49349167194305 1274.2539894337897 34.092849687876878 334.51503869734006 148.54213870161038 51.19915511700674
leaf_count=2154936 465537 1259083 16633 50975 58419 14135
internal_value=-2.82198e-09 0.00252496 -0.000900923 0.000696862 0.00423527 0.0124965
internal_weight=3187.74 2210.1 736.101 702.009 1474 199.741
internal_count=4019718 1864782 533145 516512 1331637 72554
is_linear=0
shrinkage=0.03


Tree=164
num_leaves=7
num_cat=0
split_feature=2 2 15 1 0 1
split_gain=39.4495 29.6658 23.5438 30.2366 26.5356 16.0053
threshold=-7.2900904342532144e-05 0.019061183556914333 1.0000000180025095e-35 0.51796540617942821 0.0019744789460673933 0.10868228599429132
decision_type=2 2 2 2 2 2
left_child=5 2 3 -2 -4 -1
right_child=1 -3 4 -5 -6 -7
leaf_value=-0.011603380495406972 0.00077913127625068006 0.016476953473951065 0.015389414217652282 -0.0074497096502423536 -0.013805172691415056 0.0082879925736391059
leaf_weight=38.109354859829182 1714.559186159524 78.250624314299785 30.831103182812512 523.85872167153138 242.26510640890774 552.79612817960879
leaf_count=556835 2427488 31826 47554 80002 197830 678183
internal_value=3.86098e-09 -0.00159646 -0.0021659 -0.00114914 -0.0104651 0.0069877
internal_weight=3180.67 2589.76 2511.51 2238.42 273.096 590.905
internal_count=4019718 2784700 2752874 2507490 245384 1235018
is_linear=0
shrinkage=0.03


Tree=165
num_leaves=7
num_cat=0
split_feature=2 2 5 6 5 6
split_gain=54.7019 60.45 21.2395 49.4113 28.6572 20.4383
threshold=0.019061183556914333 0.0016476699966005983 0.26183205842971807 1.0000000180025095e-35 0.3534351140260697 1.0000000180025095e-35
decision_type=2 2 2 2 2 2
left_child=1 -1 3 -3 -4 -2
right_child=5 2 4 -5 -6 -7
leaf_value=-0.0035037808998871268 0.014196740614056609 0.0020338625264805822 -0.0081458577003828483 0.015316730814226702 0.0059580503881232171 -0.018164855521166392
leaf_weight=1400.8093516631779 18.689513872275711 605.66684245047509 217.92905424108903 431.14531855790119 316.97168428233999 182.42849260932417
leaf_count=2985811 9664 537924 110606 157816 195735 22162
internal_value=-3.49196e-10 0.00102653 0.0050639 0.00756681 0.000207364 -0.0151022
internal_weight=3173.64 2972.52 1571.71 1036.81 534.901 201.118
internal_count=4019718 3987892 1002081 695740 306341 31826
is_linear=0
shrinkage=0.03


Tree=166
num_leaves=7
num_cat=0
split_feature=2 1 5 4 5 5
split_gain=47.8054 43.2149 26.8111 43.0297 35.1764 29.5954
threshold=0.0019783350871875886 0.099699433892965331 0.055725190788507468 4.8500001430511483 0.25877863168716436 0.38702291250228887
decision_type=2 2 2 2 2 2
left_child=1 -1 3 -2 -4 -6
right_child=2 -3 4 -5 5 -7
leaf_value=-0.015194422167005521 0.012731891754812388 0.0061532803894964409 -0.0068407216457980358 -0.025605987727326578 0.012159311091074456 -0.0030646165519254234
leaf_weight=91.193645584586193 179.74123771466839 1156.1334777971351 1245.6480863101169 29.892747163692547 183.00061223185185 305.34578256437817
leaf_count=1555478 144912 1537120 479711 12967 137405 152125
internal_value=-2.53299e-09 0.0045816 -0.0029411 0.00716949 -0.00416686 0.00265352
internal_weight=3190.96 1247.33 1943.63 209.634 1733.99 488.346
internal_count=4019718 3092598 927120 157879 769241 289530
is_linear=0
shrinkage=0.03


Tree=167
num_leaves=7
num_cat=0
split_feature=5 3 0 5 5 2
split_gain=46.6818 40.7306 26.7175 36.0797 67.8952 36.6078
threshold=0.049618320539593704 0.64879822731018078 -0.0075344026554375878 0.25419846177101141 0.3763358891010285 0.0020821390207856898
decision_type=2 2 2 2 2 2
left_child=1 -1 -2 5 -5 -4
right_child=2 -3 3 4 -6 -7
leaf_value=-0.019406763298621791 -0.0069348196909344824 -0.0021788093902857793 0.00047419000762081987 -0.0089991077443931176 0.007278252806336297 0.010208326196445999
leaf_weight=183.57059846187985 287.66962697967392 374.23562517932442 637.82374317613358 522.34402851697087 411.38085539142776 763.73336550575186
leaf_count=246970 457109 358532 1461134 515629 500967 479377
internal_value=-7.3269e-10 -0.00787301 0.00167666 0.00273998 -0.00182751 0.00578199
internal_weight=3180.76 557.806 2622.95 2335.28 933.725 1401.56
internal_count=4019718 605502 3414216 2957107 1016596 1940511
is_linear=0
shrinkage=0.03


Tree=168
num_leaves=7
num_cat=0
split_feature=0 1 5 5 5 1
split_gain=31.1459 30.0097 23.4453 29.6361 33.1967 22.6209
threshold=0.0031578440684825186 0.19679296016693118 0.049618320539593704 0.24809160828590396 0.37938931584358221 0.50684380531311046
decision_type=2 2 2 2 2 2
left_child=1 -1 5 -4 -5 -2
right_child=2 -3 3 4 -6 -7
leaf_value=-0.0047503132103409373 0.0029356974633730462 0.0079346488514613536 -0.0051482648452554347 0.011223950603386388 -0.0029639791707556859 0.027906285487103239
leaf_weight=223.24765188154197 183.3266689709526 668.66173444253218 1467.253596279239 245.40265223560709 372.47990026405751 38.808834754629061
leaf_count=1581832 289781 493946 1027819 309677 306657 10006
internal_value=-1.76566e-09 0.0047578 -0.00184046 -0.00282836 0.00268003 0.00740377
internal_weight=3199.18 891.909 2307.27 2085.14 617.883 222.136
internal_count=4019718 2075778 1943940 1644153 616334 299787
is_linear=0
shrinkage=0.03


Tree=169
num_leaves=7
num_cat=0
split_feature=5 1 2 5 5 11
split_gain=56.8688 81.1872 29.1775 42.4755 35.6846 29.8088
threshold=0.049618320539593704 0.46944631636142736 0.001106725132558495 0.24045801162719729 0.39770993590354925 1.0000000180025095e-35
decision_type=2 2 2 2 2 2
left_child=1 -1 5 -4 -5 -2
right_child=2 -3 3 4 -6 -7
leaf_value=0.0020617266501374585 -0.0043861889322546537 -0.020390266623429382 0.0087028465238854907 -0.0063120228426678821 0.0075519116511947827 0.010214227448772248
leaf_weight=308.52697584826092 831.6192012517713 272.11969840331585 901.32753335712187 443.6077965365912 266.70946957557317 147.29158774329699
leaf_count=587074 2159541 18428 632179 242684 197058 182754
internal_value=-8.96266e-10 -0.00847735 0.00190265 0.00438296 -0.0011031 -0.00218116
internal_weight=3171.2 580.647 2590.56 1611.64 710.317 978.911
internal_count=4019718 605502 3414216 1071921 439742 2342295
is_linear=0
shrinkage=0.03


Tree=170
num_leaves=7
num_cat=0
split_feature=1 3 3 1 1 2
split_gain=24.8137 19.4276 14.2661 20.989 13.796 4.66634
threshold=0.097797729074955 0.94460630416870128 0.7130936086177827 0.34827555716037756 0.59895858168602001 -0.0066954852081835261
decision_type=2 2 2 2 2 2
left_child=-1 2 4 -4 -2 -3
right_child=1 5 3 -5 -6 -7
leaf_value=-0.015523315691538093 -0.0016305824355796303 -0.015768671049863212 0.0052599821206919233 -0.00085744429666210771 -0.014796931590569339 0.036149137948925714
leaf_weight=89.068935083141696 944.377865081442 1.1650594012608078 866.15238707012031 1207.3343771739164 76.543285253399517 15.489994772186035
leaf_count=1552605 1178978 940 987288 272817 17484 9606
internal_value=-6.63595e-10 0.000449273 0.000270144 0.00169928 -0.00263124 0.0318299
internal_weight=3200.13 3111.06 3094.41 2073.49 1020.92 16.6551
internal_count=4019718 2467113 2456567 1260105 1196462 10546
is_linear=0
shrinkage=0.03


Tree=171
num_leaves=7
num_cat=0
split_feature=1 5 5 5 11 9
split_gain=25.4129 14.2908 28.5967 20.61 20.5482 18.8079
threshold=0.097797729074955 0.2435114532709122 0.41450381278991705 0.11374045908451082 1.0000000180025095e-35 1.0000000180025095e-35
decision_type=2 2 2 2 2 2
left_child=-1 3 -3 4 -2 -5
right_child=1 2 -4 5 -6 -7
leaf_value=-0.015884941410610996 0.0033493228898365751 0.0085754422555667665 -0.0019957241938005862 -0.0058742473207209402 -0.0074003866503950357 0.0060391120872954479
leaf_weight=87.148278934604605 1042.9947802311435 486.25304217491794 436.15890634599782 824.01901955610811 188.04752051734249 138.58632194745587
leaf_count=1552605 843544 492745 341194 597883 76713 115034
internal_value=-1.86603e-09 0.000449213 0.00358016 -0.000868357 0.00170258 -0.00415459
internal_weight=3203.21 3116.06 922.412 2193.65 1231.04 962.605
internal_count=4019718 2467113 833939 1633174 920257 712917
is_linear=0
shrinkage=0.03


Tree=172
num_leaves=7
num_cat=0
split_feature=1 5 5 5 1 0
split_gain=26.17 12.9627 12.8234 24.8537 16.8154 3.1651
threshold=0.097797729074955 0.76946562528610241 0.24656488746404651 0.3763358891010285 0.63334357738494884 0.017487412318587307
decision_type=2 2 2 2 2 2
left_child=-1 2 4 -4 -2 -3
right_child=1 5 3 -5 -6 -7
leaf_value=-0.016277237225882122 0.0011763263351507662 0.01025261163051475 -0.0067228897719053514 0.0026422369858167608 0.01889013898978964 0.028834449741690464
leaf_weight=85.505326488397259 2015.1424285392568 22.426298912905622 564.21050683778594 463.98113953707798 48.421562303585233 14.048745163599959
leaf_count=1552605 1636830 28684 400726 379804 12007 9062
internal_value=-2.00779e-10 0.000449972 0.000237317 -0.00249833 0.00160093 0.0179881
internal_weight=3213.74 3128.23 3091.76 1028.19 2063.56 36.475
internal_count=4019718 2467113 2429367 780530 1648837 37746
is_linear=0
shrinkage=0.03


Tree=173
num_leaves=7
num_cat=0
split_feature=1 5 1 1 5 1
split_gain=34.3458 30.938 31.6308 19.6435 19.4581 19.1429
threshold=0.10868228599429132 0.65114504098892223 0.25750984251499182 0.63334357738494884 0.04809160344302655 0.38214334845542913
decision_type=2 2 2 2 2 2
left_child=-1 3 -3 -2 -5 -4
right_child=1 2 5 4 -6 -7
leaf_value=-0.016391385820443808 0.0019149956079202548 0.0086759946606855994 -0.025492288733137903 0.015713435292081239 -0.013674958021915779 -0.00066613724011301337
leaf_weight=110.10907748064346 2789.3948631414605 52.186416848999215 99.457597357511986 23.162239780373056 128.87714524044713 38.805894530887599
leaf_count=1725775 2195786 38980 29881 1524 14794 12978
internal_value=1.30585e-09 0.000581329 -0.0111046 0.00134147 -0.0091244 -0.0185792
internal_weight=3241.99 3131.88 190.45 2941.43 152.039 138.263
internal_count=4019718 2293943 81839 2212104 16318 42859
is_linear=0
shrinkage=0.03


Tree=174
num_leaves=7
num_cat=0
split_feature=1 5 3 1 2 1
split_gain=37.7395 19.4966 24.2856 27.1929 14.8466 27.1075
threshold=0.19084142148494723 0.090839695185422911 0.91634613275527965 0.3769224882125855 0.0059002733323723086 0.63334357738494884
decision_type=2 2 2 2 2 2
left_child=-1 4 -3 -4 5 -2
right_child=1 2 3 -5 -6 -7
leaf_value=-0.0078733338365207586 0.0014941076103695099 0.0037420816007403528 0.027897663056514137 -0.028185614517924371 -0.006967237815624772 -0.050765239963061183
leaf_weight=467.90207815666872 605.28861468788818 1763.516055047694 8.7815322203095985 39.473321688739816 356.21864476109477 8.0669191979104635
leaf_count=2631935 337862 939656 16468 5812 86893 1092
internal_value=1.77426e-09 0.00132688 0.00316371 -0.0176203 -0.0021052 0.000725274
internal_weight=3249.25 2781.35 1811.77 48.2549 969.574 613.356
internal_count=4019718 1387783 961936 22280 425847 338954
is_linear=0
shrinkage=0.03


Tree=175
num_leaves=7
num_cat=0
split_feature=1 3 2 1 0 1
split_gain=28.0298 13.0756 10.9735 23.1631 8.66582 5.25108
threshold=0.097797729074955 0.9308052957057954 0.019061183556914333 0.38214334845542913 -0.042611125856637948 0.46096879243850714
decision_type=2 2 2 2 2 2
left_child=-1 2 4 -4 -2 -3
right_child=1 5 3 -5 -6 -7
leaf_value=-0.016960499231151401 -0.029560203695067823 0.028107559534336721 -0.03200523834999508 0.01849614443120489 8.5020982192275722e-05 0.00059691578006313372
leaf_weight=84.383521678897523 7.9004230671125688 20.429455020581376 8.4874233991286001 61.058428228265257 3043.3711148770089 8.8743987181223911
leaf_count=1552605 11161 18084 5695 24880 2405978 1315
internal_value=2.54099e-09 0.000459568 0.000269052 0.0119666 -1.39663e-06 0.0200708
internal_weight=3234.5 3150.12 3120.82 69.5459 3051.27 29.3039
internal_count=4019718 2467113 2447714 30575 2417139 19399
is_linear=0
shrinkage=0.03


Tree=176
num_leaves=7
num_cat=0
split_feature=1 0 3 3 1 7
split_gain=25.9616 13.8231 17.3259 12.6421 12.5631 7.78372
threshold=0.10868228599429132 0.030592871829867366 0.8111911714076997 0.7407529652118684 0.21513237804174426 1.0000000180025095e-35
decision_type=2 2 2 2 2 2
left_child=-1 5 3 -3 -4 -2
right_child=1 2 4 -5 -6 -7
leaf_value=-0.014849455578032777 0.0015805064438281346 -0.0011131720848867749 -0.017644542213616297 -0.016847677481262147 0.0058520681736352357 -0.00540338581441806
leaf_weight=101.60061724235857 2625.2621797742177 73.229078443735489 23.139766094085644 123.0826171033259 134.50048937325482 150.96873772553226
leaf_count=1725775 2026203 40033 21231 45953 52614 107909
internal_value=1.42173e-09 0.000486579 -0.00508832 -0.0110137 0.00231356 0.00119892
internal_weight=3231.78 3130.18 353.952 196.312 157.64 2776.23
internal_count=4019718 2293943 159831 85986 73845 2134112
is_linear=0
shrinkage=0.03


Tree=177
num_leaves=7
num_cat=0
split_feature=1 1 0 5 3 0
split_gain=28.7001 7.08789 9.96286 11.9433 7.26052 6.88111
threshold=0.10868228599429132 0.63334357738494884 0.014437150210142137 0.058778626844286926 0.45447216928005224 0.01419207686558366
decision_type=2 2 2 2 2 2
left_child=-1 4 5 -4 -2 -3
right_child=1 2 3 -5 -6 -7
leaf_value=-0.015646793971355322 -0.017601062800285065 0.012798126472728932 -0.011156013732838041 0.017629144084236253 0.00037296248279352213 0.043679567608891856
leaf_weight=101.18372326641838 19.362713201677252 36.391603136115009 33.433700122113805 19.814612674555974 3026.0734999109263 7.4003507846791754
leaf_count=1725775 110884 8709 901 6675 2166655 119
internal_value=-3.32991e-10 0.000508624 0.00844823 -0.000317043 0.000252945 0.0188754
internal_weight=3243.66 3142.48 97.0403 53.2483 3045.44 43.792
internal_count=4019718 2293943 16404 7576 2277539 8828
is_linear=0
shrinkage=0.03


Tree=178
num_leaves=7
num_cat=0
split_feature=1 1 5 5 0 1
split_gain=28.8211 16.6445 19.8656 24.9517 11.4978 7.33459
threshold=0.10868228599429132 0.63334357738494884 0.15343511104583743 0.21603053808212283 0.0047390905674546966 0.46944631636142736
decision_type=2 2 2 2 2 2
left_child=-1 5 4 -4 -3 -2
right_child=1 2 3 -5 -6 -7
leaf_value=-0.015795916181805508 0.00015632082386079471 0.03026827964209234 -0.038585192886986731 -0.0045763566480088932 -0.0028424019567366006 0.0035854607152892392
leaf_weight=99.734181623633049 2232.4137047364347 9.7619005598535278 33.886740304180421 44.484204913096619 75.873018553771544 748.99782044484164
leaf_count=1725775 2105483 1403 3418 5689 5894 172056
internal_value=1.46402e-09 0.000505716 -0.00876953 -0.0195823 0.00123784 0.00101871
internal_weight=3245.15 3145.42 164.006 78.3709 85.6349 2981.41
internal_count=4019718 2293943 16404 9107 7297 2277539
is_linear=0
shrinkage=0.03


Tree=179
num_leaves=7
num_cat=0
split_feature=1 5 1 5 1 1
split_gain=30.7855 13.7973 15.0144 17.9893 17.5848 14.3217
threshold=0.10868228599429132 0.052671754732728011 0.48697400093078619 0.061832061037421233 0.46944631636142736 0.34827555716037756
decision_type=2 2 2 2 2 2
left_child=-1 5 4 -4 -3 -2
right_child=1 2 3 -5 -6 -7
leaf_value=-0.016349004682069797 0.001244478618845553 0.00051333203122569198 -0.027253143257698183 -0.0028745816933850856 0.013860964789154363 0.012573054259015294
leaf_weight=99.455909658066957 265.80970011182217 1842.2066245290625 27.276956668851199 761.47473136697954 92.338576336231199 160.67840260468074
leaf_count=1725775 336233 1727284 4019 136296 27737 62374
internal_value=-4.91552e-09 0.000521247 -0.000265203 -0.00375109 0.00115727 0.00553192
internal_weight=3249.24 3149.78 2723.3 788.752 1934.55 426.488
internal_count=4019718 2293943 1895336 140315 1755021 398607
is_linear=0
shrinkage=0.03


Tree=180
num_leaves=7
num_cat=0
split_feature=1 5 5 1 5 0
split_gain=35.1595 14.9388 26.1212 9.95068 11.9867 9.70332
threshold=0.12441982328891756 0.051145037636160857 0.04809160344302655 0.48697400093078619 0.10916030406951906 0.013500946108251812
decision_type=2 2 2 2 2 2
left_child=-1 2 5 -3 -5 -2
right_child=1 3 -4 4 -6 -7
leaf_value=-0.0146880004309557 -0.0046410451935828224 0.00051977404246703529 -0.019411696602135393 0.011252742593616498 0.002203366854047574 0.0045924038780989183
leaf_weight=139.37855228306944 261.52181210470735 1975.5322003999609 82.20483701696503 184.42621027653513 457.36682034186379 167.00590342348733
leaf_count=1947871 232324 1582591 36847 29396 111597 79092
internal_value=5.76688e-10 0.000658947 -0.00402939 0.001575 0.00481726 -0.00104027
internal_weight=3267.44 3128.06 510.733 2617.33 641.793 428.528
internal_count=4019718 2071847 348263 1723584 140993 311416
is_linear=0
shrinkage=0.03


Tree=181
num_leaves=7
num_cat=0
split_feature=1 3 2 0 1 1
split_gain=37.323 8.09892 6.06099 17.2572 16.2261 4.11122
threshold=0.12441982328891756 0.45447216928005224 0.0013043933431617918 0.0040299866814166316 0.31153491139411932 0.072964005172252669
decision_type=2 2 2 2 2 2
left_child=5 -2 4 -4 -3 -1
right_child=1 2 3 -5 -6 -7
leaf_value=-0.021562344121512266 -0.0190744553989186 -0.0013689645615193619 -0.013520258602259432 0.00045015092486667914 0.0064971528485519708 -0.010752134948755734
leaf_weight=55.454375783603609 17.579688418270962 445.4531692863311 81.733668487388059 2085.4119083380065 500.27258380316198 82.202255001204321
leaf_count=1095477 84653 774746 15605 998491 198352 852394
internal_value=-7.04758e-10 0.000674412 0.000792032 -8.27345e-05 0.00279454 -0.0152311
internal_weight=3268.11 3130.45 3112.87 2167.15 945.726 137.657
internal_count=4019718 2071847 1987194 1014096 973098 1947871
is_linear=0
shrinkage=0.03


Tree=182
num_leaves=7
num_cat=0
split_feature=1 0 1 5 2 4
split_gain=39.2557 13.4277 17.0406 13.6889 11.6691 11.473
threshold=0.13202039897441867 -0.00025496457237750286 0.51796540617942821 0.070992365479469313 -9.6772189863258959e-05 4.4500000476837167
decision_type=2 2 2 2 2 2
left_child=-1 2 3 -2 -3 -4
right_child=1 4 5 -5 -6 -7
leaf_value=-0.014585602477706483 0.0071616890177944809 0.036922362964939157 -0.032942020696396422 -0.0036521214965487461 0.0016508793110151364 -0.0085703312719853774
leaf_weight=157.06278161343653 136.70801276963903 7.4736498074489637 22.942056850224617 447.62180626418558 2435.8554728511008 67.781269928367692
leaf_count=2044216 139706 385 5385 414513 1405005 10508
internal_value=9.69992e-10 0.000739071 -0.00300328 -0.00111424 0.00177383 -0.0150254
internal_weight=3275.45 3118.38 675.053 584.33 2443.33 90.7233
internal_count=4019718 1975502 570112 554219 1405390 15893
is_linear=0
shrinkage=0.03


Tree=183
num_leaves=7
num_cat=0
split_feature=1 1 3 0 5 13
split_gain=37.7787 6.82314 6.08322 5.7912 7.71144 8.62971
threshold=0.14996956288814547 0.08983307704329492 0.64879822731018078 -0.0016607167199254034 0.14580152928829196 1.0000000180025095e-35
decision_type=2 2 2 2 2 2
left_child=1 -1 -3 4 5 -2
right_child=3 2 -4 -5 -6 -7
leaf_value=-0.01993017573919614 0.0012119049360817843 -0.019545624981468116 -0.0046469206823720553 0.00026131262427823857 0.0077634052462546245 -0.030804636179003527
leaf_weight=71.138644910177391 254.99267673968279 32.050269491381187 101.24249574103669 2581.1250734581627 232.70886710050399 6.8080403459753134
leaf_count=1414470 197141 356130 479071 1343049 222484 7373
internal_value=-1.01833e-09 -0.0124559 -0.00834819 0.000831699 0.00380233 0.000265277
internal_weight=3280.07 204.431 133.293 3075.63 494.51 261.801
internal_count=4019718 2249671 835201 1770047 426998 204514
is_linear=0
shrinkage=0.03


Tree=184
num_leaves=7
num_cat=0
split_feature=1 0 2 5 4 0
split_gain=36.9351 7.74216 16.6976 15.8912 10.2808 9.00356
threshold=0.14996956288814547 0.0027854503132402901 0.00079334783367812644 0.23740458488464358 4.5499999523162851 0.0043229018338024625
decision_type=2 2 2 2 2 2
left_child=-1 2 3 -2 -4 -3
right_child=1 5 4 -5 -6 -7
leaf_value=-0.012486297266755339 0.0027616717125926787 0.0088380841629848075 -0.0044395252572763865 -0.0056677094830648294 -0.029073836128830192 0.0012572864452666669
leaf_weight=199.21390069276094 533.88568975075032 150.66756924107176 31.622751347866142 321.73798936566163 29.233696308263461 2015.4999035629153
leaf_count=2249671 428209 93103 8186 232659 8174 999716
internal_value=-2.15916e-09 0.000810703 -0.00149959 -0.000410923 -0.0165519 0.0017884
internal_weight=3281.86 3082.65 916.48 855.624 60.8564 2166.17
internal_count=4019718 1770047 677228 660868 16360 1092819
is_linear=0
shrinkage=0.03


Tree=185
num_leaves=7
num_cat=0
split_feature=1 3 2 1 5 5
split_gain=35.4774 7.16636 8.26583 7.55044 6.61592 9.04925
threshold=0.15146066993474963 0.61067217588424694 0.0092011280357837694 0.21513237804174426 0.76946562528610241 0.616030514240265
decision_type=2 2 2 2 2 2
left_child=-1 2 3 -2 5 -3
right_child=1 4 -4 -5 -6 -7
leaf_value=-0.012242194440374296 -0.018713431517688634 0.0012187258063178861 -0.025777984950376559 -0.00080582233795191828 0.0095786023261253943 -0.010176066062883746
leaf_weight=199.07298688045194 22.81809824591619 2709.6407315893011 14.075045690478872 193.05985533499916 81.474954427481862 63.218503321317257
leaf_count=2265488 113680 1362049 10305 187724 31080 49392
internal_value=-5.95554e-10 0.000793874 -0.00428962 -0.0027762 0.00120477 0.000955361
internal_weight=3283.36 3084.29 229.953 215.878 2854.33 2772.86
internal_count=4019718 1754230 311709 301404 1442521 1411441
is_linear=0
shrinkage=0.03


Tree=186
num_leaves=7
num_cat=0
split_feature=1 5 0 1 2 5
split_gain=38.0742 7.10042 19.0559 17.5115 8.30138 16.7478
threshold=0.15146066993474963 0.79160302877426159 0.039200600236654289 0.24484894424676898 0.013523092027753593 0.26641221344470983
decision_type=2 2 2 2 2 2
left_child=-1 4 3 -3 -2 -6
right_child=1 2 -4 -5 5 -7
leaf_value=-0.012783008315394761 0.00052978358553765171 -0.028001907925590198 -0.0502664115698521 0.0048513046465439753 0.0013739286880423657 0.017061544702949186
leaf_weight=196.13595765794526 2700.9324133007394 18.149242361658253 7.5145734285470089 60.634324209531769 219.87622997246217 84.003750594623853
leaf_count=2265488 1653408 7715 1373 14339 54453 22942
internal_value=2.08166e-09 0.000814977 -0.00761993 -0.00297315 0.00105968 0.00575231
internal_weight=3287.25 3091.11 86.2981 78.7836 3004.81 303.88
internal_count=4019718 1754230 23427 22054 1730803 77395
is_linear=0
shrinkage=0.03


Tree=187
num_leaves=7
num_cat=0
split_feature=1 2 3 5 5 5
split_gain=35.3599 8.78601 19.99 23.8904 16.5752 7.08369
threshold=0.14996956288814547 0.0092011280357837694 0.7130936086177827 0.34580153226852423 0.18244274705648425 0.85496181249618541
decision_type=2 2 2 2 2 2
left_child=-1 5 3 -3 -4 -2
right_child=1 2 4 -5 -6 -7
leaf_value=-0.01268378932151863 0.0017485667249799079 -0.0066475999351316975 0.0054027176963909419 -0.040219679052335242 -0.0049692574576487708 -0.017111971116068835
leaf_weight=185.56781988110015 2402.6305139512406 99.082076296821469 273.95580256403628 22.804311287996825 278.76315093047742 17.064337637755671
leaf_count=2249671 1589612 36666 64156 6633 63888 9092
internal_value=-2.71802e-09 0.000764507 -0.00226081 -0.0132049 0.000172097 0.00160854
internal_weight=3279.87 3094.3 674.605 121.886 552.719 2419.69
internal_count=4019718 1770047 171343 43299 128044 1598704
is_linear=0
shrinkage=0.03


Tree=188
num_leaves=7
num_cat=0
split_feature=1 3 5 1 14 4
split_gain=36.3612 11.8948 10.8013 9.48096 8.94758 13.2531
threshold=0.16888043284416202 0.64879822731018078 0.14732824265956881 0.63334357738494884 1.0000000180025095e-35 4.3500001430511483
decision_type=2 2 2 2 2 2
left_child=1 -1 4 -4 -2 -6
right_child=2 -3 3 -5 5 -7
leaf_value=-0.021414823931451991 -0.0003693482884519324 -0.0068438323020509105 0.0023193205128817728 0.01671576353914489 -0.036992056627973793 -0.0044011015702753037
leaf_weight=68.865761813136487 1464.5031205338018 187.48431382338822 1458.3935665744866 41.403469683194999 13.536963799648218 50.911856418053503
leaf_count=1212234 727718 1226642 811430 9581 6556 25557
internal_value=-3.90305e-09 -0.0108262 0.000919583 0.00272762 -0.000854604 -0.0117072
internal_weight=3285.1 256.35 3028.75 1499.8 1528.95 64.4488
internal_count=4019718 2438876 1580842 821011 759831 32113
is_linear=0
shrinkage=0.03


Tree=189
num_leaves=7
num_cat=0
split_feature=1 3 5 5 1 3
split_gain=36.0472 6.75068 6.25959 12.9823 4.92525 4.51172
threshold=0.14996956288814547 0.45447216928005224 0.16717557609081271 0.22519084066152575 0.08983307704329492 0.91634613275527965
decision_type=2 2 2 2 2 2
left_child=4 -2 5 -4 -1 -3
right_child=1 2 3 -5 -6 -7
leaf_value=-0.019409455291059186 -0.019115366839176723 0.0023870082857119484 -0.0058753625346944045 0.00093458227287657235 -0.0090291986856089277 -0.0080285911524977174
leaf_weight=67.750830589346151 14.308676587301305 1582.2526697986905 321.93601058868808 1145.2346206230723 111.737866082658 37.380357596310205
leaf_count=1414470 57617 878625 186803 636719 835201 10283
internal_value=5.26403e-10 0.000758306 0.00085659 -0.000562684 -0.0130332 0.00214182
internal_weight=3280.6 3101.11 3086.8 1467.17 179.489 1619.63
internal_count=4019718 1770047 1712430 823522 2249671 888908
is_linear=0
shrinkage=0.03


Tree=190
num_leaves=7
num_cat=0
split_feature=1 3 0 4 0 1
split_gain=35.7822 5.91876 4.77107 11.4966 11.0556 4.54563
threshold=0.14996956288814547 0.45447216928005224 0.032796109095215804 4.7500000000000009 0.030592871829867366 0.072964005172252669
decision_type=2 2 2 2 2 2
left_child=5 -2 4 -4 -3 -1
right_child=1 2 3 -5 -6 -7
leaf_value=-0.020736058183141799 -0.018599804801436456 0.00064609821709415646 0.00040622931774102894 0.012666604653546465 -0.016783103796818761 -0.0099297096121185088
leaf_weight=50.127565126236732 13.167377215380837 2748.420384654637 215.48389142326778 100.19104618385609 32.15009464234754 126.49898442409176
leaf_count=1095477 57617 1570447 90612 29572 21799 1154194
internal_value=2.13618e-10 0.000747879 0.000836138 0.00432522 0.000438613 -0.0130961
internal_weight=3286.04 3109.41 3096.25 315.675 2780.57 176.627
internal_count=4019718 1770047 1712430 120184 1592246 2249671
is_linear=0
shrinkage=0.03


Tree=191
num_leaves=7
num_cat=0
split_feature=1 0 5 4 3 1
split_gain=35.1225 9.67834 35.0572 9.50256 5.4999 5.15935
threshold=0.15146066993474963 0.05352213233709336 0.36106869578361517 4.7500000000000009 0.45447216928005224 0.26018084585666662
decision_type=2 2 2 2 2 2
left_child=-1 4 3 -3 -2 -6
right_child=1 2 -4 -5 5 -7
leaf_value=-0.012901200889048729 -0.018462219534302316 0.0099459655324085072 -0.047098145807713057 -0.016998058754808087 -0.0013795586770307114 0.0017061818481298573
leaf_weight=178.55226279285853 12.01436378827202 37.768399602820864 16.477290139606339 15.931425503455101 610.07066602440318 2416.727578446109
leaf_count=2265488 56460 15871 5255 5100 809256 862288
internal_value=3.21148e-10 0.000744839 -0.0101909 0.00178772 0.00100065 0.00108398
internal_weight=3287.54 3108.99 70.1771 53.6998 3038.81 3026.8
internal_count=4019718 1754230 26226 20971 1728004 1671544
is_linear=0
shrinkage=0.03


Tree=192
num_leaves=7
num_cat=0
split_feature=1 3 3 1 5 0
split_gain=35.4636 4.86706 4.57187 4.00394 3.93787 10.6296
threshold=0.15146066993474963 0.45447216928005224 0.64879822731018078 0.088888935744762435 0.80687022209167492 0.0070308565627783546
decision_type=2 2 2 2 2 2
left_child=2 -2 -1 -4 -3 -6
right_child=1 4 3 -5 5 -7
leaf_value=-0.02005840449311427 -0.018169706664900285 0.00067542063856186293 -0.017880970007256598 -0.0058490177786653663 -0.01836412190992982 0.01535534661187807
leaf_weight=56.97613807745438 11.2008418146288 3047.072835365143 35.659006837635388 82.999836477825738 9.5439165754505648 42.39288533157378
leaf_count=1155075 56460 1679061 612345 498068 9686 9023
internal_value=1.41234e-09 0.000742389 -0.0130763 -0.00958404 0.000816583 0.00892919
internal_weight=3285.85 3110.21 175.635 118.659 3099.01 51.9368
internal_count=4019718 1754230 2265488 1110413 1697770 18709
is_linear=0
shrinkage=0.03


Tree=193
num_leaves=7
num_cat=0
split_feature=1 5 0 5 4 5
split_gain=32.5571 5.73028 9.36143 22.0175 15.7443 5.65854
threshold=0.14996956288814547 0.79160302877426159 0.019978041760623459 0.82748091220855724 4.7500000000000009 0.76946562528610241
decision_type=2 2 2 2 2 2
left_child=-1 5 3 -3 -4 -2
right_child=1 2 4 -5 -6 -7
leaf_value=-0.012837315836942653 0.000776907144161159 -0.025926079306799101 -0.040638312224023067 0.01735707932401304 -0.0016347701794434731 0.01372671602122363
leaf_weight=167.6644055261313 3000.2428325276705 15.285388440301174 15.026270602131261 29.198489223825163 22.451277248706901 29.683707627787953
leaf_count=2249671 1737630 7167 4048 11284 1053 8865
internal_value=-4.3947e-10 0.000695559 -0.00708373 0.00224126 -0.0179226 0.000908261
internal_weight=3279.55 3111.89 81.9614 44.4839 37.4775 3029.93
internal_count=4019718 1770047 23552 18451 5101 1746495
is_linear=0
shrinkage=0.03


Tree=194
num_leaves=7
num_cat=0
split_feature=1 3 1 5 5 4
split_gain=31.7818 9.14506 5.41383 4.81823 9.14887 8.27096
threshold=0.16720987856388095 0.64879822731018078 0.088888935744762435 0.028244274668395523 0.043511450290679939 4.3500001430511483
decision_type=2 2 2 2 2 2
left_child=1 -1 -3 5 -5 -2
right_child=3 2 -4 4 -6 -7
leaf_value=-0.020504906623444827 -0.022118273354700645 -0.017423078836277757 -0.0041402155292872486 0.0077466679556752885 0.00061566271335461214 -0.0012537688627234638
leaf_weight=62.547771943562111 20.437965394055936 34.4642753996377 129.66641397147032 170.9580696101184 2779.8143180141051 85.177297524074675
leaf_count=1207273 20877 612345 603592 105798 1399107 70726
internal_value=1.05132e-09 -0.0108132 -0.00701798 0.000805239 0.00103129 -0.00546092
internal_weight=3283.07 226.678 164.131 3056.39 2950.77 105.615
internal_count=4019718 2423210 1215937 1596508 1504905 91603
is_linear=0
shrinkage=0.03


Tree=195
num_leaves=7
num_cat=0
split_feature=1 1 2 9 5 6
split_gain=29.9071 5.82748 15.9598 13.5604 11.8613 9.86897
threshold=0.14695759117603305 0.3769224882125855 0.0012344421702437105 1.0000000180025095e-35 0.14732824265956881 1.0000000180025095e-35
decision_type=2 2 2 2 2 2
left_child=-1 5 3 -3 -4 -2
right_child=1 2 4 -5 -6 -7
leaf_value=-0.012802075132680345 -0.0016645283585102718 0.0051581616707471415 -0.0026380068815694264 0.023086712029915218 0.0029674870238994094 0.0067575767920333742
leaf_weight=155.41174684828729 1242.0678033164368 347.23887006701261 657.47261151658313 41.814253145188559 700.87809129834932 138.25845398391539
leaf_count=2217357 1330035 98809 128405 12549 169534 63029
internal_value=1.43859e-09 0.000640004 0.00179047 0.00713932 0.000254356 -0.000816659
internal_weight=3283.14 3127.73 1747.4 389.053 1358.35 1380.33
internal_count=4019718 1802361 409297 111358 297939 1393064
is_linear=0
shrinkage=0.03


Tree=196
num_leaves=7
num_cat=0
split_feature=1 2 9 5 3 3
split_gain=29.5548 19.0664 23.1487 14.3554 8.66833 8.15911
threshold=0.16720987856388095 -4.7220719352480947e-06 1.0000000180025095e-35 0.041984731331467635 0.61067217588424694 0.64879822731018078
decision_type=2 2 2 2 2 2
left_child=5 2 -2 -4 -3 -1
right_child=1 4 3 -5 -6 -7
leaf_value=-0.019952275488648887 -0.0008383531982453957 -0.0045402157339105784 0.02249094194004821 -0.016769648937194737 0.0025807957558329287 -0.0069747761355227747
leaf_weight=60.375059889971453 576.08342002314748 164.67341337099788 8.0940616992884298 132.72521836205851 2171.4086062116257 157.85671563797587
leaf_count=1207273 400708 204004 467 46771 944558 1215937
internal_value=-8.99275e-10 0.000763776 -0.00351272 -0.0143703 0.0020771 -0.0106397
internal_weight=3271.22 3052.98 716.903 140.819 2336.08 218.232
internal_count=4019718 1596508 447946 47238 1148562 2423210
is_linear=0
shrinkage=0.03


Tree=197
num_leaves=7
num_cat=0
split_feature=1 4 8 1 5 3
split_gain=28.0217 6.37608 17.7677 13.9953 13.0627 6.81672
threshold=0.14695759117603305 4.7500000000000009 1.0000000180025095e-35 0.40512233972549444 0.37175571918487554 0.56702890992164623
decision_type=2 2 2 2 2 2
left_child=-1 5 4 -4 -3 -2
right_child=1 2 3 -5 -6 -7
leaf_value=-0.012547436573774972 -0.007437099816745397 -0.0014137370658959588 -0.011283529013794263 0.01426920121700683 -0.011620528506521722 0.0016940266403931863
leaf_weight=151.71499087428674 75.077788738039089 522.52879468019091 23.493003343086457 92.648999161057873 143.06282959606324 2263.5867715952554
leaf_count=2217357 169961 307798 18567 7473 60985 1237577
internal_value=3.57095e-10 0.000613886 -0.0017302 0.00904824 -0.00362174 0.00139784
internal_weight=3272.11 3120.4 781.734 116.142 665.592 2338.66
internal_count=4019718 1802361 394823 26040 368783 1407538
is_linear=0
shrinkage=0.03


Tree=198
num_leaves=7
num_cat=0
split_feature=1 3 3 8 1 1
split_gain=31.1694 7.57316 7.51252 16.4643 15.1709 8.86504
threshold=0.16720987856388095 0.64879822731018078 0.78948184847831737 1.0000000180025095e-35 0.54307571053504955 0.5299971103668214
decision_type=2 2 2 2 2 2
left_child=1 -1 -2 4 -4 -5
right_child=2 -3 3 5 -6 -7
leaf_value=-0.020097404630493153 -0.00048885286872061477 -0.0074641201913916069 0.0029486410310226993 0.027431351579853273 -0.0081684911406318238 -0.0020364742126686183
leaf_weight=59.19596864561754 1777.264074252671 155.37036783620715 1119.1554880064141 34.423096082260599 121.59826004927163 12.228265373327302
leaf_count=1207273 1085787 1215937 484174 6550 19093 904
internal_value=-4.38864e-10 -0.0110265 0.000775344 0.00251959 0.00185342 0.0198266
internal_weight=3279.24 214.566 3064.67 1287.41 1240.75 46.6514
internal_count=4019718 2423210 1596508 510721 503267 7454
is_linear=0
shrinkage=0.03


Tree=199
num_leaves=7
num_cat=0
split_feature=1 5 5 0 5 5
split_gain=33.726 7.01254 15.6114 14.2867 9.09788 7.01625
threshold=0.16720987856388095 0.50000000000000011 0.52595418691635143 0.01923856791108847 0.40076336264610296 0.40992367267608648
decision_type=2 2 2 2 2 2
left_child=-1 4 -3 -4 -2 -6
right_child=1 2 3 -5 5 -7
leaf_value=-0.011538875828004473 0.00079528694819010399 0.016658107773565533 -0.0050082023162360944 0.010276565675889618 -0.028474765667525867 -0.0044724444926973039
leaf_weight=212.18105922749965 2574.7094677713176 77.384222256718203 136.28168040996388 90.883043978596106 10.729658398355239 181.67586503078928
leaf_count=2423210 1358997 21635 97618 27791 6972 83495
internal_value=-2.45423e-09 0.000800563 0.00511355 0.0011251 0.000324199 -0.00595126
internal_weight=3283.84 3071.66 304.549 227.165 2767.11 192.406
internal_count=4019718 1596508 147044 125409 1449464 90467
is_linear=0
shrinkage=0.03


end of trees

feature_importances:
Column_1=388
Column_5=271
Column_3=201
Column_11=47
Column_14=35
Column_6=33
Column_2=30
Column_9=28
Column_12=27
Column_0=23
Column_15=20
Column_16=20
Column_10=18
Column_7=17
Column_8=17
Column_13=15
Column_4=10

parameters:
[boosting: gbdt]
[objective: lambdarank]
[metric: ndcg]
[tree_learner: serial]
[device_type: cpu]
[data_sample_strategy: bagging]
[data: ]
[valid: ]
[num_iterations: 200]
[learning_rate: 0.03]
[num_leaves: 7]
[num_threads: 16]
[seed: 0]
[deterministic: 0]
[force_col_wise: 0]
[force_row_wise: 0]
[histogram_pool_size: -1]
[max_depth: 4]
[min_data_in_leaf: 10]
[min_sum_hessian_in_leaf: 0.001]
[bagging_fraction: 1]
[pos_bagging_fraction: 1]
[neg_bagging_fraction: 1]
[bagging_freq: 0]
[bagging_seed: 3]
[bagging_by_query: 0]
[feature_fraction: 1]
[feature_fraction_bynode: 1]
[feature_fraction_seed: 2]
[extra_trees: 0]
[extra_seed: 6]
[early_stopping_round: 0]
[early_stopping_min_delta: 0]
[first_metric_only: 0]
[max_delta_step: 0]
[lambda_l1: 0]
[lambda_l2: 1]
[linear_lambda: 0]
[min_gain_to_split: 0]
[drop_rate: 0.1]
[max_drop: 50]
[skip_drop: 0.5]
[xgboost_dart_mode: 0]
[uniform_drop: 0]
[drop_seed: 4]
[top_rate: 0.2]
[other_rate: 0.1]
[min_data_per_group: 100]
[max_cat_threshold: 32]
[cat_l2: 10]
[cat_smooth: 10]
[max_cat_to_onehot: 4]
[top_k: 20]
[monotone_constraints: ]
[monotone_constraints_method: basic]
[monotone_penalty: 0]
[feature_contri: ]
[forcedsplits_filename: ]
[refit_decay_rate: 0.9]
[cegb_tradeoff: 1]
[cegb_penalty_split: 0]
[cegb_penalty_feature_lazy: ]
[cegb_penalty_feature_coupled: ]
[path_smooth: 0]
[interaction_constraints: ]
[verbosity: -1]
[saved_feature_importance_type: 0]
[use_quantized_grad: 0]
[num_grad_quant_bins: 4]
[quant_train_renew_leaf: 0]
[stochastic_rounding: 1]
[linear_tree: 0]
[max_bin: 255]
[max_bin_by_feature: ]
[min_data_in_bin: 3]
[bin_construct_sample_cnt: 200000]
[data_random_seed: 1]
[is_enable_sparse: 1]
[enable_bundle: 1]
[use_missing: 1]
[zero_as_missing: 0]
[feature_pre_filter: 1]
[pre_partition: 0]
[two_round: 0]
[header: 0]
[label_column: ]
[weight_column: ]
[group_column: ]
[ignore_column: ]
[categorical_feature: ]
[forcedbins_filename: ]
[precise_float_parser: 0]
[parser_config_file: ]
[objective_seed: 5]
[num_class: 1]
[is_unbalance: 0]
[scale_pos_weight: 1]
[sigmoid: 1]
[boost_from_average: 1]
[reg_sqrt: 0]
[alpha: 0.9]
[fair_c: 1]
[poisson_max_delta_step: 0.7]
[tweedie_variance_power: 1.5]
[lambdarank_truncation_level: 30]
[lambdarank_norm: 1]
[label_gain: ]
[lambdarank_position_bias_regularization: 0]
[eval_at: 10]
[multi_error_top_k: 1]
[auc_mu_weights: ]
[num_machines: 1]
[local_listen_port: 12400]
[time_out: 120]
[machine_list_filename: ]
[machines: ]
[gpu_platform_id: -1]
[gpu_device_id: -1]
[gpu_device_id_list: ]
[gpu_use_dp: 0]
[num_gpu: 1]

end of parameters

pandas_categorical:null
